device cpu | 8 envs (async) | batch 2048 | 1464 updates to 3,000,000 steps | DR=on push=0.03
upd    1/1464 step     2,048 ret None len None kl 0.0356* sps 3624
upd    2/1464 step     4,096 ret 163.01 len 300.0 kl 0.0281  sps 4112
upd    3/1464 step     6,144 ret 168.95 len 300.0 kl 0.0333* sps 4107
upd    4/1464 step     8,192 ret 165.85 len 300.0 kl 0.0330* sps 4103
upd    5/1464 step    10,240 ret 155.35 len 300.0 kl 0.0346* sps 3901
upd    6/1464 step    12,288 ret 145.41 len 300.0 kl 0.0300  sps 3892
upd    7/1464 step    14,336 ret 145.41 len 300.0 kl 0.0296  sps 3845
upd    8/1464 step    16,384 ret 139.04 len 300.0 kl 0.0322* sps 3772
upd    9/1464 step    18,432 ret 121.75 len 300.0 kl 0.0274  sps 3671
upd   10/1464 step    20,480 ret 122.5 len 300.0 kl 0.0277  sps 3672
upd   11/1464 step    22,528 ret 129.22 len 300.0 kl 0.0296  sps 3610
upd   12/1464 step    24,576 ret 127.0 len 300.0 kl 0.0318* sps 3556
upd   13/1464 step    26,624 ret 113.49 len 300.0 kl 0.0353* sps 3571
upd   14/1464 step    28,672 ret 113.49 len 300.0 kl 0.0291  sps 3531
upd   15/1464 step    30,720 ret 107.19 len 300.0 kl 0.0267  sps 3493
upd   16/1464 step    32,768 ret 78.98 len 300.0 kl 0.0321* sps 3477
upd   17/1464 step    34,816 ret 73.46 len 300.0 kl 0.0279  sps 3445
upd   18/1464 step    36,864 ret 72.87 len 300.0 kl 0.0356* sps 3451
upd   19/1464 step    38,912 ret 78.79 len 300.0 kl 0.0342* sps 3437
upd   20/1464 step    40,960 ret 86.44 len 300.0 kl 0.0307* sps 3416
upd   21/1464 step    43,008 ret 86.44 len 300.0 kl 0.0303* sps 3402
upd   22/1464 step    45,056 ret 108.58 len 300.0 kl 0.0345* sps 3398
upd   23/1464 step    47,104 ret 88.21 len 300.0 kl 0.0383* sps 3382
upd   24/1464 step    49,152 ret 89.6 len 300.0 kl 0.0306* sps 3388
upd   25/1464 step    51,200 ret 90.86 len 300.0 kl 0.0345* sps 3381
upd   26/1464 step    53,248 ret 93.53 len 299.6 kl 0.0407* sps 3369
upd   27/1464 step    55,296 ret 93.63 len 299.6 kl 0.0320* sps 3360
upd   28/1464 step    57,344 ret 103.31 len 299.6 kl 0.0344* sps 3358
upd   29/1464 step    59,392 ret 144.42 len 293.1 kl 0.0343* sps 3361
upd   30/1464 step    61,440 ret 158.84 len 288.3 kl 0.0316* sps 3356
upd   31/1464 step    63,488 ret 184.07 len 283.6 kl 0.0355* sps 3348
upd   32/1464 step    65,536 ret 183.32 len 283.6 kl 0.0307* sps 3344
upd   33/1464 step    67,584 ret 155.0 len 276.8 kl 0.0375* sps 3349
upd   34/1464 step    69,632 ret 141.16 len 270.1 kl 0.0313* sps 3345
upd   35/1464 step    71,680 ret 116.01 len 270.9 kl 0.0343* sps 3351
upd   36/1464 step    73,728 ret 95.76 len 265.8 kl 0.0304* sps 3351
upd   37/1464 step    75,776 ret 98.29 len 270.9 kl 0.0303* sps 3343
upd   38/1464 step    77,824 ret 108.32 len 277.6 kl 0.0309* sps 3339
upd   39/1464 step    79,872 ret 128.37 len 283.2 kl 0.0301* sps 3328
upd   40/1464 step    81,920 ret 131.14 len 276.3 kl 0.0347* sps 3320
upd   41/1464 step    83,968 ret 133.63 len 267.2 kl 0.0327* sps 3310
upd   42/1464 step    86,016 ret 122.29 len 267.1 kl 0.0334* sps 3306
upd   43/1464 step    88,064 ret 112.55 len 258.7 kl 0.0305* sps 3300
upd   44/1464 step    90,112 ret 114.88 len 246.4 kl 0.0301* sps 3301
upd   45/1464 step    92,160 ret 121.98 len 248.0 kl 0.0290  sps 3292
upd   46/1464 step    94,208 ret 113.06 len 250.7 kl 0.0363* sps 3283
upd   47/1464 step    96,256 ret 120.81 len 240.3 kl 0.0288  sps 3285
upd   48/1464 step    98,304 ret 109.51 len 247.3 kl 0.0313* sps 3280
upd   49/1464 step   100,352 ret 106.2 len 244.1 kl 0.0363* sps 3282
upd   50/1464 step   102,400 ret 98.69 len 241.6 kl 0.0323* sps 3274
upd   51/1464 step   104,448 ret 101.79 len 251.6 kl 0.0324* sps 3268
upd   52/1464 step   106,496 ret 126.35 len 255.6 kl 0.0316* sps 3277
upd   53/1464 step   108,544 ret 168.22 len 264.5 kl 0.0308* sps 3281
upd   54/1464 step   110,592 ret 173.25 len 275.1 kl 0.0313* sps 3274
upd   55/1464 step   112,640 ret 184.17 len 274.2 kl 0.0292  sps 3268
upd   56/1464 step   114,688 ret 184.31 len 278.1 kl 0.0397* sps 3265
upd   57/1464 step   116,736 ret 169.37 len 279.7 kl 0.0402* sps 3259
upd   58/1464 step   118,784 ret 128.03 len 254.1 kl 0.0339* sps 3259
upd   59/1464 step   120,832 ret 141.46 len 254.4 kl 0.0284  sps 3260
upd   60/1464 step   122,880 ret 162.28 len 259.3 kl 0.0297  sps 3255
upd   61/1464 step   124,928 ret 156.56 len 257.2 kl 0.0343* sps 3249
upd   62/1464 step   126,976 ret 145.48 len 258.1 kl 0.0310* sps 3246
upd   63/1464 step   129,024 ret 139.34 len 265.4 kl 0.0339* sps 3247
upd   64/1464 step   131,072 ret 147.24 len 258.5 kl 0.0337* sps 3242
upd   65/1464 step   133,120 ret 141.92 len 266.1 kl 0.0311* sps 3248
upd   66/1464 step   135,168 ret 127.58 len 265.0 kl 0.0307* sps 3252
upd   67/1464 step   137,216 ret 121.13 len 268.4 kl 0.0333* sps 3251
upd   68/1464 step   139,264 ret 135.47 len 271.0 kl 0.0337* sps 3249
upd   69/1464 step   141,312 ret 128.81 len 282.7 kl 0.0304* sps 3247
upd   70/1464 step   143,360 ret 140.23 len 282.6 kl 0.0320* sps 3251
upd   71/1464 step   145,408 ret 154.57 len 278.1 kl 0.0321* sps 3246
upd   72/1464 step   147,456 ret 171.69 len 274.4 kl 0.0305* sps 3244
upd   73/1464 step   149,504 ret 169.63 len 274.1 kl 0.0333* sps 3250
upd   74/1464 step   151,552 ret 163.67 len 268.4 kl 0.0325* sps 3247
upd   75/1464 step   153,600 ret 170.85 len 262.9 kl 0.0297  sps 3244
upd   76/1464 step   155,648 ret 146.35 len 274.9 kl 0.0315* sps 3248
upd   77/1464 step   157,696 ret 195.03 len 259.1 kl 0.0364* sps 3243
upd   78/1464 step   159,744 ret 178.09 len 268.6 kl 0.0371* sps 3239
upd   79/1464 step   161,792 ret 168.11 len 267.9 kl 0.0302* sps 3237
upd   80/1464 step   163,840 ret 140.53 len 265.1 kl 0.0300* sps 3241
upd   81/1464 step   165,888 ret 144.81 len 257.6 kl 0.0314* sps 3239
upd   82/1464 step   167,936 ret 139.52 len 268.0 kl 0.0342* sps 3243
upd   83/1464 step   169,984 ret 134.21 len 272.1 kl 0.0316* sps 3239
upd   84/1464 step   172,032 ret 145.78 len 272.3 kl 0.0318* sps 3236
upd   85/1464 step   174,080 ret 187.68 len 274.8 kl 0.0327* sps 3233
upd   86/1464 step   176,128 ret 201.98 len 283.0 kl 0.0303* sps 3237
upd   87/1464 step   178,176 ret 201.07 len 282.9 kl 0.0281  sps 3232
upd   88/1464 step   180,224 ret 215.04 len 252.8 kl 0.0331* sps 3237
upd   89/1464 step   182,272 ret 203.52 len 253.5 kl 0.0316* sps 3236
upd   90/1464 step   184,320 ret 153.13 len 243.7 kl 0.0272  sps 3232
upd   91/1464 step   186,368 ret 133.36 len 225.1 kl 0.0314* sps 3234
upd   92/1464 step   188,416 ret 98.74 len 234.2 kl 0.0376* sps 3231
upd   93/1464 step   190,464 ret 89.95 len 236.2 kl 0.0410* sps 3227
upd   94/1464 step   192,512 ret 112.1 len 235.1 kl 0.0321* sps 3225
upd   95/1464 step   194,560 ret 107.39 len 231.9 kl 0.0331* sps 3229
upd   96/1464 step   196,608 ret 115.53 len 235.9 kl 0.0263  sps 3231
upd   97/1464 step   198,656 ret 107.12 len 245.4 kl 0.0366* sps 3232
upd   98/1464 step   200,704 ret 115.82 len 258.9 kl 0.0320* sps 3235
upd   99/1464 step   202,752 ret 107.26 len 251.9 kl 0.0321* sps 3234
upd  100/1464 step   204,800 ret 95.4 len 274.4 kl 0.0300* sps 3234
upd  101/1464 step   206,848 ret 101.78 len 273.1 kl 0.0385* sps 3235
upd  102/1464 step   208,896 ret 130.49 len 236.9 kl 0.0316* sps 3233
upd  103/1464 step   210,944 ret 118.94 len 244.5 kl 0.0301* sps 3236
upd  104/1464 step   212,992 ret 126.08 len 235.6 kl 0.0306* sps 3234
upd  105/1464 step   215,040 ret 134.94 len 232.8 kl 0.0413* sps 3233
upd  106/1464 step   217,088 ret 151.78 len 235.5 kl 0.0312* sps 3232
upd  107/1464 step   219,136 ret 144.37 len 248.3 kl 0.0327* sps 3229
upd  108/1464 step   221,184 ret 163.9 len 246.8 kl 0.0315* sps 3231
upd  109/1464 step   223,232 ret 144.64 len 257.1 kl 0.0280  sps 3227
upd  110/1464 step   225,280 ret 127.29 len 254.4 kl 0.0340* sps 3226
upd  111/1464 step   227,328 ret 132.06 len 258.6 kl 0.0315* sps 3225
upd  112/1464 step   229,376 ret 142.93 len 267.0 kl 0.0350* sps 3224
upd  113/1464 step   231,424 ret 127.5 len 270.2 kl 0.0314* sps 3229
upd  114/1464 step   233,472 ret 135.33 len 267.0 kl 0.0341* sps 3231
upd  115/1464 step   235,520 ret 169.25 len 263.3 kl 0.0345* sps 3235
upd  116/1464 step   237,568 ret 170.72 len 270.2 kl 0.0301* sps 3236
upd  117/1464 step   239,616 ret 174.82 len 262.6 kl 0.0325* sps 3235
upd  118/1464 step   241,664 ret 175.59 len 252.4 kl 0.0261  sps 3235
upd  119/1464 step   243,712 ret 183.85 len 246.6 kl 0.0317* sps 3233
upd  120/1464 step   245,760 ret 169.9 len 260.4 kl 0.0305* sps 3235
upd  121/1464 step   247,808 ret 181.44 len 249.1 kl 0.0392* sps 3234
upd  122/1464 step   249,856 ret 169.95 len 235.9 kl 0.0338* sps 3232
upd  123/1464 step   251,904 ret 166.72 len 220.5 kl 0.0302* sps 3230
upd  124/1464 step   253,952 ret 165.76 len 219.5 kl 0.0298  sps 3230
upd  125/1464 step   256,000 ret 151.08 len 227.6 kl 0.0335* sps 3232
upd  126/1464 step   258,048 ret 145.45 len 223.2 kl 0.0360* sps 3231
upd  127/1464 step   260,096 ret 166.3 len 240.5 kl 0.0306* sps 3234
upd  128/1464 step   262,144 ret 145.47 len 251.4 kl 0.0306* sps 3233
upd  129/1464 step   264,192 ret 130.1 len 249.4 kl 0.0349* sps 3230
upd  130/1464 step   266,240 ret 155.83 len 243.0 kl 0.0326* sps 3227
upd  131/1464 step   268,288 ret 161.66 len 254.2 kl 0.0315* sps 3225
upd  132/1464 step   270,336 ret 156.89 len 245.5 kl 0.0304* sps 3226
upd  133/1464 step   272,384 ret 191.19 len 242.4 kl 0.0335* sps 3224
upd  134/1464 step   274,432 ret 205.81 len 243.6 kl 0.0350* sps 3226
upd  135/1464 step   276,480 ret 206.11 len 265.7 kl 0.0295  sps 3225
upd  136/1464 step   278,528 ret 210.52 len 262.2 kl 0.0355* sps 3225
upd  137/1464 step   280,576 ret 200.52 len 271.1 kl 0.0300* sps 3225
upd  138/1464 step   282,624 ret 187.45 len 279.9 kl 0.0319* sps 3226
upd  139/1464 step   284,672 ret 159.22 len 280.9 kl 0.0339* sps 3228
upd  140/1464 step   286,720 ret 145.45 len 280.9 kl 0.0354* sps 3225
upd  141/1464 step   288,768 ret 119.58 len 279.6 kl 0.0341* sps 3225
upd  142/1464 step   290,816 ret 103.44 len 284.6 kl 0.0322* sps 3223
upd  143/1464 step   292,864 ret 114.49 len 284.6 kl 0.0290  sps 3221
upd  144/1464 step   294,912 ret 100.46 len 289.9 kl 0.0306* sps 3219
upd  145/1464 step   296,960 ret 129.53 len 278.0 kl 0.0302* sps 3216
upd  146/1464 step   299,008 ret 135.03 len 283.0 kl 0.0250  sps 3211
upd  147/1464 step   301,056 ret 133.42 len 281.1 kl 0.0279  sps 3209
upd  148/1464 step   303,104 ret 149.98 len 278.4 kl 0.0319* sps 3209
upd  149/1464 step   305,152 ret 171.85 len 276.8 kl 0.0405* sps 3205
upd  150/1464 step   307,200 ret 163.18 len 279.4 kl 0.0325* sps 3201
upd  151/1464 step   309,248 ret 152.14 len 293.9 kl 0.0330* sps 3199
upd  152/1464 step   311,296 ret 202.11 len 293.9 kl 0.0312* sps 3202
upd  153/1464 step   313,344 ret 232.51 len 290.2 kl 0.0260  sps 3199
upd  154/1464 step   315,392 ret 217.17 len 292.5 kl 0.0335* sps 3197
upd  155/1464 step   317,440 ret 224.78 len 294.1 kl 0.0322* sps 3196
upd  156/1464 step   319,488 ret 226.26 len 280.5 kl 0.0414* sps 3196
upd  157/1464 step   321,536 ret 254.69 len 270.8 kl 0.0338* sps 3195
upd  158/1464 step   323,584 ret 230.98 len 270.8 kl 0.0347* sps 3195
upd  159/1464 step   325,632 ret 254.29 len 276.2 kl 0.0316* sps 3194
upd  160/1464 step   327,680 ret 251.49 len 270.3 kl 0.0358* sps 3195
upd  161/1464 step   329,728 ret 242.36 len 270.5 kl 0.0305* sps 3195
upd  162/1464 step   331,776 ret 229.9 len 283.9 kl 0.0320* sps 3195
upd  163/1464 step   333,824 ret 201.74 len 286.3 kl 0.0329* sps 3193
upd  164/1464 step   335,872 ret 183.63 len 272.6 kl 0.0335* sps 3192
upd  165/1464 step   337,920 ret 155.68 len 279.0 kl 0.0341* sps 3194
upd  166/1464 step   339,968 ret 159.59 len 273.9 kl 0.0307* sps 3194
upd  167/1464 step   342,016 ret 162.62 len 267.5 kl 0.0262  sps 3192
upd  168/1464 step   344,064 ret 135.0 len 274.8 kl 0.0307* sps 3193
upd  169/1464 step   346,112 ret 147.97 len 267.8 kl 0.0367* sps 3191
upd  170/1464 step   348,160 ret 157.91 len 265.3 kl 0.0340* sps 3191
upd  171/1464 step   350,208 ret 139.05 len 270.4 kl 0.0311* sps 3191
upd  172/1464 step   352,256 ret 127.67 len 263.8 kl 0.0308* sps 3190
upd  173/1464 step   354,304 ret 146.91 len 251.7 kl 0.0386* sps 3189
upd  174/1464 step   356,352 ret 155.09 len 263.9 kl 0.0288  sps 3190
upd  175/1464 step   358,400 ret 187.26 len 258.4 kl 0.0297  sps 3192
upd  176/1464 step   360,448 ret 194.69 len 262.3 kl 0.0376* sps 3190
upd  177/1464 step   362,496 ret 191.78 len 253.8 kl 0.0343* sps 3187
upd  178/1464 step   364,544 ret 174.68 len 260.9 kl 0.0300* sps 3186
upd  179/1464 step   366,592 ret 183.75 len 265.8 kl 0.0397* sps 3189
upd  180/1464 step   368,640 ret 146.6 len 274.4 kl 0.0348* sps 3188
upd  181/1464 step   370,688 ret 131.84 len 274.4 kl 0.0372* sps 3187
upd  182/1464 step   372,736 ret 116.62 len 274.0 kl 0.0357* sps 3187
upd  183/1464 step   374,784 ret 121.08 len 275.2 kl 0.0323* sps 3189
upd  184/1464 step   376,832 ret 114.04 len 263.0 kl 0.0318* sps 3191
upd  185/1464 step   378,880 ret 124.92 len 261.1 kl 0.0272  sps 3193
upd  186/1464 step   380,928 ret 149.79 len 247.9 kl 0.0282  sps 3191
upd  187/1464 step   382,976 ret 171.27 len 246.2 kl 0.0306* sps 3191
upd  188/1464 step   385,024 ret 183.49 len 246.1 kl 0.0306* sps 3189
upd  189/1464 step   387,072 ret 195.87 len 254.9 kl 0.0320* sps 3186
upd  190/1464 step   389,120 ret 194.62 len 254.9 kl 0.0290  sps 3185
upd  191/1464 step   391,168 ret 178.29 len 273.6 kl 0.0343* sps 3183
upd  192/1464 step   393,216 ret 144.46 len 268.0 kl 0.0272  sps 3183
upd  193/1464 step   395,264 ret 133.33 len 248.6 kl 0.0303* sps 3183
upd  194/1464 step   397,312 ret 95.57 len 249.0 kl 0.0315* sps 3184
upd  195/1464 step   399,360 ret 109.54 len 241.8 kl 0.0340* sps 3185
upd  196/1464 step   401,408 ret 122.33 len 235.2 kl 0.0338* sps 3185
upd  197/1464 step   403,456 ret 136.42 len 242.1 kl 0.0352* sps 3183
upd  198/1464 step   405,504 ret 150.57 len 261.6 kl 0.0356* sps 3180
upd  199/1464 step   407,552 ret 181.48 len 249.7 kl 0.0352* sps 3180
upd  200/1464 step   409,600 ret 176.63 len 247.7 kl 0.0379* sps 3181
upd  201/1464 step   411,648 ret 179.05 len 254.3 kl 0.0295  sps 3179
upd  202/1464 step   413,696 ret 179.98 len 252.4 kl 0.0288  sps 3177
upd  203/1464 step   415,744 ret 154.34 len 253.0 kl 0.0312* sps 3176
upd  204/1464 step   417,792 ret 142.5 len 261.4 kl 0.0317* sps 3176
upd  205/1464 step   419,840 ret 153.6 len 251.1 kl 0.0338* sps 3177
upd  206/1464 step   421,888 ret 155.59 len 247.2 kl 0.0265  sps 3177
upd  207/1464 step   423,936 ret 172.51 len 237.8 kl 0.0314* sps 3175
upd  208/1464 step   425,984 ret 166.03 len 247.9 kl 0.0332* sps 3174
upd  209/1464 step   428,032 ret 175.29 len 252.4 kl 0.0334* sps 3174
upd  210/1464 step   430,080 ret 172.98 len 265.6 kl 0.0367* sps 3174
upd  211/1464 step   432,128 ret 169.53 len 261.5 kl 0.0315* sps 3174
upd  212/1464 step   434,176 ret 165.14 len 266.9 kl 0.0289  sps 3174
upd  213/1464 step   436,224 ret 197.12 len 267.9 kl 0.0365* sps 3174
upd  214/1464 step   438,272 ret 238.92 len 268.9 kl 0.0317* sps 3175
upd  215/1464 step   440,320 ret 271.3 len 272.0 kl 0.0257  sps 3174
upd  216/1464 step   442,368 ret 281.87 len 278.3 kl 0.0280  sps 3172
upd  217/1464 step   444,416 ret 255.53 len 273.2 kl 0.0364* sps 3172
upd  218/1464 step   446,464 ret 237.63 len 280.2 kl 0.0312* sps 3171
upd  219/1464 step   448,512 ret 233.53 len 280.2 kl 0.0331* sps 3170
upd  220/1464 step   450,560 ret 224.77 len 275.6 kl 0.0328* sps 3171
upd  221/1464 step   452,608 ret 224.71 len 268.7 kl 0.0292  sps 3170
upd  222/1464 step   454,656 ret 232.18 len 275.9 kl 0.0255  sps 3169
upd  223/1464 step   456,704 ret 262.07 len 285.3 kl 0.0302* sps 3170
upd  224/1464 step   458,752 ret 244.43 len 267.9 kl 0.0321* sps 3168
upd  225/1464 step   460,800 ret 226.53 len 273.0 kl 0.0294  sps 3167
upd  226/1464 step   462,848 ret 218.38 len 268.2 kl 0.0307* sps 3167
upd  227/1464 step   464,896 ret 223.73 len 269.5 kl 0.0250  sps 3166
upd  228/1464 step   466,944 ret 202.61 len 257.1 kl 0.0338* sps 3166
upd  229/1464 step   468,992 ret 204.57 len 259.0 kl 0.0308* sps 3165
upd  230/1464 step   471,040 ret 244.94 len 267.6 kl 0.0235  sps 3164
upd  231/1464 step   473,088 ret 235.08 len 275.1 kl 0.0301* sps 3164
upd  232/1464 step   475,136 ret 204.17 len 272.5 kl 0.0317* sps 3165
upd  233/1464 step   477,184 ret 185.46 len 282.6 kl 0.0379* sps 3164
upd  234/1464 step   479,232 ret 182.39 len 275.0 kl 0.0269  sps 3162
upd  235/1464 step   481,280 ret 171.91 len 281.9 kl 0.0304* sps 3161
upd  236/1464 step   483,328 ret 141.99 len 273.2 kl 0.0328* sps 3161
upd  237/1464 step   485,376 ret 141.61 len 274.3 kl 0.0412* sps 3160
upd  238/1464 step   487,424 ret 141.33 len 268.6 kl 0.0355* sps 3162
upd  239/1464 step   489,472 ret 161.69 len 270.4 kl 0.0258  sps 3161
upd  240/1464 step   491,520 ret 200.95 len 276.3 kl 0.0425* sps 3160
upd  241/1464 step   493,568 ret 219.89 len 281.5 kl 0.0334* sps 3161
upd  242/1464 step   495,616 ret 253.34 len 278.2 kl 0.0378* sps 3160
upd  243/1464 step   497,664 ret 262.73 len 277.9 kl 0.0338* sps 3162
upd  244/1464 step   499,712 ret 246.16 len 277.9 kl 0.0304* sps 3163
upd  245/1464 step   501,760 ret 242.31 len 282.6 kl 0.0352* sps 3163
upd  246/1464 step   503,808 ret 241.8 len 282.0 kl 0.0338* sps 3163
upd  247/1464 step   505,856 ret 204.85 len 282.6 kl 0.0311* sps 3165
upd  248/1464 step   507,904 ret 211.69 len 287.6 kl 0.0302* sps 3164
upd  249/1464 step   509,952 ret 205.23 len 295.6 kl 0.0313* sps 3164
upd  250/1464 step   512,000 ret 183.85 len 295.6 kl 0.0328* sps 3164
upd  251/1464 step   514,048 ret 194.12 len 281.2 kl 0.0352* sps 3164
upd  252/1464 step   516,096 ret 221.22 len 282.8 kl 0.0352* sps 3163
upd  253/1464 step   518,144 ret 222.31 len 277.2 kl 0.0307* sps 3163
upd  254/1464 step   520,192 ret 198.23 len 277.2 kl 0.0378* sps 3162
upd  255/1464 step   522,240 ret 212.83 len 264.6 kl 0.0340* sps 3162
upd  256/1464 step   524,288 ret 203.23 len 265.9 kl 0.0371* sps 3162
upd  257/1464 step   526,336 ret 192.82 len 274.2 kl 0.0316* sps 3162
upd  258/1464 step   528,384 ret 178.12 len 279.8 kl 0.0343* sps 3163
upd  259/1464 step   530,432 ret 188.11 len 279.6 kl 0.0313* sps 3164
upd  260/1464 step   532,480 ret 202.39 len 279.9 kl 0.0301* sps 3166
upd  261/1464 step   534,528 ret 184.21 len 290.8 kl 0.0307* sps 3167
upd  262/1464 step   536,576 ret 162.89 len 285.2 kl 0.0348* sps 3169
upd  263/1464 step   538,624 ret 177.19 len 285.2 kl 0.0466* sps 3168
upd  264/1464 step   540,672 ret 161.65 len 276.8 kl 0.0322* sps 3170
upd  265/1464 step   542,720 ret 158.99 len 266.8 kl 0.0301* sps 3171
upd  266/1464 step   544,768 ret 176.87 len 262.5 kl 0.0328* sps 3170
upd  267/1464 step   546,816 ret 220.49 len 265.8 kl 0.0309* sps 3171
upd  268/1464 step   548,864 ret 216.75 len 264.6 kl 0.0278  sps 3172
upd  269/1464 step   550,912 ret 208.19 len 266.9 kl 0.0342* sps 3173
upd  270/1464 step   552,960 ret 185.49 len 269.1 kl 0.0388* sps 3172
upd  271/1464 step   555,008 ret 198.67 len 276.6 kl 0.0340* sps 3173
upd  272/1464 step   557,056 ret 165.81 len 258.7 kl 0.0309* sps 3174
upd  273/1464 step   559,104 ret 168.56 len 260.2 kl 0.0351* sps 3175
upd  274/1464 step   561,152 ret 171.92 len 262.1 kl 0.0299  sps 3176
upd  275/1464 step   563,200 ret 187.14 len 256.6 kl 0.0325* sps 3175
upd  276/1464 step   565,248 ret 184.1 len 248.7 kl 0.0315* sps 3175
upd  277/1464 step   567,296 ret 192.66 len 254.4 kl 0.0306* sps 3175
upd  278/1464 step   569,344 ret 189.57 len 258.0 kl 0.0332* sps 3174
upd  279/1464 step   571,392 ret 197.26 len 262.3 kl 0.0329* sps 3173
upd  280/1464 step   573,440 ret 196.79 len 268.6 kl 0.0302* sps 3172
upd  281/1464 step   575,488 ret 159.06 len 275.8 kl 0.0345* sps 3170
upd  282/1464 step   577,536 ret 142.75 len 278.7 kl 0.0263  sps 3170
upd  283/1464 step   579,584 ret 152.1 len 283.2 kl 0.0311* sps 3170
upd  284/1464 step   581,632 ret 157.06 len 286.0 kl 0.0360* sps 3168
upd  285/1464 step   583,680 ret 155.38 len 286.0 kl 0.0285  sps 3167
upd  286/1464 step   585,728 ret 190.09 len 277.3 kl 0.0319* sps 3167
upd  287/1464 step   587,776 ret 235.5 len 284.2 kl 0.0256  sps 3167
upd  288/1464 step   589,824 ret 233.89 len 284.9 kl 0.0321* sps 3166
upd  289/1464 step   591,872 ret 233.77 len 284.9 kl 0.0357* sps 3165
upd  290/1464 step   593,920 ret 232.97 len 278.2 kl 0.0294  sps 3164
upd  291/1464 step   595,968 ret 202.39 len 274.8 kl 0.0366* sps 3162
upd  292/1464 step   598,016 ret 205.18 len 273.9 kl 0.0292  sps 3160
upd  293/1464 step   600,064 ret 204.88 len 278.7 kl 0.0288  sps 3159
upd  294/1464 step   602,112 ret 204.84 len 278.7 kl 0.0328* sps 3159
upd  295/1464 step   604,160 ret 205.69 len 278.7 kl 0.0301* sps 3158
upd  296/1464 step   606,208 ret 222.69 len 280.1 kl 0.0326* sps 3157
upd  297/1464 step   608,256 ret 219.52 len 284.1 kl 0.0288  sps 3155
upd  298/1464 step   610,304 ret 209.26 len 277.4 kl 0.0340* sps 3154
upd  299/1464 step   612,352 ret 230.58 len 272.8 kl 0.0268  sps 3153
upd  300/1464 step   614,400 ret 242.07 len 272.8 kl 0.0270  sps 3153
upd  301/1464 step   616,448 ret 229.2 len 272.5 kl 0.0297  sps 3155
upd  302/1464 step   618,496 ret 229.03 len 272.4 kl 0.0250  sps 3154
upd  303/1464 step   620,544 ret 254.4 len 277.7 kl 0.0285  sps 3153
upd  304/1464 step   622,592 ret 214.13 len 278.5 kl 0.0281  sps 3154
upd  305/1464 step   624,640 ret 201.62 len 273.1 kl 0.0331* sps 3152
upd  306/1464 step   626,688 ret 220.78 len 278.8 kl 0.0288  sps 3153
upd  307/1464 step   628,736 ret 214.75 len 268.4 kl 0.0226  sps 3153
upd  308/1464 step   630,784 ret 190.83 len 263.9 kl 0.0290  sps 3151
upd  309/1464 step   632,832 ret 200.43 len 269.5 kl 0.0314* sps 3150
upd  310/1464 step   634,880 ret 196.94 len 266.7 kl 0.0284  sps 3148
upd  311/1464 step   636,928 ret 140.58 len 260.9 kl 0.0358* sps 3147
upd  312/1464 step   638,976 ret 134.27 len 258.9 kl 0.0223  sps 3146
upd  313/1464 step   641,024 ret 129.07 len 263.4 kl 0.0372* sps 3145
upd  314/1464 step   643,072 ret 99.0 len 262.1 kl 0.0236  sps 3146
upd  315/1464 step   645,120 ret 93.02 len 260.6 kl 0.0318* sps 3147
upd  316/1464 step   647,168 ret 129.63 len 259.6 kl 0.0257  sps 3147
upd  317/1464 step   649,216 ret 135.18 len 263.2 kl 0.0345* sps 3147
upd  318/1464 step   651,264 ret 165.55 len 252.0 kl 0.0291  sps 3146
upd  319/1464 step   653,312 ret 171.92 len 263.6 kl 0.0280  sps 3147
upd  320/1464 step   655,360 ret 183.28 len 255.0 kl 0.0265  sps 3147
upd  321/1464 step   657,408 ret 198.29 len 263.9 kl 0.0258  sps 3146
upd  322/1464 step   659,456 ret 188.94 len 266.1 kl 0.0360* sps 3146
upd  323/1464 step   661,504 ret 182.97 len 263.9 kl 0.0274  sps 3146
upd  324/1464 step   663,552 ret 180.99 len 261.2 kl 0.0305* sps 3147
upd  325/1464 step   665,600 ret 185.27 len 270.3 kl 0.0256  sps 3146
upd  326/1464 step   667,648 ret 200.22 len 266.0 kl 0.0359* sps 3145
upd  327/1464 step   669,696 ret 206.08 len 275.8 kl 0.0294  sps 3145
upd  328/1464 step   671,744 ret 238.16 len 265.5 kl 0.0321* sps 3145
upd  329/1464 step   673,792 ret 225.63 len 266.3 kl 0.0303* sps 3147
upd  330/1464 step   675,840 ret 203.39 len 274.9 kl 0.0277  sps 3146
upd  331/1464 step   677,888 ret 239.84 len 279.1 kl 0.0265  sps 3145
upd  332/1464 step   679,936 ret 216.53 len 279.1 kl 0.0316* sps 3145
upd  333/1464 step   681,984 ret 208.49 len 279.9 kl 0.0366* sps 3146
upd  334/1464 step   684,032 ret 195.36 len 285.2 kl 0.0357* sps 3146
upd  335/1464 step   686,080 ret 188.03 len 280.8 kl 0.0335* sps 3145
upd  336/1464 step   688,128 ret 173.18 len 280.8 kl 0.0288  sps 3144
upd  337/1464 step   690,176 ret 173.28 len 280.8 kl 0.0304* sps 3144
upd  338/1464 step   692,224 ret 152.37 len 269.8 kl 0.0337* sps 3144
upd  339/1464 step   694,272 ret 152.51 len 273.1 kl 0.0267  sps 3144
upd  340/1464 step   696,320 ret 139.55 len 273.1 kl 0.0279  sps 3145
upd  341/1464 step   698,368 ret 164.83 len 264.0 kl 0.0307* sps 3146
upd  342/1464 step   700,416 ret 175.31 len 235.4 kl 0.0359* sps 3145
upd  343/1464 step   702,464 ret 178.13 len 236.6 kl 0.0286  sps 3144
upd  344/1464 step   704,512 ret 211.18 len 228.3 kl 0.0254  sps 3144
upd  345/1464 step   706,560 ret 202.9 len 225.1 kl 0.0309* sps 3144
upd  346/1464 step   708,608 ret 210.74 len 225.2 kl 0.0310* sps 3145
upd  347/1464 step   710,656 ret 178.49 len 248.2 kl 0.0310* sps 3145
upd  348/1464 step   712,704 ret 168.69 len 257.5 kl 0.0303* sps 3145
upd  349/1464 step   714,752 ret 142.23 len 266.5 kl 0.0300* sps 3145
upd  350/1464 step   716,800 ret 163.18 len 262.0 kl 0.0315* sps 3144
upd  351/1464 step   718,848 ret 160.72 len 249.3 kl 0.0281  sps 3144
upd  352/1464 step   720,896 ret 179.44 len 244.4 kl 0.0359* sps 3145
upd  353/1464 step   722,944 ret 180.41 len 238.2 kl 0.0299  sps 3144
upd  354/1464 step   724,992 ret 222.03 len 249.7 kl 0.0268  sps 3144
upd  355/1464 step   727,040 ret 203.13 len 254.8 kl 0.0325* sps 3144
upd  356/1464 step   729,088 ret 247.76 len 267.7 kl 0.0316* sps 3145
upd  357/1464 step   731,136 ret 235.99 len 282.2 kl 0.0303* sps 3145
upd  358/1464 step   733,184 ret 248.73 len 288.4 kl 0.0323* sps 3144
upd  359/1464 step   735,232 ret 236.01 len 282.6 kl 0.0360* sps 3144
upd  360/1464 step   737,280 ret 245.78 len 273.6 kl 0.0307* sps 3144
upd  361/1464 step   739,328 ret 224.7 len 257.2 kl 0.0265  sps 3144
upd  362/1464 step   741,376 ret 263.54 len 235.5 kl 0.0361* sps 3143
upd  363/1464 step   743,424 ret 236.04 len 235.5 kl 0.0374* sps 3143
upd  364/1464 step   745,472 ret 222.58 len 229.5 kl 0.0295  sps 3143
upd  365/1464 step   747,520 ret 209.07 len 234.7 kl 0.0308* sps 3143
upd  366/1464 step   749,568 ret 192.87 len 248.2 kl 0.0332* sps 3142
upd  367/1464 step   751,616 ret 186.08 len 265.3 kl 0.0297  sps 3143
upd  368/1464 step   753,664 ret 198.45 len 265.3 kl 0.0339* sps 3143
upd  369/1464 step   755,712 ret 214.98 len 275.1 kl 0.0329* sps 3144
upd  370/1464 step   757,760 ret 228.74 len 282.6 kl 0.0302* sps 3145
upd  371/1464 step   759,808 ret 277.96 len 280.2 kl 0.0309* sps 3145
upd  372/1464 step   761,856 ret 268.4 len 282.8 kl 0.0305* sps 3146
upd  373/1464 step   763,904 ret 291.23 len 284.1 kl 0.0267  sps 3146
upd  374/1464 step   765,952 ret 290.97 len 284.1 kl 0.0243  sps 3147
upd  375/1464 step   768,000 ret 247.52 len 281.1 kl 0.0265  sps 3146
upd  376/1464 step   770,048 ret 218.99 len 280.7 kl 0.0307* sps 3146
upd  377/1464 step   772,096 ret 156.86 len 280.6 kl 0.0307* sps 3145
upd  378/1464 step   774,144 ret 160.33 len 283.4 kl 0.0301* sps 3146
upd  379/1464 step   776,192 ret 172.45 len 282.8 kl 0.0319* sps 3148
upd  380/1464 step   778,240 ret 182.92 len 288.1 kl 0.0303* sps 3147
upd  381/1464 step   780,288 ret 205.65 len 282.4 kl 0.0320* sps 3145
upd  382/1464 step   782,336 ret 214.69 len 287.5 kl 0.0326* sps 3145
upd  383/1464 step   784,384 ret 218.02 len 283.1 kl 0.0344* sps 3146
upd  384/1464 step   786,432 ret 203.21 len 283.5 kl 0.0340* sps 3147
upd  385/1464 step   788,480 ret 190.01 len 283.5 kl 0.0301* sps 3146
upd  386/1464 step   790,528 ret 190.14 len 283.5 kl 0.0321* sps 3147
upd  387/1464 step   792,576 ret 160.78 len 289.9 kl 0.0312* sps 3148
upd  388/1464 step   794,624 ret 199.13 len 294.4 kl 0.0292  sps 3148
upd  389/1464 step   796,672 ret 210.03 len 299.1 kl 0.0231  sps 3147
upd  390/1464 step   798,720 ret 199.6 len 300.0 kl 0.0277  sps 3147
upd  391/1464 step   800,768 ret 184.93 len 300.0 kl 0.0291  sps 3147
upd  392/1464 step   802,816 ret 170.56 len 300.0 kl 0.0281  sps 3148
upd  393/1464 step   804,864 ret 181.49 len 295.0 kl 0.0296  sps 3147
upd  394/1464 step   806,912 ret 183.05 len 295.0 kl 0.0231  sps 3146
upd  395/1464 step   808,960 ret 169.6 len 288.5 kl 0.0293  sps 3145
upd  396/1464 step   811,008 ret 198.91 len 288.5 kl 0.0321* sps 3145
upd  397/1464 step   813,056 ret 222.98 len 285.9 kl 0.0293  sps 3145
upd  398/1464 step   815,104 ret 240.59 len 285.9 kl 0.0218  sps 3146
upd  399/1464 step   817,152 ret 231.38 len 288.4 kl 0.0301* sps 3144
upd  400/1464 step   819,200 ret 193.3 len 284.4 kl 0.0240  sps 3144
upd  401/1464 step   821,248 ret 198.55 len 272.6 kl 0.0253  sps 3143
upd  402/1464 step   823,296 ret 204.66 len 268.7 kl 0.0283  sps 3142
upd  403/1464 step   825,344 ret 227.98 len 266.4 kl 0.0223  sps 3142
upd  404/1464 step   827,392 ret 247.37 len 268.8 kl 0.0286  sps 3141
upd  405/1464 step   829,440 ret 274.79 len 268.6 kl 0.0303* sps 3141
upd  406/1464 step   831,488 ret 341.73 len 273.4 kl 0.0278  sps 3141
upd  407/1464 step   833,536 ret 311.75 len 280.6 kl 0.0321* sps 3141
upd  408/1464 step   835,584 ret 297.79 len 287.1 kl 0.0234  sps 3141
upd  409/1464 step   837,632 ret 273.17 len 289.5 kl 0.0244  sps 3140
upd  410/1464 step   839,680 ret 260.04 len 289.5 kl 0.0386* sps 3140
upd  411/1464 step   841,728 ret 225.74 len 286.6 kl 0.0302* sps 3140
upd  412/1464 step   843,776 ret 199.7 len 288.1 kl 0.0260  sps 3141
upd  413/1464 step   845,824 ret 198.52 len 288.1 kl 0.0263  sps 3140
upd  414/1464 step   847,872 ret 173.52 len 283.6 kl 0.0247  sps 3139
upd  415/1464 step   849,920 ret 158.0 len 283.6 kl 0.0208  sps 3139
upd  416/1464 step   851,968 ret 144.64 len 284.3 kl 0.0365* sps 3138
upd  417/1464 step   854,016 ret 143.33 len 284.1 kl 0.0261  sps 3137
upd  418/1464 step   856,064 ret 161.3 len 278.3 kl 0.0286  sps 3137
upd  419/1464 step   858,112 ret 160.64 len 278.3 kl 0.0309* sps 3137
upd  420/1464 step   860,160 ret 141.07 len 282.8 kl 0.0303* sps 3137
upd  421/1464 step   862,208 ret 167.55 len 280.9 kl 0.0269  sps 3137
upd  422/1464 step   864,256 ret 149.27 len 285.8 kl 0.0246  sps 3137
upd  423/1464 step   866,304 ret 140.57 len 282.0 kl 0.0239  sps 3137
upd  424/1464 step   868,352 ret 182.35 len 287.9 kl 0.0295  sps 3137
upd  425/1464 step   870,400 ret 205.84 len 277.4 kl 0.0311* sps 3137
upd  426/1464 step   872,448 ret 194.25 len 279.2 kl 0.0284  sps 3137
upd  427/1464 step   874,496 ret 236.99 len 279.3 kl 0.0292  sps 3136
upd  428/1464 step   876,544 ret 276.99 len 269.2 kl 0.0276  sps 3135
upd  429/1464 step   878,592 ret 226.07 len 273.0 kl 0.0250  sps 3136
upd  430/1464 step   880,640 ret 199.33 len 259.9 kl 0.0329* sps 3137
upd  431/1464 step   882,688 ret 229.39 len 258.9 kl 0.0214  sps 3136
upd  432/1464 step   884,736 ret 228.15 len 259.3 kl 0.0285  sps 3135
upd  433/1464 step   886,784 ret 203.15 len 261.4 kl 0.0306* sps 3135
upd  434/1464 step   888,832 ret 245.09 len 261.4 kl 0.0326* sps 3136
upd  435/1464 step   890,880 ret 237.92 len 278.6 kl 0.0356* sps 3136
upd  436/1464 step   892,928 ret 223.78 len 283.8 kl 0.0213  sps 3135
upd  437/1464 step   894,976 ret 235.44 len 290.9 kl 0.0319* sps 3134
upd  438/1464 step   897,024 ret 195.43 len 285.1 kl 0.0257  sps 3134
upd  439/1464 step   899,072 ret 213.34 len 279.4 kl 0.0223  sps 3133
upd  440/1464 step   901,120 ret 226.34 len 279.4 kl 0.0235  sps 3133
upd  441/1464 step   903,168 ret 233.69 len 275.8 kl 0.0268  sps 3134
upd  442/1464 step   905,216 ret 248.92 len 274.6 kl 0.0244  sps 3134
upd  443/1464 step   907,264 ret 256.06 len 280.8 kl 0.0324* sps 3134
upd  444/1464 step   909,312 ret 251.22 len 284.9 kl 0.0301* sps 3133
upd  445/1464 step   911,360 ret 236.11 len 283.1 kl 0.0278  sps 3134
upd  446/1464 step   913,408 ret 238.83 len 284.6 kl 0.0330* sps 3135
upd  447/1464 step   915,456 ret 215.46 len 284.6 kl 0.0240  sps 3135
upd  448/1464 step   917,504 ret 177.04 len 280.1 kl 0.0281  sps 3134
upd  449/1464 step   919,552 ret 207.66 len 280.3 kl 0.0266  sps 3134
upd  450/1464 step   921,600 ret 213.55 len 276.0 kl 0.0311* sps 3134
upd  451/1464 step   923,648 ret 191.27 len 279.8 kl 0.0257  sps 3133
upd  452/1464 step   925,696 ret 193.87 len 277.0 kl 0.0238  sps 3133
upd  453/1464 step   927,744 ret 180.22 len 270.5 kl 0.0346* sps 3133
upd  454/1464 step   929,792 ret 190.6 len 274.9 kl 0.0248  sps 3133
upd  455/1464 step   931,840 ret 182.36 len 278.0 kl 0.0271  sps 3132
upd  456/1464 step   933,888 ret 176.45 len 282.2 kl 0.0273  sps 3133
upd  457/1464 step   935,936 ret 167.84 len 285.0 kl 0.0258  sps 3133
upd  458/1464 step   937,984 ret 180.93 len 291.5 kl 0.0233  sps 3132
upd  459/1464 step   940,032 ret 180.32 len 277.6 kl 0.0229  sps 3133
upd  460/1464 step   942,080 ret 180.55 len 271.5 kl 0.0254  sps 3133
upd  461/1464 step   944,128 ret 207.64 len 271.5 kl 0.0277  sps 3133
upd  462/1464 step   946,176 ret 236.55 len 265.5 kl 0.0250  sps 3132
upd  463/1464 step   948,224 ret 280.66 len 265.1 kl 0.0314* sps 3132
upd  464/1464 step   950,272 ret 265.01 len 271.4 kl 0.0327* sps 3131
upd  465/1464 step   952,320 ret 254.31 len 280.3 kl 0.0255  sps 3131
upd  466/1464 step   954,368 ret 239.82 len 286.2 kl 0.0231  sps 3130
upd  467/1464 step   956,416 ret 182.7 len 278.3 kl 0.0232  sps 3129
upd  468/1464 step   958,464 ret 150.29 len 270.2 kl 0.0311* sps 3129
upd  469/1464 step   960,512 ret 152.93 len 264.8 kl 0.0237  sps 3128
upd  470/1464 step   962,560 ret 151.24 len 256.0 kl 0.0232  sps 3128
upd  471/1464 step   964,608 ret 136.04 len 256.4 kl 0.0282  sps 3128
upd  472/1464 step   966,656 ret 165.58 len 242.2 kl 0.0264  sps 3128
upd  473/1464 step   968,704 ret 168.52 len 251.2 kl 0.0214  sps 3127
upd  474/1464 step   970,752 ret 176.83 len 262.8 kl 0.0281  sps 3127
upd  475/1464 step   972,800 ret 166.25 len 265.4 kl 0.0264  sps 3127
upd  476/1464 step   974,848 ret 151.99 len 265.5 kl 0.0245  sps 3126
upd  477/1464 step   976,896 ret 116.37 len 270.2 kl 0.0306* sps 3126
upd  478/1464 step   978,944 ret 126.49 len 259.1 kl 0.0250  sps 3125
upd  479/1464 step   980,992 ret 130.17 len 252.7 kl 0.0290  sps 3125
upd  480/1464 step   983,040 ret 115.53 len 259.9 kl 0.0314* sps 3125
upd  481/1464 step   985,088 ret 141.26 len 257.9 kl 0.0238  sps 3125
upd  482/1464 step   987,136 ret 139.68 len 264.1 kl 0.0275  sps 3125
upd  483/1464 step   989,184 ret 136.2 len 264.6 kl 0.0289  sps 3124
upd  484/1464 step   991,232 ret 151.95 len 265.3 kl 0.0237  sps 3124
upd  485/1464 step   993,280 ret 171.01 len 259.7 kl 0.0258  sps 3123
upd  486/1464 step   995,328 ret 169.75 len 252.0 kl 0.0275  sps 3123
upd  487/1464 step   997,376 ret 195.09 len 257.5 kl 0.0198  sps 3124
upd  488/1464 step   999,424 ret 241.63 len 264.8 kl 0.0218  sps 3123
upd  489/1464 step 1,001,472 ret 214.89 len 272.8 kl 0.0243  sps 3123
upd  490/1464 step 1,003,520 ret 196.6 len 278.3 kl 0.0255  sps 3123
upd  491/1464 step 1,005,568 ret 221.48 len 275.8 kl 0.0226  sps 3124
upd  492/1464 step 1,007,616 ret 202.51 len 280.4 kl 0.0320* sps 3124
upd  493/1464 step 1,009,664 ret 186.02 len 280.4 kl 0.0287  sps 3123
upd  494/1464 step 1,011,712 ret 161.62 len 279.4 kl 0.0275  sps 3122
upd  495/1464 step 1,013,760 ret 174.31 len 285.5 kl 0.0220  sps 3122
upd  496/1464 step 1,015,808 ret 133.88 len 288.3 kl 0.0247  sps 3122
upd  497/1464 step 1,017,856 ret 136.95 len 291.1 kl 0.0286  sps 3121
upd  498/1464 step 1,019,904 ret 152.51 len 284.8 kl 0.0230  sps 3121
upd  499/1464 step 1,021,952 ret 165.39 len 284.8 kl 0.0216  sps 3121
upd  500/1464 step 1,024,000 ret 187.75 len 291.6 kl 0.0196  sps 3120
upd  501/1464 step 1,026,048 ret 214.71 len 291.6 kl 0.0262  sps 3120
upd  502/1464 step 1,028,096 ret 269.2 len 290.6 kl 0.0209  sps 3120
upd  503/1464 step 1,030,144 ret 283.42 len 296.6 kl 0.0252  sps 3119
upd  504/1464 step 1,032,192 ret 301.44 len 295.0 kl 0.0197  sps 3120
upd  505/1464 step 1,034,240 ret 288.78 len 295.0 kl 0.0272  sps 3120
upd  506/1464 step 1,036,288 ret 315.27 len 295.0 kl 0.0226  sps 3119
upd  507/1464 step 1,038,336 ret 289.41 len 295.0 kl 0.0305* sps 3120
upd  508/1464 step 1,040,384 ret 252.35 len 290.0 kl 0.0257  sps 3120
upd  509/1464 step 1,042,432 ret 235.54 len 290.0 kl 0.0220  sps 3120
upd  510/1464 step 1,044,480 ret 232.54 len 291.7 kl 0.0242  sps 3120
upd  511/1464 step 1,046,528 ret 233.79 len 284.8 kl 0.0251  sps 3119
upd  512/1464 step 1,048,576 ret 235.09 len 284.8 kl 0.0202  sps 3119
upd  513/1464 step 1,050,624 ret 242.4 len 280.6 kl 0.0321* sps 3118
upd  514/1464 step 1,052,672 ret 276.85 len 283.4 kl 0.0191  sps 3118
upd  515/1464 step 1,054,720 ret 306.64 len 276.9 kl 0.0197  sps 3119
upd  516/1464 step 1,056,768 ret 270.52 len 280.2 kl 0.0251  sps 3119
upd  517/1464 step 1,058,816 ret 270.21 len 279.2 kl 0.0239  sps 3119
upd  518/1464 step 1,060,864 ret 242.8 len 273.8 kl 0.0304* sps 3119
upd  519/1464 step 1,062,912 ret 219.54 len 276.3 kl 0.0223  sps 3120
upd  520/1464 step 1,064,960 ret 207.31 len 276.3 kl 0.0191  sps 3119
upd  521/1464 step 1,067,008 ret 220.13 len 282.1 kl 0.0270  sps 3119
upd  522/1464 step 1,069,056 ret 207.1 len 276.0 kl 0.0280  sps 3119
upd  523/1464 step 1,071,104 ret 201.3 len 280.2 kl 0.0262  sps 3119
upd  524/1464 step 1,073,152 ret 181.82 len 285.1 kl 0.0253  sps 3120
upd  525/1464 step 1,075,200 ret 156.64 len 280.1 kl 0.0264  sps 3121
upd  526/1464 step 1,077,248 ret 111.5 len 280.1 kl 0.0247  sps 3120
upd  527/1464 step 1,079,296 ret 123.32 len 280.1 kl 0.0204  sps 3120
upd  528/1464 step 1,081,344 ret 122.2 len 286.0 kl 0.0231  sps 3120
upd  529/1464 step 1,083,392 ret 137.34 len 286.0 kl 0.0220  sps 3119
upd  530/1464 step 1,085,440 ret 176.3 len 291.1 kl 0.0222  sps 3120
upd  531/1464 step 1,087,488 ret 211.48 len 287.4 kl 0.0199  sps 3120
upd  532/1464 step 1,089,536 ret 229.62 len 294.0 kl 0.0269  sps 3120
upd  533/1464 step 1,091,584 ret 242.79 len 294.0 kl 0.0217  sps 3120
upd  534/1464 step 1,093,632 ret 242.84 len 280.4 kl 0.0196  sps 3119
upd  535/1464 step 1,095,680 ret 198.65 len 279.9 kl 0.0244  sps 3120
upd  536/1464 step 1,097,728 ret 181.82 len 278.2 kl 0.0216  sps 3120
upd  537/1464 step 1,099,776 ret 160.59 len 281.9 kl 0.0284  sps 3120
upd  538/1464 step 1,101,824 ret 181.76 len 277.5 kl 0.0312* sps 3120
upd  539/1464 step 1,103,872 ret 170.2 len 280.3 kl 0.0233  sps 3120
upd  540/1464 step 1,105,920 ret 198.8 len 293.4 kl 0.0245  sps 3119
upd  541/1464 step 1,107,968 ret 207.43 len 290.4 kl 0.0236  sps 3119
upd  542/1464 step 1,110,016 ret 235.2 len 283.2 kl 0.0290  sps 3119
upd  543/1464 step 1,112,064 ret 251.15 len 283.2 kl 0.0190  sps 3119
upd  544/1464 step 1,114,112 ret 216.62 len 287.7 kl 0.0217  sps 3120
upd  545/1464 step 1,116,160 ret 244.75 len 286.3 kl 0.0205  sps 3120
upd  546/1464 step 1,118,208 ret 242.61 len 289.9 kl 0.0239  sps 3119
upd  547/1464 step 1,120,256 ret 239.36 len 287.4 kl 0.0214  sps 3119
upd  548/1464 step 1,122,304 ret 250.59 len 287.0 kl 0.0190  sps 3118
upd  549/1464 step 1,124,352 ret 262.41 len 279.9 kl 0.0220  sps 3118
upd  550/1464 step 1,126,400 ret 284.14 len 276.0 kl 0.0231  sps 3118
upd  551/1464 step 1,128,448 ret 255.09 len 268.0 kl 0.0275  sps 3118
upd  552/1464 step 1,130,496 ret 225.03 len 264.5 kl 0.0239  sps 3117
upd  553/1464 step 1,132,544 ret 212.02 len 256.7 kl 0.0242  sps 3117
upd  554/1464 step 1,134,592 ret 189.85 len 259.3 kl 0.0222  sps 3117
upd  555/1464 step 1,136,640 ret 165.66 len 254.9 kl 0.0276  sps 3117
upd  556/1464 step 1,138,688 ret 168.76 len 264.3 kl 0.0244  sps 3117
upd  557/1464 step 1,140,736 ret 173.22 len 252.1 kl 0.0229  sps 3117
upd  558/1464 step 1,142,784 ret 177.22 len 260.9 kl 0.0256  sps 3117
upd  559/1464 step 1,144,832 ret 195.77 len 269.5 kl 0.0230  sps 3117
upd  560/1464 step 1,146,880 ret 173.63 len 267.8 kl 0.0248  sps 3117
upd  561/1464 step 1,148,928 ret 200.49 len 267.2 kl 0.0221  sps 3116
upd  562/1464 step 1,150,976 ret 219.9 len 283.2 kl 0.0195  sps 3116
upd  563/1464 step 1,153,024 ret 220.23 len 276.6 kl 0.0271  sps 3117
upd  564/1464 step 1,155,072 ret 211.66 len 266.1 kl 0.0237  sps 3117
upd  565/1464 step 1,157,120 ret 240.7 len 258.9 kl 0.0217  sps 3116
upd  566/1464 step 1,159,168 ret 211.39 len 266.1 kl 0.0230  sps 3116
upd  567/1464 step 1,161,216 ret 225.98 len 266.1 kl 0.0204  sps 3116
upd  568/1464 step 1,163,264 ret 245.08 len 274.9 kl 0.0240  sps 3116
upd  569/1464 step 1,165,312 ret 245.57 len 274.9 kl 0.0219  sps 3116
upd  570/1464 step 1,167,360 ret 234.43 len 290.0 kl 0.0204  sps 3116
upd  571/1464 step 1,169,408 ret 219.53 len 296.5 kl 0.0256  sps 3116
upd  572/1464 step 1,171,456 ret 230.31 len 296.5 kl 0.0202  sps 3116
upd  573/1464 step 1,173,504 ret 228.87 len 290.6 kl 0.0212  sps 3116
upd  574/1464 step 1,175,552 ret 212.59 len 290.6 kl 0.0217  sps 3115
upd  575/1464 step 1,177,600 ret 227.25 len 283.2 kl 0.0231  sps 3115
upd  576/1464 step 1,179,648 ret 234.67 len 286.7 kl 0.0206  sps 3115
upd  577/1464 step 1,181,696 ret 224.84 len 279.0 kl 0.0203  sps 3115
upd  578/1464 step 1,183,744 ret 220.59 len 276.0 kl 0.0234  sps 3115
upd  579/1464 step 1,185,792 ret 214.38 len 277.8 kl 0.0182  sps 3115
upd  580/1464 step 1,187,840 ret 201.93 len 278.6 kl 0.0243  sps 3114
upd  581/1464 step 1,189,888 ret 208.55 len 281.0 kl 0.0284  sps 3114
upd  582/1464 step 1,191,936 ret 284.49 len 277.4 kl 0.0170  sps 3114
upd  583/1464 step 1,193,984 ret 263.27 len 274.9 kl 0.0225  sps 3114
upd  584/1464 step 1,196,032 ret 256.03 len 279.1 kl 0.0199  sps 3114
upd  585/1464 step 1,198,080 ret 270.72 len 279.1 kl 0.0170  sps 3115
upd  586/1464 step 1,200,128 ret 271.92 len 272.1 kl 0.0237  sps 3114
upd  587/1464 step 1,202,176 ret 229.21 len 278.4 kl 0.0206  sps 3114
upd  588/1464 step 1,204,224 ret 203.36 len 280.2 kl 0.0193  sps 3114
upd  589/1464 step 1,206,272 ret 195.75 len 282.8 kl 0.0206  sps 3114
upd  590/1464 step 1,208,320 ret 173.87 len 278.9 kl 0.0219  sps 3113
upd  591/1464 step 1,210,368 ret 174.2 len 280.6 kl 0.0215  sps 3113
upd  592/1464 step 1,212,416 ret 159.35 len 280.6 kl 0.0208  sps 3112
upd  593/1464 step 1,214,464 ret 130.61 len 281.1 kl 0.0188  sps 3112
upd  594/1464 step 1,216,512 ret 107.09 len 290.9 kl 0.0215  sps 3111
upd  595/1464 step 1,218,560 ret 105.26 len 290.7 kl 0.0231  sps 3110
upd  596/1464 step 1,220,608 ret 128.76 len 280.4 kl 0.0225  sps 3111
upd  597/1464 step 1,222,656 ret 110.3 len 285.6 kl 0.0206  sps 3112
upd  598/1464 step 1,224,704 ret 153.96 len 285.6 kl 0.0227  sps 3111
upd  599/1464 step 1,226,752 ret 172.75 len 280.3 kl 0.0215  sps 3111
upd  600/1464 step 1,228,800 ret 170.16 len 278.4 kl 0.0199  sps 3111
upd  601/1464 step 1,230,848 ret 156.11 len 278.2 kl 0.0229  sps 3111
upd  602/1464 step 1,232,896 ret 167.28 len 277.1 kl 0.0239  sps 3111
upd  603/1464 step 1,234,944 ret 170.15 len 270.5 kl 0.0223  sps 3112
upd  604/1464 step 1,236,992 ret 186.04 len 270.0 kl 0.0243  sps 3111
upd  605/1464 step 1,239,040 ret 212.73 len 262.3 kl 0.0209  sps 3111
upd  606/1464 step 1,241,088 ret 222.27 len 264.2 kl 0.0221  sps 3111
upd  607/1464 step 1,243,136 ret 218.38 len 262.1 kl 0.0213  sps 3110
upd  608/1464 step 1,245,184 ret 216.4 len 256.2 kl 0.0230  sps 3110
upd  609/1464 step 1,247,232 ret 197.74 len 247.7 kl 0.0214  sps 3110
upd  610/1464 step 1,249,280 ret 199.19 len 254.7 kl 0.0303* sps 3111
upd  611/1464 step 1,251,328 ret 208.43 len 240.9 kl 0.0224  sps 3111
upd  612/1464 step 1,253,376 ret 213.48 len 233.5 kl 0.0258  sps 3110
upd  613/1464 step 1,255,424 ret 203.99 len 250.2 kl 0.0167  sps 3110
upd  614/1464 step 1,257,472 ret 210.6 len 253.2 kl 0.0257  sps 3109
upd  615/1464 step 1,259,520 ret 173.94 len 257.2 kl 0.0222  sps 3109
upd  616/1464 step 1,261,568 ret 178.27 len 265.3 kl 0.0245  sps 3109
upd  617/1464 step 1,263,616 ret 163.2 len 279.2 kl 0.0250  sps 3109
upd  618/1464 step 1,265,664 ret 129.34 len 285.2 kl 0.0174  sps 3108
upd  619/1464 step 1,267,712 ret 135.57 len 285.2 kl 0.0288  sps 3107
upd  620/1464 step 1,269,760 ret 165.58 len 284.9 kl 0.0197  sps 3107
upd  621/1464 step 1,271,808 ret 169.32 len 279.8 kl 0.0182  sps 3107
upd  622/1464 step 1,273,856 ret 191.06 len 277.1 kl 0.0272  sps 3106
upd  623/1464 step 1,275,904 ret 180.86 len 264.2 kl 0.0231  sps 3105
upd  624/1464 step 1,277,952 ret 209.32 len 246.6 kl 0.0282  sps 3105
upd  625/1464 step 1,280,000 ret 191.82 len 231.8 kl 0.0139  sps 3104
upd  626/1464 step 1,282,048 ret 206.26 len 242.5 kl 0.0205  sps 3103
upd  627/1464 step 1,284,096 ret 175.53 len 242.3 kl 0.0239  sps 3102
upd  628/1464 step 1,286,144 ret 193.16 len 255.7 kl 0.0224  sps 3101
upd  629/1464 step 1,288,192 ret 186.0 len 265.4 kl 0.0224  sps 3100
upd  630/1464 step 1,290,240 ret 179.11 len 276.1 kl 0.0243  sps 3099
upd  631/1464 step 1,292,288 ret 188.34 len 285.2 kl 0.0229  sps 3099
upd  632/1464 step 1,294,336 ret 199.88 len 286.6 kl 0.0258  sps 3098
upd  633/1464 step 1,296,384 ret 218.82 len 285.7 kl 0.0198  sps 3097
upd  634/1464 step 1,298,432 ret 226.77 len 283.7 kl 0.0212  sps 3098
upd  635/1464 step 1,300,480 ret 235.59 len 280.4 kl 0.0245  sps 3098
upd  636/1464 step 1,302,528 ret 248.51 len 280.3 kl 0.0233  sps 3098
upd  637/1464 step 1,304,576 ret 204.53 len 276.0 kl 0.0233  sps 3097
upd  638/1464 step 1,306,624 ret 204.73 len 276.0 kl 0.0203  sps 3097
upd  639/1464 step 1,308,672 ret 184.72 len 265.1 kl 0.0195  sps 3097
upd  640/1464 step 1,310,720 ret 189.75 len 267.6 kl 0.0200  sps 3096
upd  641/1464 step 1,312,768 ret 208.48 len 263.0 kl 0.0174  sps 3096
upd  642/1464 step 1,314,816 ret 221.71 len 260.8 kl 0.0238  sps 3097
upd  643/1464 step 1,316,864 ret 191.68 len 266.5 kl 0.0232  sps 3097
upd  644/1464 step 1,318,912 ret 228.15 len 276.5 kl 0.0203  sps 3096
upd  645/1464 step 1,320,960 ret 189.81 len 285.5 kl 0.0219  sps 3097
upd  646/1464 step 1,323,008 ret 202.36 len 278.1 kl 0.0179  sps 3097
upd  647/1464 step 1,325,056 ret 208.83 len 274.2 kl 0.0220  sps 3097
upd  648/1464 step 1,327,104 ret 222.56 len 274.2 kl 0.0210  sps 3097
upd  649/1464 step 1,329,152 ret 187.07 len 249.1 kl 0.0236  sps 3096
upd  650/1464 step 1,331,200 ret 202.06 len 249.1 kl 0.0217  sps 3096
upd  651/1464 step 1,333,248 ret 209.76 len 252.4 kl 0.0257  sps 3097
upd  652/1464 step 1,335,296 ret 167.65 len 259.2 kl 0.0203  sps 3096
upd  653/1464 step 1,337,344 ret 167.28 len 259.2 kl 0.0215  sps 3096
upd  654/1464 step 1,339,392 ret 178.55 len 266.4 kl 0.0192  sps 3097
upd  655/1464 step 1,341,440 ret 202.39 len 278.1 kl 0.0238  sps 3096
upd  656/1464 step 1,343,488 ret 193.57 len 281.2 kl 0.0217  sps 3096
upd  657/1464 step 1,345,536 ret 208.96 len 274.7 kl 0.0236  sps 3097
upd  658/1464 step 1,347,584 ret 217.44 len 271.9 kl 0.0197  sps 3097
upd  659/1464 step 1,349,632 ret 232.19 len 265.9 kl 0.0208  sps 3096
upd  660/1464 step 1,351,680 ret 239.15 len 267.7 kl 0.0205  sps 3096
upd  661/1464 step 1,353,728 ret 239.24 len 267.4 kl 0.0231  sps 3096
upd  662/1464 step 1,355,776 ret 211.31 len 275.6 kl 0.0220  sps 3096
upd  663/1464 step 1,357,824 ret 198.63 len 283.1 kl 0.0220  sps 3096
upd  664/1464 step 1,359,872 ret 197.59 len 289.1 kl 0.0246  sps 3096
upd  665/1464 step 1,361,920 ret 217.49 len 278.6 kl 0.0232  sps 3095
upd  666/1464 step 1,363,968 ret 216.27 len 285.1 kl 0.0219  sps 3095
upd  667/1464 step 1,366,016 ret 225.91 len 283.0 kl 0.0165  sps 3094
upd  668/1464 step 1,368,064 ret 255.12 len 276.4 kl 0.0192  sps 3095
upd  669/1464 step 1,370,112 ret 272.21 len 270.4 kl 0.0240  sps 3094
upd  670/1464 step 1,372,160 ret 280.48 len 280.9 kl 0.0249  sps 3094
upd  671/1464 step 1,374,208 ret 279.77 len 280.9 kl 0.0167  sps 3095
upd  672/1464 step 1,376,256 ret 251.36 len 280.9 kl 0.0189  sps 3095
upd  673/1464 step 1,378,304 ret 241.05 len 276.6 kl 0.0185  sps 3095
upd  674/1464 step 1,380,352 ret 223.72 len 282.2 kl 0.0262  sps 3095
upd  675/1464 step 1,382,400 ret 235.45 len 275.8 kl 0.0249  sps 3096
upd  676/1464 step 1,384,448 ret 214.52 len 272.3 kl 0.0237  sps 3095
upd  677/1464 step 1,386,496 ret 229.85 len 262.4 kl 0.0243  sps 3096
upd  678/1464 step 1,388,544 ret 262.09 len 261.8 kl 0.0200  sps 3096
upd  679/1464 step 1,390,592 ret 269.4 len 259.2 kl 0.0230  sps 3097
upd  680/1464 step 1,392,640 ret 285.73 len 266.1 kl 0.0197  sps 3097
upd  681/1464 step 1,394,688 ret 259.07 len 266.9 kl 0.0198  sps 3097
upd  682/1464 step 1,396,736 ret 266.21 len 272.1 kl 0.0207  sps 3097
upd  683/1464 step 1,398,784 ret 213.19 len 283.1 kl 0.0199  sps 3096
upd  684/1464 step 1,400,832 ret 253.25 len 287.2 kl 0.0264  sps 3096
upd  685/1464 step 1,402,880 ret 227.01 len 281.3 kl 0.0196  sps 3096
upd  686/1464 step 1,404,928 ret 196.9 len 281.3 kl 0.0244  sps 3096
upd  687/1464 step 1,406,976 ret 187.63 len 283.6 kl 0.0208  sps 3096
upd  688/1464 step 1,409,024 ret 191.92 len 272.4 kl 0.0184  sps 3095
upd  689/1464 step 1,411,072 ret 185.98 len 269.0 kl 0.0216  sps 3095
upd  690/1464 step 1,413,120 ret 182.05 len 274.9 kl 0.0233  sps 3095
upd  691/1464 step 1,415,168 ret 167.94 len 274.9 kl 0.0261  sps 3094
upd  692/1464 step 1,417,216 ret 178.2 len 269.8 kl 0.0197  sps 3094
upd  693/1464 step 1,419,264 ret 184.14 len 269.7 kl 0.0171  sps 3094
upd  694/1464 step 1,421,312 ret 196.34 len 281.2 kl 0.0176  sps 3094
upd  695/1464 step 1,423,360 ret 180.2 len 272.2 kl 0.0242  sps 3094
upd  696/1464 step 1,425,408 ret 197.58 len 259.8 kl 0.0258  sps 3093
upd  697/1464 step 1,427,456 ret 216.88 len 250.8 kl 0.0225  sps 3094
upd  698/1464 step 1,429,504 ret 197.24 len 244.9 kl 0.0208  sps 3093
upd  699/1464 step 1,431,552 ret 215.18 len 240.2 kl 0.0188  sps 3094
upd  700/1464 step 1,433,600 ret 210.76 len 245.8 kl 0.0245  sps 3094
upd  701/1464 step 1,435,648 ret 244.37 len 254.8 kl 0.0204  sps 3094
upd  702/1464 step 1,437,696 ret 214.46 len 269.4 kl 0.0239  sps 3094
upd  703/1464 step 1,439,744 ret 215.29 len 276.6 kl 0.0203  sps 3094
upd  704/1464 step 1,441,792 ret 228.1 len 282.2 kl 0.0198  sps 3094
upd  705/1464 step 1,443,840 ret 221.86 len 276.7 kl 0.0233  sps 3094
upd  706/1464 step 1,445,888 ret 197.23 len 279.4 kl 0.0186  sps 3093
upd  707/1464 step 1,447,936 ret 169.17 len 279.4 kl 0.0203  sps 3093
upd  708/1464 step 1,449,984 ret 154.38 len 272.7 kl 0.0178  sps 3093
upd  709/1464 step 1,452,032 ret 191.71 len 262.9 kl 0.0198  sps 3093
upd  710/1464 step 1,454,080 ret 180.06 len 266.6 kl 0.0183  sps 3094
upd  711/1464 step 1,456,128 ret 180.86 len 266.2 kl 0.0233  sps 3094
upd  712/1464 step 1,458,176 ret 212.96 len 260.6 kl 0.0204  sps 3094
upd  713/1464 step 1,460,224 ret 216.36 len 261.9 kl 0.0177  sps 3094
upd  714/1464 step 1,462,272 ret 186.06 len 260.9 kl 0.0205  sps 3094
upd  715/1464 step 1,464,320 ret 192.64 len 269.4 kl 0.0171  sps 3094
upd  716/1464 step 1,466,368 ret 192.48 len 276.1 kl 0.0205  sps 3094
upd  717/1464 step 1,468,416 ret 187.34 len 281.0 kl 0.0137  sps 3094
upd  718/1464 step 1,470,464 ret 139.24 len 286.0 kl 0.0233  sps 3094
upd  719/1464 step 1,472,512 ret 162.12 len 289.6 kl 0.0205  sps 3095
upd  720/1464 step 1,474,560 ret 156.49 len 293.7 kl 0.0194  sps 3095
upd  721/1464 step 1,476,608 ret 150.37 len 297.0 kl 0.0191  sps 3095
upd  722/1464 step 1,478,656 ret 149.51 len 297.0 kl 0.0289  sps 3095
upd  723/1464 step 1,480,704 ret 160.75 len 289.2 kl 0.0189  sps 3094
upd  724/1464 step 1,482,752 ret 216.45 len 287.2 kl 0.0195  sps 3094
upd  725/1464 step 1,484,800 ret 227.15 len 285.4 kl 0.0202  sps 3095
upd  726/1464 step 1,486,848 ret 261.92 len 285.4 kl 0.0201  sps 3095
upd  727/1464 step 1,488,896 ret 262.5 len 285.4 kl 0.0176  sps 3094
upd  728/1464 step 1,490,944 ret 266.65 len 287.5 kl 0.0181  sps 3094
upd  729/1464 step 1,492,992 ret 260.6 len 293.9 kl 0.0189  sps 3095
upd  730/1464 step 1,495,040 ret 227.07 len 298.2 kl 0.0208  sps 3095
upd  731/1464 step 1,497,088 ret 202.59 len 292.8 kl 0.0209  sps 3095
upd  732/1464 step 1,499,136 ret 216.74 len 292.8 kl 0.0243  sps 3095
upd  733/1464 step 1,501,184 ret 233.51 len 292.8 kl 0.0177  sps 3095
upd  734/1464 step 1,503,232 ret 242.55 len 291.3 kl 0.0197  sps 3095
upd  735/1464 step 1,505,280 ret 239.5 len 285.1 kl 0.0249  sps 3095
upd  736/1464 step 1,507,328 ret 270.29 len 285.8 kl 0.0190  sps 3094
upd  737/1464 step 1,509,376 ret 228.43 len 286.9 kl 0.0178  sps 3094
upd  738/1464 step 1,511,424 ret 219.11 len 286.9 kl 0.0191  sps 3094
upd  739/1464 step 1,513,472 ret 232.1 len 286.9 kl 0.0194  sps 3094
upd  740/1464 step 1,515,520 ret 196.15 len 288.4 kl 0.0198  sps 3094
upd  741/1464 step 1,517,568 ret 168.01 len 288.1 kl 0.0228  sps 3094
upd  742/1464 step 1,519,616 ret 149.63 len 293.5 kl 0.0178  sps 3094
upd  743/1464 step 1,521,664 ret 159.96 len 292.1 kl 0.0215  sps 3094
upd  744/1464 step 1,523,712 ret 160.33 len 292.1 kl 0.0229  sps 3095
upd  745/1464 step 1,525,760 ret 190.96 len 292.1 kl 0.0198  sps 3095
upd  746/1464 step 1,527,808 ret 219.47 len 285.2 kl 0.0193  sps 3095
upd  747/1464 step 1,529,856 ret 239.5 len 285.0 kl 0.0204  sps 3095
upd  748/1464 step 1,531,904 ret 214.11 len 272.8 kl 0.0247  sps 3095
upd  749/1464 step 1,533,952 ret 220.98 len 274.2 kl 0.0209  sps 3094
upd  750/1464 step 1,536,000 ret 201.66 len 271.0 kl 0.0171  sps 3094
upd  751/1464 step 1,538,048 ret 211.66 len 276.3 kl 0.0222  sps 3094
upd  752/1464 step 1,540,096 ret 210.15 len 276.8 kl 0.0220  sps 3094
upd  753/1464 step 1,542,144 ret 239.81 len 276.8 kl 0.0169  sps 3094
upd  754/1464 step 1,544,192 ret 250.08 len 282.2 kl 0.0249  sps 3093
upd  755/1464 step 1,546,240 ret 230.04 len 285.4 kl 0.0235  sps 3093
upd  756/1464 step 1,548,288 ret 244.23 len 285.4 kl 0.0185  sps 3093
upd  757/1464 step 1,550,336 ret 219.97 len 287.0 kl 0.0180  sps 3094
upd  758/1464 step 1,552,384 ret 244.3 len 291.2 kl 0.0221  sps 3094
upd  759/1464 step 1,554,432 ret 257.53 len 291.4 kl 0.0227  sps 3094
upd  760/1464 step 1,556,480 ret 285.64 len 297.9 kl 0.0242  sps 3094
upd  761/1464 step 1,558,528 ret 333.94 len 297.9 kl 0.0175  sps 3093
upd  762/1464 step 1,560,576 ret 311.27 len 294.5 kl 0.0185  sps 3093
upd  763/1464 step 1,562,624 ret 324.06 len 280.4 kl 0.0205  sps 3093
upd  764/1464 step 1,564,672 ret 329.05 len 282.4 kl 0.0199  sps 3093
upd  765/1464 step 1,566,720 ret 285.58 len 282.4 kl 0.0193  sps 3093
upd  766/1464 step 1,568,768 ret 258.16 len 276.0 kl 0.0202  sps 3093
upd  767/1464 step 1,570,816 ret 230.98 len 276.0 kl 0.0199  sps 3092
upd  768/1464 step 1,572,864 ret 223.73 len 286.7 kl 0.0196  sps 3092
upd  769/1464 step 1,574,912 ret 209.02 len 286.7 kl 0.0226  sps 3092
upd  770/1464 step 1,576,960 ret 180.99 len 280.9 kl 0.0181  sps 3093
upd  771/1464 step 1,579,008 ret 180.46 len 287.4 kl 0.0206  sps 3093
upd  772/1464 step 1,581,056 ret 152.55 len 281.1 kl 0.0177  sps 3093
upd  773/1464 step 1,583,104 ret 140.02 len 274.8 kl 0.0213  sps 3094
upd  774/1464 step 1,585,152 ret 123.31 len 273.6 kl 0.0243  sps 3094
upd  775/1464 step 1,587,200 ret 130.63 len 282.2 kl 0.0203  sps 3094
upd  776/1464 step 1,589,248 ret 145.22 len 282.2 kl 0.0253  sps 3094
upd  777/1464 step 1,591,296 ret 187.47 len 282.2 kl 0.0178  sps 3094
upd  778/1464 step 1,593,344 ret 186.11 len 288.5 kl 0.0170  sps 3094
upd  779/1464 step 1,595,392 ret 190.96 len 285.0 kl 0.0211  sps 3094
upd  780/1464 step 1,597,440 ret 167.26 len 287.7 kl 0.0183  sps 3094
upd  781/1464 step 1,599,488 ret 193.48 len 272.5 kl 0.0162  sps 3095
upd  782/1464 step 1,601,536 ret 194.58 len 272.5 kl 0.0261  sps 3094
upd  783/1464 step 1,603,584 ret 194.71 len 254.8 kl 0.0223  sps 3095
upd  784/1464 step 1,605,632 ret 245.52 len 264.6 kl 0.0161  sps 3095
upd  785/1464 step 1,607,680 ret 233.56 len 257.5 kl 0.0159  sps 3095
upd  786/1464 step 1,609,728 ret 246.74 len 263.8 kl 0.0224  sps 3095
upd  787/1464 step 1,611,776 ret 270.19 len 262.1 kl 0.0181  sps 3094
upd  788/1464 step 1,613,824 ret 257.89 len 266.7 kl 0.0182  sps 3095
upd  789/1464 step 1,615,872 ret 258.67 len 273.1 kl 0.0199  sps 3095
upd  790/1464 step 1,617,920 ret 235.71 len 278.4 kl 0.0172  sps 3094
upd  791/1464 step 1,619,968 ret 260.01 len 276.3 kl 0.0173  sps 3094
upd  792/1464 step 1,622,016 ret 233.2 len 277.6 kl 0.0201  sps 3095
upd  793/1464 step 1,624,064 ret 224.08 len 280.5 kl 0.0202  sps 3095
upd  794/1464 step 1,626,112 ret 219.98 len 284.7 kl 0.0188  sps 3096
upd  795/1464 step 1,628,160 ret 209.68 len 271.4 kl 0.0192  sps 3096
upd  796/1464 step 1,630,208 ret 184.03 len 265.8 kl 0.0221  sps 3096
upd  797/1464 step 1,632,256 ret 181.8 len 256.6 kl 0.0176  sps 3095
upd  798/1464 step 1,634,304 ret 168.53 len 257.3 kl 0.0213  sps 3095
upd  799/1464 step 1,636,352 ret 184.87 len 258.4 kl 0.0210  sps 3096
upd  800/1464 step 1,638,400 ret 183.14 len 271.6 kl 0.0194  sps 3096
upd  801/1464 step 1,640,448 ret 202.35 len 273.7 kl 0.0151  sps 3096
upd  802/1464 step 1,642,496 ret 192.38 len 276.4 kl 0.0229  sps 3095
upd  803/1464 step 1,644,544 ret 183.89 len 279.0 kl 0.0199  sps 3095
upd  804/1464 step 1,646,592 ret 153.75 len 264.5 kl 0.0182  sps 3095
upd  805/1464 step 1,648,640 ret 157.25 len 258.9 kl 0.0164  sps 3095
upd  806/1464 step 1,650,688 ret 152.05 len 263.2 kl 0.0155  sps 3095
upd  807/1464 step 1,652,736 ret 208.73 len 255.4 kl 0.0225  sps 3096
upd  808/1464 step 1,654,784 ret 232.26 len 259.2 kl 0.0245  sps 3097
upd  809/1464 step 1,656,832 ret 254.6 len 270.2 kl 0.0281  sps 3097
upd  810/1464 step 1,658,880 ret 268.51 len 270.6 kl 0.0163  sps 3097
upd  811/1464 step 1,660,928 ret 309.03 len 276.1 kl 0.0200  sps 3098
upd  812/1464 step 1,662,976 ret 291.4 len 276.2 kl 0.0224  sps 3098
upd  813/1464 step 1,665,024 ret 255.93 len 280.2 kl 0.0146  sps 3098
upd  814/1464 step 1,667,072 ret 254.85 len 284.2 kl 0.0219  sps 3098
upd  815/1464 step 1,669,120 ret 225.2 len 284.2 kl 0.0205  sps 3099
upd  816/1464 step 1,671,168 ret 206.77 len 283.0 kl 0.0199  sps 3098
upd  817/1464 step 1,673,216 ret 201.07 len 280.2 kl 0.0190  sps 3098
upd  818/1464 step 1,675,264 ret 202.45 len 280.7 kl 0.0176  sps 3098
upd  819/1464 step 1,677,312 ret 222.44 len 278.6 kl 0.0231  sps 3098
upd  820/1464 step 1,679,360 ret 231.68 len 276.6 kl 0.0201  sps 3097
upd  821/1464 step 1,681,408 ret 253.32 len 265.5 kl 0.0194  sps 3098
upd  822/1464 step 1,683,456 ret 222.03 len 270.9 kl 0.0168  sps 3098
upd  823/1464 step 1,685,504 ret 219.52 len 275.9 kl 0.0159  sps 3098
upd  824/1464 step 1,687,552 ret 197.53 len 272.1 kl 0.0158  sps 3098
upd  825/1464 step 1,689,600 ret 210.78 len 271.9 kl 0.0165  sps 3097
upd  826/1464 step 1,691,648 ret 188.39 len 270.4 kl 0.0186  sps 3097
upd  827/1464 step 1,693,696 ret 182.45 len 274.9 kl 0.0208  sps 3097
upd  828/1464 step 1,695,744 ret 199.46 len 268.6 kl 0.0146  sps 3097
upd  829/1464 step 1,697,792 ret 195.99 len 274.4 kl 0.0164  sps 3097
upd  830/1464 step 1,699,840 ret 203.14 len 276.1 kl 0.0190  sps 3097
upd  831/1464 step 1,701,888 ret 217.36 len 274.5 kl 0.0175  sps 3097
upd  832/1464 step 1,703,936 ret 203.61 len 282.1 kl 0.0229  sps 3097
upd  833/1464 step 1,705,984 ret 234.23 len 282.1 kl 0.0173  sps 3097
upd  834/1464 step 1,708,032 ret 268.58 len 284.1 kl 0.0202  sps 3098
upd  835/1464 step 1,710,080 ret 272.32 len 279.6 kl 0.0195  sps 3098
upd  836/1464 step 1,712,128 ret 249.42 len 283.6 kl 0.0207  sps 3098
upd  837/1464 step 1,714,176 ret 235.17 len 270.4 kl 0.0187  sps 3098
upd  838/1464 step 1,716,224 ret 234.53 len 270.4 kl 0.0234  sps 3097
upd  839/1464 step 1,718,272 ret 213.35 len 274.5 kl 0.0187  sps 3098
upd  840/1464 step 1,720,320 ret 182.97 len 279.0 kl 0.0179  sps 3098
upd  841/1464 step 1,722,368 ret 201.37 len 281.2 kl 0.0200  sps 3098
upd  842/1464 step 1,724,416 ret 216.91 len 274.2 kl 0.0163  sps 3098
upd  843/1464 step 1,726,464 ret 213.37 len 278.8 kl 0.0146  sps 3098
upd  844/1464 step 1,728,512 ret 211.57 len 278.8 kl 0.0191  sps 3098
upd  845/1464 step 1,730,560 ret 230.06 len 273.5 kl 0.0175  sps 3098
upd  846/1464 step 1,732,608 ret 200.05 len 273.5 kl 0.0192  sps 3098
upd  847/1464 step 1,734,656 ret 207.22 len 276.6 kl 0.0257  sps 3097
upd  848/1464 step 1,736,704 ret 206.1 len 276.2 kl 0.0269  sps 3097
upd  849/1464 step 1,738,752 ret 232.03 len 281.1 kl 0.0215  sps 3097
upd  850/1464 step 1,740,800 ret 183.68 len 266.5 kl 0.0201  sps 3097
upd  851/1464 step 1,742,848 ret 202.5 len 262.1 kl 0.0210  sps 3096
upd  852/1464 step 1,744,896 ret 205.98 len 263.5 kl 0.0199  sps 3096
upd  853/1464 step 1,746,944 ret 224.09 len 271.9 kl 0.0206  sps 3096
upd  854/1464 step 1,748,992 ret 227.23 len 267.0 kl 0.0162  sps 3097
upd  855/1464 step 1,751,040 ret 202.23 len 274.8 kl 0.0185  sps 3096
upd  856/1464 step 1,753,088 ret 202.17 len 273.3 kl 0.0216  sps 3097
upd  857/1464 step 1,755,136 ret 210.59 len 277.7 kl 0.0175  sps 3096
upd  858/1464 step 1,757,184 ret 212.73 len 272.1 kl 0.0151  sps 3097
upd  859/1464 step 1,759,232 ret 196.76 len 268.6 kl 0.0210  sps 3096
upd  860/1464 step 1,761,280 ret 227.25 len 261.4 kl 0.0173  sps 3096
upd  861/1464 step 1,763,328 ret 218.32 len 271.9 kl 0.0162  sps 3096
upd  862/1464 step 1,765,376 ret 233.42 len 265.9 kl 0.0143  sps 3096
upd  863/1464 step 1,767,424 ret 234.05 len 258.8 kl 0.0201  sps 3095
upd  864/1464 step 1,769,472 ret 234.66 len 264.5 kl 0.0170  sps 3096
upd  865/1464 step 1,771,520 ret 196.05 len 271.6 kl 0.0158  sps 3096
upd  866/1464 step 1,773,568 ret 164.49 len 257.6 kl 0.0180  sps 3096
upd  867/1464 step 1,775,616 ret 174.21 len 261.9 kl 0.0242  sps 3096
upd  868/1464 step 1,777,664 ret 156.27 len 267.1 kl 0.0150  sps 3096
upd  869/1464 step 1,779,712 ret 171.35 len 273.2 kl 0.0191  sps 3096
upd  870/1464 step 1,781,760 ret 178.73 len 266.9 kl 0.0202  sps 3095
upd  871/1464 step 1,783,808 ret 203.71 len 285.3 kl 0.0200  sps 3096
upd  872/1464 step 1,785,856 ret 217.38 len 285.3 kl 0.0180  sps 3096
upd  873/1464 step 1,787,904 ret 204.33 len 287.0 kl 0.0181  sps 3095
upd  874/1464 step 1,789,952 ret 191.47 len 288.4 kl 0.0207  sps 3095
upd  875/1464 step 1,792,000 ret 202.31 len 281.0 kl 0.0149  sps 3095
upd  876/1464 step 1,794,048 ret 195.55 len 280.4 kl 0.0190  sps 3094
upd  877/1464 step 1,796,096 ret 186.88 len 275.2 kl 0.0183  sps 3094
upd  878/1464 step 1,798,144 ret 193.22 len 264.4 kl 0.0159  sps 3094
upd  879/1464 step 1,800,192 ret 207.51 len 264.4 kl 0.0142  sps 3094
upd  880/1464 step 1,802,240 ret 178.66 len 266.5 kl 0.0191  sps 3094
upd  881/1464 step 1,804,288 ret 223.29 len 272.2 kl 0.0179  sps 3094
upd  882/1464 step 1,806,336 ret 169.73 len 283.2 kl 0.0169  sps 3094
upd  883/1464 step 1,808,384 ret 180.59 len 288.6 kl 0.0219  sps 3094
upd  884/1464 step 1,810,432 ret 190.89 len 291.8 kl 0.0171  sps 3094
upd  885/1464 step 1,812,480 ret 205.13 len 291.8 kl 0.0188  sps 3093
upd  886/1464 step 1,814,528 ret 191.13 len 293.1 kl 0.0202  sps 3093
upd  887/1464 step 1,816,576 ret 189.11 len 289.8 kl 0.0162  sps 3094
upd  888/1464 step 1,818,624 ret 197.18 len 285.6 kl 0.0173  sps 3094
upd  889/1464 step 1,820,672 ret 228.84 len 281.2 kl 0.0150  sps 3094
upd  890/1464 step 1,822,720 ret 267.43 len 278.3 kl 0.0180  sps 3094
upd  891/1464 step 1,824,768 ret 258.21 len 260.6 kl 0.0178  sps 3094
upd  892/1464 step 1,826,816 ret 262.64 len 268.3 kl 0.0197  sps 3094
upd  893/1464 step 1,828,864 ret 239.95 len 265.8 kl 0.0154  sps 3094
upd  894/1464 step 1,830,912 ret 208.32 len 265.8 kl 0.0182  sps 3094
upd  895/1464 step 1,832,960 ret 202.54 len 269.6 kl 0.0188  sps 3094
upd  896/1464 step 1,835,008 ret 220.2 len 264.5 kl 0.0187  sps 3094
upd  897/1464 step 1,837,056 ret 235.67 len 270.2 kl 0.0186  sps 3094
upd  898/1464 step 1,839,104 ret 212.48 len 261.6 kl 0.0181  sps 3094
upd  899/1464 step 1,841,152 ret 229.54 len 261.6 kl 0.0172  sps 3094
upd  900/1464 step 1,843,200 ret 216.28 len 261.6 kl 0.0169  sps 3094
upd  901/1464 step 1,845,248 ret 215.55 len 271.2 kl 0.0193  sps 3094
upd  902/1464 step 1,847,296 ret 215.19 len 278.8 kl 0.0192  sps 3094
upd  903/1464 step 1,849,344 ret 248.0 len 282.1 kl 0.0200  sps 3094
upd  904/1464 step 1,851,392 ret 262.0 len 282.4 kl 0.0161  sps 3094
upd  905/1464 step 1,853,440 ret 263.37 len 270.4 kl 0.0189  sps 3094
upd  906/1464 step 1,855,488 ret 227.45 len 263.7 kl 0.0187  sps 3094
upd  907/1464 step 1,857,536 ret 257.0 len 263.4 kl 0.0182  sps 3094
upd  908/1464 step 1,859,584 ret 264.35 len 274.6 kl 0.0146  sps 3094
upd  909/1464 step 1,861,632 ret 254.72 len 274.6 kl 0.0150  sps 3095
upd  910/1464 step 1,863,680 ret 257.06 len 271.4 kl 0.0162  sps 3095
upd  911/1464 step 1,865,728 ret 269.98 len 271.6 kl 0.0163  sps 3096
upd  912/1464 step 1,867,776 ret 245.19 len 253.4 kl 0.0155  sps 3095
upd  913/1464 step 1,869,824 ret 203.56 len 253.4 kl 0.0182  sps 3095
upd  914/1464 step 1,871,872 ret 171.31 len 251.4 kl 0.0150  sps 3095
upd  915/1464 step 1,873,920 ret 167.96 len 260.9 kl 0.0200  sps 3095
upd  916/1464 step 1,875,968 ret 191.39 len 265.2 kl 0.0189  sps 3096
upd  917/1464 step 1,878,016 ret 190.43 len 278.5 kl 0.0166  sps 3096
upd  918/1464 step 1,880,064 ret 217.88 len 278.1 kl 0.0146  sps 3096
upd  919/1464 step 1,882,112 ret 240.87 len 266.6 kl 0.0206  sps 3096
upd  920/1464 step 1,884,160 ret 262.07 len 263.0 kl 0.0147  sps 3096
upd  921/1464 step 1,886,208 ret 278.05 len 270.6 kl 0.0143  sps 3096
upd  922/1464 step 1,888,256 ret 248.98 len 270.6 kl 0.0172  sps 3096
upd  923/1464 step 1,890,304 ret 219.08 len 263.1 kl 0.0156  sps 3095
upd  924/1464 step 1,892,352 ret 202.64 len 271.1 kl 0.0132  sps 3095
upd  925/1464 step 1,894,400 ret 221.62 len 287.0 kl 0.0192  sps 3095
upd  926/1464 step 1,896,448 ret 207.43 len 287.0 kl 0.0178  sps 3096
upd  927/1464 step 1,898,496 ret 218.24 len 278.7 kl 0.0160  sps 3095
upd  928/1464 step 1,900,544 ret 226.22 len 276.5 kl 0.0169  sps 3095
upd  929/1464 step 1,902,592 ret 266.49 len 288.4 kl 0.0154  sps 3095
upd  930/1464 step 1,904,640 ret 235.27 len 288.4 kl 0.0123  sps 3095
upd  931/1464 step 1,906,688 ret 220.56 len 288.4 kl 0.0148  sps 3095
upd  932/1464 step 1,908,736 ret 222.47 len 296.7 kl 0.0154  sps 3095
upd  933/1464 step 1,910,784 ret 226.2 len 290.5 kl 0.0161  sps 3095
upd  934/1464 step 1,912,832 ret 254.1 len 290.6 kl 0.0172  sps 3095
upd  935/1464 step 1,914,880 ret 255.75 len 286.7 kl 0.0244  sps 3094
upd  936/1464 step 1,916,928 ret 286.56 len 286.7 kl 0.0158  sps 3095
upd  937/1464 step 1,918,976 ret 288.65 len 286.7 kl 0.0177  sps 3095
upd  938/1464 step 1,921,024 ret 276.54 len 286.7 kl 0.0165  sps 3095
upd  939/1464 step 1,923,072 ret 243.14 len 288.4 kl 0.0141  sps 3095
upd  940/1464 step 1,925,120 ret 239.86 len 291.7 kl 0.0155  sps 3095
upd  941/1464 step 1,927,168 ret 200.84 len 290.1 kl 0.0190  sps 3095
upd  942/1464 step 1,929,216 ret 209.54 len 286.9 kl 0.0188  sps 3094
upd  943/1464 step 1,931,264 ret 223.27 len 286.9 kl 0.0154  sps 3095
upd  944/1464 step 1,933,312 ret 227.41 len 280.8 kl 0.0145  sps 3094
upd  945/1464 step 1,935,360 ret 226.63 len 285.2 kl 0.0134  sps 3094
upd  946/1464 step 1,937,408 ret 219.22 len 284.0 kl 0.0151  sps 3094
upd  947/1464 step 1,939,456 ret 225.69 len 287.3 kl 0.0153  sps 3094
upd  948/1464 step 1,941,504 ret 246.77 len 287.3 kl 0.0156  sps 3094
upd  949/1464 step 1,943,552 ret 252.47 len 278.1 kl 0.0187  sps 3094
upd  950/1464 step 1,945,600 ret 260.9 len 276.2 kl 0.0173  sps 3094
upd  951/1464 step 1,947,648 ret 247.08 len 282.8 kl 0.0172  sps 3094
upd  952/1464 step 1,949,696 ret 281.21 len 281.6 kl 0.0150  sps 3094
upd  953/1464 step 1,951,744 ret 275.21 len 281.6 kl 0.0165  sps 3094
upd  954/1464 step 1,953,792 ret 232.0 len 281.2 kl 0.0151  sps 3095
upd  955/1464 step 1,955,840 ret 220.91 len 286.1 kl 0.0136  sps 3095
upd  956/1464 step 1,957,888 ret 164.58 len 286.1 kl 0.0182  sps 3095
upd  957/1464 step 1,959,936 ret 184.26 len 265.2 kl 0.0178  sps 3094
upd  958/1464 step 1,961,984 ret 192.6 len 258.6 kl 0.0136  sps 3094
upd  959/1464 step 1,964,032 ret 196.92 len 260.8 kl 0.0167  sps 3094
upd  960/1464 step 1,966,080 ret 212.69 len 255.2 kl 0.0108  sps 3094
upd  961/1464 step 1,968,128 ret 231.27 len 236.6 kl 0.0161  sps 3094
upd  962/1464 step 1,970,176 ret 223.96 len 233.7 kl 0.0131  sps 3094
upd  963/1464 step 1,972,224 ret 182.81 len 245.8 kl 0.0128  sps 3094
upd  964/1464 step 1,974,272 ret 216.17 len 246.3 kl 0.0133  sps 3094
upd  965/1464 step 1,976,320 ret 201.03 len 246.6 kl 0.0157  sps 3093
upd  966/1464 step 1,978,368 ret 207.85 len 249.2 kl 0.0156  sps 3093
upd  967/1464 step 1,980,416 ret 176.41 len 244.1 kl 0.0114  sps 3093
upd  968/1464 step 1,982,464 ret 143.7 len 239.6 kl 0.0142  sps 3093
upd  969/1464 step 1,984,512 ret 156.74 len 225.2 kl 0.0143  sps 3092
upd  970/1464 step 1,986,560 ret 146.63 len 220.9 kl 0.0148  sps 3092
upd  971/1464 step 1,988,608 ret 138.67 len 231.9 kl 0.0153  sps 3092
upd  972/1464 step 1,990,656 ret 148.35 len 237.3 kl 0.0151  sps 3092
upd  973/1464 step 1,992,704 ret 197.46 len 227.4 kl 0.0151  sps 3092
upd  974/1464 step 1,994,752 ret 198.84 len 241.9 kl 0.0115  sps 3092
upd  975/1464 step 1,996,800 ret 210.84 len 247.6 kl 0.0158  sps 3092
upd  976/1464 step 1,998,848 ret 203.36 len 257.2 kl 0.0143  sps 3092
upd  977/1464 step 2,000,896 ret 241.58 len 262.2 kl 0.0189  sps 3092
upd  978/1464 step 2,002,944 ret 203.27 len 257.4 kl 0.0181  sps 3092
upd  979/1464 step 2,004,992 ret 229.06 len 267.9 kl 0.0155  sps 3092
upd  980/1464 step 2,007,040 ret 223.75 len 279.7 kl 0.0147  sps 3092
upd  981/1464 step 2,009,088 ret 228.9 len 268.4 kl 0.0184  sps 3093
upd  982/1464 step 2,011,136 ret 209.49 len 265.1 kl 0.0139  sps 3093
upd  983/1464 step 2,013,184 ret 195.09 len 265.4 kl 0.0176  sps 3093
upd  984/1464 step 2,015,232 ret 219.35 len 277.9 kl 0.0149  sps 3093
upd  985/1464 step 2,017,280 ret 232.79 len 263.2 kl 0.0137  sps 3094
upd  986/1464 step 2,019,328 ret 214.4 len 269.2 kl 0.0165  sps 3094
upd  987/1464 step 2,021,376 ret 209.13 len 274.2 kl 0.0167  sps 3094
upd  988/1464 step 2,023,424 ret 208.47 len 272.7 kl 0.0166  sps 3094
upd  989/1464 step 2,025,472 ret 211.13 len 273.0 kl 0.0129  sps 3094
upd  990/1464 step 2,027,520 ret 181.77 len 279.4 kl 0.0146  sps 3093
upd  991/1464 step 2,029,568 ret 201.56 len 288.4 kl 0.0124  sps 3093
upd  992/1464 step 2,031,616 ret 217.35 len 281.1 kl 0.0148  sps 3094
upd  993/1464 step 2,033,664 ret 232.09 len 281.8 kl 0.0147  sps 3093
upd  994/1464 step 2,035,712 ret 232.52 len 282.9 kl 0.0158  sps 3093
upd  995/1464 step 2,037,760 ret 241.21 len 280.4 kl 0.0194  sps 3093
upd  996/1464 step 2,039,808 ret 185.99 len 268.2 kl 0.0126  sps 3093
upd  997/1464 step 2,041,856 ret 187.7 len 275.6 kl 0.0185  sps 3093
upd  998/1464 step 2,043,904 ret 204.51 len 262.9 kl 0.0133  sps 3093
upd  999/1464 step 2,045,952 ret 172.17 len 253.9 kl 0.0167  sps 3092
upd 1000/1464 step 2,048,000 ret 179.86 len 258.1 kl 0.0170  sps 3092
upd 1001/1464 step 2,050,048 ret 201.93 len 261.8 kl 0.0152  sps 3092
upd 1002/1464 step 2,052,096 ret 214.74 len 268.0 kl 0.0153  sps 3092
upd 1003/1464 step 2,054,144 ret 238.58 len 274.5 kl 0.0148  sps 3092
upd 1004/1464 step 2,056,192 ret 246.34 len 279.3 kl 0.0153  sps 3092
upd 1005/1464 step 2,058,240 ret 228.4 len 291.5 kl 0.0159  sps 3092
upd 1006/1464 step 2,060,288 ret 228.73 len 291.5 kl 0.0155  sps 3092
upd 1007/1464 step 2,062,336 ret 262.86 len 281.8 kl 0.0173  sps 3092
upd 1008/1464 step 2,064,384 ret 263.33 len 281.9 kl 0.0137  sps 3092
upd 1009/1464 step 2,066,432 ret 264.97 len 275.2 kl 0.0153  sps 3091
upd 1010/1464 step 2,068,480 ret 258.13 len 270.8 kl 0.0136  sps 3091
upd 1011/1464 step 2,070,528 ret 294.23 len 268.7 kl 0.0139  sps 3091
upd 1012/1464 step 2,072,576 ret 234.69 len 266.1 kl 0.0140  sps 3091
upd 1013/1464 step 2,074,624 ret 214.27 len 250.1 kl 0.0145  sps 3090
upd 1014/1464 step 2,076,672 ret 231.72 len 258.7 kl 0.0146  sps 3090
upd 1015/1464 step 2,078,720 ret 231.71 len 258.7 kl 0.0141  sps 3091
upd 1016/1464 step 2,080,768 ret 203.26 len 255.5 kl 0.0202  sps 3090
upd 1017/1464 step 2,082,816 ret 207.03 len 261.4 kl 0.0162  sps 3090
upd 1018/1464 step 2,084,864 ret 203.47 len 273.5 kl 0.0115  sps 3091
upd 1019/1464 step 2,086,912 ret 183.23 len 285.2 kl 0.0187  sps 3090
upd 1020/1464 step 2,088,960 ret 195.76 len 276.9 kl 0.0183  sps 3091
upd 1021/1464 step 2,091,008 ret 197.66 len 264.6 kl 0.0107  sps 3091
upd 1022/1464 step 2,093,056 ret 182.45 len 269.9 kl 0.0147  sps 3091
upd 1023/1464 step 2,095,104 ret 170.54 len 263.1 kl 0.0130  sps 3090
upd 1024/1464 step 2,097,152 ret 205.75 len 257.9 kl 0.0128  sps 3090
upd 1025/1464 step 2,099,200 ret 176.17 len 257.5 kl 0.0143  sps 3090
upd 1026/1464 step 2,101,248 ret 181.65 len 260.1 kl 0.0163  sps 3090
upd 1027/1464 step 2,103,296 ret 170.66 len 248.2 kl 0.0192  sps 3090
upd 1028/1464 step 2,105,344 ret 190.44 len 244.1 kl 0.0142  sps 3089
upd 1029/1464 step 2,107,392 ret 172.64 len 256.5 kl 0.0153  sps 3089
upd 1030/1464 step 2,109,440 ret 208.4 len 261.0 kl 0.0149  sps 3089
upd 1031/1464 step 2,111,488 ret 271.63 len 270.8 kl 0.0123  sps 3089
upd 1032/1464 step 2,113,536 ret 264.19 len 267.0 kl 0.0130  sps 3089
upd 1033/1464 step 2,115,584 ret 293.89 len 272.4 kl 0.0121  sps 3089
upd 1034/1464 step 2,117,632 ret 289.03 len 283.4 kl 0.0164  sps 3088
upd 1035/1464 step 2,119,680 ret 269.6 len 281.4 kl 0.0118  sps 3088
upd 1036/1464 step 2,121,728 ret 242.33 len 280.9 kl 0.0141  sps 3088
upd 1037/1464 step 2,123,776 ret 222.75 len 285.0 kl 0.0133  sps 3088
upd 1038/1464 step 2,125,824 ret 212.21 len 275.2 kl 0.0143  sps 3088
upd 1039/1464 step 2,127,872 ret 182.74 len 275.2 kl 0.0127  sps 3088
upd 1040/1464 step 2,129,920 ret 197.4 len 269.0 kl 0.0167  sps 3088
upd 1041/1464 step 2,131,968 ret 172.64 len 277.9 kl 0.0118  sps 3088
upd 1042/1464 step 2,134,016 ret 187.05 len 271.4 kl 0.0159  sps 3088
upd 1043/1464 step 2,136,064 ret 191.79 len 274.2 kl 0.0150  sps 3088
upd 1044/1464 step 2,138,112 ret 176.53 len 274.2 kl 0.0146  sps 3088
upd 1045/1464 step 2,140,160 ret 204.4 len 273.9 kl 0.0149  sps 3088
upd 1046/1464 step 2,142,208 ret 204.05 len 273.9 kl 0.0136  sps 3088
upd 1047/1464 step 2,144,256 ret 220.8 len 273.9 kl 0.0175  sps 3088
upd 1048/1464 step 2,146,304 ret 218.79 len 286.6 kl 0.0148  sps 3088
upd 1049/1464 step 2,148,352 ret 204.32 len 285.8 kl 0.0166  sps 3088
upd 1050/1464 step 2,150,400 ret 235.29 len 287.0 kl 0.0105  sps 3088
upd 1051/1464 step 2,152,448 ret 224.67 len 282.3 kl 0.0158  sps 3088
upd 1052/1464 step 2,154,496 ret 246.4 len 278.2 kl 0.0156  sps 3088
upd 1053/1464 step 2,156,544 ret 242.73 len 263.6 kl 0.0127  sps 3089
upd 1054/1464 step 2,158,592 ret 262.37 len 258.9 kl 0.0137  sps 3089
upd 1055/1464 step 2,160,640 ret 256.05 len 262.3 kl 0.0118  sps 3088
upd 1056/1464 step 2,162,688 ret 243.69 len 262.7 kl 0.0147  sps 3088
upd 1057/1464 step 2,164,736 ret 237.01 len 261.4 kl 0.0103  sps 3088
upd 1058/1464 step 2,166,784 ret 234.03 len 267.4 kl 0.0111  sps 3089
upd 1059/1464 step 2,168,832 ret 250.59 len 283.2 kl 0.0134  sps 3088
upd 1060/1464 step 2,170,880 ret 249.67 len 283.2 kl 0.0139  sps 3088
upd 1061/1464 step 2,172,928 ret 207.49 len 283.2 kl 0.0160  sps 3088
upd 1062/1464 step 2,174,976 ret 194.23 len 283.3 kl 0.0152  sps 3088
upd 1063/1464 step 2,177,024 ret 184.48 len 278.8 kl 0.0156  sps 3088
upd 1064/1464 step 2,179,072 ret 174.39 len 278.8 kl 0.0161  sps 3088
upd 1065/1464 step 2,181,120 ret 158.18 len 283.9 kl 0.0141  sps 3088
upd 1066/1464 step 2,183,168 ret 170.92 len 283.9 kl 0.0120  sps 3088
upd 1067/1464 step 2,185,216 ret 200.23 len 277.7 kl 0.0137  sps 3089
upd 1068/1464 step 2,187,264 ret 209.54 len 293.7 kl 0.0137  sps 3089
upd 1069/1464 step 2,189,312 ret 194.33 len 287.9 kl 0.0109  sps 3089
upd 1070/1464 step 2,191,360 ret 213.07 len 276.4 kl 0.0121  sps 3088
upd 1071/1464 step 2,193,408 ret 225.72 len 276.4 kl 0.0115  sps 3088
upd 1072/1464 step 2,195,456 ret 199.05 len 282.7 kl 0.0130  sps 3089
upd 1073/1464 step 2,197,504 ret 227.9 len 282.7 kl 0.0106  sps 3089
upd 1074/1464 step 2,199,552 ret 221.57 len 283.8 kl 0.0147  sps 3089
upd 1075/1464 step 2,201,600 ret 269.05 len 292.7 kl 0.0149  sps 3089
upd 1076/1464 step 2,203,648 ret 267.87 len 292.7 kl 0.0157  sps 3089
upd 1077/1464 step 2,205,696 ret 296.83 len 292.7 kl 0.0110  sps 3089
upd 1078/1464 step 2,207,744 ret 296.24 len 292.7 kl 0.0108  sps 3089
upd 1079/1464 step 2,209,792 ret 249.95 len 297.4 kl 0.0154  sps 3089
upd 1080/1464 step 2,211,840 ret 277.72 len 297.4 kl 0.0107  sps 3090
upd 1081/1464 step 2,213,888 ret 270.11 len 300.0 kl 0.0109  sps 3090
upd 1082/1464 step 2,215,936 ret 301.08 len 300.0 kl 0.0130  sps 3089
upd 1083/1464 step 2,217,984 ret 258.73 len 300.0 kl 0.0129  sps 3089
upd 1084/1464 step 2,220,032 ret 258.51 len 300.0 kl 0.0106  sps 3089
upd 1085/1464 step 2,222,080 ret 273.44 len 300.0 kl 0.0116  sps 3089
upd 1086/1464 step 2,224,128 ret 274.38 len 300.0 kl 0.0154  sps 3089
upd 1087/1464 step 2,226,176 ret 262.76 len 293.1 kl 0.0124  sps 3089
upd 1088/1464 step 2,228,224 ret 232.78 len 293.1 kl 0.0123  sps 3089
upd 1089/1464 step 2,230,272 ret 279.79 len 287.0 kl 0.0113  sps 3089
upd 1090/1464 step 2,232,320 ret 282.0 len 287.0 kl 0.0121  sps 3089
upd 1091/1464 step 2,234,368 ret 296.51 len 287.0 kl 0.0145  sps 3090
upd 1092/1464 step 2,236,416 ret 278.87 len 293.9 kl 0.0214  sps 3090
upd 1093/1464 step 2,238,464 ret 278.1 len 287.2 kl 0.0114  sps 3090
upd 1094/1464 step 2,240,512 ret 317.48 len 293.3 kl 0.0114  sps 3090
upd 1095/1464 step 2,242,560 ret 257.87 len 293.3 kl 0.0150  sps 3090
upd 1096/1464 step 2,244,608 ret 236.33 len 290.5 kl 0.0157  sps 3090
upd 1097/1464 step 2,246,656 ret 253.5 len 284.0 kl 0.0159  sps 3090
upd 1098/1464 step 2,248,704 ret 235.32 len 274.5 kl 0.0116  sps 3090
upd 1099/1464 step 2,250,752 ret 207.45 len 274.5 kl 0.0137  sps 3089
upd 1100/1464 step 2,252,800 ret 193.66 len 274.5 kl 0.0115  sps 3090
upd 1101/1464 step 2,254,848 ret 172.35 len 264.8 kl 0.0156  sps 3090
upd 1102/1464 step 2,256,896 ret 173.01 len 271.4 kl 0.0112  sps 3089
upd 1103/1464 step 2,258,944 ret 166.24 len 275.6 kl 0.0147  sps 3090
upd 1104/1464 step 2,260,992 ret 177.64 len 287.5 kl 0.0123  sps 3090
upd 1105/1464 step 2,263,040 ret 172.23 len 285.0 kl 0.0116  sps 3090
upd 1106/1464 step 2,265,088 ret 185.32 len 284.0 kl 0.0133  sps 3090
upd 1107/1464 step 2,267,136 ret 213.58 len 290.1 kl 0.0116  sps 3090
upd 1108/1464 step 2,269,184 ret 188.1 len 286.7 kl 0.0151  sps 3090
upd 1109/1464 step 2,271,232 ret 175.82 len 281.0 kl 0.0147  sps 3090
upd 1110/1464 step 2,273,280 ret 182.84 len 271.1 kl 0.0111  sps 3089
upd 1111/1464 step 2,275,328 ret 194.03 len 276.2 kl 0.0114  sps 3089
upd 1112/1464 step 2,277,376 ret 228.45 len 271.7 kl 0.0139  sps 3089
upd 1113/1464 step 2,279,424 ret 226.76 len 271.7 kl 0.0140  sps 3089
upd 1114/1464 step 2,281,472 ret 262.28 len 272.2 kl 0.0124  sps 3089
upd 1115/1464 step 2,283,520 ret 275.12 len 277.9 kl 0.0146  sps 3089
upd 1116/1464 step 2,285,568 ret 274.07 len 290.2 kl 0.0160  sps 3089
upd 1117/1464 step 2,287,616 ret 259.0 len 289.3 kl 0.0109  sps 3089
upd 1118/1464 step 2,289,664 ret 230.8 len 289.3 kl 0.0106  sps 3089
upd 1119/1464 step 2,291,712 ret 231.07 len 289.3 kl 0.0116  sps 3089
upd 1120/1464 step 2,293,760 ret 195.29 len 279.9 kl 0.0106  sps 3090
upd 1121/1464 step 2,295,808 ret 173.65 len 276.1 kl 0.0121  sps 3089
upd 1122/1464 step 2,297,856 ret 164.28 len 272.0 kl 0.0163  sps 3089
upd 1123/1464 step 2,299,904 ret 149.04 len 272.0 kl 0.0113  sps 3090
upd 1124/1464 step 2,301,952 ret 195.78 len 258.3 kl 0.0119  sps 3089
upd 1125/1464 step 2,304,000 ret 210.34 len 264.5 kl 0.0103  sps 3090
upd 1126/1464 step 2,306,048 ret 229.42 len 259.6 kl 0.0116  sps 3090
upd 1127/1464 step 2,308,096 ret 229.07 len 266.5 kl 0.0103  sps 3090
upd 1128/1464 step 2,310,144 ret 239.7 len 271.4 kl 0.0127  sps 3091
upd 1129/1464 step 2,312,192 ret 233.11 len 282.5 kl 0.0146  sps 3090
upd 1130/1464 step 2,314,240 ret 193.37 len 285.5 kl 0.0135  sps 3090
upd 1131/1464 step 2,316,288 ret 178.17 len 278.2 kl 0.0114  sps 3090
upd 1132/1464 step 2,318,336 ret 157.64 len 280.8 kl 0.0113  sps 3090
upd 1133/1464 step 2,320,384 ret 148.08 len 261.9 kl 0.0104  sps 3090
upd 1134/1464 step 2,322,432 ret 179.13 len 261.9 kl 0.0115  sps 3090
upd 1135/1464 step 2,324,480 ret 178.82 len 256.1 kl 0.0125  sps 3090
upd 1136/1464 step 2,326,528 ret 175.95 len 269.4 kl 0.0112  sps 3090
upd 1137/1464 step 2,328,576 ret 184.05 len 269.1 kl 0.0154  sps 3089
upd 1138/1464 step 2,330,624 ret 188.99 len 278.4 kl 0.0105  sps 3089
upd 1139/1464 step 2,332,672 ret 138.22 len 269.8 kl 0.0155  sps 3089
upd 1140/1464 step 2,334,720 ret 166.05 len 268.6 kl 0.0109  sps 3089
upd 1141/1464 step 2,336,768 ret 158.61 len 277.5 kl 0.0095  sps 3089
upd 1142/1464 step 2,338,816 ret 204.38 len 271.6 kl 0.0125  sps 3089
upd 1143/1464 step 2,340,864 ret 188.67 len 271.9 kl 0.0128  sps 3089
upd 1144/1464 step 2,342,912 ret 185.9 len 278.7 kl 0.0098  sps 3089
upd 1145/1464 step 2,344,960 ret 216.13 len 282.2 kl 0.0114  sps 3089
upd 1146/1464 step 2,347,008 ret 209.93 len 272.2 kl 0.0116  sps 3089
upd 1147/1464 step 2,349,056 ret 170.22 len 274.9 kl 0.0097  sps 3089
upd 1148/1464 step 2,351,104 ret 212.61 len 279.5 kl 0.0099  sps 3089
upd 1149/1464 step 2,353,152 ret 241.67 len 286.0 kl 0.0115  sps 3089
upd 1150/1464 step 2,355,200 ret 229.62 len 287.4 kl 0.0112  sps 3089
upd 1151/1464 step 2,357,248 ret 223.84 len 281.0 kl 0.0113  sps 3090
upd 1152/1464 step 2,359,296 ret 227.11 len 292.1 kl 0.0083  sps 3090
upd 1153/1464 step 2,361,344 ret 177.17 len 289.9 kl 0.0123  sps 3090
upd 1154/1464 step 2,363,392 ret 189.4 len 289.3 kl 0.0098  sps 3090
upd 1155/1464 step 2,365,440 ret 194.43 len 276.3 kl 0.0102  sps 3090
upd 1156/1464 step 2,367,488 ret 166.2 len 269.9 kl 0.0111  sps 3091
upd 1157/1464 step 2,369,536 ret 188.26 len 263.1 kl 0.0105  sps 3090
upd 1158/1464 step 2,371,584 ret 222.64 len 256.6 kl 0.0117  sps 3091
upd 1159/1464 step 2,373,632 ret 247.0 len 253.9 kl 0.0101  sps 3091
upd 1160/1464 step 2,375,680 ret 239.85 len 265.1 kl 0.0104  sps 3091
upd 1161/1464 step 2,377,728 ret 255.24 len 265.1 kl 0.0123  sps 3091
upd 1162/1464 step 2,379,776 ret 269.7 len 284.7 kl 0.0135  sps 3091
upd 1163/1464 step 2,381,824 ret 252.69 len 284.7 kl 0.0118  sps 3091
upd 1164/1464 step 2,383,872 ret 255.81 len 293.2 kl 0.0106  sps 3091
upd 1165/1464 step 2,385,920 ret 233.43 len 290.9 kl 0.0131  sps 3090
upd 1166/1464 step 2,387,968 ret 234.61 len 292.8 kl 0.0117  sps 3090
upd 1167/1464 step 2,390,016 ret 263.05 len 287.2 kl 0.0146  sps 3090
upd 1168/1464 step 2,392,064 ret 237.78 len 287.2 kl 0.0141  sps 3090
upd 1169/1464 step 2,394,112 ret 212.82 len 287.2 kl 0.0104  sps 3090
upd 1170/1464 step 2,396,160 ret 223.18 len 279.4 kl 0.0111  sps 3090
upd 1171/1464 step 2,398,208 ret 207.68 len 278.9 kl 0.0101  sps 3089
upd 1172/1464 step 2,400,256 ret 228.91 len 278.9 kl 0.0144  sps 3089
upd 1173/1464 step 2,402,304 ret 223.39 len 284.4 kl 0.0127  sps 3089
upd 1174/1464 step 2,404,352 ret 274.43 len 281.9 kl 0.0103  sps 3089
upd 1175/1464 step 2,406,400 ret 287.13 len 281.9 kl 0.0125  sps 3089
upd 1176/1464 step 2,408,448 ret 264.7 len 291.3 kl 0.0111  sps 3089
upd 1177/1464 step 2,410,496 ret 263.96 len 297.5 kl 0.0129  sps 3089
upd 1178/1464 step 2,412,544 ret 244.22 len 296.0 kl 0.0127  sps 3089
upd 1179/1464 step 2,414,592 ret 218.37 len 292.2 kl 0.0119  sps 3089
upd 1180/1464 step 2,416,640 ret 196.3 len 289.4 kl 0.0098  sps 3089
upd 1181/1464 step 2,418,688 ret 189.17 len 280.4 kl 0.0096  sps 3089
upd 1182/1464 step 2,420,736 ret 174.87 len 273.7 kl 0.0105  sps 3089
upd 1183/1464 step 2,422,784 ret 180.62 len 268.8 kl 0.0109  sps 3089
upd 1184/1464 step 2,424,832 ret 196.62 len 268.4 kl 0.0101  sps 3089
upd 1185/1464 step 2,426,880 ret 234.49 len 273.4 kl 0.0116  sps 3089
upd 1186/1464 step 2,428,928 ret 259.42 len 277.3 kl 0.0105  sps 3089
upd 1187/1464 step 2,430,976 ret 260.6 len 284.2 kl 0.0140  sps 3089
upd 1188/1464 step 2,433,024 ret 251.3 len 286.5 kl 0.0101  sps 3089
upd 1189/1464 step 2,435,072 ret 264.51 len 286.5 kl 0.0109  sps 3089
upd 1190/1464 step 2,437,120 ret 244.33 len 290.9 kl 0.0117  sps 3089
upd 1191/1464 step 2,439,168 ret 216.77 len 290.9 kl 0.0124  sps 3088
upd 1192/1464 step 2,441,216 ret 176.31 len 293.6 kl 0.0141  sps 3088
upd 1193/1464 step 2,443,264 ret 195.77 len 289.3 kl 0.0112  sps 3088
upd 1194/1464 step 2,445,312 ret 256.05 len 289.0 kl 0.0118  sps 3088
upd 1195/1464 step 2,447,360 ret 289.64 len 284.1 kl 0.0075  sps 3088
upd 1196/1464 step 2,449,408 ret 290.35 len 277.5 kl 0.0090  sps 3088
upd 1197/1464 step 2,451,456 ret 304.08 len 277.5 kl 0.0096  sps 3088
upd 1198/1464 step 2,453,504 ret 297.44 len 281.9 kl 0.0126  sps 3088
upd 1199/1464 step 2,455,552 ret 275.99 len 286.2 kl 0.0108  sps 3088
upd 1200/1464 step 2,457,600 ret 271.06 len 291.8 kl 0.0118  sps 3088
upd 1201/1464 step 2,459,648 ret 268.65 len 298.4 kl 0.0102  sps 3088
upd 1202/1464 step 2,461,696 ret 288.72 len 293.2 kl 0.0090  sps 3088
upd 1203/1464 step 2,463,744 ret 275.93 len 293.2 kl 0.0108  sps 3088
upd 1204/1464 step 2,465,792 ret 309.68 len 294.8 kl 0.0091  sps 3088
upd 1205/1464 step 2,467,840 ret 269.57 len 294.8 kl 0.0113  sps 3088
upd 1206/1464 step 2,469,888 ret 270.78 len 288.4 kl 0.0142  sps 3088
upd 1207/1464 step 2,471,936 ret 261.79 len 291.3 kl 0.0076  sps 3087
upd 1208/1464 step 2,473,984 ret 263.75 len 277.7 kl 0.0107  sps 3087
upd 1209/1464 step 2,476,032 ret 281.04 len 271.6 kl 0.0098  sps 3087
upd 1210/1464 step 2,478,080 ret 278.11 len 271.6 kl 0.0119  sps 3087
upd 1211/1464 step 2,480,128 ret 287.56 len 268.4 kl 0.0101  sps 3087
upd 1212/1464 step 2,482,176 ret 303.84 len 274.8 kl 0.0105  sps 3087
upd 1213/1464 step 2,484,224 ret 310.29 len 278.5 kl 0.0090  sps 3087
upd 1214/1464 step 2,486,272 ret 305.84 len 290.8 kl 0.0090  sps 3087
upd 1215/1464 step 2,488,320 ret 273.44 len 296.9 kl 0.0128  sps 3087
upd 1216/1464 step 2,490,368 ret 287.55 len 293.5 kl 0.0134  sps 3087
upd 1217/1464 step 2,492,416 ret 280.4 len 296.6 kl 0.0060  sps 3086
upd 1218/1464 step 2,494,464 ret 296.86 len 290.4 kl 0.0078  sps 3087
upd 1219/1464 step 2,496,512 ret 282.62 len 281.9 kl 0.0099  sps 3087
upd 1220/1464 step 2,498,560 ret 254.77 len 276.3 kl 0.0136  sps 3087
upd 1221/1464 step 2,500,608 ret 231.64 len 272.4 kl 0.0103  sps 3087
upd 1222/1464 step 2,502,656 ret 226.07 len 273.3 kl 0.0114  sps 3087
upd 1223/1464 step 2,504,704 ret 194.14 len 274.0 kl 0.0097  sps 3087
upd 1224/1464 step 2,506,752 ret 196.14 len 282.4 kl 0.0102  sps 3087
upd 1225/1464 step 2,508,800 ret 177.73 len 288.1 kl 0.0081  sps 3087
upd 1226/1464 step 2,510,848 ret 168.45 len 288.1 kl 0.0092  sps 3087
upd 1227/1464 step 2,512,896 ret 123.17 len 287.6 kl 0.0094  sps 3087
upd 1228/1464 step 2,514,944 ret 147.47 len 290.7 kl 0.0058  sps 3087
upd 1229/1464 step 2,516,992 ret 148.41 len 290.7 kl 0.0094  sps 3087
upd 1230/1464 step 2,519,040 ret 153.0 len 290.7 kl 0.0103  sps 3087
upd 1231/1464 step 2,521,088 ret 169.85 len 290.7 kl 0.0108  sps 3087
upd 1232/1464 step 2,523,136 ret 188.72 len 281.5 kl 0.0102  sps 3087
upd 1233/1464 step 2,525,184 ret 170.14 len 287.2 kl 0.0095  sps 3087
upd 1234/1464 step 2,527,232 ret 208.89 len 283.4 kl 0.0136  sps 3087
upd 1235/1464 step 2,529,280 ret 239.65 len 264.5 kl 0.0102  sps 3087
upd 1236/1464 step 2,531,328 ret 260.0 len 258.2 kl 0.0104  sps 3087
upd 1237/1464 step 2,533,376 ret 266.43 len 261.0 kl 0.0084  sps 3087
upd 1238/1464 step 2,535,424 ret 290.29 len 263.9 kl 0.0100  sps 3087
upd 1239/1464 step 2,537,472 ret 216.1 len 258.8 kl 0.0100  sps 3087
upd 1240/1464 step 2,539,520 ret 219.94 len 266.8 kl 0.0082  sps 3086
upd 1241/1464 step 2,541,568 ret 220.93 len 282.3 kl 0.0100  sps 3086
upd 1242/1464 step 2,543,616 ret 240.86 len 277.0 kl 0.0106  sps 3086
upd 1243/1464 step 2,545,664 ret 233.63 len 266.7 kl 0.0100  sps 3086
upd 1244/1464 step 2,547,712 ret 241.17 len 267.1 kl 0.0101  sps 3086
upd 1245/1464 step 2,549,760 ret 222.82 len 274.0 kl 0.0108  sps 3086
upd 1246/1464 step 2,551,808 ret 187.12 len 252.9 kl 0.0134  sps 3085
upd 1247/1464 step 2,553,856 ret 143.75 len 261.8 kl 0.0122  sps 3086
upd 1248/1464 step 2,555,904 ret 109.03 len 267.6 kl 0.0077  sps 3086
upd 1249/1464 step 2,557,952 ret 153.28 len 263.6 kl 0.0108  sps 3085
upd 1250/1464 step 2,560,000 ret 190.6 len 258.8 kl 0.0092  sps 3085
upd 1251/1464 step 2,562,048 ret 181.22 len 269.0 kl 0.0090  sps 3086
upd 1252/1464 step 2,564,096 ret 205.52 len 280.6 kl 0.0117  sps 3086
upd 1253/1464 step 2,566,144 ret 244.75 len 284.4 kl 0.0084  sps 3086
upd 1254/1464 step 2,568,192 ret 276.3 len 284.4 kl 0.0089  sps 3086
upd 1255/1464 step 2,570,240 ret 252.4 len 294.5 kl 0.0081  sps 3086
upd 1256/1464 step 2,572,288 ret 214.88 len 299.3 kl 0.0097  sps 3086
upd 1257/1464 step 2,574,336 ret 215.07 len 299.3 kl 0.0084  sps 3086
upd 1258/1464 step 2,576,384 ret 198.68 len 299.3 kl 0.0093  sps 3086
upd 1259/1464 step 2,578,432 ret 203.36 len 294.1 kl 0.0085  sps 3086
upd 1260/1464 step 2,580,480 ret 210.06 len 278.9 kl 0.0103  sps 3086
upd 1261/1464 step 2,582,528 ret 197.64 len 272.3 kl 0.0088  sps 3086
upd 1262/1464 step 2,584,576 ret 214.29 len 272.3 kl 0.0061  sps 3086
upd 1263/1464 step 2,586,624 ret 217.75 len 272.3 kl 0.0096  sps 3086
upd 1264/1464 step 2,588,672 ret 188.91 len 272.8 kl 0.0125  sps 3086
upd 1265/1464 step 2,590,720 ret 196.13 len 281.0 kl 0.0093  sps 3085
upd 1266/1464 step 2,592,768 ret 178.81 len 286.5 kl 0.0079  sps 3085
upd 1267/1464 step 2,594,816 ret 220.91 len 286.2 kl 0.0083  sps 3085
upd 1268/1464 step 2,596,864 ret 218.41 len 286.2 kl 0.0055  sps 3085
upd 1269/1464 step 2,598,912 ret 202.66 len 286.2 kl 0.0072  sps 3085
upd 1270/1464 step 2,600,960 ret 232.97 len 279.8 kl 0.0081  sps 3085
upd 1271/1464 step 2,603,008 ret 217.54 len 279.8 kl 0.0101  sps 3085
upd 1272/1464 step 2,605,056 ret 231.08 len 286.7 kl 0.0091  sps 3085
upd 1273/1464 step 2,607,104 ret 212.61 len 292.0 kl 0.0056  sps 3085
upd 1274/1464 step 2,609,152 ret 225.07 len 277.4 kl 0.0064  sps 3085
upd 1275/1464 step 2,611,200 ret 213.03 len 265.8 kl 0.0075  sps 3085
upd 1276/1464 step 2,613,248 ret 226.82 len 265.6 kl 0.0065  sps 3085
upd 1277/1464 step 2,615,296 ret 199.07 len 265.6 kl 0.0069  sps 3085
upd 1278/1464 step 2,617,344 ret 201.39 len 267.2 kl 0.0087  sps 3085
upd 1279/1464 step 2,619,392 ret 215.68 len 273.8 kl 0.0075  sps 3085
upd 1280/1464 step 2,621,440 ret 208.0 len 284.6 kl 0.0064  sps 3085
upd 1281/1464 step 2,623,488 ret 193.07 len 291.1 kl 0.0077  sps 3085
upd 1282/1464 step 2,625,536 ret 193.07 len 291.1 kl 0.0095  sps 3085
upd 1283/1464 step 2,627,584 ret 209.08 len 291.1 kl 0.0088  sps 3085
upd 1284/1464 step 2,629,632 ret 239.44 len 291.1 kl 0.0101  sps 3085
upd 1285/1464 step 2,631,680 ret 274.82 len 294.1 kl 0.0074  sps 3085
upd 1286/1464 step 2,633,728 ret 287.27 len 287.5 kl 0.0099  sps 3085
upd 1287/1464 step 2,635,776 ret 298.33 len 286.8 kl 0.0098  sps 3085
upd 1288/1464 step 2,637,824 ret 299.64 len 286.8 kl 0.0096  sps 3085
upd 1289/1464 step 2,639,872 ret 325.57 len 286.8 kl 0.0100  sps 3085
upd 1290/1464 step 2,641,920 ret 297.83 len 286.8 kl 0.0077  sps 3085
upd 1291/1464 step 2,643,968 ret 299.89 len 293.5 kl 0.0058  sps 3085
upd 1292/1464 step 2,646,016 ret 273.73 len 293.5 kl 0.0074  sps 3085
upd 1293/1464 step 2,648,064 ret 283.37 len 296.8 kl 0.0058  sps 3085
upd 1294/1464 step 2,650,112 ret 249.89 len 290.6 kl 0.0084  sps 3085
upd 1295/1464 step 2,652,160 ret 235.73 len 290.6 kl 0.0065  sps 3085
upd 1296/1464 step 2,654,208 ret 220.88 len 290.6 kl 0.0070  sps 3085
upd 1297/1464 step 2,656,256 ret 190.94 len 290.6 kl 0.0062  sps 3085
upd 1298/1464 step 2,658,304 ret 170.59 len 287.3 kl 0.0074  sps 3085
upd 1299/1464 step 2,660,352 ret 167.24 len 290.6 kl 0.0075  sps 3084
upd 1300/1464 step 2,662,400 ret 184.21 len 284.7 kl 0.0073  sps 3085
upd 1301/1464 step 2,664,448 ret 195.23 len 275.4 kl 0.0107  sps 3084
upd 1302/1464 step 2,666,496 ret 195.44 len 268.9 kl 0.0069  sps 3084
upd 1303/1464 step 2,668,544 ret 172.16 len 272.2 kl 0.0102  sps 3084
upd 1304/1464 step 2,670,592 ret 191.78 len 259.6 kl 0.0097  sps 3084
upd 1305/1464 step 2,672,640 ret 201.87 len 271.6 kl 0.0087  sps 3084
upd 1306/1464 step 2,674,688 ret 179.91 len 265.9 kl 0.0080  sps 3084
upd 1307/1464 step 2,676,736 ret 177.34 len 265.9 kl 0.0068  sps 3084
upd 1308/1464 step 2,678,784 ret 202.75 len 272.4 kl 0.0080  sps 3084
upd 1309/1464 step 2,680,832 ret 230.78 len 278.2 kl 0.0071  sps 3084
upd 1310/1464 step 2,682,880 ret 223.66 len 279.2 kl 0.0061  sps 3084
upd 1311/1464 step 2,684,928 ret 202.5 len 279.4 kl 0.0078  sps 3083
upd 1312/1464 step 2,686,976 ret 235.79 len 287.8 kl 0.0084  sps 3084
upd 1313/1464 step 2,689,024 ret 236.68 len 281.1 kl 0.0087  sps 3084
upd 1314/1464 step 2,691,072 ret 238.22 len 274.6 kl 0.0088  sps 3084
upd 1315/1464 step 2,693,120 ret 280.92 len 280.4 kl 0.0077  sps 3084
upd 1316/1464 step 2,695,168 ret 272.96 len 279.7 kl 0.0065  sps 3083
upd 1317/1464 step 2,697,216 ret 251.18 len 277.3 kl 0.0066  sps 3084
upd 1318/1464 step 2,699,264 ret 239.61 len 278.1 kl 0.0068  sps 3084
upd 1319/1464 step 2,701,312 ret 251.99 len 283.4 kl 0.0072  sps 3084
upd 1320/1464 step 2,703,360 ret 213.55 len 289.9 kl 0.0058  sps 3083
upd 1321/1464 step 2,705,408 ret 182.33 len 289.9 kl 0.0050  sps 3083
upd 1322/1464 step 2,707,456 ret 168.45 len 283.0 kl 0.0049  sps 3083
upd 1323/1464 step 2,709,504 ret 148.69 len 279.6 kl 0.0049  sps 3083
upd 1324/1464 step 2,711,552 ret 165.96 len 272.8 kl 0.0068  sps 3084
upd 1325/1464 step 2,713,600 ret 162.76 len 274.1 kl 0.0064  sps 3084
upd 1326/1464 step 2,715,648 ret 147.55 len 274.1 kl 0.0060  sps 3084
upd 1327/1464 step 2,717,696 ret 137.13 len 276.2 kl 0.0068  sps 3084
upd 1328/1464 step 2,719,744 ret 181.47 len 282.8 kl 0.0076  sps 3084
upd 1329/1464 step 2,721,792 ret 205.33 len 288.5 kl 0.0074  sps 3084
upd 1330/1464 step 2,723,840 ret 190.3 len 295.4 kl 0.0047  sps 3084
upd 1331/1464 step 2,725,888 ret 223.1 len 291.9 kl 0.0055  sps 3083
upd 1332/1464 step 2,727,936 ret 227.8 len 285.5 kl 0.0031  sps 3083
upd 1333/1464 step 2,729,984 ret 245.72 len 278.9 kl 0.0071  sps 3083
upd 1334/1464 step 2,732,032 ret 247.38 len 278.9 kl 0.0066  sps 3083
upd 1335/1464 step 2,734,080 ret 235.13 len 278.9 kl 0.0046  sps 3083
upd 1336/1464 step 2,736,128 ret 224.86 len 279.0 kl 0.0056  sps 3083
upd 1337/1464 step 2,738,176 ret 229.17 len 275.1 kl 0.0059  sps 3083
upd 1338/1464 step 2,740,224 ret 228.52 len 268.8 kl 0.0051  sps 3083
upd 1339/1464 step 2,742,272 ret 223.57 len 280.1 kl 0.0043  sps 3083
upd 1340/1464 step 2,744,320 ret 213.19 len 268.9 kl 0.0067  sps 3083
upd 1341/1464 step 2,746,368 ret 210.49 len 266.8 kl 0.0063  sps 3083
upd 1342/1464 step 2,748,416 ret 227.46 len 260.3 kl 0.0070  sps 3083
upd 1343/1464 step 2,750,464 ret 211.32 len 266.6 kl 0.0069  sps 3083
upd 1344/1464 step 2,752,512 ret 194.65 len 266.6 kl 0.0055  sps 3083
upd 1345/1464 step 2,754,560 ret 207.05 len 258.4 kl 0.0055  sps 3083
upd 1346/1464 step 2,756,608 ret 213.18 len 267.9 kl 0.0054  sps 3084
upd 1347/1464 step 2,758,656 ret 183.06 len 269.3 kl 0.0067  sps 3083
upd 1348/1464 step 2,760,704 ret 196.32 len 275.9 kl 0.0060  sps 3083
upd 1349/1464 step 2,762,752 ret 225.2 len 260.2 kl 0.0053  sps 3083
upd 1350/1464 step 2,764,800 ret 238.1 len 259.9 kl 0.0059  sps 3083
upd 1351/1464 step 2,766,848 ret 244.49 len 262.2 kl 0.0045  sps 3083
upd 1352/1464 step 2,768,896 ret 237.18 len 266.3 kl 0.0033  sps 3083
upd 1353/1464 step 2,770,944 ret 258.55 len 267.5 kl 0.0049  sps 3082
upd 1354/1464 step 2,772,992 ret 250.49 len 271.6 kl 0.0065  sps 3082
upd 1355/1464 step 2,775,040 ret 218.86 len 276.5 kl 0.0096  sps 3083
upd 1356/1464 step 2,777,088 ret 213.76 len 273.6 kl 0.0057  sps 3082
upd 1357/1464 step 2,779,136 ret 240.33 len 271.6 kl 0.0069  sps 3082
upd 1358/1464 step 2,781,184 ret 224.55 len 271.6 kl 0.0058  sps 3082
upd 1359/1464 step 2,783,232 ret 210.43 len 272.1 kl 0.0065  sps 3082
upd 1360/1464 step 2,785,280 ret 212.42 len 265.3 kl 0.0054  sps 3083
upd 1361/1464 step 2,787,328 ret 225.23 len 265.1 kl 0.0044  sps 3082
upd 1362/1464 step 2,789,376 ret 169.57 len 274.9 kl 0.0044  sps 3082
upd 1363/1464 step 2,791,424 ret 198.6 len 275.8 kl 0.0048  sps 3082
upd 1364/1464 step 2,793,472 ret 225.74 len 283.4 kl 0.0058  sps 3082
upd 1365/1464 step 2,795,520 ret 254.83 len 290.1 kl 0.0066  sps 3083
upd 1366/1464 step 2,797,568 ret 292.28 len 286.9 kl 0.0045  sps 3083
upd 1367/1464 step 2,799,616 ret 326.86 len 288.4 kl 0.0057  sps 3083
upd 1368/1464 step 2,801,664 ret 301.67 len 276.6 kl 0.0041  sps 3083
upd 1369/1464 step 2,803,712 ret 257.56 len 277.6 kl 0.0054  sps 3083
upd 1370/1464 step 2,805,760 ret 209.25 len 267.1 kl 0.0028  sps 3082
upd 1371/1464 step 2,807,808 ret 154.08 len 268.9 kl 0.0033  sps 3082
upd 1372/1464 step 2,809,856 ret 155.35 len 275.6 kl 0.0069  sps 3082
upd 1373/1464 step 2,811,904 ret 211.0 len 279.9 kl 0.0064  sps 3082
upd 1374/1464 step 2,813,952 ret 259.5 len 279.9 kl 0.0035  sps 3082
upd 1375/1464 step 2,816,000 ret 289.05 len 273.2 kl 0.0040  sps 3082
upd 1376/1464 step 2,818,048 ret 339.48 len 275.9 kl 0.0044  sps 3082
upd 1377/1464 step 2,820,096 ret 323.11 len 269.8 kl 0.0037  sps 3082
upd 1378/1464 step 2,822,144 ret 293.53 len 271.3 kl 0.0041  sps 3082
upd 1379/1464 step 2,824,192 ret 274.55 len 277.1 kl 0.0030  sps 3082
upd 1380/1464 step 2,826,240 ret 257.19 len 283.8 kl 0.0026  sps 3082
upd 1381/1464 step 2,828,288 ret 246.77 len 276.8 kl 0.0033  sps 3082
upd 1382/1464 step 2,830,336 ret 208.25 len 280.6 kl 0.0057  sps 3082
upd 1383/1464 step 2,832,384 ret 200.11 len 282.4 kl 0.0036  sps 3081
upd 1384/1464 step 2,834,432 ret 213.05 len 272.4 kl 0.0025  sps 3081
upd 1385/1464 step 2,836,480 ret 215.36 len 266.4 kl 0.0037  sps 3081
upd 1386/1464 step 2,838,528 ret 211.97 len 271.9 kl 0.0038  sps 3081
upd 1387/1464 step 2,840,576 ret 214.37 len 273.4 kl 0.0043  sps 3081
upd 1388/1464 step 2,842,624 ret 183.4 len 273.6 kl 0.0020  sps 3081
upd 1389/1464 step 2,844,672 ret 214.67 len 287.9 kl 0.0030  sps 3081
upd 1390/1464 step 2,846,720 ret 181.04 len 294.0 kl 0.0039  sps 3081
upd 1391/1464 step 2,848,768 ret 180.66 len 294.0 kl 0.0024  sps 3081
upd 1392/1464 step 2,850,816 ret 179.05 len 294.0 kl 0.0049  sps 3081
upd 1393/1464 step 2,852,864 ret 205.78 len 285.9 kl 0.0020  sps 3081
upd 1394/1464 step 2,854,912 ret 205.66 len 285.9 kl 0.0028  sps 3081
upd 1395/1464 step 2,856,960 ret 189.79 len 285.9 kl 0.0035  sps 3081
upd 1396/1464 step 2,859,008 ret 191.47 len 272.6 kl 0.0031  sps 3081
upd 1397/1464 step 2,861,056 ret 176.06 len 272.6 kl 0.0022  sps 3081
upd 1398/1464 step 2,863,104 ret 199.98 len 268.9 kl 0.0022  sps 3081
upd 1399/1464 step 2,865,152 ret 175.84 len 278.1 kl 0.0028  sps 3081
upd 1400/1464 step 2,867,200 ret 238.71 len 278.1 kl 0.0037  sps 3081
upd 1401/1464 step 2,869,248 ret 255.12 len 271.3 kl 0.0034  sps 3081
upd 1402/1464 step 2,871,296 ret 270.85 len 271.5 kl 0.0017  sps 3081
upd 1403/1464 step 2,873,344 ret 268.11 len 277.3 kl 0.0024  sps 3081
upd 1404/1464 step 2,875,392 ret 274.86 len 262.1 kl 0.0023  sps 3081
upd 1405/1464 step 2,877,440 ret 231.12 len 250.0 kl 0.0024  sps 3081
upd 1406/1464 step 2,879,488 ret 247.51 len 256.8 kl 0.0027  sps 3080
upd 1407/1464 step 2,881,536 ret 232.09 len 257.3 kl 0.0023  sps 3080
upd 1408/1464 step 2,883,584 ret 215.9 len 256.6 kl 0.0029  sps 3080
upd 1409/1464 step 2,885,632 ret 225.34 len 265.2 kl 0.0015  sps 3080
upd 1410/1464 step 2,887,680 ret 195.13 len 265.2 kl 0.0023  sps 3080
upd 1411/1464 step 2,889,728 ret 178.13 len 265.2 kl 0.0019  sps 3080
upd 1412/1464 step 2,891,776 ret 214.15 len 266.1 kl 0.0017  sps 3080
upd 1413/1464 step 2,893,824 ret 219.66 len 262.5 kl 0.0020  sps 3080
upd 1414/1464 step 2,895,872 ret 243.49 len 265.2 kl 0.0008  sps 3080
upd 1415/1464 step 2,897,920 ret 235.74 len 260.9 kl 0.0022  sps 3080
upd 1416/1464 step 2,899,968 ret 239.57 len 249.3 kl 0.0014  sps 3080
upd 1417/1464 step 2,902,016 ret 222.21 len 256.0 kl 0.0016  sps 3080
upd 1418/1464 step 2,904,064 ret 193.87 len 243.5 kl 0.0012  sps 3080
upd 1419/1464 step 2,906,112 ret 216.13 len 239.0 kl 0.0010  sps 3080
upd 1420/1464 step 2,908,160 ret 161.09 len 250.1 kl 0.0006  sps 3080
upd 1421/1464 step 2,910,208 ret 150.56 len 251.0 kl 0.0010  sps 3080
upd 1422/1464 step 2,912,256 ret 145.68 len 255.7 kl 0.0011  sps 3080
upd 1423/1464 step 2,914,304 ret 156.35 len 267.2 kl 0.0013  sps 3080
upd 1424/1464 step 2,916,352 ret 144.28 len 269.0 kl 0.0006  sps 3080
upd 1425/1464 step 2,918,400 ret 151.95 len 265.0 kl 0.0009  sps 3080
upd 1426/1464 step 2,920,448 ret 166.77 len 265.5 kl 0.0008  sps 3080
upd 1427/1464 step 2,922,496 ret 179.29 len 277.9 kl 0.0017  sps 3080
upd 1428/1464 step 2,924,544 ret 185.76 len 267.5 kl 0.0010  sps 3080
upd 1429/1464 step 2,926,592 ret 187.15 len 268.4 kl 0.0010  sps 3080
upd 1430/1464 step 2,928,640 ret 197.07 len 259.5 kl 0.0012  sps 3080
upd 1431/1464 step 2,930,688 ret 181.55 len 273.4 kl 0.0005  sps 3080
upd 1432/1464 step 2,932,736 ret 219.43 len 268.1 kl 0.0004  sps 3080
upd 1433/1464 step 2,934,784 ret 217.9 len 266.9 kl 0.0008  sps 3080
upd 1434/1464 step 2,936,832 ret 202.61 len 266.9 kl 0.0013  sps 3080
upd 1435/1464 step 2,938,880 ret 240.84 len 276.5 kl 0.0004  sps 3080
upd 1436/1464 step 2,940,928 ret 217.66 len 266.7 kl 0.0004  sps 3080
upd 1437/1464 step 2,942,976 ret 188.89 len 262.0 kl 0.0004  sps 3080
upd 1438/1464 step 2,945,024 ret 172.56 len 261.6 kl 0.0002  sps 3080
upd 1439/1464 step 2,947,072 ret 138.07 len 268.3 kl 0.0011  sps 3080
upd 1440/1464 step 2,949,120 ret 116.88 len 259.4 kl 0.0004  sps 3079
upd 1441/1464 step 2,951,168 ret 128.42 len 257.4 kl 0.0003  sps 3079
upd 1442/1464 step 2,953,216 ret 126.07 len 256.7 kl 0.0003  sps 3080
upd 1443/1464 step 2,955,264 ret 139.45 len 262.6 kl 0.0002  sps 3080
upd 1444/1464 step 2,957,312 ret 157.24 len 250.0 kl 0.0002  sps 3080
upd 1445/1464 step 2,959,360 ret 144.88 len 237.8 kl 0.0004  sps 3080
upd 1446/1464 step 2,961,408 ret 124.7 len 249.7 kl 0.0004  sps 3080
upd 1447/1464 step 2,963,456 ret 121.45 len 241.1 kl 0.0002  sps 3080
upd 1448/1464 step 2,965,504 ret 152.38 len 247.3 kl 0.0003  sps 3080
upd 1449/1464 step 2,967,552 ret 170.83 len 247.3 kl 0.0002  sps 3080
upd 1450/1464 step 2,969,600 ret 157.76 len 268.4 kl 0.0003  sps 3080
upd 1451/1464 step 2,971,648 ret 180.77 len 264.2 kl 0.0001  sps 3080
upd 1452/1464 step 2,973,696 ret 187.47 len 259.9 kl 0.0001  sps 3080
upd 1453/1464 step 2,975,744 ret 152.93 len 265.7 kl 0.0001  sps 3080
upd 1454/1464 step 2,977,792 ret 119.36 len 265.9 kl 0.0001  sps 3080
upd 1455/1464 step 2,979,840 ret 99.56 len 252.9 kl 0.0001  sps 3080
upd 1456/1464 step 2,981,888 ret 114.6 len 258.8 kl 0.0001  sps 3080
upd 1457/1464 step 2,983,936 ret 126.61 len 263.9 kl 0.0001  sps 3080
upd 1458/1464 step 2,985,984 ret 127.25 len 264.9 kl 0.0000  sps 3080
upd 1459/1464 step 2,988,032 ret 153.12 len 269.1 kl 0.0000  sps 3079
upd 1460/1464 step 2,990,080 ret 169.19 len 275.8 kl 0.0000  sps 3080
upd 1461/1464 step 2,992,128 ret 191.68 len 277.7 kl 0.0000  sps 3080
upd 1462/1464 step 2,994,176 ret 176.68 len 277.7 kl 0.0000  sps 3080
upd 1463/1464 step 2,996,224 ret 222.77 len 269.2 kl 0.0000  sps 3080
upd 1464/1464 step 2,998,272 ret 214.61 len 271.4 kl 0.0000  sps 3080
done: 2,998,272 steps -> runs/recover5_v3/latest.pt
