resumed runs/recover5_v3_warm/latest.pt: update 1953, 1,999,872 steps, 34.1 min trained
device cpu | 4 envs (async) | batch 1024 | 4882 updates to 5,000,000 steps | DR=on push=0.03
upd 1954/4882 step 2,000,896 ret None len None kl 0.0381* sps 1568
upd 1955/4882 step 2,001,920 ret 282.06 len 231.7 kl 0.0233  sps 1890
upd 1956/4882 step 2,002,944 ret 315.15 len 244.0 kl 0.0368* sps 1942
upd 1957/4882 step 2,003,968 ret 304.7 len 252.6 kl 0.0317* sps 1976
upd 1958/4882 step 2,004,992 ret 298.44 len 251.8 kl 0.0318* sps 2014
upd 1959/4882 step 2,006,016 ret 285.31 len 240.1 kl 0.0258  sps 1995
upd 1960/4882 step 2,007,040 ret 286.05 len 241.0 kl 0.0539* sps 2011
upd 1961/4882 step 2,008,064 ret 288.39 len 239.9 kl 0.0273  sps 1968
upd 1962/4882 step 2,009,088 ret 285.92 len 245.2 kl 0.0221  sps 1923
upd 1963/4882 step 2,010,112 ret 286.56 len 246.9 kl 0.0185  sps 1936
upd 1964/4882 step 2,011,136 ret 285.88 len 248.2 kl 0.0243  sps 1906
upd 1965/4882 step 2,012,160 ret 292.5 len 258.4 kl 0.0137  sps 1926
upd 1966/4882 step 2,013,184 ret 285.31 len 251.8 kl 0.0308* sps 1920
upd 1967/4882 step 2,014,208 ret 291.0 len 251.8 kl 0.0248  sps 1905
upd 1968/4882 step 2,015,232 ret 297.17 len 257.7 kl 0.0302* sps 1893
upd 1969/4882 step 2,016,256 ret 294.18 len 250.7 kl 0.0300  sps 1873
upd 1970/4882 step 2,017,280 ret 277.73 len 231.8 kl 0.0208  sps 1867
upd 1971/4882 step 2,018,304 ret 293.69 len 234.3 kl 0.0310* sps 1877
upd 1972/4882 step 2,019,328 ret 301.08 len 235.3 kl 0.0268  sps 1866
upd 1973/4882 step 2,020,352 ret 304.71 len 233.3 kl 0.0232  sps 1858
upd 1974/4882 step 2,021,376 ret 299.02 len 221.9 kl 0.0247  sps 1850
upd 1975/4882 step 2,022,400 ret 298.87 len 227.0 kl 0.0227  sps 1856
upd 1976/4882 step 2,023,424 ret 300.89 len 220.1 kl 0.0257  sps 1843
upd 1977/4882 step 2,024,448 ret 301.54 len 222.9 kl 0.0261  sps 1832
upd 1978/4882 step 2,025,472 ret 322.44 len 239.8 kl 0.0342* sps 1829
upd 1979/4882 step 2,026,496 ret 328.44 len 245.5 kl 0.0347* sps 1822
upd 1980/4882 step 2,027,520 ret 346.05 len 254.4 kl 0.0325* sps 1827
upd 1981/4882 step 2,028,544 ret 338.54 len 243.5 kl 0.0231  sps 1819
upd 1982/4882 step 2,029,568 ret 323.04 len 228.6 kl 0.0434* sps 1821
upd 1983/4882 step 2,030,592 ret 328.54 len 232.4 kl 0.0324* sps 1819
upd 1984/4882 step 2,031,616 ret 345.66 len 241.7 kl 0.0375* sps 1816
upd 1985/4882 step 2,032,640 ret 346.83 len 244.4 kl 0.0307* sps 1820
upd 1986/4882 step 2,033,664 ret 329.46 len 227.8 kl 0.0349* sps 1825
upd 1987/4882 step 2,034,688 ret 323.9 len 222.4 kl 0.0269  sps 1819
upd 1988/4882 step 2,035,712 ret 327.23 len 225.2 kl 0.0260  sps 1814
upd 1989/4882 step 2,036,736 ret 321.58 len 225.8 kl 0.0300* sps 1809
upd 1990/4882 step 2,037,760 ret 324.29 len 230.7 kl 0.0330* sps 1807
upd 1991/4882 step 2,038,784 ret 316.41 len 228.9 kl 0.0308* sps 1807
upd 1992/4882 step 2,039,808 ret 307.75 len 220.2 kl 0.0298  sps 1803
upd 1993/4882 step 2,040,832 ret 294.38 len 206.1 kl 0.0230  sps 1800
upd 1994/4882 step 2,041,856 ret 296.1 len 210.3 kl 0.0217  sps 1796
upd 1995/4882 step 2,042,880 ret 281.51 len 202.7 kl 0.0275  sps 1793
upd 1996/4882 step 2,043,904 ret 275.44 len 191.7 kl 0.0293  sps 1795
upd 1997/4882 step 2,044,928 ret 271.37 len 191.8 kl 0.0327* sps 1788
upd 1998/4882 step 2,045,952 ret 279.84 len 191.1 kl 0.0317* sps 1785
upd 1999/4882 step 2,046,976 ret 280.07 len 197.8 kl 0.0297  sps 1783
upd 2000/4882 step 2,048,000 ret 287.93 len 200.4 kl 0.0340* sps 1782
upd 2001/4882 step 2,049,024 ret 279.09 len 193.4 kl 0.0318* sps 1777
upd 2002/4882 step 2,050,048 ret 287.74 len 195.0 kl 0.0352* sps 1780
upd 2003/4882 step 2,051,072 ret 282.12 len 192.1 kl 0.0287  sps 1776
upd 2004/4882 step 2,052,096 ret 259.51 len 173.3 kl 0.0182  sps 1772
upd 2005/4882 step 2,053,120 ret 265.69 len 179.4 kl 0.0343* sps 1776
upd 2006/4882 step 2,054,144 ret 273.89 len 187.9 kl 0.0313* sps 1773
upd 2007/4882 step 2,055,168 ret 269.97 len 181.4 kl 0.0319* sps 1774
upd 2008/4882 step 2,056,192 ret 271.52 len 186.1 kl 0.0277  sps 1772
upd 2009/4882 step 2,057,216 ret 304.12 len 210.2 kl 0.0335* sps 1772
upd 2010/4882 step 2,058,240 ret 312.71 len 219.5 kl 0.0312* sps 1778
upd 2011/4882 step 2,059,264 ret 321.77 len 226.0 kl 0.0258  sps 1777
upd 2012/4882 step 2,060,288 ret 326.46 len 226.7 kl 0.0285  sps 1771
upd 2013/4882 step 2,061,312 ret 340.02 len 236.3 kl 0.0221  sps 1766
upd 2014/4882 step 2,062,336 ret 349.0 len 246.5 kl 0.0242  sps 1764
upd 2015/4882 step 2,063,360 ret 354.9 len 246.5 kl 0.0301* sps 1763
upd 2016/4882 step 2,064,384 ret 351.83 len 238.9 kl 0.0377* sps 1761
upd 2017/4882 step 2,065,408 ret 342.43 len 233.6 kl 0.0219  sps 1759
upd 2018/4882 step 2,066,432 ret 336.41 len 223.2 kl 0.0343* sps 1756
upd 2019/4882 step 2,067,456 ret 332.29 len 217.0 kl 0.0313* sps 1759
upd 2020/4882 step 2,068,480 ret 334.84 len 218.5 kl 0.0324* sps 1760
upd 2021/4882 step 2,069,504 ret 347.56 len 226.0 kl 0.0315* sps 1758
upd 2022/4882 step 2,070,528 ret 355.26 len 228.3 kl 0.0307* sps 1756
upd 2023/4882 step 2,071,552 ret 345.2 len 217.4 kl 0.0289  sps 1754
upd 2024/4882 step 2,072,576 ret 325.39 len 206.0 kl 0.0314* sps 1755
upd 2025/4882 step 2,073,600 ret 324.39 len 206.5 kl 0.0275  sps 1754
upd 2026/4882 step 2,074,624 ret 320.52 len 206.4 kl 0.0337* sps 1753
upd 2027/4882 step 2,075,648 ret 304.63 len 195.2 kl 0.0227  sps 1756
upd 2028/4882 step 2,076,672 ret 298.8 len 190.1 kl 0.0308* sps 1756
upd 2029/4882 step 2,077,696 ret 298.78 len 191.8 kl 0.0232  sps 1755
upd 2030/4882 step 2,078,720 ret 307.64 len 198.2 kl 0.0237  sps 1754
upd 2031/4882 step 2,079,744 ret 319.56 len 205.8 kl 0.0229  sps 1751
upd 2032/4882 step 2,080,768 ret 326.48 len 217.9 kl 0.0353* sps 1750
upd 2033/4882 step 2,081,792 ret 346.98 len 233.3 kl 0.0321* sps 1751
upd 2034/4882 step 2,082,816 ret 334.34 len 219.3 kl 0.0374* sps 1750
upd 2035/4882 step 2,083,840 ret 331.74 len 217.6 kl 0.0339* sps 1750
upd 2036/4882 step 2,084,864 ret 329.59 len 219.5 kl 0.0356* sps 1752
upd 2037/4882 step 2,085,888 ret 334.17 len 224.3 kl 0.0279  sps 1751
upd 2038/4882 step 2,086,912 ret 325.73 len 214.4 kl 0.0300* sps 1752
upd 2039/4882 step 2,087,936 ret 308.94 len 206.3 kl 0.0279  sps 1751
upd 2040/4882 step 2,088,960 ret 313.92 len 204.1 kl 0.0301* sps 1753
upd 2041/4882 step 2,089,984 ret 325.06 len 204.4 kl 0.0226  sps 1752
upd 2042/4882 step 2,091,008 ret 314.68 len 202.9 kl 0.0212  sps 1753
upd 2043/4882 step 2,092,032 ret 326.75 len 209.5 kl 0.0254  sps 1753
upd 2044/4882 step 2,093,056 ret 337.9 len 217.4 kl 0.0320* sps 1755
upd 2045/4882 step 2,094,080 ret 340.42 len 217.4 kl 0.0270  sps 1754
upd 2046/4882 step 2,095,104 ret 332.54 len 214.9 kl 0.0390* sps 1752
upd 2047/4882 step 2,096,128 ret 335.24 len 218.9 kl 0.0198  sps 1751
upd 2048/4882 step 2,097,152 ret 346.54 len 224.5 kl 0.0348* sps 1751
upd 2049/4882 step 2,098,176 ret 343.26 len 220.5 kl 0.0306* sps 1751
upd 2050/4882 step 2,099,200 ret 336.73 len 222.6 kl 0.0294  sps 1750
upd 2051/4882 step 2,100,224 ret 347.23 len 229.2 kl 0.0221  sps 1749
upd 2052/4882 step 2,101,248 ret 363.42 len 236.6 kl 0.0246  sps 1751
upd 2053/4882 step 2,102,272 ret 353.77 len 234.0 kl 0.0239  sps 1750
upd 2054/4882 step 2,103,296 ret 354.51 len 233.7 kl 0.0201  sps 1750
upd 2055/4882 step 2,104,320 ret 348.15 len 233.0 kl 0.0233  sps 1749
upd 2056/4882 step 2,105,344 ret 361.71 len 241.0 kl 0.0366* sps 1747
upd 2057/4882 step 2,106,368 ret 365.47 len 242.6 kl 0.0308* sps 1746
upd 2058/4882 step 2,107,392 ret 364.31 len 236.6 kl 0.0209  sps 1747
upd 2059/4882 step 2,108,416 ret 360.0 len 233.7 kl 0.0304* sps 1746
upd 2060/4882 step 2,109,440 ret 359.86 len 236.2 kl 0.0292  sps 1745
upd 2061/4882 step 2,110,464 ret 356.32 len 233.8 kl 0.0251  sps 1743
upd 2062/4882 step 2,111,488 ret 347.08 len 231.8 kl 0.0324* sps 1743
upd 2063/4882 step 2,112,512 ret 351.89 len 234.9 kl 0.0226  sps 1742
upd 2064/4882 step 2,113,536 ret 363.46 len 237.3 kl 0.0288  sps 1741
upd 2065/4882 step 2,114,560 ret 360.85 len 233.1 kl 0.0259  sps 1741
upd 2066/4882 step 2,115,584 ret 336.71 len 220.2 kl 0.0224  sps 1740
upd 2067/4882 step 2,116,608 ret 340.95 len 221.7 kl 0.0299  sps 1741
upd 2068/4882 step 2,117,632 ret 353.66 len 230.9 kl 0.0246  sps 1743
upd 2069/4882 step 2,118,656 ret 352.95 len 226.9 kl 0.0346* sps 1742
upd 2070/4882 step 2,119,680 ret 353.56 len 225.2 kl 0.0302* sps 1743
upd 2071/4882 step 2,120,704 ret 357.6 len 229.9 kl 0.0184  sps 1742
upd 2072/4882 step 2,121,728 ret 355.67 len 226.3 kl 0.0301* sps 1744
upd 2073/4882 step 2,122,752 ret 356.22 len 232.2 kl 0.0266  sps 1744
upd 2074/4882 step 2,123,776 ret 368.28 len 243.3 kl 0.0310* sps 1746
upd 2075/4882 step 2,124,800 ret 364.07 len 244.9 kl 0.0373* sps 1747
upd 2076/4882 step 2,125,824 ret 372.86 len 249.6 kl 0.0304* sps 1747
upd 2077/4882 step 2,126,848 ret 357.72 len 243.8 kl 0.0301* sps 1747
upd 2078/4882 step 2,127,872 ret 358.24 len 240.7 kl 0.0223  sps 1745
upd 2079/4882 step 2,128,896 ret 360.06 len 247.3 kl 0.0267  sps 1743
upd 2080/4882 step 2,129,920 ret 371.28 len 248.1 kl 0.0273  sps 1745
upd 2081/4882 step 2,130,944 ret 348.81 len 233.3 kl 0.0260  sps 1744
upd 2082/4882 step 2,131,968 ret 336.72 len 225.8 kl 0.0265  sps 1743
upd 2083/4882 step 2,132,992 ret 334.68 len 225.4 kl 0.0256  sps 1743
upd 2084/4882 step 2,134,016 ret 333.63 len 217.2 kl 0.0251  sps 1741
upd 2085/4882 step 2,135,040 ret 337.66 len 219.6 kl 0.0300* sps 1742
upd 2086/4882 step 2,136,064 ret 332.92 len 220.5 kl 0.0350* sps 1743
upd 2087/4882 step 2,137,088 ret 336.0 len 219.5 kl 0.0302* sps 1744
upd 2088/4882 step 2,138,112 ret 334.66 len 225.5 kl 0.0362* sps 1744
upd 2089/4882 step 2,139,136 ret 330.06 len 227.8 kl 0.0183  sps 1744
upd 2090/4882 step 2,140,160 ret 342.55 len 232.8 kl 0.0234  sps 1743
upd 2091/4882 step 2,141,184 ret 349.55 len 241.0 kl 0.0228  sps 1743
upd 2092/4882 step 2,142,208 ret 355.31 len 245.7 kl 0.0313* sps 1744
upd 2093/4882 step 2,143,232 ret 349.04 len 244.1 kl 0.0335* sps 1744
upd 2094/4882 step 2,144,256 ret 366.39 len 255.8 kl 0.0233  sps 1746
upd 2095/4882 step 2,145,280 ret 361.59 len 253.5 kl 0.0316* sps 1747
upd 2096/4882 step 2,146,304 ret 375.85 len 261.0 kl 0.0204  sps 1747
upd 2097/4882 step 2,147,328 ret 375.92 len 262.9 kl 0.0258  sps 1746
upd 2098/4882 step 2,148,352 ret 378.6 len 261.3 kl 0.0417* sps 1745
upd 2099/4882 step 2,149,376 ret 376.46 len 258.0 kl 0.0314* sps 1747
upd 2100/4882 step 2,150,400 ret 378.48 len 261.1 kl 0.0267  sps 1746
upd 2101/4882 step 2,151,424 ret 360.02 len 240.2 kl 0.0316* sps 1747
upd 2102/4882 step 2,152,448 ret 340.87 len 228.9 kl 0.0287  sps 1746
upd 2103/4882 step 2,153,472 ret 328.31 len 223.9 kl 0.0242  sps 1745
upd 2104/4882 step 2,154,496 ret 332.97 len 227.1 kl 0.0271  sps 1745
upd 2105/4882 step 2,155,520 ret 323.55 len 222.7 kl 0.0313* sps 1745
upd 2106/4882 step 2,156,544 ret 326.93 len 226.1 kl 0.0301* sps 1747
upd 2107/4882 step 2,157,568 ret 327.8 len 228.4 kl 0.0241  sps 1746
upd 2108/4882 step 2,158,592 ret 319.82 len 227.5 kl 0.0308* sps 1744
upd 2109/4882 step 2,159,616 ret 314.69 len 234.2 kl 0.0383* sps 1744
upd 2110/4882 step 2,160,640 ret 319.13 len 239.7 kl 0.0436* sps 1743
upd 2111/4882 step 2,161,664 ret 331.55 len 254.4 kl 0.0367* sps 1743
upd 2112/4882 step 2,162,688 ret 333.58 len 254.8 kl 0.0322* sps 1743
upd 2113/4882 step 2,163,712 ret 337.98 len 261.3 kl 0.0302* sps 1745
upd 2114/4882 step 2,164,736 ret 351.33 len 270.9 kl 0.0214  sps 1746
upd 2115/4882 step 2,165,760 ret 346.45 len 269.4 kl 0.0238  sps 1745
upd 2116/4882 step 2,166,784 ret 352.66 len 275.9 kl 0.0234  sps 1744
upd 2117/4882 step 2,167,808 ret 335.31 len 266.3 kl 0.0382* sps 1743
upd 2118/4882 step 2,168,832 ret 339.29 len 268.4 kl 0.0179  sps 1742
upd 2119/4882 step 2,169,856 ret 336.98 len 262.4 kl 0.0294  sps 1743
upd 2120/4882 step 2,170,880 ret 331.47 len 256.1 kl 0.0211  sps 1742
upd 2121/4882 step 2,171,904 ret 323.72 len 254.3 kl 0.0439* sps 1742
upd 2122/4882 step 2,172,928 ret 329.47 len 259.5 kl 0.0268  sps 1743
upd 2123/4882 step 2,173,952 ret 328.14 len 254.8 kl 0.0302* sps 1743
upd 2124/4882 step 2,174,976 ret 333.1 len 254.8 kl 0.0322* sps 1743
upd 2125/4882 step 2,176,000 ret 332.77 len 252.7 kl 0.0271  sps 1743
upd 2126/4882 step 2,177,024 ret 322.99 len 246.4 kl 0.0451* sps 1745
upd 2127/4882 step 2,178,048 ret 333.99 len 252.0 kl 0.0214  sps 1746
upd 2128/4882 step 2,179,072 ret 330.92 len 243.8 kl 0.0237  sps 1745
upd 2129/4882 step 2,180,096 ret 345.69 len 246.2 kl 0.0211  sps 1744
upd 2130/4882 step 2,181,120 ret 353.06 len 257.3 kl 0.0274  sps 1744
upd 2131/4882 step 2,182,144 ret 363.03 len 256.6 kl 0.0360* sps 1743
upd 2132/4882 step 2,183,168 ret 353.97 len 244.9 kl 0.0276  sps 1744
upd 2133/4882 step 2,184,192 ret 360.69 len 249.0 kl 0.0363* sps 1746
upd 2134/4882 step 2,185,216 ret 349.95 len 243.2 kl 0.0327* sps 1747
upd 2135/4882 step 2,186,240 ret 348.7 len 233.4 kl 0.0348* sps 1747
upd 2136/4882 step 2,187,264 ret 356.77 len 237.4 kl 0.0316* sps 1747
upd 2137/4882 step 2,188,288 ret 359.59 len 236.8 kl 0.0236  sps 1747
upd 2138/4882 step 2,189,312 ret 348.44 len 233.1 kl 0.0332* sps 1748
upd 2139/4882 step 2,190,336 ret 353.69 len 228.2 kl 0.0193  sps 1748
upd 2140/4882 step 2,191,360 ret 360.89 len 235.6 kl 0.0281  sps 1748
upd 2141/4882 step 2,192,384 ret 352.1 len 229.3 kl 0.0222  sps 1749
upd 2142/4882 step 2,193,408 ret 331.63 len 214.2 kl 0.0335* sps 1748
upd 2143/4882 step 2,194,432 ret 341.37 len 218.0 kl 0.0232  sps 1748
upd 2144/4882 step 2,195,456 ret 342.99 len 221.8 kl 0.0177  sps 1748
upd 2145/4882 step 2,196,480 ret 339.82 len 221.2 kl 0.0312* sps 1748
upd 2146/4882 step 2,197,504 ret 337.22 len 220.8 kl 0.0309* sps 1748
upd 2147/4882 step 2,198,528 ret 344.66 len 223.8 kl 0.0234  sps 1747
upd 2148/4882 step 2,199,552 ret 331.34 len 215.4 kl 0.0283  sps 1746
upd 2149/4882 step 2,200,576 ret 345.38 len 218.5 kl 0.0180  sps 1746
upd 2150/4882 step 2,201,600 ret 342.73 len 222.5 kl 0.0277  sps 1745
upd 2151/4882 step 2,202,624 ret 348.34 len 230.4 kl 0.0266  sps 1744
upd 2152/4882 step 2,203,648 ret 350.46 len 231.7 kl 0.0222  sps 1745
upd 2153/4882 step 2,204,672 ret 329.38 len 219.6 kl 0.0234  sps 1744
upd 2154/4882 step 2,205,696 ret 325.4 len 215.1 kl 0.0219  sps 1744
upd 2155/4882 step 2,206,720 ret 330.79 len 216.7 kl 0.0221  sps 1743
upd 2156/4882 step 2,207,744 ret 343.61 len 225.1 kl 0.0318* sps 1743
upd 2157/4882 step 2,208,768 ret 336.31 len 223.9 kl 0.0323* sps 1745
upd 2158/4882 step 2,209,792 ret 317.37 len 220.4 kl 0.0325* sps 1745
upd 2159/4882 step 2,210,816 ret 317.82 len 220.2 kl 0.0256  sps 1746
upd 2160/4882 step 2,211,840 ret 326.42 len 226.2 kl 0.0313* sps 1747
upd 2161/4882 step 2,212,864 ret 329.59 len 227.7 kl 0.0335* sps 1746
upd 2162/4882 step 2,213,888 ret 339.19 len 230.2 kl 0.0257  sps 1745
upd 2163/4882 step 2,214,912 ret 344.4 len 237.0 kl 0.0306* sps 1745
upd 2164/4882 step 2,215,936 ret 329.92 len 227.9 kl 0.0329* sps 1745
upd 2165/4882 step 2,216,960 ret 326.42 len 228.2 kl 0.0335* sps 1746
upd 2166/4882 step 2,217,984 ret 335.62 len 236.8 kl 0.0290  sps 1746
upd 2167/4882 step 2,219,008 ret 337.52 len 233.5 kl 0.0333* sps 1746
upd 2168/4882 step 2,220,032 ret 343.73 len 232.8 kl 0.0352* sps 1745
upd 2169/4882 step 2,221,056 ret 347.94 len 240.2 kl 0.0270  sps 1745
upd 2170/4882 step 2,222,080 ret 339.87 len 233.1 kl 0.0217  sps 1746
upd 2171/4882 step 2,223,104 ret 349.77 len 239.9 kl 0.0312* sps 1745
upd 2172/4882 step 2,224,128 ret 337.44 len 222.4 kl 0.0244  sps 1744
upd 2173/4882 step 2,225,152 ret 321.01 len 212.3 kl 0.0246  sps 1743
upd 2174/4882 step 2,226,176 ret 319.52 len 208.5 kl 0.0267  sps 1744
upd 2175/4882 step 2,227,200 ret 324.1 len 208.5 kl 0.0281  sps 1744
upd 2176/4882 step 2,228,224 ret 340.39 len 216.6 kl 0.0266  sps 1743
upd 2177/4882 step 2,229,248 ret 348.49 len 219.5 kl 0.0266  sps 1743
upd 2178/4882 step 2,230,272 ret 349.78 len 215.4 kl 0.0194  sps 1744
upd 2179/4882 step 2,231,296 ret 363.43 len 222.0 kl 0.0337* sps 1744
upd 2180/4882 step 2,232,320 ret 363.11 len 225.8 kl 0.0297  sps 1743
upd 2181/4882 step 2,233,344 ret 369.17 len 233.1 kl 0.0197  sps 1743
upd 2182/4882 step 2,234,368 ret 377.74 len 238.5 kl 0.0213  sps 1742
upd 2183/4882 step 2,235,392 ret 371.94 len 237.7 kl 0.0319* sps 1742
upd 2184/4882 step 2,236,416 ret 367.29 len 234.3 kl 0.0238  sps 1741
upd 2185/4882 step 2,237,440 ret 356.02 len 227.5 kl 0.0325* sps 1742
upd 2186/4882 step 2,238,464 ret 355.77 len 231.5 kl 0.0191  sps 1741
upd 2187/4882 step 2,239,488 ret 357.93 len 232.5 kl 0.0292  sps 1741
upd 2188/4882 step 2,240,512 ret 343.36 len 223.4 kl 0.0280  sps 1740
upd 2189/4882 step 2,241,536 ret 338.99 len 213.9 kl 0.0326* sps 1740
upd 2190/4882 step 2,242,560 ret 354.68 len 222.5 kl 0.0162  sps 1740
upd 2191/4882 step 2,243,584 ret 347.37 len 219.6 kl 0.0354* sps 1740
upd 2192/4882 step 2,244,608 ret 359.05 len 227.8 kl 0.0328* sps 1739
upd 2193/4882 step 2,245,632 ret 359.36 len 228.6 kl 0.0228  sps 1739
upd 2194/4882 step 2,246,656 ret 373.16 len 237.7 kl 0.0319* sps 1740
upd 2195/4882 step 2,247,680 ret 374.89 len 235.1 kl 0.0325* sps 1739
upd 2196/4882 step 2,248,704 ret 377.69 len 235.5 kl 0.0297  sps 1739
upd 2197/4882 step 2,249,728 ret 382.3 len 239.8 kl 0.0344* sps 1740
upd 2198/4882 step 2,250,752 ret 392.06 len 247.2 kl 0.0243  sps 1740
upd 2199/4882 step 2,251,776 ret 394.82 len 253.7 kl 0.0289  sps 1740
upd 2200/4882 step 2,252,800 ret 397.08 len 253.2 kl 0.0247  sps 1739
upd 2201/4882 step 2,253,824 ret 406.66 len 256.1 kl 0.0288  sps 1739
upd 2202/4882 step 2,254,848 ret 396.65 len 254.0 kl 0.0337* sps 1739
upd 2203/4882 step 2,255,872 ret 397.28 len 255.6 kl 0.0265  sps 1740
upd 2204/4882 step 2,256,896 ret 403.21 len 259.2 kl 0.0297  sps 1739
upd 2205/4882 step 2,257,920 ret 392.07 len 253.5 kl 0.0246  sps 1740
upd 2206/4882 step 2,258,944 ret 389.53 len 250.9 kl 0.0312* sps 1740
upd 2207/4882 step 2,259,968 ret 405.22 len 263.3 kl 0.0204  sps 1740
upd 2208/4882 step 2,260,992 ret 385.75 len 251.8 kl 0.0243  sps 1739
upd 2209/4882 step 2,262,016 ret 383.91 len 250.1 kl 0.0302* sps 1740
upd 2210/4882 step 2,263,040 ret 376.62 len 247.9 kl 0.0289  sps 1740
upd 2211/4882 step 2,264,064 ret 375.71 len 248.9 kl 0.0311* sps 1741
upd 2212/4882 step 2,265,088 ret 396.49 len 256.8 kl 0.0226  sps 1741
upd 2213/4882 step 2,266,112 ret 393.02 len 248.8 kl 0.0357* sps 1741
upd 2214/4882 step 2,267,136 ret 391.05 len 244.8 kl 0.0335* sps 1741
upd 2215/4882 step 2,268,160 ret 389.36 len 243.8 kl 0.0197  sps 1741
upd 2216/4882 step 2,269,184 ret 392.67 len 245.8 kl 0.0221  sps 1740
upd 2217/4882 step 2,270,208 ret 398.92 len 249.0 kl 0.0306* sps 1741
upd 2218/4882 step 2,271,232 ret 415.49 len 257.4 kl 0.0312* sps 1741
upd 2219/4882 step 2,272,256 ret 414.48 len 254.5 kl 0.0236  sps 1741
upd 2220/4882 step 2,273,280 ret 427.84 len 264.8 kl 0.0207  sps 1741
upd 2221/4882 step 2,274,304 ret 418.89 len 259.9 kl 0.0278  sps 1741
upd 2222/4882 step 2,275,328 ret 416.44 len 253.5 kl 0.0247  sps 1741
upd 2223/4882 step 2,276,352 ret 425.35 len 257.2 kl 0.0299  sps 1741
upd 2224/4882 step 2,277,376 ret 409.29 len 252.1 kl 0.0317* sps 1740
upd 2225/4882 step 2,278,400 ret 409.67 len 252.1 kl 0.0295  sps 1740
upd 2226/4882 step 2,279,424 ret 416.06 len 253.8 kl 0.0323* sps 1740
upd 2227/4882 step 2,280,448 ret 424.11 len 255.3 kl 0.0227  sps 1741
upd 2228/4882 step 2,281,472 ret 398.93 len 240.8 kl 0.0268  sps 1740
upd 2229/4882 step 2,282,496 ret 403.13 len 241.8 kl 0.0243  sps 1740
upd 2230/4882 step 2,283,520 ret 392.42 len 232.7 kl 0.0311* sps 1740
upd 2231/4882 step 2,284,544 ret 377.73 len 234.2 kl 0.0330* sps 1740
upd 2232/4882 step 2,285,568 ret 374.97 len 234.2 kl 0.0347* sps 1740
upd 2233/4882 step 2,286,592 ret 381.69 len 239.6 kl 0.0145  sps 1740
upd 2234/4882 step 2,287,616 ret 391.55 len 249.5 kl 0.0249  sps 1740
upd 2235/4882 step 2,288,640 ret 371.8 len 240.5 kl 0.0230  sps 1741
upd 2236/4882 step 2,289,664 ret 347.89 len 229.3 kl 0.0210  sps 1742
upd 2237/4882 step 2,290,688 ret 355.81 len 235.3 kl 0.0227  sps 1742
upd 2238/4882 step 2,291,712 ret 361.12 len 241.7 kl 0.0251  sps 1742
upd 2239/4882 step 2,292,736 ret 360.5 len 240.8 kl 0.0243  sps 1741
upd 2240/4882 step 2,293,760 ret 372.75 len 251.6 kl 0.0301* sps 1743
upd 2241/4882 step 2,294,784 ret 366.74 len 247.9 kl 0.0277  sps 1745
upd 2242/4882 step 2,295,808 ret 387.26 len 250.5 kl 0.0272  sps 1746
upd 2243/4882 step 2,296,832 ret 390.08 len 250.5 kl 0.0230  sps 1747
upd 2244/4882 step 2,297,856 ret 385.76 len 241.8 kl 0.0300  sps 1747
upd 2245/4882 step 2,298,880 ret 386.61 len 242.1 kl 0.0209  sps 1747
upd 2246/4882 step 2,299,904 ret 395.34 len 243.4 kl 0.0270  sps 1748
upd 2247/4882 step 2,300,928 ret 391.86 len 244.2 kl 0.0253  sps 1748
upd 2248/4882 step 2,301,952 ret 377.8 len 238.9 kl 0.0216  sps 1749
upd 2249/4882 step 2,302,976 ret 366.73 len 229.0 kl 0.0334* sps 1750
upd 2250/4882 step 2,304,000 ret 371.31 len 230.8 kl 0.0232  sps 1751
upd 2251/4882 step 2,305,024 ret 361.06 len 223.3 kl 0.0261  sps 1752
upd 2252/4882 step 2,306,048 ret 348.23 len 217.4 kl 0.0276  sps 1752
upd 2253/4882 step 2,307,072 ret 360.47 len 222.5 kl 0.0256  sps 1754
upd 2254/4882 step 2,308,096 ret 378.64 len 231.5 kl 0.0318* sps 1755
upd 2255/4882 step 2,309,120 ret 378.21 len 229.5 kl 0.0268  sps 1755
upd 2256/4882 step 2,310,144 ret 384.73 len 229.7 kl 0.0300  sps 1755
upd 2257/4882 step 2,311,168 ret 396.31 len 227.9 kl 0.0226  sps 1756
upd 2258/4882 step 2,312,192 ret 412.93 len 233.8 kl 0.0214  sps 1757
upd 2259/4882 step 2,313,216 ret 401.4 len 231.5 kl 0.0416* sps 1757
upd 2260/4882 step 2,314,240 ret 411.05 len 237.6 kl 0.0219  sps 1756
upd 2261/4882 step 2,315,264 ret 417.1 len 239.3 kl 0.0255  sps 1756
upd 2262/4882 step 2,316,288 ret 415.98 len 240.2 kl 0.0326* sps 1755
upd 2263/4882 step 2,317,312 ret 405.72 len 234.5 kl 0.0237  sps 1754
upd 2264/4882 step 2,318,336 ret 393.73 len 231.2 kl 0.0305* sps 1753
upd 2265/4882 step 2,319,360 ret 389.99 len 226.5 kl 0.0267  sps 1754
upd 2266/4882 step 2,320,384 ret 384.01 len 226.3 kl 0.0322* sps 1754
upd 2267/4882 step 2,321,408 ret 372.93 len 226.5 kl 0.0302* sps 1753
upd 2268/4882 step 2,322,432 ret 388.02 len 229.2 kl 0.0279  sps 1753
upd 2269/4882 step 2,323,456 ret 382.75 len 229.4 kl 0.0320* sps 1753
upd 2270/4882 step 2,324,480 ret 386.5 len 232.4 kl 0.0307* sps 1752
upd 2271/4882 step 2,325,504 ret 385.21 len 231.5 kl 0.0255  sps 1752
upd 2272/4882 step 2,326,528 ret 385.63 len 235.5 kl 0.0174  sps 1751
upd 2273/4882 step 2,327,552 ret 400.22 len 243.2 kl 0.0204  sps 1750
upd 2274/4882 step 2,328,576 ret 412.27 len 249.7 kl 0.0285  sps 1750
upd 2275/4882 step 2,329,600 ret 424.74 len 260.8 kl 0.0283  sps 1750
upd 2276/4882 step 2,330,624 ret 441.13 len 269.2 kl 0.0292  sps 1750
upd 2277/4882 step 2,331,648 ret 443.76 len 269.2 kl 0.0243  sps 1749
upd 2278/4882 step 2,332,672 ret 464.09 len 276.9 kl 0.0334* sps 1749
upd 2279/4882 step 2,333,696 ret 455.11 len 272.3 kl 0.0206  sps 1748
upd 2280/4882 step 2,334,720 ret 449.13 len 276.2 kl 0.0304* sps 1749
upd 2281/4882 step 2,335,744 ret 443.45 len 271.5 kl 0.0228  sps 1748
upd 2282/4882 step 2,336,768 ret 443.55 len 271.6 kl 0.0217  sps 1747
upd 2283/4882 step 2,337,792 ret 446.11 len 273.2 kl 0.0276  sps 1746
upd 2284/4882 step 2,338,816 ret 438.45 len 270.5 kl 0.0247  sps 1746
upd 2285/4882 step 2,339,840 ret 422.19 len 261.9 kl 0.0302* sps 1746
upd 2286/4882 step 2,340,864 ret 415.99 len 257.9 kl 0.0339* sps 1746
upd 2287/4882 step 2,341,888 ret 420.23 len 258.5 kl 0.0274  sps 1745
upd 2288/4882 step 2,342,912 ret 414.17 len 255.2 kl 0.0278  sps 1745
upd 2289/4882 step 2,343,936 ret 413.51 len 258.5 kl 0.0300* sps 1744
upd 2290/4882 step 2,344,960 ret 411.59 len 250.9 kl 0.0330* sps 1745
upd 2291/4882 step 2,345,984 ret 410.7 len 251.4 kl 0.0311* sps 1745
upd 2292/4882 step 2,347,008 ret 393.35 len 247.3 kl 0.0276  sps 1744
upd 2293/4882 step 2,348,032 ret 413.35 len 252.8 kl 0.0265  sps 1745
upd 2294/4882 step 2,349,056 ret 408.86 len 251.8 kl 0.0220  sps 1744
upd 2295/4882 step 2,350,080 ret 416.27 len 264.1 kl 0.0396* sps 1744
upd 2296/4882 step 2,351,104 ret 414.9 len 264.4 kl 0.0376* sps 1743
upd 2297/4882 step 2,352,128 ret 410.07 len 261.6 kl 0.0271  sps 1743
upd 2298/4882 step 2,353,152 ret 406.76 len 264.9 kl 0.0244  sps 1742
upd 2299/4882 step 2,354,176 ret 407.54 len 263.0 kl 0.0304* sps 1743
upd 2300/4882 step 2,355,200 ret 420.77 len 269.9 kl 0.0150  sps 1743
upd 2301/4882 step 2,356,224 ret 416.27 len 265.2 kl 0.0286  sps 1742
upd 2302/4882 step 2,357,248 ret 431.83 len 271.7 kl 0.0251  sps 1743
upd 2303/4882 step 2,358,272 ret 437.87 len 276.7 kl 0.0251  sps 1742
upd 2304/4882 step 2,359,296 ret 439.22 len 277.6 kl 0.0255  sps 1743
upd 2305/4882 step 2,360,320 ret 437.23 len 274.7 kl 0.0256  sps 1742
upd 2306/4882 step 2,361,344 ret 445.05 len 272.1 kl 0.0232  sps 1742
upd 2307/4882 step 2,362,368 ret 447.54 len 272.1 kl 0.0308* sps 1742
upd 2308/4882 step 2,363,392 ret 455.92 len 278.9 kl 0.0244  sps 1742
upd 2309/4882 step 2,364,416 ret 459.6 len 278.9 kl 0.0232  sps 1743
upd 2310/4882 step 2,365,440 ret 468.1 len 280.8 kl 0.0200  sps 1743
upd 2311/4882 step 2,366,464 ret 449.92 len 269.7 kl 0.0302* sps 1743
upd 2312/4882 step 2,367,488 ret 444.48 len 263.2 kl 0.0267  sps 1743
upd 2313/4882 step 2,368,512 ret 440.6 len 263.3 kl 0.0269  sps 1743
upd 2314/4882 step 2,369,536 ret 430.0 len 257.6 kl 0.0284  sps 1743
upd 2315/4882 step 2,370,560 ret 413.91 len 252.5 kl 0.0252  sps 1743
upd 2316/4882 step 2,371,584 ret 408.52 len 242.9 kl 0.0226  sps 1743
upd 2317/4882 step 2,372,608 ret 400.94 len 240.3 kl 0.0243  sps 1742
upd 2318/4882 step 2,373,632 ret 386.01 len 231.4 kl 0.0286  sps 1743
upd 2319/4882 step 2,374,656 ret 386.5 len 235.4 kl 0.0268  sps 1743
upd 2320/4882 step 2,375,680 ret 406.72 len 249.7 kl 0.0323* sps 1744
upd 2321/4882 step 2,376,704 ret 400.15 len 245.1 kl 0.0199  sps 1744
upd 2322/4882 step 2,377,728 ret 386.03 len 242.4 kl 0.0196  sps 1744
upd 2323/4882 step 2,378,752 ret 386.01 len 240.2 kl 0.0257  sps 1744
upd 2324/4882 step 2,379,776 ret 391.13 len 245.2 kl 0.0298  sps 1744
upd 2325/4882 step 2,380,800 ret 400.64 len 243.7 kl 0.0289  sps 1744
upd 2326/4882 step 2,381,824 ret 397.86 len 245.9 kl 0.0314* sps 1744
upd 2327/4882 step 2,382,848 ret 408.15 len 253.1 kl 0.0219  sps 1745
upd 2328/4882 step 2,383,872 ret 405.63 len 253.8 kl 0.0322* sps 1745
upd 2329/4882 step 2,384,896 ret 389.95 len 249.8 kl 0.0312* sps 1745
upd 2330/4882 step 2,385,920 ret 386.64 len 249.8 kl 0.0219  sps 1745
upd 2331/4882 step 2,386,944 ret 386.1 len 256.7 kl 0.0269  sps 1744
upd 2332/4882 step 2,387,968 ret 401.61 len 261.4 kl 0.0266  sps 1744
upd 2333/4882 step 2,388,992 ret 398.94 len 260.0 kl 0.0354* sps 1745
upd 2334/4882 step 2,390,016 ret 385.6 len 252.6 kl 0.0342* sps 1746
upd 2335/4882 step 2,391,040 ret 421.63 len 273.2 kl 0.0187  sps 1746
upd 2336/4882 step 2,392,064 ret 414.1 len 269.5 kl 0.0237  sps 1746
upd 2337/4882 step 2,393,088 ret 417.68 len 272.9 kl 0.0314* sps 1746
upd 2338/4882 step 2,394,112 ret 412.57 len 267.4 kl 0.0289  sps 1746
upd 2339/4882 step 2,395,136 ret 413.19 len 264.1 kl 0.0336* sps 1746
upd 2340/4882 step 2,396,160 ret 409.5 len 254.6 kl 0.0241  sps 1745
upd 2341/4882 step 2,397,184 ret 406.62 len 247.3 kl 0.0210  sps 1745
upd 2342/4882 step 2,398,208 ret 418.77 len 251.7 kl 0.0254  sps 1745
upd 2343/4882 step 2,399,232 ret 418.6 len 251.7 kl 0.0296  sps 1745
upd 2344/4882 step 2,400,256 ret 431.17 len 257.4 kl 0.0325* sps 1745
upd 2345/4882 step 2,401,280 ret 401.74 len 244.2 kl 0.0185  sps 1745
upd 2346/4882 step 2,402,304 ret 405.22 len 242.6 kl 0.0336* sps 1745
upd 2347/4882 step 2,403,328 ret 416.13 len 245.3 kl 0.0258  sps 1745
upd 2348/4882 step 2,404,352 ret 398.4 len 235.8 kl 0.0266  sps 1744
upd 2349/4882 step 2,405,376 ret 401.12 len 239.8 kl 0.0241  sps 1744
upd 2350/4882 step 2,406,400 ret 412.29 len 248.8 kl 0.0202  sps 1743
upd 2351/4882 step 2,407,424 ret 413.94 len 251.5 kl 0.0229  sps 1743
upd 2352/4882 step 2,408,448 ret 412.48 len 249.2 kl 0.0179  sps 1743
upd 2353/4882 step 2,409,472 ret 425.04 len 251.9 kl 0.0299  sps 1743
upd 2354/4882 step 2,410,496 ret 421.91 len 248.0 kl 0.0308* sps 1743
upd 2355/4882 step 2,411,520 ret 436.78 len 260.0 kl 0.0295  sps 1743
upd 2356/4882 step 2,412,544 ret 411.13 len 255.1 kl 0.0229  sps 1743
upd 2357/4882 step 2,413,568 ret 403.77 len 252.0 kl 0.0316* sps 1742
upd 2358/4882 step 2,414,592 ret 417.34 len 261.1 kl 0.0288  sps 1743
upd 2359/4882 step 2,415,616 ret 422.27 len 262.8 kl 0.0246  sps 1743
upd 2360/4882 step 2,416,640 ret 428.22 len 263.6 kl 0.0345* sps 1743
upd 2361/4882 step 2,417,664 ret 420.89 len 256.7 kl 0.0320* sps 1743
upd 2362/4882 step 2,418,688 ret 417.37 len 254.7 kl 0.0254  sps 1743
upd 2363/4882 step 2,419,712 ret 404.04 len 247.8 kl 0.0248  sps 1743
upd 2364/4882 step 2,420,736 ret 410.45 len 252.0 kl 0.0187  sps 1743
upd 2365/4882 step 2,421,760 ret 415.38 len 252.4 kl 0.0317* sps 1743
upd 2366/4882 step 2,422,784 ret 423.78 len 251.7 kl 0.0292  sps 1744
upd 2367/4882 step 2,423,808 ret 442.11 len 260.1 kl 0.0309* sps 1744
upd 2368/4882 step 2,424,832 ret 441.89 len 259.8 kl 0.0308* sps 1744
upd 2369/4882 step 2,425,856 ret 443.02 len 264.2 kl 0.0188  sps 1745
upd 2370/4882 step 2,426,880 ret 441.75 len 260.9 kl 0.0200  sps 1745
upd 2371/4882 step 2,427,904 ret 442.79 len 260.9 kl 0.0371* sps 1745
upd 2372/4882 step 2,428,928 ret 452.58 len 267.8 kl 0.0232  sps 1744
upd 2373/4882 step 2,429,952 ret 459.42 len 272.1 kl 0.0214  sps 1744
upd 2374/4882 step 2,430,976 ret 466.2 len 274.6 kl 0.0333* sps 1744
upd 2375/4882 step 2,432,000 ret 464.16 len 273.6 kl 0.0312* sps 1744
upd 2376/4882 step 2,433,024 ret 475.25 len 277.5 kl 0.0238  sps 1744
upd 2377/4882 step 2,434,048 ret 477.0 len 279.9 kl 0.0318* sps 1744
upd 2378/4882 step 2,435,072 ret 464.81 len 275.7 kl 0.0254  sps 1744
upd 2379/4882 step 2,436,096 ret 461.34 len 273.8 kl 0.0279  sps 1744
upd 2380/4882 step 2,437,120 ret 456.26 len 270.7 kl 0.0251  sps 1744
upd 2381/4882 step 2,438,144 ret 459.14 len 270.8 kl 0.0226  sps 1744
upd 2382/4882 step 2,439,168 ret 457.43 len 270.8 kl 0.0300* sps 1744
upd 2383/4882 step 2,440,192 ret 462.11 len 275.0 kl 0.0193  sps 1744
upd 2384/4882 step 2,441,216 ret 450.55 len 267.6 kl 0.0236  sps 1743
upd 2385/4882 step 2,442,240 ret 430.74 len 255.4 kl 0.0328* sps 1743
upd 2386/4882 step 2,443,264 ret 427.73 len 256.1 kl 0.0198  sps 1743
upd 2387/4882 step 2,444,288 ret 423.15 len 254.1 kl 0.0224  sps 1743
upd 2388/4882 step 2,445,312 ret 427.0 len 257.3 kl 0.0262  sps 1743
upd 2389/4882 step 2,446,336 ret 421.42 len 254.2 kl 0.0333* sps 1742
upd 2390/4882 step 2,447,360 ret 414.55 len 252.5 kl 0.0381* sps 1742
upd 2391/4882 step 2,448,384 ret 423.79 len 258.9 kl 0.0325* sps 1742
upd 2392/4882 step 2,449,408 ret 410.62 len 250.9 kl 0.0310* sps 1742
upd 2393/4882 step 2,450,432 ret 405.79 len 252.5 kl 0.0284  sps 1742
upd 2394/4882 step 2,451,456 ret 404.06 len 250.7 kl 0.0306* sps 1742
upd 2395/4882 step 2,452,480 ret 416.83 len 256.6 kl 0.0236  sps 1741
upd 2396/4882 step 2,453,504 ret 424.25 len 260.2 kl 0.0265  sps 1741
upd 2397/4882 step 2,454,528 ret 426.92 len 254.3 kl 0.0304* sps 1741
upd 2398/4882 step 2,455,552 ret 414.59 len 249.8 kl 0.0349* sps 1740
upd 2399/4882 step 2,456,576 ret 420.73 len 255.6 kl 0.0167  sps 1740
upd 2400/4882 step 2,457,600 ret 425.83 len 260.3 kl 0.0282  sps 1740
upd 2401/4882 step 2,458,624 ret 435.43 len 258.6 kl 0.0219  sps 1740
upd 2402/4882 step 2,459,648 ret 430.7 len 258.2 kl 0.0410* sps 1741
upd 2403/4882 step 2,460,672 ret 439.4 len 264.6 kl 0.0350* sps 1741
upd 2404/4882 step 2,461,696 ret 442.06 len 265.2 kl 0.0265  sps 1741
upd 2405/4882 step 2,462,720 ret 442.07 len 265.2 kl 0.0256  sps 1740
upd 2406/4882 step 2,463,744 ret 445.53 len 266.9 kl 0.0312* sps 1740
upd 2407/4882 step 2,464,768 ret 439.08 len 267.8 kl 0.0252  sps 1740
upd 2408/4882 step 2,465,792 ret 440.83 len 274.2 kl 0.0237  sps 1740
upd 2409/4882 step 2,466,816 ret 441.9 len 280.1 kl 0.0252  sps 1740
upd 2410/4882 step 2,467,840 ret 452.48 len 283.0 kl 0.0230  sps 1740
upd 2411/4882 step 2,468,864 ret 448.93 len 283.0 kl 0.0235  sps 1740
upd 2412/4882 step 2,469,888 ret 437.68 len 280.8 kl 0.0268  sps 1740
upd 2413/4882 step 2,470,912 ret 440.28 len 282.8 kl 0.0287  sps 1739
upd 2414/4882 step 2,471,936 ret 441.82 len 281.3 kl 0.0228  sps 1739
upd 2415/4882 step 2,472,960 ret 438.03 len 281.3 kl 0.0206  sps 1739
upd 2416/4882 step 2,473,984 ret 434.1 len 282.5 kl 0.0215  sps 1739
upd 2417/4882 step 2,475,008 ret 419.63 len 275.7 kl 0.0289  sps 1739
upd 2418/4882 step 2,476,032 ret 426.69 len 270.9 kl 0.0249  sps 1739
upd 2419/4882 step 2,477,056 ret 432.14 len 270.0 kl 0.0215  sps 1738
upd 2420/4882 step 2,478,080 ret 419.38 len 265.6 kl 0.0268  sps 1738
upd 2421/4882 step 2,479,104 ret 419.75 len 265.6 kl 0.0334* sps 1738
upd 2422/4882 step 2,480,128 ret 426.39 len 267.8 kl 0.0234  sps 1738
upd 2423/4882 step 2,481,152 ret 427.15 len 269.7 kl 0.0186  sps 1738
upd 2424/4882 step 2,482,176 ret 431.79 len 269.7 kl 0.0206  sps 1738
upd 2425/4882 step 2,483,200 ret 429.73 len 271.2 kl 0.0253  sps 1738
upd 2426/4882 step 2,484,224 ret 436.77 len 271.2 kl 0.0228  sps 1738
upd 2427/4882 step 2,485,248 ret 450.8 len 275.1 kl 0.0211  sps 1738
upd 2428/4882 step 2,486,272 ret 459.9 len 281.6 kl 0.0201  sps 1738
upd 2429/4882 step 2,487,296 ret 442.46 len 275.8 kl 0.0258  sps 1738
upd 2430/4882 step 2,488,320 ret 444.13 len 275.3 kl 0.0294  sps 1738
upd 2431/4882 step 2,489,344 ret 435.44 len 275.5 kl 0.0270  sps 1737
upd 2432/4882 step 2,490,368 ret 439.74 len 275.5 kl 0.0253  sps 1737
upd 2433/4882 step 2,491,392 ret 432.19 len 271.4 kl 0.0218  sps 1737
upd 2434/4882 step 2,492,416 ret 424.88 len 262.1 kl 0.0183  sps 1737
upd 2435/4882 step 2,493,440 ret 425.85 len 257.5 kl 0.0296  sps 1737
upd 2436/4882 step 2,494,464 ret 418.46 len 255.2 kl 0.0310* sps 1737
upd 2437/4882 step 2,495,488 ret 411.73 len 255.7 kl 0.0256  sps 1737
upd 2438/4882 step 2,496,512 ret 409.77 len 256.1 kl 0.0230  sps 1737
upd 2439/4882 step 2,497,536 ret 419.37 len 265.7 kl 0.0289  sps 1737
upd 2440/4882 step 2,498,560 ret 425.42 len 265.7 kl 0.0303* sps 1737
upd 2441/4882 step 2,499,584 ret 430.92 len 260.1 kl 0.0267  sps 1737
upd 2442/4882 step 2,500,608 ret 432.56 len 260.1 kl 0.0256  sps 1736
upd 2443/4882 step 2,501,632 ret 437.91 len 263.2 kl 0.0265  sps 1736
upd 2444/4882 step 2,502,656 ret 439.59 len 263.2 kl 0.0283  sps 1736
upd 2445/4882 step 2,503,680 ret 430.08 len 263.1 kl 0.0196  sps 1736
upd 2446/4882 step 2,504,704 ret 424.56 len 261.8 kl 0.0271  sps 1737
upd 2447/4882 step 2,505,728 ret 425.27 len 260.6 kl 0.0185  sps 1737
upd 2448/4882 step 2,506,752 ret 421.12 len 255.0 kl 0.0242  sps 1736
upd 2449/4882 step 2,507,776 ret 429.24 len 256.1 kl 0.0329* sps 1737
upd 2450/4882 step 2,508,800 ret 421.54 len 256.1 kl 0.0248  sps 1737
upd 2451/4882 step 2,509,824 ret 434.23 len 259.9 kl 0.0191  sps 1737
upd 2452/4882 step 2,510,848 ret 437.22 len 263.8 kl 0.0285  sps 1737
upd 2453/4882 step 2,511,872 ret 434.82 len 260.2 kl 0.0300* sps 1737
upd 2454/4882 step 2,512,896 ret 438.51 len 259.8 kl 0.0374* sps 1737
upd 2455/4882 step 2,513,920 ret 445.8 len 259.6 kl 0.0261  sps 1736
upd 2456/4882 step 2,514,944 ret 458.97 len 267.1 kl 0.0337* sps 1736
upd 2457/4882 step 2,515,968 ret 460.08 len 267.1 kl 0.0270  sps 1737
upd 2458/4882 step 2,516,992 ret 450.49 len 262.8 kl 0.0260  sps 1737
upd 2459/4882 step 2,518,016 ret 442.62 len 256.2 kl 0.0339* sps 1737
upd 2460/4882 step 2,519,040 ret 433.54 len 255.9 kl 0.0293  sps 1737
upd 2461/4882 step 2,520,064 ret 433.72 len 253.7 kl 0.0201  sps 1737
upd 2462/4882 step 2,521,088 ret 420.76 len 246.7 kl 0.0315* sps 1737
upd 2463/4882 step 2,522,112 ret 415.79 len 246.1 kl 0.0262  sps 1736
upd 2464/4882 step 2,523,136 ret 411.4 len 244.2 kl 0.0230  sps 1737
upd 2465/4882 step 2,524,160 ret 398.77 len 240.3 kl 0.0310* sps 1737
upd 2466/4882 step 2,525,184 ret 414.65 len 247.9 kl 0.0222  sps 1737
upd 2467/4882 step 2,526,208 ret 421.75 len 250.4 kl 0.0168  sps 1737
upd 2468/4882 step 2,527,232 ret 430.08 len 254.2 kl 0.0314* sps 1738
upd 2469/4882 step 2,528,256 ret 442.43 len 261.4 kl 0.0292  sps 1738
upd 2470/4882 step 2,529,280 ret 427.84 len 257.5 kl 0.0338* sps 1738
upd 2471/4882 step 2,530,304 ret 426.08 len 258.0 kl 0.0307* sps 1739
upd 2472/4882 step 2,531,328 ret 433.67 len 263.6 kl 0.0349* sps 1739
upd 2473/4882 step 2,532,352 ret 428.84 len 260.6 kl 0.0312* sps 1739
upd 2474/4882 step 2,533,376 ret 444.04 len 270.1 kl 0.0265  sps 1739
upd 2475/4882 step 2,534,400 ret 452.14 len 274.7 kl 0.0348* sps 1739
upd 2476/4882 step 2,535,424 ret 462.03 len 278.7 kl 0.0271  sps 1740
upd 2477/4882 step 2,536,448 ret 444.02 len 268.5 kl 0.0217  sps 1739
upd 2478/4882 step 2,537,472 ret 446.19 len 269.9 kl 0.0247  sps 1739
upd 2479/4882 step 2,538,496 ret 446.27 len 267.2 kl 0.0284  sps 1740
upd 2480/4882 step 2,539,520 ret 445.31 len 263.4 kl 0.0254  sps 1740
upd 2481/4882 step 2,540,544 ret 457.64 len 264.4 kl 0.0239  sps 1740
upd 2482/4882 step 2,541,568 ret 466.64 len 268.1 kl 0.0355* sps 1740
upd 2483/4882 step 2,542,592 ret 453.71 len 264.5 kl 0.0326* sps 1740
upd 2484/4882 step 2,543,616 ret 438.69 len 257.8 kl 0.0265  sps 1740
upd 2485/4882 step 2,544,640 ret 429.97 len 256.4 kl 0.0203  sps 1740
upd 2486/4882 step 2,545,664 ret 426.37 len 253.5 kl 0.0233  sps 1740
upd 2487/4882 step 2,546,688 ret 406.41 len 245.1 kl 0.0233  sps 1740
upd 2488/4882 step 2,547,712 ret 406.69 len 251.7 kl 0.0195  sps 1740
upd 2489/4882 step 2,548,736 ret 406.36 len 247.6 kl 0.0229  sps 1740
upd 2490/4882 step 2,549,760 ret 399.45 len 246.9 kl 0.0225  sps 1740
upd 2491/4882 step 2,550,784 ret 389.81 len 244.8 kl 0.0184  sps 1740
upd 2492/4882 step 2,551,808 ret 392.9 len 247.5 kl 0.0278  sps 1739
upd 2493/4882 step 2,552,832 ret 399.14 len 243.0 kl 0.0237  sps 1739
upd 2494/4882 step 2,553,856 ret 406.38 len 246.2 kl 0.0174  sps 1740
upd 2495/4882 step 2,554,880 ret 413.55 len 247.7 kl 0.0181  sps 1740
upd 2496/4882 step 2,555,904 ret 412.81 len 247.8 kl 0.0219  sps 1739
upd 2497/4882 step 2,556,928 ret 421.0 len 252.6 kl 0.0248  sps 1740
upd 2498/4882 step 2,557,952 ret 411.7 len 245.9 kl 0.0204  sps 1740
upd 2499/4882 step 2,558,976 ret 405.29 len 242.4 kl 0.0203  sps 1740
upd 2500/4882 step 2,560,000 ret 407.88 len 240.6 kl 0.0242  sps 1740
upd 2501/4882 step 2,561,024 ret 405.35 len 240.6 kl 0.0245  sps 1739
upd 2502/4882 step 2,562,048 ret 416.3 len 249.2 kl 0.0197  sps 1739
upd 2503/4882 step 2,563,072 ret 409.69 len 247.5 kl 0.0205  sps 1739
upd 2504/4882 step 2,564,096 ret 410.77 len 247.6 kl 0.0250  sps 1740
upd 2505/4882 step 2,565,120 ret 411.75 len 247.8 kl 0.0256  sps 1740
upd 2506/4882 step 2,566,144 ret 416.64 len 249.2 kl 0.0257  sps 1740
upd 2507/4882 step 2,567,168 ret 425.06 len 254.1 kl 0.0327* sps 1739
upd 2508/4882 step 2,568,192 ret 426.97 len 250.9 kl 0.0169  sps 1739
upd 2509/4882 step 2,569,216 ret 429.06 len 254.4 kl 0.0189  sps 1740
upd 2510/4882 step 2,570,240 ret 428.09 len 252.9 kl 0.0188  sps 1740
upd 2511/4882 step 2,571,264 ret 425.99 len 250.7 kl 0.0242  sps 1740
upd 2512/4882 step 2,572,288 ret 437.31 len 253.2 kl 0.0354* sps 1740
upd 2513/4882 step 2,573,312 ret 442.15 len 257.3 kl 0.0219  sps 1740
upd 2514/4882 step 2,574,336 ret 414.62 len 241.7 kl 0.0225  sps 1740
upd 2515/4882 step 2,575,360 ret 418.24 len 242.2 kl 0.0271  sps 1740
upd 2516/4882 step 2,576,384 ret 419.52 len 250.5 kl 0.0267  sps 1740
upd 2517/4882 step 2,577,408 ret 428.78 len 256.8 kl 0.0281  sps 1740
upd 2518/4882 step 2,578,432 ret 433.29 len 261.2 kl 0.0343* sps 1740
upd 2519/4882 step 2,579,456 ret 439.71 len 266.2 kl 0.0214  sps 1740
upd 2520/4882 step 2,580,480 ret 446.02 len 272.9 kl 0.0223  sps 1741
upd 2521/4882 step 2,581,504 ret 454.3 len 277.2 kl 0.0204  sps 1740
upd 2522/4882 step 2,582,528 ret 439.39 len 277.4 kl 0.0312* sps 1741
upd 2523/4882 step 2,583,552 ret 433.12 len 275.4 kl 0.0188  sps 1741
upd 2524/4882 step 2,584,576 ret 431.94 len 271.2 kl 0.0230  sps 1741
upd 2525/4882 step 2,585,600 ret 452.9 len 280.7 kl 0.0312* sps 1741
upd 2526/4882 step 2,586,624 ret 440.51 len 277.8 kl 0.0258  sps 1741
upd 2527/4882 step 2,587,648 ret 444.19 len 272.0 kl 0.0243  sps 1741
upd 2528/4882 step 2,588,672 ret 432.22 len 264.5 kl 0.0371* sps 1741
upd 2529/4882 step 2,589,696 ret 413.85 len 255.9 kl 0.0222  sps 1741
upd 2530/4882 step 2,590,720 ret 419.33 len 256.5 kl 0.0296  sps 1741
upd 2531/4882 step 2,591,744 ret 415.4 len 255.7 kl 0.0273  sps 1741
upd 2532/4882 step 2,592,768 ret 427.46 len 252.9 kl 0.0168  sps 1741
upd 2533/4882 step 2,593,792 ret 417.68 len 250.4 kl 0.0314* sps 1742
upd 2534/4882 step 2,594,816 ret 406.03 len 243.0 kl 0.0233  sps 1741
upd 2535/4882 step 2,595,840 ret 406.28 len 244.8 kl 0.0270  sps 1741
upd 2536/4882 step 2,596,864 ret 413.44 len 246.9 kl 0.0230  sps 1741
upd 2537/4882 step 2,597,888 ret 415.82 len 245.9 kl 0.0248  sps 1741
upd 2538/4882 step 2,598,912 ret 418.27 len 245.8 kl 0.0261  sps 1741
upd 2539/4882 step 2,599,936 ret 426.35 len 250.2 kl 0.0225  sps 1741
upd 2540/4882 step 2,600,960 ret 422.57 len 247.5 kl 0.0250  sps 1740
upd 2541/4882 step 2,601,984 ret 417.82 len 243.1 kl 0.0243  sps 1741
upd 2542/4882 step 2,603,008 ret 406.88 len 241.8 kl 0.0237  sps 1741
upd 2543/4882 step 2,604,032 ret 422.48 len 249.9 kl 0.0240  sps 1741
upd 2544/4882 step 2,605,056 ret 441.86 len 259.4 kl 0.0261  sps 1741
upd 2545/4882 step 2,606,080 ret 412.21 len 250.5 kl 0.0312* sps 1741
upd 2546/4882 step 2,607,104 ret 415.41 len 253.6 kl 0.0300* sps 1741
upd 2547/4882 step 2,608,128 ret 415.02 len 252.3 kl 0.0206  sps 1741
upd 2548/4882 step 2,609,152 ret 410.31 len 248.3 kl 0.0195  sps 1741
upd 2549/4882 step 2,610,176 ret 418.51 len 254.6 kl 0.0194  sps 1741
upd 2550/4882 step 2,611,200 ret 410.99 len 248.7 kl 0.0239  sps 1741
upd 2551/4882 step 2,612,224 ret 417.93 len 256.6 kl 0.0213  sps 1741
upd 2552/4882 step 2,613,248 ret 423.83 len 256.4 kl 0.0233  sps 1741
upd 2553/4882 step 2,614,272 ret 425.96 len 256.4 kl 0.0260  sps 1741
upd 2554/4882 step 2,615,296 ret 418.34 len 246.2 kl 0.0216  sps 1741
upd 2555/4882 step 2,616,320 ret 437.28 len 258.0 kl 0.0276  sps 1741
upd 2556/4882 step 2,617,344 ret 435.54 len 258.0 kl 0.0349* sps 1741
upd 2557/4882 step 2,618,368 ret 433.02 len 257.7 kl 0.0247  sps 1741
upd 2558/4882 step 2,619,392 ret 432.99 len 259.6 kl 0.0282  sps 1741
upd 2559/4882 step 2,620,416 ret 421.8 len 250.8 kl 0.0160  sps 1741
upd 2560/4882 step 2,621,440 ret 422.24 len 250.4 kl 0.0314* sps 1741
upd 2561/4882 step 2,622,464 ret 422.02 len 245.2 kl 0.0311* sps 1741
upd 2562/4882 step 2,623,488 ret 421.8 len 245.2 kl 0.0281  sps 1741
upd 2563/4882 step 2,624,512 ret 409.37 len 239.7 kl 0.0258  sps 1740
upd 2564/4882 step 2,625,536 ret 431.47 len 253.2 kl 0.0275  sps 1740
upd 2565/4882 step 2,626,560 ret 414.03 len 239.3 kl 0.0307* sps 1740
upd 2566/4882 step 2,627,584 ret 415.98 len 241.4 kl 0.0329* sps 1740
upd 2567/4882 step 2,628,608 ret 420.34 len 245.6 kl 0.0167  sps 1740
upd 2568/4882 step 2,629,632 ret 426.92 len 245.1 kl 0.0323* sps 1740
upd 2569/4882 step 2,630,656 ret 427.4 len 247.1 kl 0.0323* sps 1739
upd 2570/4882 step 2,631,680 ret 425.66 len 251.3 kl 0.0291  sps 1739
upd 2571/4882 step 2,632,704 ret 431.85 len 256.6 kl 0.0318* sps 1739
upd 2572/4882 step 2,633,728 ret 435.69 len 256.6 kl 0.0212  sps 1739
upd 2573/4882 step 2,634,752 ret 442.42 len 257.4 kl 0.0213  sps 1739
upd 2574/4882 step 2,635,776 ret 444.45 len 259.4 kl 0.0203  sps 1739
upd 2575/4882 step 2,636,800 ret 432.88 len 255.3 kl 0.0366* sps 1739
upd 2576/4882 step 2,637,824 ret 438.91 len 258.5 kl 0.0189  sps 1739
upd 2577/4882 step 2,638,848 ret 440.98 len 260.9 kl 0.0272  sps 1739
upd 2578/4882 step 2,639,872 ret 450.68 len 263.4 kl 0.0244  sps 1739
upd 2579/4882 step 2,640,896 ret 436.53 len 255.8 kl 0.0264  sps 1739
upd 2580/4882 step 2,641,920 ret 453.97 len 260.6 kl 0.0246  sps 1739
upd 2581/4882 step 2,642,944 ret 451.55 len 265.2 kl 0.0227  sps 1739
upd 2582/4882 step 2,643,968 ret 441.91 len 261.4 kl 0.0275  sps 1739
upd 2583/4882 step 2,644,992 ret 435.61 len 258.9 kl 0.0250  sps 1739
upd 2584/4882 step 2,646,016 ret 435.37 len 258.9 kl 0.0304* sps 1739
upd 2585/4882 step 2,647,040 ret 438.72 len 260.0 kl 0.0234  sps 1739
upd 2586/4882 step 2,648,064 ret 455.25 len 266.6 kl 0.0238  sps 1739
upd 2587/4882 step 2,649,088 ret 432.17 len 254.0 kl 0.0228  sps 1738
upd 2588/4882 step 2,650,112 ret 424.51 len 249.1 kl 0.0274  sps 1739
upd 2589/4882 step 2,651,136 ret 441.76 len 258.6 kl 0.0253  sps 1739
upd 2590/4882 step 2,652,160 ret 440.33 len 246.6 kl 0.0326* sps 1738
upd 2591/4882 step 2,653,184 ret 444.31 len 248.7 kl 0.0216  sps 1738
upd 2592/4882 step 2,654,208 ret 442.46 len 247.1 kl 0.0179  sps 1738
upd 2593/4882 step 2,655,232 ret 448.44 len 252.2 kl 0.0335* sps 1738
upd 2594/4882 step 2,656,256 ret 439.18 len 245.6 kl 0.0290  sps 1738
upd 2595/4882 step 2,657,280 ret 436.03 len 242.4 kl 0.0356* sps 1738
upd 2596/4882 step 2,658,304 ret 418.43 len 225.0 kl 0.0265  sps 1738
upd 2597/4882 step 2,659,328 ret 425.12 len 230.6 kl 0.0288  sps 1737
upd 2598/4882 step 2,660,352 ret 422.71 len 230.6 kl 0.0306* sps 1738
upd 2599/4882 step 2,661,376 ret 428.1 len 236.3 kl 0.0363* sps 1738
upd 2600/4882 step 2,662,400 ret 422.54 len 232.0 kl 0.0363* sps 1738
upd 2601/4882 step 2,663,424 ret 431.03 len 236.1 kl 0.0274  sps 1738
upd 2602/4882 step 2,664,448 ret 430.73 len 236.3 kl 0.0351* sps 1738
upd 2603/4882 step 2,665,472 ret 432.66 len 238.8 kl 0.0266  sps 1738
upd 2604/4882 step 2,666,496 ret 429.83 len 239.0 kl 0.0276  sps 1738
upd 2605/4882 step 2,667,520 ret 425.63 len 239.6 kl 0.0210  sps 1738
upd 2606/4882 step 2,668,544 ret 428.63 len 245.9 kl 0.0246  sps 1738
upd 2607/4882 step 2,669,568 ret 429.23 len 245.9 kl 0.0230  sps 1738
upd 2608/4882 step 2,670,592 ret 403.73 len 235.3 kl 0.0208  sps 1738
upd 2609/4882 step 2,671,616 ret 400.26 len 233.0 kl 0.0198  sps 1738
upd 2610/4882 step 2,672,640 ret 413.05 len 237.3 kl 0.0259  sps 1738
upd 2611/4882 step 2,673,664 ret 409.02 len 237.3 kl 0.0194  sps 1738
upd 2612/4882 step 2,674,688 ret 423.01 len 243.6 kl 0.0291  sps 1738
upd 2613/4882 step 2,675,712 ret 402.38 len 238.3 kl 0.0297  sps 1738
upd 2614/4882 step 2,676,736 ret 417.05 len 247.9 kl 0.0243  sps 1738
upd 2615/4882 step 2,677,760 ret 417.49 len 253.6 kl 0.0170  sps 1737
upd 2616/4882 step 2,678,784 ret 400.89 len 248.5 kl 0.0304* sps 1737
upd 2617/4882 step 2,679,808 ret 407.04 len 250.7 kl 0.0298  sps 1737
upd 2618/4882 step 2,680,832 ret 421.04 len 263.6 kl 0.0241  sps 1737
upd 2619/4882 step 2,681,856 ret 428.08 len 266.3 kl 0.0259  sps 1737
upd 2620/4882 step 2,682,880 ret 405.97 len 257.6 kl 0.0275  sps 1737
upd 2621/4882 step 2,683,904 ret 403.06 len 253.8 kl 0.0296  sps 1737
upd 2622/4882 step 2,684,928 ret 406.23 len 256.9 kl 0.0224  sps 1737
upd 2623/4882 step 2,685,952 ret 418.91 len 261.9 kl 0.0218  sps 1737
upd 2624/4882 step 2,686,976 ret 417.9 len 258.4 kl 0.0297  sps 1737
upd 2625/4882 step 2,688,000 ret 425.89 len 257.9 kl 0.0235  sps 1737
upd 2626/4882 step 2,689,024 ret 442.2 len 259.9 kl 0.0320* sps 1737
upd 2627/4882 step 2,690,048 ret 435.74 len 261.2 kl 0.0216  sps 1736
upd 2628/4882 step 2,691,072 ret 440.06 len 264.3 kl 0.0266  sps 1736
upd 2629/4882 step 2,692,096 ret 455.68 len 268.3 kl 0.0289  sps 1736
upd 2630/4882 step 2,693,120 ret 439.91 len 261.6 kl 0.0196  sps 1736
upd 2631/4882 step 2,694,144 ret 436.71 len 260.1 kl 0.0285  sps 1736
upd 2632/4882 step 2,695,168 ret 433.53 len 255.1 kl 0.0180  sps 1736
upd 2633/4882 step 2,696,192 ret 431.97 len 253.9 kl 0.0255  sps 1735
upd 2634/4882 step 2,697,216 ret 441.26 len 259.2 kl 0.0306* sps 1736
upd 2635/4882 step 2,698,240 ret 435.24 len 253.1 kl 0.0295  sps 1736
upd 2636/4882 step 2,699,264 ret 442.71 len 257.8 kl 0.0335* sps 1735
upd 2637/4882 step 2,700,288 ret 443.02 len 253.3 kl 0.0343* sps 1736
upd 2638/4882 step 2,701,312 ret 426.64 len 241.9 kl 0.0230  sps 1735
upd 2639/4882 step 2,702,336 ret 407.16 len 237.7 kl 0.0220  sps 1735
upd 2640/4882 step 2,703,360 ret 428.44 len 250.9 kl 0.0248  sps 1736
upd 2641/4882 step 2,704,384 ret 408.58 len 235.1 kl 0.0188  sps 1736
upd 2642/4882 step 2,705,408 ret 406.56 len 241.2 kl 0.0214  sps 1736
upd 2643/4882 step 2,706,432 ret 409.59 len 239.8 kl 0.0184  sps 1736
upd 2644/4882 step 2,707,456 ret 400.07 len 240.6 kl 0.0188  sps 1736
upd 2645/4882 step 2,708,480 ret 403.66 len 242.0 kl 0.0217  sps 1736
upd 2646/4882 step 2,709,504 ret 401.39 len 238.9 kl 0.0300* sps 1737
upd 2647/4882 step 2,710,528 ret 405.16 len 244.4 kl 0.0235  sps 1737
upd 2648/4882 step 2,711,552 ret 423.5 len 255.8 kl 0.0255  sps 1737
upd 2649/4882 step 2,712,576 ret 438.73 len 259.9 kl 0.0227  sps 1737
upd 2650/4882 step 2,713,600 ret 453.1 len 259.9 kl 0.0223  sps 1737
upd 2651/4882 step 2,714,624 ret 458.35 len 270.4 kl 0.0319* sps 1737
upd 2652/4882 step 2,715,648 ret 443.93 len 260.4 kl 0.0295  sps 1737
upd 2653/4882 step 2,716,672 ret 449.97 len 265.4 kl 0.0233  sps 1738
upd 2654/4882 step 2,717,696 ret 447.8 len 261.6 kl 0.0231  sps 1738
upd 2655/4882 step 2,718,720 ret 453.27 len 262.4 kl 0.0323* sps 1738
upd 2656/4882 step 2,719,744 ret 457.9 len 266.1 kl 0.0289  sps 1737
upd 2657/4882 step 2,720,768 ret 438.99 len 258.5 kl 0.0349* sps 1737
upd 2658/4882 step 2,721,792 ret 434.92 len 255.9 kl 0.0206  sps 1736
upd 2659/4882 step 2,722,816 ret 429.84 len 255.9 kl 0.0222  sps 1736
upd 2660/4882 step 2,723,840 ret 420.32 len 255.9 kl 0.0221  sps 1736
upd 2661/4882 step 2,724,864 ret 440.73 len 265.1 kl 0.0340* sps 1736
upd 2662/4882 step 2,725,888 ret 450.25 len 267.6 kl 0.0236  sps 1735
upd 2663/4882 step 2,726,912 ret 441.0 len 264.3 kl 0.0168  sps 1735
upd 2664/4882 step 2,727,936 ret 430.75 len 261.6 kl 0.0228  sps 1735
upd 2665/4882 step 2,728,960 ret 432.23 len 259.9 kl 0.0265  sps 1735
upd 2666/4882 step 2,729,984 ret 431.56 len 260.6 kl 0.0207  sps 1735
upd 2667/4882 step 2,731,008 ret 432.43 len 260.5 kl 0.0287  sps 1735
upd 2668/4882 step 2,732,032 ret 433.83 len 252.0 kl 0.0250  sps 1735
upd 2669/4882 step 2,733,056 ret 400.11 len 233.2 kl 0.0279  sps 1735
upd 2670/4882 step 2,734,080 ret 399.65 len 229.9 kl 0.0251  sps 1735
upd 2671/4882 step 2,735,104 ret 391.31 len 224.8 kl 0.0296  sps 1735
upd 2672/4882 step 2,736,128 ret 397.3 len 228.8 kl 0.0319* sps 1735
upd 2673/4882 step 2,737,152 ret 405.8 len 228.0 kl 0.0309* sps 1735
upd 2674/4882 step 2,738,176 ret 401.19 len 225.6 kl 0.0245  sps 1734
upd 2675/4882 step 2,739,200 ret 392.9 len 223.7 kl 0.0234  sps 1734
upd 2676/4882 step 2,740,224 ret 380.02 len 217.1 kl 0.0301* sps 1734
upd 2677/4882 step 2,741,248 ret 396.88 len 224.8 kl 0.0244  sps 1734
upd 2678/4882 step 2,742,272 ret 400.89 len 224.9 kl 0.0223  sps 1734
upd 2679/4882 step 2,743,296 ret 416.73 len 238.9 kl 0.0252  sps 1734
upd 2680/4882 step 2,744,320 ret 402.05 len 229.5 kl 0.0218  sps 1734
upd 2681/4882 step 2,745,344 ret 422.25 len 240.8 kl 0.0268  sps 1734
upd 2682/4882 step 2,746,368 ret 416.05 len 240.4 kl 0.0198  sps 1734
upd 2683/4882 step 2,747,392 ret 424.02 len 245.4 kl 0.0197  sps 1734
upd 2684/4882 step 2,748,416 ret 417.68 len 238.9 kl 0.0271  sps 1734
upd 2685/4882 step 2,749,440 ret 419.1 len 238.5 kl 0.0241  sps 1734
upd 2686/4882 step 2,750,464 ret 424.65 len 244.1 kl 0.0154  sps 1734
upd 2687/4882 step 2,751,488 ret 411.89 len 241.7 kl 0.0362* sps 1734
upd 2688/4882 step 2,752,512 ret 391.84 len 229.8 kl 0.0343* sps 1734
upd 2689/4882 step 2,753,536 ret 381.62 len 228.7 kl 0.0234  sps 1734
upd 2690/4882 step 2,754,560 ret 371.73 len 233.8 kl 0.0347* sps 1733
upd 2691/4882 step 2,755,584 ret 356.33 len 226.3 kl 0.0286  sps 1733
upd 2692/4882 step 2,756,608 ret 337.67 len 218.7 kl 0.0215  sps 1733
upd 2693/4882 step 2,757,632 ret 332.08 len 218.7 kl 0.0255  sps 1733
upd 2694/4882 step 2,758,656 ret 336.93 len 224.8 kl 0.0279  sps 1733
upd 2695/4882 step 2,759,680 ret 330.77 len 227.2 kl 0.0246  sps 1733
upd 2696/4882 step 2,760,704 ret 340.04 len 229.8 kl 0.0229  sps 1733
upd 2697/4882 step 2,761,728 ret 349.25 len 231.9 kl 0.0364* sps 1733
upd 2698/4882 step 2,762,752 ret 353.93 len 235.2 kl 0.0230  sps 1733
upd 2699/4882 step 2,763,776 ret 362.71 len 234.4 kl 0.0323* sps 1733
upd 2700/4882 step 2,764,800 ret 359.04 len 227.9 kl 0.0166  sps 1733
upd 2701/4882 step 2,765,824 ret 364.85 len 229.6 kl 0.0205  sps 1733
upd 2702/4882 step 2,766,848 ret 377.38 len 232.2 kl 0.0159  sps 1733
upd 2703/4882 step 2,767,872 ret 358.54 len 222.9 kl 0.0222  sps 1733
upd 2704/4882 step 2,768,896 ret 370.9 len 224.1 kl 0.0242  sps 1733
upd 2705/4882 step 2,769,920 ret 372.42 len 226.0 kl 0.0219  sps 1733
upd 2706/4882 step 2,770,944 ret 381.4 len 229.4 kl 0.0215  sps 1733
upd 2707/4882 step 2,771,968 ret 386.12 len 232.9 kl 0.0265  sps 1733
upd 2708/4882 step 2,772,992 ret 407.1 len 235.6 kl 0.0200  sps 1732
upd 2709/4882 step 2,774,016 ret 415.29 len 241.8 kl 0.0181  sps 1732
upd 2710/4882 step 2,775,040 ret 427.13 len 247.2 kl 0.0219  sps 1732
upd 2711/4882 step 2,776,064 ret 421.35 len 243.9 kl 0.0308* sps 1732
upd 2712/4882 step 2,777,088 ret 430.14 len 246.3 kl 0.0307* sps 1732
upd 2713/4882 step 2,778,112 ret 445.58 len 248.3 kl 0.0266  sps 1732
upd 2714/4882 step 2,779,136 ret 445.99 len 254.6 kl 0.0280  sps 1732
upd 2715/4882 step 2,780,160 ret 428.22 len 242.0 kl 0.0165  sps 1732
upd 2716/4882 step 2,781,184 ret 429.32 len 247.4 kl 0.0227  sps 1732
upd 2717/4882 step 2,782,208 ret 423.71 len 243.0 kl 0.0258  sps 1732
upd 2718/4882 step 2,783,232 ret 405.38 len 234.7 kl 0.0229  sps 1732
upd 2719/4882 step 2,784,256 ret 406.03 len 235.9 kl 0.0210  sps 1732
upd 2720/4882 step 2,785,280 ret 390.64 len 239.2 kl 0.0273  sps 1732
upd 2721/4882 step 2,786,304 ret 389.8 len 239.1 kl 0.0226  sps 1732
upd 2722/4882 step 2,787,328 ret 405.28 len 244.7 kl 0.0187  sps 1732
upd 2723/4882 step 2,788,352 ret 416.65 len 248.6 kl 0.0264  sps 1731
upd 2724/4882 step 2,789,376 ret 407.44 len 245.8 kl 0.0236  sps 1731
upd 2725/4882 step 2,790,400 ret 415.82 len 251.9 kl 0.0180  sps 1732
upd 2726/4882 step 2,791,424 ret 412.89 len 246.7 kl 0.0239  sps 1732
upd 2727/4882 step 2,792,448 ret 407.79 len 244.4 kl 0.0250  sps 1731
upd 2728/4882 step 2,793,472 ret 406.19 len 244.2 kl 0.0176  sps 1732
upd 2729/4882 step 2,794,496 ret 402.46 len 235.1 kl 0.0183  sps 1732
upd 2730/4882 step 2,795,520 ret 407.65 len 231.2 kl 0.0165  sps 1732
upd 2731/4882 step 2,796,544 ret 393.57 len 228.8 kl 0.0215  sps 1731
upd 2732/4882 step 2,797,568 ret 389.86 len 226.7 kl 0.0218  sps 1731
upd 2733/4882 step 2,798,592 ret 385.61 len 226.1 kl 0.0207  sps 1731
upd 2734/4882 step 2,799,616 ret 394.82 len 229.7 kl 0.0251  sps 1731
upd 2735/4882 step 2,800,640 ret 391.11 len 234.5 kl 0.0277  sps 1731
upd 2736/4882 step 2,801,664 ret 408.1 len 244.3 kl 0.0216  sps 1731
upd 2737/4882 step 2,802,688 ret 417.06 len 247.0 kl 0.0228  sps 1731
upd 2738/4882 step 2,803,712 ret 417.06 len 247.0 kl 0.0197  sps 1731
upd 2739/4882 step 2,804,736 ret 421.39 len 248.5 kl 0.0206  sps 1731
upd 2740/4882 step 2,805,760 ret 424.57 len 250.3 kl 0.0274  sps 1731
upd 2741/4882 step 2,806,784 ret 436.24 len 254.5 kl 0.0216  sps 1731
upd 2742/4882 step 2,807,808 ret 416.72 len 242.4 kl 0.0239  sps 1731
upd 2743/4882 step 2,808,832 ret 396.78 len 230.3 kl 0.0152  sps 1731
upd 2744/4882 step 2,809,856 ret 408.58 len 232.1 kl 0.0208  sps 1731
upd 2745/4882 step 2,810,880 ret 407.76 len 232.1 kl 0.0287  sps 1731
upd 2746/4882 step 2,811,904 ret 425.66 len 240.8 kl 0.0224  sps 1731
upd 2747/4882 step 2,812,928 ret 415.11 len 243.2 kl 0.0304* sps 1730
upd 2748/4882 step 2,813,952 ret 417.81 len 242.2 kl 0.0159  sps 1730
upd 2749/4882 step 2,814,976 ret 424.42 len 247.9 kl 0.0226  sps 1730
upd 2750/4882 step 2,816,000 ret 417.42 len 245.3 kl 0.0223  sps 1730
upd 2751/4882 step 2,817,024 ret 420.47 len 246.4 kl 0.0254  sps 1730
upd 2752/4882 step 2,818,048 ret 437.45 len 258.5 kl 0.0179  sps 1730
upd 2753/4882 step 2,819,072 ret 452.85 len 268.4 kl 0.0197  sps 1731
upd 2754/4882 step 2,820,096 ret 470.33 len 278.8 kl 0.0181  sps 1731
upd 2755/4882 step 2,821,120 ret 475.16 len 279.9 kl 0.0244  sps 1731
upd 2756/4882 step 2,822,144 ret 457.58 len 270.6 kl 0.0256  sps 1730
upd 2757/4882 step 2,823,168 ret 459.31 len 266.9 kl 0.0195  sps 1731
upd 2758/4882 step 2,824,192 ret 463.21 len 267.3 kl 0.0223  sps 1731
upd 2759/4882 step 2,825,216 ret 465.34 len 270.2 kl 0.0179  sps 1731
upd 2760/4882 step 2,826,240 ret 477.51 len 272.8 kl 0.0187  sps 1732
upd 2761/4882 step 2,827,264 ret 476.14 len 272.6 kl 0.0268  sps 1732
upd 2762/4882 step 2,828,288 ret 478.73 len 276.4 kl 0.0207  sps 1732
upd 2763/4882 step 2,829,312 ret 481.59 len 276.4 kl 0.0211  sps 1732
upd 2764/4882 step 2,830,336 ret 472.8 len 269.4 kl 0.0233  sps 1731
upd 2765/4882 step 2,831,360 ret 474.44 len 271.7 kl 0.0224  sps 1731
upd 2766/4882 step 2,832,384 ret 469.92 len 272.1 kl 0.0170  sps 1732
upd 2767/4882 step 2,833,408 ret 468.52 len 273.6 kl 0.0336* sps 1732
upd 2768/4882 step 2,834,432 ret 463.61 len 273.6 kl 0.0215  sps 1732
upd 2769/4882 step 2,835,456 ret 444.44 len 266.6 kl 0.0223  sps 1732
upd 2770/4882 step 2,836,480 ret 437.43 len 264.4 kl 0.0248  sps 1732
upd 2771/4882 step 2,837,504 ret 428.7 len 264.2 kl 0.0318* sps 1732
upd 2772/4882 step 2,838,528 ret 428.77 len 259.3 kl 0.0183  sps 1732
upd 2773/4882 step 2,839,552 ret 416.77 len 253.6 kl 0.0216  sps 1732
upd 2774/4882 step 2,840,576 ret 407.0 len 250.4 kl 0.0197  sps 1732
upd 2775/4882 step 2,841,600 ret 411.08 len 250.4 kl 0.0204  sps 1732
upd 2776/4882 step 2,842,624 ret 426.51 len 257.1 kl 0.0211  sps 1732
upd 2777/4882 step 2,843,648 ret 432.15 len 254.7 kl 0.0230  sps 1732
upd 2778/4882 step 2,844,672 ret 431.37 len 254.7 kl 0.0250  sps 1732
upd 2779/4882 step 2,845,696 ret 439.84 len 259.7 kl 0.0162  sps 1732
upd 2780/4882 step 2,846,720 ret 440.45 len 261.8 kl 0.0186  sps 1731
upd 2781/4882 step 2,847,744 ret 430.35 len 256.1 kl 0.0212  sps 1732
upd 2782/4882 step 2,848,768 ret 430.44 len 257.6 kl 0.0274  sps 1732
upd 2783/4882 step 2,849,792 ret 439.57 len 264.2 kl 0.0221  sps 1732
upd 2784/4882 step 2,850,816 ret 447.17 len 268.3 kl 0.0216  sps 1732
upd 2785/4882 step 2,851,840 ret 437.86 len 263.7 kl 0.0255  sps 1732
upd 2786/4882 step 2,852,864 ret 433.68 len 263.8 kl 0.0237  sps 1733
upd 2787/4882 step 2,853,888 ret 443.28 len 272.5 kl 0.0214  sps 1732
upd 2788/4882 step 2,854,912 ret 429.96 len 260.9 kl 0.0211  sps 1732
upd 2789/4882 step 2,855,936 ret 413.19 len 245.4 kl 0.0204  sps 1732
upd 2790/4882 step 2,856,960 ret 401.66 len 241.4 kl 0.0255  sps 1732
upd 2791/4882 step 2,857,984 ret 410.21 len 241.7 kl 0.0176  sps 1732
upd 2792/4882 step 2,859,008 ret 410.83 len 240.7 kl 0.0231  sps 1732
upd 2793/4882 step 2,860,032 ret 417.12 len 243.4 kl 0.0209  sps 1732
upd 2794/4882 step 2,861,056 ret 423.39 len 247.0 kl 0.0168  sps 1732
upd 2795/4882 step 2,862,080 ret 421.53 len 244.4 kl 0.0223  sps 1732
upd 2796/4882 step 2,863,104 ret 420.99 len 244.5 kl 0.0254  sps 1732
upd 2797/4882 step 2,864,128 ret 407.16 len 237.3 kl 0.0252  sps 1732
upd 2798/4882 step 2,865,152 ret 421.04 len 247.9 kl 0.0261  sps 1732
upd 2799/4882 step 2,866,176 ret 444.43 len 260.9 kl 0.0307* sps 1732
upd 2800/4882 step 2,867,200 ret 448.16 len 265.9 kl 0.0190  sps 1732
upd 2801/4882 step 2,868,224 ret 452.35 len 262.5 kl 0.0245  sps 1732
upd 2802/4882 step 2,869,248 ret 452.96 len 263.1 kl 0.0186  sps 1732
upd 2803/4882 step 2,870,272 ret 442.96 len 257.6 kl 0.0154  sps 1732
upd 2804/4882 step 2,871,296 ret 436.63 len 253.5 kl 0.0206  sps 1732
upd 2805/4882 step 2,872,320 ret 432.93 len 256.2 kl 0.0221  sps 1732
upd 2806/4882 step 2,873,344 ret 439.45 len 256.4 kl 0.0246  sps 1732
upd 2807/4882 step 2,874,368 ret 450.67 len 260.7 kl 0.0295  sps 1732
upd 2808/4882 step 2,875,392 ret 435.44 len 253.8 kl 0.0203  sps 1732
upd 2809/4882 step 2,876,416 ret 424.33 len 251.9 kl 0.0226  sps 1732
upd 2810/4882 step 2,877,440 ret 412.48 len 240.7 kl 0.0292  sps 1732
upd 2811/4882 step 2,878,464 ret 414.86 len 242.2 kl 0.0259  sps 1732
upd 2812/4882 step 2,879,488 ret 423.15 len 242.2 kl 0.0226  sps 1732
upd 2813/4882 step 2,880,512 ret 417.78 len 246.2 kl 0.0268  sps 1732
upd 2814/4882 step 2,881,536 ret 421.1 len 247.6 kl 0.0219  sps 1731
upd 2815/4882 step 2,882,560 ret 428.92 len 252.6 kl 0.0216  sps 1731
upd 2816/4882 step 2,883,584 ret 395.85 len 241.7 kl 0.0207  sps 1731
upd 2817/4882 step 2,884,608 ret 390.54 len 234.8 kl 0.0195  sps 1731
upd 2818/4882 step 2,885,632 ret 391.21 len 240.9 kl 0.0198  sps 1731
upd 2819/4882 step 2,886,656 ret 382.32 len 238.2 kl 0.0190  sps 1731
upd 2820/4882 step 2,887,680 ret 389.4 len 242.6 kl 0.0215  sps 1731
upd 2821/4882 step 2,888,704 ret 384.73 len 243.2 kl 0.0245  sps 1731
upd 2822/4882 step 2,889,728 ret 379.2 len 237.1 kl 0.0207  sps 1731
upd 2823/4882 step 2,890,752 ret 392.48 len 242.2 kl 0.0173  sps 1731
upd 2824/4882 step 2,891,776 ret 385.54 len 229.2 kl 0.0244  sps 1731
upd 2825/4882 step 2,892,800 ret 398.93 len 231.7 kl 0.0133  sps 1731
upd 2826/4882 step 2,893,824 ret 406.11 len 231.1 kl 0.0192  sps 1731
upd 2827/4882 step 2,894,848 ret 423.52 len 236.0 kl 0.0257  sps 1731
upd 2828/4882 step 2,895,872 ret 429.38 len 239.9 kl 0.0158  sps 1731
upd 2829/4882 step 2,896,896 ret 433.62 len 237.8 kl 0.0259  sps 1731
upd 2830/4882 step 2,897,920 ret 445.15 len 243.6 kl 0.0170  sps 1731
upd 2831/4882 step 2,898,944 ret 443.49 len 245.2 kl 0.0194  sps 1731
upd 2832/4882 step 2,899,968 ret 453.31 len 247.4 kl 0.0231  sps 1731
upd 2833/4882 step 2,900,992 ret 439.27 len 243.3 kl 0.0205  sps 1731
upd 2834/4882 step 2,902,016 ret 457.99 len 254.3 kl 0.0211  sps 1731
upd 2835/4882 step 2,903,040 ret 449.39 len 256.0 kl 0.0262  sps 1730
upd 2836/4882 step 2,904,064 ret 456.23 len 261.5 kl 0.0185  sps 1731
upd 2837/4882 step 2,905,088 ret 453.21 len 260.4 kl 0.0235  sps 1730
upd 2838/4882 step 2,906,112 ret 448.03 len 256.4 kl 0.0321* sps 1731
upd 2839/4882 step 2,907,136 ret 448.51 len 262.1 kl 0.0171  sps 1731
upd 2840/4882 step 2,908,160 ret 440.91 len 257.4 kl 0.0195  sps 1730
upd 2841/4882 step 2,909,184 ret 455.38 len 264.0 kl 0.0196  sps 1730
upd 2842/4882 step 2,910,208 ret 453.04 len 264.0 kl 0.0211  sps 1730
upd 2843/4882 step 2,911,232 ret 427.95 len 257.7 kl 0.0210  sps 1731
upd 2844/4882 step 2,912,256 ret 427.06 len 252.4 kl 0.0190  sps 1730
upd 2845/4882 step 2,913,280 ret 409.89 len 241.9 kl 0.0230  sps 1730
upd 2846/4882 step 2,914,304 ret 416.91 len 243.0 kl 0.0195  sps 1730
upd 2847/4882 step 2,915,328 ret 421.67 len 247.0 kl 0.0231  sps 1731
upd 2848/4882 step 2,916,352 ret 414.74 len 243.9 kl 0.0280  sps 1731
upd 2849/4882 step 2,917,376 ret 419.12 len 242.7 kl 0.0147  sps 1731
upd 2850/4882 step 2,918,400 ret 419.92 len 245.8 kl 0.0251  sps 1730
upd 2851/4882 step 2,919,424 ret 397.64 len 233.4 kl 0.0224  sps 1730
upd 2852/4882 step 2,920,448 ret 401.78 len 230.5 kl 0.0194  sps 1730
upd 2853/4882 step 2,921,472 ret 402.7 len 232.9 kl 0.0233  sps 1730
upd 2854/4882 step 2,922,496 ret 401.18 len 234.3 kl 0.0203  sps 1730
upd 2855/4882 step 2,923,520 ret 414.45 len 247.3 kl 0.0205  sps 1731
upd 2856/4882 step 2,924,544 ret 419.02 len 252.1 kl 0.0228  sps 1731
upd 2857/4882 step 2,925,568 ret 404.59 len 243.4 kl 0.0195  sps 1731
upd 2858/4882 step 2,926,592 ret 405.71 len 237.7 kl 0.0260  sps 1731
upd 2859/4882 step 2,927,616 ret 393.67 len 230.8 kl 0.0158  sps 1731
upd 2860/4882 step 2,928,640 ret 385.38 len 227.4 kl 0.0236  sps 1731
upd 2861/4882 step 2,929,664 ret 393.51 len 230.0 kl 0.0223  sps 1731
upd 2862/4882 step 2,930,688 ret 383.23 len 232.8 kl 0.0229  sps 1731
upd 2863/4882 step 2,931,712 ret 380.74 len 233.8 kl 0.0247  sps 1731
upd 2864/4882 step 2,932,736 ret 386.6 len 234.1 kl 0.0343* sps 1731
upd 2865/4882 step 2,933,760 ret 389.83 len 231.1 kl 0.0220  sps 1731
upd 2866/4882 step 2,934,784 ret 400.74 len 237.3 kl 0.0168  sps 1731
upd 2867/4882 step 2,935,808 ret 411.25 len 247.4 kl 0.0218  sps 1731
upd 2868/4882 step 2,936,832 ret 395.12 len 241.2 kl 0.0220  sps 1731
upd 2869/4882 step 2,937,856 ret 400.01 len 243.7 kl 0.0204  sps 1731
upd 2870/4882 step 2,938,880 ret 429.3 len 258.3 kl 0.0187  sps 1731
upd 2871/4882 step 2,939,904 ret 429.2 len 258.9 kl 0.0309* sps 1731
upd 2872/4882 step 2,940,928 ret 426.74 len 257.2 kl 0.0482* sps 1731
upd 2873/4882 step 2,941,952 ret 425.22 len 254.5 kl 0.0208  sps 1731
upd 2874/4882 step 2,942,976 ret 416.9 len 248.6 kl 0.0308* sps 1731
upd 2875/4882 step 2,944,000 ret 404.87 len 239.8 kl 0.0230  sps 1731
upd 2876/4882 step 2,945,024 ret 410.95 len 239.7 kl 0.0296  sps 1731
upd 2877/4882 step 2,946,048 ret 422.01 len 245.9 kl 0.0240  sps 1731
upd 2878/4882 step 2,947,072 ret 429.83 len 248.8 kl 0.0284  sps 1731
upd 2879/4882 step 2,948,096 ret 435.15 len 251.6 kl 0.0183  sps 1731
upd 2880/4882 step 2,949,120 ret 438.77 len 252.1 kl 0.0277  sps 1731
upd 2881/4882 step 2,950,144 ret 433.74 len 248.6 kl 0.0317* sps 1731
upd 2882/4882 step 2,951,168 ret 448.23 len 250.2 kl 0.0247  sps 1731
upd 2883/4882 step 2,952,192 ret 452.92 len 251.5 kl 0.0222  sps 1732
upd 2884/4882 step 2,953,216 ret 455.59 len 256.4 kl 0.0261  sps 1731
upd 2885/4882 step 2,954,240 ret 449.4 len 255.7 kl 0.0261  sps 1731
upd 2886/4882 step 2,955,264 ret 443.23 len 253.5 kl 0.0242  sps 1731
upd 2887/4882 step 2,956,288 ret 431.79 len 249.3 kl 0.0180  sps 1731
upd 2888/4882 step 2,957,312 ret 415.5 len 240.9 kl 0.0244  sps 1731
upd 2889/4882 step 2,958,336 ret 398.43 len 232.8 kl 0.0223  sps 1731
upd 2890/4882 step 2,959,360 ret 389.78 len 228.9 kl 0.0288  sps 1731
upd 2891/4882 step 2,960,384 ret 385.39 len 228.3 kl 0.0247  sps 1731
upd 2892/4882 step 2,961,408 ret 393.21 len 233.4 kl 0.0240  sps 1731
upd 2893/4882 step 2,962,432 ret 390.8 len 233.4 kl 0.0238  sps 1731
upd 2894/4882 step 2,963,456 ret 409.87 len 242.9 kl 0.0188  sps 1731
upd 2895/4882 step 2,964,480 ret 397.16 len 236.4 kl 0.0214  sps 1731
upd 2896/4882 step 2,965,504 ret 386.02 len 227.4 kl 0.0240  sps 1731
upd 2897/4882 step 2,966,528 ret 390.58 len 227.3 kl 0.0256  sps 1731
upd 2898/4882 step 2,967,552 ret 412.07 len 237.1 kl 0.0233  sps 1731
upd 2899/4882 step 2,968,576 ret 413.0 len 234.5 kl 0.0219  sps 1731
upd 2900/4882 step 2,969,600 ret 406.69 len 226.9 kl 0.0300  sps 1731
upd 2901/4882 step 2,970,624 ret 394.77 len 217.9 kl 0.0248  sps 1731
upd 2902/4882 step 2,971,648 ret 388.46 len 213.1 kl 0.0203  sps 1731
upd 2903/4882 step 2,972,672 ret 394.61 len 218.4 kl 0.0208  sps 1731
upd 2904/4882 step 2,973,696 ret 407.84 len 222.0 kl 0.0217  sps 1731
upd 2905/4882 step 2,974,720 ret 405.7 len 222.0 kl 0.0225  sps 1731
upd 2906/4882 step 2,975,744 ret 401.77 len 223.3 kl 0.0263  sps 1731
upd 2907/4882 step 2,976,768 ret 395.92 len 222.9 kl 0.0270  sps 1731
upd 2908/4882 step 2,977,792 ret 394.0 len 225.1 kl 0.0157  sps 1731
upd 2909/4882 step 2,978,816 ret 406.15 len 234.2 kl 0.0236  sps 1731
upd 2910/4882 step 2,979,840 ret 405.8 len 234.5 kl 0.0219  sps 1731
upd 2911/4882 step 2,980,864 ret 423.45 len 242.2 kl 0.0243  sps 1730
upd 2912/4882 step 2,981,888 ret 403.85 len 234.4 kl 0.0223  sps 1730
upd 2913/4882 step 2,982,912 ret 406.28 len 237.2 kl 0.0181  sps 1730
upd 2914/4882 step 2,983,936 ret 417.57 len 245.5 kl 0.0206  sps 1730
upd 2915/4882 step 2,984,960 ret 401.22 len 237.2 kl 0.0282  sps 1730
upd 2916/4882 step 2,985,984 ret 406.65 len 239.4 kl 0.0263  sps 1730
upd 2917/4882 step 2,987,008 ret 419.55 len 247.2 kl 0.0237  sps 1730
upd 2918/4882 step 2,988,032 ret 430.62 len 250.5 kl 0.0236  sps 1730
upd 2919/4882 step 2,989,056 ret 422.08 len 247.5 kl 0.0306* sps 1730
upd 2920/4882 step 2,990,080 ret 420.58 len 250.3 kl 0.0201  sps 1730
upd 2921/4882 step 2,991,104 ret 407.8 len 245.2 kl 0.0218  sps 1730
upd 2922/4882 step 2,992,128 ret 420.74 len 252.8 kl 0.0216  sps 1730
upd 2923/4882 step 2,993,152 ret 426.5 len 258.6 kl 0.0213  sps 1730
upd 2924/4882 step 2,994,176 ret 427.5 len 256.9 kl 0.0185  sps 1731
upd 2925/4882 step 2,995,200 ret 431.27 len 257.6 kl 0.0229  sps 1731
upd 2926/4882 step 2,996,224 ret 434.91 len 258.2 kl 0.0186  sps 1731
upd 2927/4882 step 2,997,248 ret 420.7 len 250.7 kl 0.0176  sps 1731
upd 2928/4882 step 2,998,272 ret 435.46 len 254.1 kl 0.0293  sps 1731
upd 2929/4882 step 2,999,296 ret 430.34 len 252.7 kl 0.0307* sps 1731
upd 2930/4882 step 3,000,320 ret 429.42 len 250.4 kl 0.0192  sps 1731
upd 2931/4882 step 3,001,344 ret 423.35 len 246.5 kl 0.0213  sps 1731
upd 2932/4882 step 3,002,368 ret 422.42 len 247.3 kl 0.0257  sps 1731
upd 2933/4882 step 3,003,392 ret 430.67 len 247.3 kl 0.0192  sps 1731
upd 2934/4882 step 3,004,416 ret 424.94 len 249.2 kl 0.0296  sps 1731
upd 2935/4882 step 3,005,440 ret 419.77 len 247.0 kl 0.0396* sps 1732
upd 2936/4882 step 3,006,464 ret 421.77 len 248.4 kl 0.0255  sps 1732
upd 2937/4882 step 3,007,488 ret 427.66 len 253.7 kl 0.0231  sps 1732
upd 2938/4882 step 3,008,512 ret 435.13 len 255.6 kl 0.0191  sps 1732
upd 2939/4882 step 3,009,536 ret 432.56 len 256.1 kl 0.0187  sps 1733
upd 2940/4882 step 3,010,560 ret 432.53 len 255.0 kl 0.0231  sps 1733
upd 2941/4882 step 3,011,584 ret 441.4 len 255.0 kl 0.0257  sps 1733
upd 2942/4882 step 3,012,608 ret 447.59 len 254.4 kl 0.0269  sps 1733
upd 2943/4882 step 3,013,632 ret 444.82 len 251.9 kl 0.0306* sps 1733
upd 2944/4882 step 3,014,656 ret 425.31 len 236.3 kl 0.0209  sps 1733
upd 2945/4882 step 3,015,680 ret 416.6 len 235.2 kl 0.0193  sps 1733
upd 2946/4882 step 3,016,704 ret 414.15 len 232.6 kl 0.0186  sps 1733
upd 2947/4882 step 3,017,728 ret 403.06 len 226.5 kl 0.0221  sps 1733
upd 2948/4882 step 3,018,752 ret 409.09 len 231.0 kl 0.0206  sps 1734
upd 2949/4882 step 3,019,776 ret 422.61 len 236.9 kl 0.0187  sps 1733
upd 2950/4882 step 3,020,800 ret 416.01 len 234.1 kl 0.0247  sps 1733
upd 2951/4882 step 3,021,824 ret 405.6 len 229.6 kl 0.0251  sps 1733
upd 2952/4882 step 3,022,848 ret 394.42 len 226.5 kl 0.0232  sps 1734
upd 2953/4882 step 3,023,872 ret 419.24 len 239.0 kl 0.0188  sps 1734
upd 2954/4882 step 3,024,896 ret 439.19 len 249.4 kl 0.0268  sps 1734
upd 2955/4882 step 3,025,920 ret 449.57 len 254.5 kl 0.0219  sps 1733
upd 2956/4882 step 3,026,944 ret 441.44 len 252.2 kl 0.0212  sps 1733
upd 2957/4882 step 3,027,968 ret 421.31 len 241.2 kl 0.0372* sps 1734
upd 2958/4882 step 3,028,992 ret 406.43 len 233.2 kl 0.0251  sps 1734
upd 2959/4882 step 3,030,016 ret 411.57 len 237.8 kl 0.0224  sps 1733
upd 2960/4882 step 3,031,040 ret 409.53 len 239.5 kl 0.0220  sps 1734
upd 2961/4882 step 3,032,064 ret 431.21 len 247.9 kl 0.0256  sps 1734
upd 2962/4882 step 3,033,088 ret 432.08 len 249.8 kl 0.0234  sps 1734
upd 2963/4882 step 3,034,112 ret 427.04 len 250.3 kl 0.0340* sps 1734
upd 2964/4882 step 3,035,136 ret 408.88 len 238.6 kl 0.0353* sps 1734
upd 2965/4882 step 3,036,160 ret 422.65 len 244.3 kl 0.0158  sps 1734
upd 2966/4882 step 3,037,184 ret 431.06 len 246.4 kl 0.0284  sps 1734
upd 2967/4882 step 3,038,208 ret 422.7 len 250.9 kl 0.0256  sps 1734
upd 2968/4882 step 3,039,232 ret 420.16 len 246.5 kl 0.0292  sps 1734
upd 2969/4882 step 3,040,256 ret 431.33 len 250.3 kl 0.0355* sps 1734
upd 2970/4882 step 3,041,280 ret 436.7 len 250.5 kl 0.0216  sps 1734
upd 2971/4882 step 3,042,304 ret 423.45 len 246.6 kl 0.0266  sps 1734
upd 2972/4882 step 3,043,328 ret 413.8 len 241.2 kl 0.0168  sps 1734
upd 2973/4882 step 3,044,352 ret 404.99 len 241.2 kl 0.0258  sps 1735
upd 2974/4882 step 3,045,376 ret 421.45 len 249.2 kl 0.0209  sps 1735
upd 2975/4882 step 3,046,400 ret 417.75 len 248.2 kl 0.0238  sps 1735
upd 2976/4882 step 3,047,424 ret 427.96 len 253.9 kl 0.0265  sps 1735
upd 2977/4882 step 3,048,448 ret 445.62 len 259.9 kl 0.0184  sps 1735
upd 2978/4882 step 3,049,472 ret 456.38 len 262.9 kl 0.0310* sps 1735
upd 2979/4882 step 3,050,496 ret 451.98 len 263.4 kl 0.0279  sps 1735
upd 2980/4882 step 3,051,520 ret 439.68 len 259.6 kl 0.0168  sps 1735
upd 2981/4882 step 3,052,544 ret 448.35 len 264.4 kl 0.0183  sps 1735
upd 2982/4882 step 3,053,568 ret 436.61 len 254.4 kl 0.0240  sps 1734
upd 2983/4882 step 3,054,592 ret 443.13 len 252.2 kl 0.0210  sps 1734
upd 2984/4882 step 3,055,616 ret 438.92 len 254.1 kl 0.0208  sps 1735
upd 2985/4882 step 3,056,640 ret 439.35 len 254.1 kl 0.0256  sps 1735
upd 2986/4882 step 3,057,664 ret 417.39 len 241.1 kl 0.0234  sps 1735
upd 2987/4882 step 3,058,688 ret 401.69 len 233.8 kl 0.0263  sps 1735
upd 2988/4882 step 3,059,712 ret 409.34 len 234.5 kl 0.0218  sps 1735
upd 2989/4882 step 3,060,736 ret 415.25 len 238.6 kl 0.0231  sps 1735
upd 2990/4882 step 3,061,760 ret 424.16 len 241.4 kl 0.0222  sps 1735
upd 2991/4882 step 3,062,784 ret 423.47 len 241.9 kl 0.0269  sps 1735
upd 2992/4882 step 3,063,808 ret 414.06 len 238.7 kl 0.0202  sps 1735
upd 2993/4882 step 3,064,832 ret 400.58 len 228.9 kl 0.0188  sps 1735
upd 2994/4882 step 3,065,856 ret 393.2 len 223.9 kl 0.0242  sps 1735
upd 2995/4882 step 3,066,880 ret 411.95 len 236.2 kl 0.0215  sps 1735
upd 2996/4882 step 3,067,904 ret 413.36 len 240.6 kl 0.0275  sps 1735
upd 2997/4882 step 3,068,928 ret 400.82 len 231.8 kl 0.0195  sps 1735
upd 2998/4882 step 3,069,952 ret 403.94 len 235.0 kl 0.0281  sps 1736
upd 2999/4882 step 3,070,976 ret 386.5 len 225.2 kl 0.0140  sps 1736
upd 3000/4882 step 3,072,000 ret 391.03 len 229.5 kl 0.0227  sps 1736
upd 3001/4882 step 3,073,024 ret 402.39 len 236.4 kl 0.0221  sps 1735
upd 3002/4882 step 3,074,048 ret 410.81 len 240.8 kl 0.0182  sps 1735
upd 3003/4882 step 3,075,072 ret 422.67 len 246.9 kl 0.0193  sps 1735
upd 3004/4882 step 3,076,096 ret 418.59 len 245.6 kl 0.0172  sps 1735
upd 3005/4882 step 3,077,120 ret 415.18 len 250.2 kl 0.0269  sps 1735
upd 3006/4882 step 3,078,144 ret 412.12 len 248.1 kl 0.0306* sps 1735
upd 3007/4882 step 3,079,168 ret 421.88 len 253.8 kl 0.0172  sps 1735
upd 3008/4882 step 3,080,192 ret 411.74 len 249.3 kl 0.0229  sps 1735
upd 3009/4882 step 3,081,216 ret 421.52 len 257.0 kl 0.0222  sps 1735
upd 3010/4882 step 3,082,240 ret 413.86 len 249.9 kl 0.0295  sps 1735
upd 3011/4882 step 3,083,264 ret 407.62 len 248.1 kl 0.0278  sps 1735
upd 3012/4882 step 3,084,288 ret 396.54 len 241.2 kl 0.0254  sps 1735
upd 3013/4882 step 3,085,312 ret 400.48 len 244.6 kl 0.0216  sps 1735
upd 3014/4882 step 3,086,336 ret 387.83 len 238.7 kl 0.0213  sps 1735
upd 3015/4882 step 3,087,360 ret 397.02 len 238.6 kl 0.0175  sps 1735
upd 3016/4882 step 3,088,384 ret 384.33 len 228.7 kl 0.0217  sps 1736
upd 3017/4882 step 3,089,408 ret 379.7 len 227.5 kl 0.0172  sps 1736
upd 3018/4882 step 3,090,432 ret 380.19 len 226.0 kl 0.0212  sps 1736
upd 3019/4882 step 3,091,456 ret 401.49 len 238.3 kl 0.0257  sps 1736
upd 3020/4882 step 3,092,480 ret 405.46 len 242.3 kl 0.0181  sps 1736
upd 3021/4882 step 3,093,504 ret 416.76 len 247.2 kl 0.0200  sps 1736
upd 3022/4882 step 3,094,528 ret 409.13 len 241.7 kl 0.0278  sps 1736
upd 3023/4882 step 3,095,552 ret 422.9 len 249.3 kl 0.0184  sps 1736
upd 3024/4882 step 3,096,576 ret 417.05 len 245.2 kl 0.0213  sps 1736
upd 3025/4882 step 3,097,600 ret 425.64 len 248.9 kl 0.0164  sps 1736
upd 3026/4882 step 3,098,624 ret 437.39 len 256.1 kl 0.0203  sps 1736
upd 3027/4882 step 3,099,648 ret 439.29 len 254.2 kl 0.0223  sps 1736
upd 3028/4882 step 3,100,672 ret 422.11 len 251.3 kl 0.0217  sps 1736
upd 3029/4882 step 3,101,696 ret 400.38 len 242.1 kl 0.0219  sps 1736
upd 3030/4882 step 3,102,720 ret 395.18 len 242.1 kl 0.0169  sps 1736
upd 3031/4882 step 3,103,744 ret 382.47 len 242.8 kl 0.0262  sps 1736
upd 3032/4882 step 3,104,768 ret 382.39 len 245.3 kl 0.0197  sps 1736
upd 3033/4882 step 3,105,792 ret 384.3 len 246.7 kl 0.0200  sps 1735
upd 3034/4882 step 3,106,816 ret 379.35 len 244.7 kl 0.0255  sps 1735
upd 3035/4882 step 3,107,840 ret 383.29 len 244.3 kl 0.0209  sps 1736
upd 3036/4882 step 3,108,864 ret 391.67 len 247.6 kl 0.0186  sps 1736
upd 3037/4882 step 3,109,888 ret 393.63 len 249.2 kl 0.0256  sps 1736
upd 3038/4882 step 3,110,912 ret 415.01 len 255.2 kl 0.0337* sps 1736
upd 3039/4882 step 3,111,936 ret 408.86 len 248.8 kl 0.0267  sps 1736
upd 3040/4882 step 3,112,960 ret 401.22 len 242.1 kl 0.0220  sps 1736
upd 3041/4882 step 3,113,984 ret 404.27 len 239.3 kl 0.0212  sps 1735
upd 3042/4882 step 3,115,008 ret 393.73 len 232.0 kl 0.0189  sps 1736
upd 3043/4882 step 3,116,032 ret 398.33 len 234.4 kl 0.0181  sps 1736
upd 3044/4882 step 3,117,056 ret 369.44 len 219.3 kl 0.0163  sps 1736
upd 3045/4882 step 3,118,080 ret 375.19 len 229.6 kl 0.0204  sps 1736
upd 3046/4882 step 3,119,104 ret 368.53 len 227.9 kl 0.0194  sps 1736
upd 3047/4882 step 3,120,128 ret 360.56 len 223.2 kl 0.0214  sps 1736
upd 3048/4882 step 3,121,152 ret 368.8 len 224.2 kl 0.0177  sps 1736
upd 3049/4882 step 3,122,176 ret 378.32 len 230.8 kl 0.0221  sps 1736
upd 3050/4882 step 3,123,200 ret 385.55 len 232.2 kl 0.0228  sps 1736
upd 3051/4882 step 3,124,224 ret 399.39 len 243.4 kl 0.0261  sps 1736
upd 3052/4882 step 3,125,248 ret 383.27 len 237.6 kl 0.0222  sps 1736
upd 3053/4882 step 3,126,272 ret 378.39 len 231.4 kl 0.0233  sps 1736
upd 3054/4882 step 3,127,296 ret 377.05 len 222.0 kl 0.0186  sps 1736
upd 3055/4882 step 3,128,320 ret 364.95 len 214.0 kl 0.0237  sps 1736
upd 3056/4882 step 3,129,344 ret 374.41 len 219.0 kl 0.0262  sps 1736
upd 3057/4882 step 3,130,368 ret 389.3 len 227.3 kl 0.0277  sps 1736
upd 3058/4882 step 3,131,392 ret 376.65 len 217.0 kl 0.0216  sps 1736
upd 3059/4882 step 3,132,416 ret 383.47 len 226.0 kl 0.0217  sps 1736
upd 3060/4882 step 3,133,440 ret 363.39 len 210.8 kl 0.0188  sps 1736
upd 3061/4882 step 3,134,464 ret 378.99 len 221.0 kl 0.0238  sps 1736
upd 3062/4882 step 3,135,488 ret 388.62 len 229.1 kl 0.0293  sps 1736
upd 3063/4882 step 3,136,512 ret 385.73 len 234.4 kl 0.0296  sps 1736
upd 3064/4882 step 3,137,536 ret 391.67 len 239.1 kl 0.0331* sps 1736
upd 3065/4882 step 3,138,560 ret 390.71 len 245.2 kl 0.0173  sps 1736
upd 3066/4882 step 3,139,584 ret 388.95 len 245.7 kl 0.0194  sps 1736
upd 3067/4882 step 3,140,608 ret 391.51 len 248.6 kl 0.0171  sps 1736
upd 3068/4882 step 3,141,632 ret 398.66 len 251.6 kl 0.0242  sps 1736
upd 3069/4882 step 3,142,656 ret 395.31 len 248.7 kl 0.0189  sps 1736
upd 3070/4882 step 3,143,680 ret 412.71 len 261.4 kl 0.0211  sps 1736
upd 3071/4882 step 3,144,704 ret 411.68 len 260.2 kl 0.0261  sps 1736
upd 3072/4882 step 3,145,728 ret 399.45 len 255.3 kl 0.0230  sps 1736
upd 3073/4882 step 3,146,752 ret 394.03 len 248.1 kl 0.0236  sps 1736
upd 3074/4882 step 3,147,776 ret 385.63 len 242.7 kl 0.0220  sps 1736
upd 3075/4882 step 3,148,800 ret 391.74 len 245.9 kl 0.0267  sps 1736
upd 3076/4882 step 3,149,824 ret 381.34 len 243.5 kl 0.0249  sps 1736
upd 3077/4882 step 3,150,848 ret 388.84 len 247.7 kl 0.0294  sps 1736
upd 3078/4882 step 3,151,872 ret 387.02 len 247.8 kl 0.0200  sps 1736
upd 3079/4882 step 3,152,896 ret 395.56 len 251.0 kl 0.0193  sps 1736
upd 3080/4882 step 3,153,920 ret 390.0 len 242.4 kl 0.0297  sps 1736
upd 3081/4882 step 3,154,944 ret 389.15 len 243.2 kl 0.0269  sps 1736
upd 3082/4882 step 3,155,968 ret 414.83 len 253.1 kl 0.0161  sps 1736
upd 3083/4882 step 3,156,992 ret 419.26 len 262.0 kl 0.0207  sps 1736
upd 3084/4882 step 3,158,016 ret 422.47 len 267.4 kl 0.0229  sps 1736
upd 3085/4882 step 3,159,040 ret 424.88 len 264.7 kl 0.0262  sps 1736
upd 3086/4882 step 3,160,064 ret 427.9 len 267.9 kl 0.0228  sps 1736
upd 3087/4882 step 3,161,088 ret 433.67 len 264.7 kl 0.0262  sps 1736
upd 3088/4882 step 3,162,112 ret 420.21 len 254.4 kl 0.0179  sps 1736
upd 3089/4882 step 3,163,136 ret 424.79 len 255.3 kl 0.0215  sps 1736
upd 3090/4882 step 3,164,160 ret 421.31 len 255.3 kl 0.0236  sps 1736
upd 3091/4882 step 3,165,184 ret 427.31 len 258.3 kl 0.0213  sps 1736
upd 3092/4882 step 3,166,208 ret 421.52 len 259.4 kl 0.0225  sps 1736
upd 3093/4882 step 3,167,232 ret 413.84 len 242.4 kl 0.0190  sps 1736
upd 3094/4882 step 3,168,256 ret 408.68 len 241.8 kl 0.0182  sps 1736
upd 3095/4882 step 3,169,280 ret 406.57 len 241.8 kl 0.0237  sps 1736
upd 3096/4882 step 3,170,304 ret 404.12 len 240.2 kl 0.0187  sps 1736
upd 3097/4882 step 3,171,328 ret 418.04 len 251.5 kl 0.0169  sps 1736
upd 3098/4882 step 3,172,352 ret 419.04 len 250.3 kl 0.0236  sps 1736
upd 3099/4882 step 3,173,376 ret 404.53 len 243.6 kl 0.0178  sps 1736
upd 3100/4882 step 3,174,400 ret 403.07 len 243.4 kl 0.0195  sps 1736
upd 3101/4882 step 3,175,424 ret 387.49 len 237.9 kl 0.0216  sps 1736
upd 3102/4882 step 3,176,448 ret 386.58 len 237.5 kl 0.0242  sps 1735
upd 3103/4882 step 3,177,472 ret 400.38 len 245.9 kl 0.0210  sps 1735
upd 3104/4882 step 3,178,496 ret 419.1 len 252.3 kl 0.0272  sps 1736
upd 3105/4882 step 3,179,520 ret 429.84 len 256.7 kl 0.0189  sps 1735
upd 3106/4882 step 3,180,544 ret 434.21 len 256.7 kl 0.0216  sps 1735
upd 3107/4882 step 3,181,568 ret 417.52 len 249.3 kl 0.0238  sps 1735
upd 3108/4882 step 3,182,592 ret 426.7 len 255.0 kl 0.0206  sps 1735
upd 3109/4882 step 3,183,616 ret 432.32 len 258.6 kl 0.0288  sps 1735
upd 3110/4882 step 3,184,640 ret 435.51 len 265.4 kl 0.0249  sps 1735
upd 3111/4882 step 3,185,664 ret 438.38 len 268.1 kl 0.0195  sps 1735
upd 3112/4882 step 3,186,688 ret 451.75 len 267.5 kl 0.0228  sps 1735
upd 3113/4882 step 3,187,712 ret 450.95 len 271.6 kl 0.0204  sps 1735
upd 3114/4882 step 3,188,736 ret 448.01 len 270.0 kl 0.0179  sps 1734
upd 3115/4882 step 3,189,760 ret 423.49 len 256.1 kl 0.0242  sps 1734
upd 3116/4882 step 3,190,784 ret 415.54 len 250.7 kl 0.0203  sps 1734
upd 3117/4882 step 3,191,808 ret 420.99 len 249.9 kl 0.0239  sps 1735
upd 3118/4882 step 3,192,832 ret 430.89 len 253.9 kl 0.0247  sps 1734
upd 3119/4882 step 3,193,856 ret 419.78 len 250.3 kl 0.0258  sps 1734
upd 3120/4882 step 3,194,880 ret 408.04 len 250.3 kl 0.0187  sps 1734
upd 3121/4882 step 3,195,904 ret 393.5 len 241.6 kl 0.0223  sps 1735
upd 3122/4882 step 3,196,928 ret 392.55 len 237.8 kl 0.0205  sps 1734
upd 3123/4882 step 3,197,952 ret 368.27 len 224.3 kl 0.0241  sps 1734
upd 3124/4882 step 3,198,976 ret 374.68 len 230.6 kl 0.0250  sps 1734
upd 3125/4882 step 3,200,000 ret 376.76 len 235.0 kl 0.0188  sps 1734
upd 3126/4882 step 3,201,024 ret 380.71 len 236.3 kl 0.0186  sps 1734
upd 3127/4882 step 3,202,048 ret 377.67 len 235.2 kl 0.0208  sps 1734
upd 3128/4882 step 3,203,072 ret 379.39 len 236.3 kl 0.0188  sps 1734
upd 3129/4882 step 3,204,096 ret 389.82 len 228.7 kl 0.0235  sps 1734
upd 3130/4882 step 3,205,120 ret 389.14 len 224.9 kl 0.0221  sps 1734
upd 3131/4882 step 3,206,144 ret 391.06 len 223.1 kl 0.0170  sps 1734
upd 3132/4882 step 3,207,168 ret 390.21 len 227.5 kl 0.0196  sps 1734
upd 3133/4882 step 3,208,192 ret 389.02 len 226.3 kl 0.0195  sps 1734
upd 3134/4882 step 3,209,216 ret 389.47 len 223.7 kl 0.0217  sps 1734
upd 3135/4882 step 3,210,240 ret 388.78 len 226.8 kl 0.0187  sps 1734
upd 3136/4882 step 3,211,264 ret 377.25 len 219.3 kl 0.0188  sps 1734
upd 3137/4882 step 3,212,288 ret 358.61 len 213.3 kl 0.0160  sps 1733
upd 3138/4882 step 3,213,312 ret 360.74 len 223.7 kl 0.0286  sps 1733
upd 3139/4882 step 3,214,336 ret 370.29 len 231.4 kl 0.0202  sps 1733
upd 3140/4882 step 3,215,360 ret 375.11 len 236.1 kl 0.0217  sps 1733
upd 3141/4882 step 3,216,384 ret 381.12 len 234.3 kl 0.0208  sps 1733
upd 3142/4882 step 3,217,408 ret 375.78 len 232.3 kl 0.0181  sps 1733
upd 3143/4882 step 3,218,432 ret 381.52 len 235.7 kl 0.0277  sps 1733
upd 3144/4882 step 3,219,456 ret 371.12 len 224.6 kl 0.0198  sps 1733
upd 3145/4882 step 3,220,480 ret 377.32 len 231.4 kl 0.0157  sps 1733
upd 3146/4882 step 3,221,504 ret 391.7 len 240.7 kl 0.0178  sps 1733
upd 3147/4882 step 3,222,528 ret 412.04 len 240.7 kl 0.0206  sps 1733
upd 3148/4882 step 3,223,552 ret 420.57 len 242.9 kl 0.0234  sps 1733
upd 3149/4882 step 3,224,576 ret 412.25 len 234.4 kl 0.0177  sps 1733
upd 3150/4882 step 3,225,600 ret 411.92 len 233.7 kl 0.0279  sps 1733
upd 3151/4882 step 3,226,624 ret 414.65 len 235.1 kl 0.0152  sps 1733
upd 3152/4882 step 3,227,648 ret 408.81 len 233.2 kl 0.0214  sps 1734
upd 3153/4882 step 3,228,672 ret 423.4 len 241.1 kl 0.0131  sps 1733
upd 3154/4882 step 3,229,696 ret 433.87 len 247.5 kl 0.0184  sps 1733
upd 3155/4882 step 3,230,720 ret 440.32 len 254.3 kl 0.0194  sps 1733
upd 3156/4882 step 3,231,744 ret 447.87 len 254.3 kl 0.0161  sps 1733
upd 3157/4882 step 3,232,768 ret 436.18 len 250.2 kl 0.0167  sps 1733
upd 3158/4882 step 3,233,792 ret 429.75 len 248.6 kl 0.0172  sps 1733
upd 3159/4882 step 3,234,816 ret 429.6 len 250.0 kl 0.0220  sps 1733
upd 3160/4882 step 3,235,840 ret 413.8 len 240.5 kl 0.0221  sps 1733
upd 3161/4882 step 3,236,864 ret 423.19 len 244.4 kl 0.0185  sps 1733
upd 3162/4882 step 3,237,888 ret 424.05 len 245.9 kl 0.0200  sps 1733
upd 3163/4882 step 3,238,912 ret 421.1 len 241.7 kl 0.0302* sps 1733
upd 3164/4882 step 3,239,936 ret 412.58 len 235.4 kl 0.0270  sps 1733
upd 3165/4882 step 3,240,960 ret 398.35 len 228.5 kl 0.0170  sps 1733
upd 3166/4882 step 3,241,984 ret 394.21 len 226.0 kl 0.0204  sps 1733
upd 3167/4882 step 3,243,008 ret 394.73 len 225.2 kl 0.0181  sps 1733
upd 3168/4882 step 3,244,032 ret 406.03 len 228.8 kl 0.0205  sps 1733
upd 3169/4882 step 3,245,056 ret 421.68 len 246.5 kl 0.0258  sps 1733
upd 3170/4882 step 3,246,080 ret 426.56 len 250.3 kl 0.0203  sps 1733
upd 3171/4882 step 3,247,104 ret 430.21 len 249.4 kl 0.0181  sps 1733
upd 3172/4882 step 3,248,128 ret 437.3 len 255.4 kl 0.0197  sps 1733
upd 3173/4882 step 3,249,152 ret 414.66 len 247.7 kl 0.0169  sps 1733
upd 3174/4882 step 3,250,176 ret 426.59 len 255.3 kl 0.0170  sps 1733
upd 3175/4882 step 3,251,200 ret 414.43 len 253.1 kl 0.0212  sps 1732
upd 3176/4882 step 3,252,224 ret 413.19 len 252.0 kl 0.0165  sps 1733
upd 3177/4882 step 3,253,248 ret 412.27 len 252.2 kl 0.0170  sps 1733
upd 3178/4882 step 3,254,272 ret 403.17 len 256.2 kl 0.0235  sps 1732
upd 3179/4882 step 3,255,296 ret 410.58 len 252.5 kl 0.0152  sps 1732
upd 3180/4882 step 3,256,320 ret 401.85 len 248.3 kl 0.0182  sps 1732
upd 3181/4882 step 3,257,344 ret 407.69 len 250.8 kl 0.0208  sps 1732
upd 3182/4882 step 3,258,368 ret 412.3 len 253.2 kl 0.0306* sps 1732
upd 3183/4882 step 3,259,392 ret 428.01 len 261.6 kl 0.0239  sps 1733
upd 3184/4882 step 3,260,416 ret 432.77 len 263.8 kl 0.0186  sps 1733
upd 3185/4882 step 3,261,440 ret 431.02 len 259.4 kl 0.0220  sps 1732
upd 3186/4882 step 3,262,464 ret 426.23 len 263.4 kl 0.0221  sps 1732
upd 3187/4882 step 3,263,488 ret 433.64 len 266.5 kl 0.0225  sps 1733
upd 3188/4882 step 3,264,512 ret 440.5 len 261.8 kl 0.0206  sps 1733
upd 3189/4882 step 3,265,536 ret 431.12 len 255.0 kl 0.0169  sps 1733
upd 3190/4882 step 3,266,560 ret 438.22 len 260.4 kl 0.0248  sps 1732
upd 3191/4882 step 3,267,584 ret 428.07 len 253.4 kl 0.0161  sps 1732
upd 3192/4882 step 3,268,608 ret 407.39 len 242.8 kl 0.0241  sps 1732
upd 3193/4882 step 3,269,632 ret 380.86 len 228.0 kl 0.0198  sps 1732
upd 3194/4882 step 3,270,656 ret 387.69 len 230.1 kl 0.0214  sps 1732
upd 3195/4882 step 3,271,680 ret 398.58 len 226.9 kl 0.0253  sps 1732
upd 3196/4882 step 3,272,704 ret 389.39 len 222.3 kl 0.0229  sps 1732
upd 3197/4882 step 3,273,728 ret 391.97 len 227.2 kl 0.0257  sps 1732
upd 3198/4882 step 3,274,752 ret 374.06 len 216.4 kl 0.0212  sps 1732
upd 3199/4882 step 3,275,776 ret 361.52 len 208.9 kl 0.0170  sps 1732
upd 3200/4882 step 3,276,800 ret 372.13 len 216.4 kl 0.0169  sps 1732
upd 3201/4882 step 3,277,824 ret 384.67 len 221.3 kl 0.0164  sps 1732
upd 3202/4882 step 3,278,848 ret 380.51 len 216.1 kl 0.0199  sps 1732
upd 3203/4882 step 3,279,872 ret 374.13 len 214.6 kl 0.0230  sps 1732
upd 3204/4882 step 3,280,896 ret 358.44 len 211.2 kl 0.0269  sps 1732
upd 3205/4882 step 3,281,920 ret 351.69 len 206.3 kl 0.0298  sps 1732
upd 3206/4882 step 3,282,944 ret 365.28 len 214.7 kl 0.0211  sps 1732
upd 3207/4882 step 3,283,968 ret 369.02 len 221.7 kl 0.0259  sps 1732
upd 3208/4882 step 3,284,992 ret 380.37 len 225.6 kl 0.0220  sps 1731
upd 3209/4882 step 3,286,016 ret 385.95 len 226.5 kl 0.0174  sps 1731
upd 3210/4882 step 3,287,040 ret 382.76 len 229.2 kl 0.0299  sps 1731
upd 3211/4882 step 3,288,064 ret 402.95 len 237.6 kl 0.0219  sps 1731
upd 3212/4882 step 3,289,088 ret 405.33 len 242.2 kl 0.0188  sps 1731
upd 3213/4882 step 3,290,112 ret 422.55 len 251.2 kl 0.0203  sps 1731
upd 3214/4882 step 3,291,136 ret 417.71 len 247.0 kl 0.0204  sps 1731
upd 3215/4882 step 3,292,160 ret 425.5 len 252.1 kl 0.0237  sps 1730
upd 3216/4882 step 3,293,184 ret 448.74 len 258.3 kl 0.0138  sps 1730
upd 3217/4882 step 3,294,208 ret 445.58 len 255.5 kl 0.0148  sps 1730
upd 3218/4882 step 3,295,232 ret 451.84 len 259.6 kl 0.0175  sps 1730
upd 3219/4882 step 3,296,256 ret 453.37 len 261.6 kl 0.0169  sps 1730
upd 3220/4882 step 3,297,280 ret 449.54 len 256.5 kl 0.0231  sps 1730
upd 3221/4882 step 3,298,304 ret 430.3 len 247.7 kl 0.0244  sps 1730
upd 3222/4882 step 3,299,328 ret 442.65 len 250.1 kl 0.0170  sps 1730
upd 3223/4882 step 3,300,352 ret 445.77 len 252.5 kl 0.0163  sps 1730
upd 3224/4882 step 3,301,376 ret 455.88 len 252.3 kl 0.0186  sps 1730
upd 3225/4882 step 3,302,400 ret 456.12 len 248.0 kl 0.0236  sps 1730
upd 3226/4882 step 3,303,424 ret 450.17 len 246.2 kl 0.0178  sps 1730
upd 3227/4882 step 3,304,448 ret 444.45 len 240.1 kl 0.0269  sps 1730
upd 3228/4882 step 3,305,472 ret 429.67 len 236.2 kl 0.0215  sps 1730
upd 3229/4882 step 3,306,496 ret 442.48 len 241.7 kl 0.0181  sps 1730
upd 3230/4882 step 3,307,520 ret 444.19 len 242.3 kl 0.0245  sps 1730
upd 3231/4882 step 3,308,544 ret 444.1 len 240.1 kl 0.0227  sps 1730
upd 3232/4882 step 3,309,568 ret 440.98 len 238.8 kl 0.0205  sps 1730
upd 3233/4882 step 3,310,592 ret 422.82 len 230.9 kl 0.0169  sps 1730
upd 3234/4882 step 3,311,616 ret 409.22 len 228.4 kl 0.0251  sps 1729
upd 3235/4882 step 3,312,640 ret 413.48 len 233.8 kl 0.0148  sps 1729
upd 3236/4882 step 3,313,664 ret 406.47 len 239.8 kl 0.0290  sps 1729
upd 3237/4882 step 3,314,688 ret 411.86 len 244.8 kl 0.0174  sps 1729
upd 3238/4882 step 3,315,712 ret 399.91 len 230.6 kl 0.0248  sps 1729
upd 3239/4882 step 3,316,736 ret 386.76 len 225.1 kl 0.0175  sps 1729
upd 3240/4882 step 3,317,760 ret 382.56 len 225.1 kl 0.0182  sps 1729
upd 3241/4882 step 3,318,784 ret 385.29 len 225.9 kl 0.0199  sps 1729
upd 3242/4882 step 3,319,808 ret 395.43 len 229.3 kl 0.0319* sps 1729
upd 3243/4882 step 3,320,832 ret 410.37 len 227.7 kl 0.0178  sps 1729
upd 3244/4882 step 3,321,856 ret 429.92 len 232.6 kl 0.0236  sps 1729
upd 3245/4882 step 3,322,880 ret 424.84 len 229.6 kl 0.0244  sps 1729
upd 3246/4882 step 3,323,904 ret 396.48 len 211.4 kl 0.0198  sps 1729
upd 3247/4882 step 3,324,928 ret 413.51 len 226.3 kl 0.0147  sps 1729
upd 3248/4882 step 3,325,952 ret 425.84 len 233.3 kl 0.0184  sps 1729
upd 3249/4882 step 3,326,976 ret 419.95 len 228.4 kl 0.0254  sps 1729
upd 3250/4882 step 3,328,000 ret 424.42 len 233.1 kl 0.0162  sps 1729
upd 3251/4882 step 3,329,024 ret 417.7 len 232.2 kl 0.0211  sps 1729
upd 3252/4882 step 3,330,048 ret 416.78 len 234.6 kl 0.0174  sps 1729
upd 3253/4882 step 3,331,072 ret 416.49 len 234.6 kl 0.0185  sps 1728
upd 3254/4882 step 3,332,096 ret 423.55 len 234.8 kl 0.0178  sps 1728
upd 3255/4882 step 3,333,120 ret 434.82 len 243.1 kl 0.0223  sps 1728
upd 3256/4882 step 3,334,144 ret 434.36 len 248.3 kl 0.0189  sps 1728
upd 3257/4882 step 3,335,168 ret 439.41 len 249.4 kl 0.0171  sps 1728
upd 3258/4882 step 3,336,192 ret 437.17 len 245.4 kl 0.0276  sps 1728
upd 3259/4882 step 3,337,216 ret 427.62 len 245.9 kl 0.0201  sps 1728
upd 3260/4882 step 3,338,240 ret 426.41 len 242.8 kl 0.0192  sps 1728
upd 3261/4882 step 3,339,264 ret 426.42 len 241.7 kl 0.0178  sps 1728
upd 3262/4882 step 3,340,288 ret 401.51 len 237.3 kl 0.0287  sps 1728
upd 3263/4882 step 3,341,312 ret 387.09 len 230.8 kl 0.0163  sps 1728
upd 3264/4882 step 3,342,336 ret 391.65 len 234.7 kl 0.0191  sps 1728
upd 3265/4882 step 3,343,360 ret 409.57 len 237.9 kl 0.0164  sps 1728
upd 3266/4882 step 3,344,384 ret 405.34 len 236.7 kl 0.0169  sps 1728
upd 3267/4882 step 3,345,408 ret 399.37 len 236.1 kl 0.0181  sps 1728
upd 3268/4882 step 3,346,432 ret 399.84 len 236.1 kl 0.0186  sps 1727
upd 3269/4882 step 3,347,456 ret 408.72 len 236.1 kl 0.0201  sps 1727
upd 3270/4882 step 3,348,480 ret 425.31 len 245.8 kl 0.0201  sps 1727
upd 3271/4882 step 3,349,504 ret 427.16 len 238.7 kl 0.0232  sps 1727
upd 3272/4882 step 3,350,528 ret 446.53 len 247.3 kl 0.0155  sps 1727
upd 3273/4882 step 3,351,552 ret 444.03 len 245.1 kl 0.0198  sps 1727
upd 3274/4882 step 3,352,576 ret 451.84 len 246.8 kl 0.0152  sps 1728
upd 3275/4882 step 3,353,600 ret 460.25 len 251.5 kl 0.0305* sps 1728
upd 3276/4882 step 3,354,624 ret 479.1 len 260.4 kl 0.0160  sps 1728
upd 3277/4882 step 3,355,648 ret 491.11 len 264.0 kl 0.0165  sps 1728
upd 3278/4882 step 3,356,672 ret 471.5 len 255.6 kl 0.0141  sps 1728
upd 3279/4882 step 3,357,696 ret 458.91 len 251.8 kl 0.0184  sps 1728
upd 3280/4882 step 3,358,720 ret 446.85 len 246.6 kl 0.0207  sps 1727
upd 3281/4882 step 3,359,744 ret 453.08 len 249.4 kl 0.0153  sps 1727
upd 3282/4882 step 3,360,768 ret 448.38 len 245.8 kl 0.0188  sps 1727
upd 3283/4882 step 3,361,792 ret 445.18 len 246.7 kl 0.0210  sps 1727
upd 3284/4882 step 3,362,816 ret 446.99 len 248.6 kl 0.0236  sps 1727
upd 3285/4882 step 3,363,840 ret 437.03 len 246.5 kl 0.0247  sps 1727
upd 3286/4882 step 3,364,864 ret 435.67 len 246.5 kl 0.0182  sps 1727
upd 3287/4882 step 3,365,888 ret 425.95 len 251.1 kl 0.0192  sps 1727
upd 3288/4882 step 3,366,912 ret 438.72 len 258.1 kl 0.0182  sps 1727
upd 3289/4882 step 3,367,936 ret 450.92 len 262.9 kl 0.0185  sps 1727
upd 3290/4882 step 3,368,960 ret 450.39 len 263.0 kl 0.0190  sps 1727
upd 3291/4882 step 3,369,984 ret 453.56 len 266.5 kl 0.0164  sps 1727
upd 3292/4882 step 3,371,008 ret 464.29 len 272.4 kl 0.0205  sps 1726
upd 3293/4882 step 3,372,032 ret 449.09 len 272.9 kl 0.0192  sps 1726
upd 3294/4882 step 3,373,056 ret 447.67 len 279.4 kl 0.0170  sps 1726
upd 3295/4882 step 3,374,080 ret 445.01 len 274.5 kl 0.0158  sps 1726
upd 3296/4882 step 3,375,104 ret 438.23 len 269.4 kl 0.0250  sps 1727
upd 3297/4882 step 3,376,128 ret 439.4 len 264.8 kl 0.0175  sps 1727
upd 3298/4882 step 3,377,152 ret 450.05 len 264.8 kl 0.0209  sps 1726
upd 3299/4882 step 3,378,176 ret 442.06 len 259.1 kl 0.0198  sps 1726
upd 3300/4882 step 3,379,200 ret 427.05 len 252.8 kl 0.0234  sps 1726
upd 3301/4882 step 3,380,224 ret 428.09 len 252.9 kl 0.0178  sps 1726
upd 3302/4882 step 3,381,248 ret 430.13 len 252.9 kl 0.0172  sps 1726
upd 3303/4882 step 3,382,272 ret 443.4 len 253.1 kl 0.0264  sps 1726
upd 3304/4882 step 3,383,296 ret 452.62 len 253.1 kl 0.0168  sps 1726
upd 3305/4882 step 3,384,320 ret 450.24 len 252.4 kl 0.0187  sps 1726
upd 3306/4882 step 3,385,344 ret 454.01 len 256.2 kl 0.0234  sps 1726
upd 3307/4882 step 3,386,368 ret 456.01 len 257.2 kl 0.0227  sps 1726
upd 3308/4882 step 3,387,392 ret 445.63 len 249.1 kl 0.0244  sps 1726
upd 3309/4882 step 3,388,416 ret 455.4 len 252.8 kl 0.0275  sps 1726
upd 3310/4882 step 3,389,440 ret 467.47 len 257.0 kl 0.0142  sps 1726
upd 3311/4882 step 3,390,464 ret 480.82 len 266.8 kl 0.0192  sps 1726
upd 3312/4882 step 3,391,488 ret 473.84 len 262.1 kl 0.0150  sps 1726
upd 3313/4882 step 3,392,512 ret 467.03 len 259.2 kl 0.0132  sps 1726
upd 3314/4882 step 3,393,536 ret 448.12 len 247.3 kl 0.0211  sps 1726
upd 3315/4882 step 3,394,560 ret 436.36 len 238.8 kl 0.0222  sps 1726
upd 3316/4882 step 3,395,584 ret 423.38 len 234.1 kl 0.0187  sps 1727
upd 3317/4882 step 3,396,608 ret 403.48 len 230.1 kl 0.0160  sps 1726
upd 3318/4882 step 3,397,632 ret 413.13 len 235.0 kl 0.0256  sps 1726
upd 3319/4882 step 3,398,656 ret 411.12 len 235.9 kl 0.0144  sps 1726
upd 3320/4882 step 3,399,680 ret 402.07 len 229.6 kl 0.0166  sps 1726
upd 3321/4882 step 3,400,704 ret 406.9 len 231.2 kl 0.0177  sps 1726
upd 3322/4882 step 3,401,728 ret 397.13 len 225.5 kl 0.0163  sps 1726
upd 3323/4882 step 3,402,752 ret 415.15 len 236.1 kl 0.0192  sps 1726
upd 3324/4882 step 3,403,776 ret 404.5 len 233.7 kl 0.0219  sps 1726
upd 3325/4882 step 3,404,800 ret 414.95 len 241.4 kl 0.0131  sps 1726
upd 3326/4882 step 3,405,824 ret 422.53 len 247.5 kl 0.0169  sps 1726
upd 3327/4882 step 3,406,848 ret 428.71 len 245.0 kl 0.0194  sps 1726
upd 3328/4882 step 3,407,872 ret 415.8 len 238.9 kl 0.0201  sps 1726
upd 3329/4882 step 3,408,896 ret 410.46 len 234.9 kl 0.0236  sps 1726
upd 3330/4882 step 3,409,920 ret 418.74 len 238.9 kl 0.0155  sps 1726
upd 3331/4882 step 3,410,944 ret 418.71 len 242.1 kl 0.0165  sps 1726
upd 3332/4882 step 3,411,968 ret 437.55 len 249.6 kl 0.0143  sps 1726
upd 3333/4882 step 3,412,992 ret 442.27 len 252.4 kl 0.0184  sps 1727
upd 3334/4882 step 3,414,016 ret 443.85 len 248.2 kl 0.0153  sps 1727
upd 3335/4882 step 3,415,040 ret 450.91 len 251.0 kl 0.0181  sps 1727
upd 3336/4882 step 3,416,064 ret 455.98 len 251.0 kl 0.0229  sps 1727
upd 3337/4882 step 3,417,088 ret 470.73 len 258.6 kl 0.0211  sps 1727
upd 3338/4882 step 3,418,112 ret 469.71 len 265.1 kl 0.0175  sps 1726
upd 3339/4882 step 3,419,136 ret 465.14 len 261.4 kl 0.0209  sps 1726
upd 3340/4882 step 3,420,160 ret 446.3 len 248.2 kl 0.0250  sps 1726
upd 3341/4882 step 3,421,184 ret 444.66 len 246.8 kl 0.0168  sps 1726
upd 3342/4882 step 3,422,208 ret 443.33 len 246.6 kl 0.0194  sps 1726
upd 3343/4882 step 3,423,232 ret 436.42 len 243.9 kl 0.0163  sps 1726
upd 3344/4882 step 3,424,256 ret 441.14 len 252.2 kl 0.0257  sps 1726
upd 3345/4882 step 3,425,280 ret 418.43 len 241.2 kl 0.0265  sps 1726
upd 3346/4882 step 3,426,304 ret 420.05 len 242.8 kl 0.0180  sps 1726
upd 3347/4882 step 3,427,328 ret 417.28 len 234.8 kl 0.0223  sps 1726
upd 3348/4882 step 3,428,352 ret 415.01 len 233.2 kl 0.0184  sps 1726
upd 3349/4882 step 3,429,376 ret 433.25 len 245.6 kl 0.0214  sps 1726
upd 3350/4882 step 3,430,400 ret 435.81 len 248.1 kl 0.0157  sps 1726
upd 3351/4882 step 3,431,424 ret 430.7 len 245.7 kl 0.0175  sps 1726
upd 3352/4882 step 3,432,448 ret 445.2 len 250.9 kl 0.0128  sps 1726
upd 3353/4882 step 3,433,472 ret 440.64 len 248.9 kl 0.0214  sps 1726
upd 3354/4882 step 3,434,496 ret 440.68 len 246.5 kl 0.0197  sps 1726
upd 3355/4882 step 3,435,520 ret 462.42 len 257.6 kl 0.0166  sps 1726
upd 3356/4882 step 3,436,544 ret 445.26 len 253.1 kl 0.0264  sps 1726
upd 3357/4882 step 3,437,568 ret 443.58 len 252.9 kl 0.0164  sps 1726
upd 3358/4882 step 3,438,592 ret 433.37 len 247.9 kl 0.0199  sps 1726
upd 3359/4882 step 3,439,616 ret 453.15 len 254.3 kl 0.0173  sps 1726
upd 3360/4882 step 3,440,640 ret 454.12 len 256.6 kl 0.0220  sps 1726
upd 3361/4882 step 3,441,664 ret 455.6 len 257.8 kl 0.0202  sps 1726
upd 3362/4882 step 3,442,688 ret 440.84 len 251.5 kl 0.0190  sps 1726
upd 3363/4882 step 3,443,712 ret 456.32 len 253.6 kl 0.0172  sps 1726
upd 3364/4882 step 3,444,736 ret 461.99 len 256.0 kl 0.0217  sps 1725
upd 3365/4882 step 3,445,760 ret 456.72 len 256.0 kl 0.0168  sps 1725
upd 3366/4882 step 3,446,784 ret 459.51 len 254.6 kl 0.0167  sps 1725
upd 3367/4882 step 3,447,808 ret 462.7 len 260.4 kl 0.0185  sps 1725
upd 3368/4882 step 3,448,832 ret 470.17 len 262.8 kl 0.0141  sps 1725
upd 3369/4882 step 3,449,856 ret 473.33 len 268.5 kl 0.0269  sps 1725
upd 3370/4882 step 3,450,880 ret 444.8 len 249.9 kl 0.0223  sps 1725
upd 3371/4882 step 3,451,904 ret 451.32 len 252.2 kl 0.0327* sps 1725
upd 3372/4882 step 3,452,928 ret 463.92 len 260.4 kl 0.0189  sps 1725
upd 3373/4882 step 3,453,952 ret 467.57 len 261.9 kl 0.0151  sps 1725
upd 3374/4882 step 3,454,976 ret 442.99 len 256.2 kl 0.0236  sps 1725
upd 3375/4882 step 3,456,000 ret 433.21 len 256.2 kl 0.0186  sps 1725
upd 3376/4882 step 3,457,024 ret 441.93 len 258.6 kl 0.0247  sps 1725
upd 3377/4882 step 3,458,048 ret 432.21 len 258.6 kl 0.0217  sps 1725
upd 3378/4882 step 3,459,072 ret 423.14 len 249.3 kl 0.0198  sps 1725
upd 3379/4882 step 3,460,096 ret 418.72 len 244.3 kl 0.0180  sps 1725
upd 3380/4882 step 3,461,120 ret 430.02 len 252.6 kl 0.0235  sps 1725
upd 3381/4882 step 3,462,144 ret 421.02 len 246.4 kl 0.0242  sps 1725
upd 3382/4882 step 3,463,168 ret 415.62 len 246.4 kl 0.0167  sps 1725
upd 3383/4882 step 3,464,192 ret 419.84 len 252.9 kl 0.0147  sps 1725
upd 3384/4882 step 3,465,216 ret 431.12 len 253.1 kl 0.0189  sps 1725
upd 3385/4882 step 3,466,240 ret 440.55 len 253.1 kl 0.0180  sps 1725
upd 3386/4882 step 3,467,264 ret 438.66 len 254.4 kl 0.0136  sps 1725
upd 3387/4882 step 3,468,288 ret 461.58 len 261.9 kl 0.0097  sps 1725
upd 3388/4882 step 3,469,312 ret 460.16 len 263.6 kl 0.0179  sps 1725
upd 3389/4882 step 3,470,336 ret 470.19 len 271.0 kl 0.0126  sps 1724
upd 3390/4882 step 3,471,360 ret 470.64 len 271.0 kl 0.0173  sps 1724
upd 3391/4882 step 3,472,384 ret 471.69 len 274.7 kl 0.0181  sps 1724
upd 3392/4882 step 3,473,408 ret 484.16 len 281.6 kl 0.0165  sps 1725
upd 3393/4882 step 3,474,432 ret 462.39 len 264.0 kl 0.0153  sps 1725
upd 3394/4882 step 3,475,456 ret 468.63 len 266.6 kl 0.0172  sps 1725
upd 3395/4882 step 3,476,480 ret 440.31 len 249.7 kl 0.0195  sps 1725
upd 3396/4882 step 3,477,504 ret 433.71 len 249.7 kl 0.0184  sps 1725
upd 3397/4882 step 3,478,528 ret 435.78 len 249.7 kl 0.0176  sps 1725
upd 3398/4882 step 3,479,552 ret 452.95 len 257.6 kl 0.0179  sps 1725
upd 3399/4882 step 3,480,576 ret 455.58 len 257.6 kl 0.0149  sps 1725
upd 3400/4882 step 3,481,600 ret 460.39 len 260.3 kl 0.0183  sps 1725
upd 3401/4882 step 3,482,624 ret 465.5 len 260.3 kl 0.0214  sps 1725
upd 3402/4882 step 3,483,648 ret 462.24 len 261.9 kl 0.0135  sps 1725
upd 3403/4882 step 3,484,672 ret 463.48 len 260.2 kl 0.0200  sps 1725
upd 3404/4882 step 3,485,696 ret 492.67 len 277.8 kl 0.0203  sps 1725
upd 3405/4882 step 3,486,720 ret 496.4 len 283.2 kl 0.0208  sps 1725
upd 3406/4882 step 3,487,744 ret 503.66 len 287.3 kl 0.0157  sps 1725
upd 3407/4882 step 3,488,768 ret 504.94 len 288.8 kl 0.0165  sps 1725
upd 3408/4882 step 3,489,792 ret 505.47 len 285.4 kl 0.0195  sps 1725
upd 3409/4882 step 3,490,816 ret 497.84 len 280.5 kl 0.0291  sps 1725
upd 3410/4882 step 3,491,840 ret 493.11 len 280.5 kl 0.0205  sps 1725
upd 3411/4882 step 3,492,864 ret 490.07 len 280.5 kl 0.0147  sps 1725
upd 3412/4882 step 3,493,888 ret 481.74 len 274.7 kl 0.0282  sps 1725
upd 3413/4882 step 3,494,912 ret 478.89 len 274.7 kl 0.0164  sps 1725
upd 3414/4882 step 3,495,936 ret 475.54 len 272.0 kl 0.0149  sps 1725
upd 3415/4882 step 3,496,960 ret 473.85 len 272.0 kl 0.0182  sps 1725
upd 3416/4882 step 3,497,984 ret 469.32 len 267.7 kl 0.0180  sps 1725
upd 3417/4882 step 3,499,008 ret 473.64 len 267.7 kl 0.0114  sps 1725
upd 3418/4882 step 3,500,032 ret 471.68 len 266.1 kl 0.0197  sps 1725
upd 3419/4882 step 3,501,056 ret 464.8 len 266.1 kl 0.0112  sps 1724
upd 3420/4882 step 3,502,080 ret 466.62 len 272.4 kl 0.0185  sps 1725
upd 3421/4882 step 3,503,104 ret 449.63 len 259.4 kl 0.0243  sps 1724
upd 3422/4882 step 3,504,128 ret 455.84 len 263.0 kl 0.0135  sps 1725
upd 3423/4882 step 3,505,152 ret 458.42 len 265.3 kl 0.0166  sps 1725
upd 3424/4882 step 3,506,176 ret 462.19 len 265.3 kl 0.0176  sps 1725
upd 3425/4882 step 3,507,200 ret 469.77 len 269.7 kl 0.0185  sps 1725
upd 3426/4882 step 3,508,224 ret 482.85 len 275.9 kl 0.0155  sps 1724
upd 3427/4882 step 3,509,248 ret 485.94 len 278.1 kl 0.0146  sps 1724
upd 3428/4882 step 3,510,272 ret 484.86 len 278.1 kl 0.0145  sps 1724
upd 3429/4882 step 3,511,296 ret 481.15 len 275.9 kl 0.0163  sps 1725
upd 3430/4882 step 3,512,320 ret 472.03 len 271.0 kl 0.0146  sps 1724
upd 3431/4882 step 3,513,344 ret 471.41 len 271.0 kl 0.0170  sps 1724
upd 3432/4882 step 3,514,368 ret 477.68 len 279.5 kl 0.0222  sps 1725
upd 3433/4882 step 3,515,392 ret 476.75 len 279.5 kl 0.0211  sps 1724
upd 3434/4882 step 3,516,416 ret 467.68 len 279.5 kl 0.0199  sps 1724
upd 3435/4882 step 3,517,440 ret 445.68 len 270.2 kl 0.0148  sps 1724
upd 3436/4882 step 3,518,464 ret 425.72 len 261.1 kl 0.0194  sps 1724
upd 3437/4882 step 3,519,488 ret 415.28 len 256.1 kl 0.0163  sps 1724
upd 3438/4882 step 3,520,512 ret 420.83 len 260.1 kl 0.0243  sps 1724
upd 3439/4882 step 3,521,536 ret 422.32 len 259.1 kl 0.0198  sps 1724
upd 3440/4882 step 3,522,560 ret 411.82 len 247.9 kl 0.0188  sps 1724
upd 3441/4882 step 3,523,584 ret 398.73 len 238.5 kl 0.0190  sps 1724
upd 3442/4882 step 3,524,608 ret 384.19 len 231.5 kl 0.0169  sps 1724
upd 3443/4882 step 3,525,632 ret 390.57 len 231.5 kl 0.0182  sps 1724
upd 3444/4882 step 3,526,656 ret 399.79 len 239.2 kl 0.0266  sps 1724
upd 3445/4882 step 3,527,680 ret 394.75 len 235.3 kl 0.0144  sps 1724
upd 3446/4882 step 3,528,704 ret 407.54 len 241.7 kl 0.0212  sps 1724
upd 3447/4882 step 3,529,728 ret 423.33 len 248.5 kl 0.0143  sps 1724
upd 3448/4882 step 3,530,752 ret 425.07 len 248.5 kl 0.0191  sps 1724
upd 3449/4882 step 3,531,776 ret 413.63 len 245.8 kl 0.0183  sps 1724
upd 3450/4882 step 3,532,800 ret 418.41 len 250.3 kl 0.0140  sps 1724
upd 3451/4882 step 3,533,824 ret 427.51 len 256.0 kl 0.0165  sps 1724
upd 3452/4882 step 3,534,848 ret 443.01 len 263.0 kl 0.0125  sps 1724
upd 3453/4882 step 3,535,872 ret 454.66 len 269.2 kl 0.0228  sps 1724
upd 3454/4882 step 3,536,896 ret 449.68 len 264.5 kl 0.0137  sps 1724
upd 3455/4882 step 3,537,920 ret 467.88 len 272.7 kl 0.0184  sps 1724
upd 3456/4882 step 3,538,944 ret 446.13 len 257.7 kl 0.0145  sps 1724
upd 3457/4882 step 3,539,968 ret 448.09 len 258.9 kl 0.0149  sps 1724
upd 3458/4882 step 3,540,992 ret 443.19 len 258.9 kl 0.0217  sps 1724
upd 3459/4882 step 3,542,016 ret 454.58 len 265.9 kl 0.0217  sps 1724
upd 3460/4882 step 3,543,040 ret 471.47 len 269.8 kl 0.0182  sps 1724
upd 3461/4882 step 3,544,064 ret 473.34 len 276.7 kl 0.0138  sps 1724
upd 3462/4882 step 3,545,088 ret 478.63 len 276.7 kl 0.0137  sps 1724
upd 3463/4882 step 3,546,112 ret 479.85 len 276.7 kl 0.0179  sps 1724
upd 3464/4882 step 3,547,136 ret 478.55 len 274.9 kl 0.0253  sps 1724
upd 3465/4882 step 3,548,160 ret 481.66 len 274.9 kl 0.0141  sps 1724
upd 3466/4882 step 3,549,184 ret 470.93 len 271.1 kl 0.0227  sps 1723
upd 3467/4882 step 3,550,208 ret 471.14 len 276.9 kl 0.0168  sps 1723
upd 3468/4882 step 3,551,232 ret 469.38 len 276.0 kl 0.0178  sps 1723
upd 3469/4882 step 3,552,256 ret 470.7 len 276.0 kl 0.0145  sps 1724
upd 3470/4882 step 3,553,280 ret 471.14 len 274.2 kl 0.0210  sps 1724
upd 3471/4882 step 3,554,304 ret 470.95 len 267.0 kl 0.0166  sps 1724
upd 3472/4882 step 3,555,328 ret 469.06 len 264.2 kl 0.0147  sps 1724
upd 3473/4882 step 3,556,352 ret 461.68 len 260.0 kl 0.0251  sps 1724
upd 3474/4882 step 3,557,376 ret 462.91 len 260.4 kl 0.0191  sps 1723
upd 3475/4882 step 3,558,400 ret 463.91 len 260.4 kl 0.0174  sps 1723
upd 3476/4882 step 3,559,424 ret 464.09 len 262.2 kl 0.0123  sps 1724
upd 3477/4882 step 3,560,448 ret 463.22 len 262.2 kl 0.0129  sps 1724
upd 3478/4882 step 3,561,472 ret 479.7 len 264.0 kl 0.0182  sps 1724
upd 3479/4882 step 3,562,496 ret 454.7 len 250.2 kl 0.0215  sps 1724
upd 3480/4882 step 3,563,520 ret 452.99 len 250.1 kl 0.0251  sps 1724
upd 3481/4882 step 3,564,544 ret 455.98 len 252.6 kl 0.0194  sps 1724
upd 3482/4882 step 3,565,568 ret 452.41 len 251.3 kl 0.0141  sps 1724
upd 3483/4882 step 3,566,592 ret 452.25 len 249.4 kl 0.0168  sps 1724
upd 3484/4882 step 3,567,616 ret 449.56 len 247.2 kl 0.0186  sps 1724
upd 3485/4882 step 3,568,640 ret 439.65 len 242.2 kl 0.0185  sps 1724
upd 3486/4882 step 3,569,664 ret 422.09 len 236.5 kl 0.0283  sps 1724
upd 3487/4882 step 3,570,688 ret 411.52 len 229.3 kl 0.0196  sps 1724
upd 3488/4882 step 3,571,712 ret 410.31 len 234.9 kl 0.0246  sps 1724
upd 3489/4882 step 3,572,736 ret 414.09 len 235.6 kl 0.0192  sps 1724
upd 3490/4882 step 3,573,760 ret 428.96 len 244.0 kl 0.0147  sps 1724
upd 3491/4882 step 3,574,784 ret 429.83 len 243.8 kl 0.0194  sps 1724
upd 3492/4882 step 3,575,808 ret 439.97 len 248.2 kl 0.0170  sps 1724
upd 3493/4882 step 3,576,832 ret 440.49 len 249.7 kl 0.0152  sps 1724
upd 3494/4882 step 3,577,856 ret 438.19 len 251.6 kl 0.0226  sps 1724
upd 3495/4882 step 3,578,880 ret 444.39 len 258.1 kl 0.0160  sps 1724
upd 3496/4882 step 3,579,904 ret 465.25 len 261.9 kl 0.0128  sps 1724
upd 3497/4882 step 3,580,928 ret 476.92 len 269.5 kl 0.0171  sps 1724
upd 3498/4882 step 3,581,952 ret 482.04 len 273.3 kl 0.0167  sps 1724
upd 3499/4882 step 3,582,976 ret 492.74 len 273.3 kl 0.0180  sps 1724
upd 3500/4882 step 3,584,000 ret 486.59 len 268.7 kl 0.0198  sps 1724
upd 3501/4882 step 3,585,024 ret 482.17 len 267.2 kl 0.0139  sps 1724
upd 3502/4882 step 3,586,048 ret 482.06 len 268.2 kl 0.0191  sps 1724
upd 3503/4882 step 3,587,072 ret 483.3 len 269.8 kl 0.0215  sps 1724
upd 3504/4882 step 3,588,096 ret 472.67 len 259.7 kl 0.0177  sps 1724
upd 3505/4882 step 3,589,120 ret 468.87 len 259.7 kl 0.0163  sps 1724
upd 3506/4882 step 3,590,144 ret 463.57 len 257.1 kl 0.0148  sps 1724
upd 3507/4882 step 3,591,168 ret 448.59 len 250.6 kl 0.0156  sps 1724
upd 3508/4882 step 3,592,192 ret 446.11 len 249.7 kl 0.0130  sps 1724
upd 3509/4882 step 3,593,216 ret 442.68 len 249.0 kl 0.0157  sps 1724
upd 3510/4882 step 3,594,240 ret 424.2 len 239.2 kl 0.0218  sps 1724
upd 3511/4882 step 3,595,264 ret 413.26 len 233.1 kl 0.0183  sps 1724
upd 3512/4882 step 3,596,288 ret 411.71 len 232.8 kl 0.0191  sps 1724
upd 3513/4882 step 3,597,312 ret 430.12 len 242.7 kl 0.0121  sps 1724
upd 3514/4882 step 3,598,336 ret 434.89 len 246.3 kl 0.0248  sps 1724
upd 3515/4882 step 3,599,360 ret 440.26 len 246.2 kl 0.0157  sps 1724
upd 3516/4882 step 3,600,384 ret 449.89 len 252.8 kl 0.0182  sps 1724
upd 3517/4882 step 3,601,408 ret 450.23 len 251.9 kl 0.0208  sps 1724
upd 3518/4882 step 3,602,432 ret 456.02 len 254.9 kl 0.0148  sps 1724
upd 3519/4882 step 3,603,456 ret 446.13 len 254.0 kl 0.0294  sps 1724
upd 3520/4882 step 3,604,480 ret 458.77 len 263.3 kl 0.0141  sps 1724
upd 3521/4882 step 3,605,504 ret 480.13 len 273.0 kl 0.0137  sps 1724
upd 3522/4882 step 3,606,528 ret 493.61 len 278.7 kl 0.0182  sps 1724
upd 3523/4882 step 3,607,552 ret 488.84 len 275.8 kl 0.0192  sps 1724
upd 3524/4882 step 3,608,576 ret 483.63 len 271.8 kl 0.0219  sps 1724
upd 3525/4882 step 3,609,600 ret 476.15 len 265.6 kl 0.0197  sps 1723
upd 3526/4882 step 3,610,624 ret 471.45 len 263.9 kl 0.0210  sps 1723
upd 3527/4882 step 3,611,648 ret 483.93 len 271.1 kl 0.0135  sps 1723
upd 3528/4882 step 3,612,672 ret 493.74 len 275.1 kl 0.0126  sps 1723
upd 3529/4882 step 3,613,696 ret 486.3 len 275.1 kl 0.0204  sps 1723
upd 3530/4882 step 3,614,720 ret 499.42 len 276.6 kl 0.0172  sps 1723
upd 3531/4882 step 3,615,744 ret 489.71 len 271.7 kl 0.0173  sps 1723
upd 3532/4882 step 3,616,768 ret 489.4 len 268.3 kl 0.0190  sps 1724
upd 3533/4882 step 3,617,792 ret 485.28 len 267.3 kl 0.0137  sps 1724
upd 3534/4882 step 3,618,816 ret 484.63 len 266.4 kl 0.0235  sps 1724
upd 3535/4882 step 3,619,840 ret 495.92 len 272.4 kl 0.0148  sps 1724
upd 3536/4882 step 3,620,864 ret 501.67 len 276.2 kl 0.0184  sps 1724
upd 3537/4882 step 3,621,888 ret 473.97 len 260.1 kl 0.0199  sps 1723
upd 3538/4882 step 3,622,912 ret 461.24 len 254.5 kl 0.0196  sps 1723
upd 3539/4882 step 3,623,936 ret 468.97 len 253.6 kl 0.0169  sps 1724
upd 3540/4882 step 3,624,960 ret 464.29 len 253.6 kl 0.0175  sps 1723
upd 3541/4882 step 3,625,984 ret 474.01 len 257.2 kl 0.0122  sps 1723
upd 3542/4882 step 3,627,008 ret 460.67 len 253.1 kl 0.0166  sps 1723
upd 3543/4882 step 3,628,032 ret 462.98 len 254.1 kl 0.0131  sps 1723
upd 3544/4882 step 3,629,056 ret 455.33 len 251.1 kl 0.0166  sps 1723
upd 3545/4882 step 3,630,080 ret 440.03 len 242.4 kl 0.0220  sps 1723
upd 3546/4882 step 3,631,104 ret 446.79 len 248.8 kl 0.0198  sps 1724
upd 3547/4882 step 3,632,128 ret 461.99 len 258.6 kl 0.0172  sps 1723
upd 3548/4882 step 3,633,152 ret 460.86 len 257.3 kl 0.0185  sps 1723
upd 3549/4882 step 3,634,176 ret 457.29 len 255.7 kl 0.0175  sps 1723
upd 3550/4882 step 3,635,200 ret 455.37 len 253.2 kl 0.0236  sps 1723
upd 3551/4882 step 3,636,224 ret 450.71 len 251.2 kl 0.0186  sps 1723
upd 3552/4882 step 3,637,248 ret 449.87 len 250.4 kl 0.0165  sps 1723
upd 3553/4882 step 3,638,272 ret 453.35 len 251.8 kl 0.0177  sps 1723
upd 3554/4882 step 3,639,296 ret 448.81 len 252.0 kl 0.0166  sps 1723
upd 3555/4882 step 3,640,320 ret 451.13 len 254.2 kl 0.0133  sps 1723
upd 3556/4882 step 3,641,344 ret 451.35 len 250.0 kl 0.0166  sps 1723
upd 3557/4882 step 3,642,368 ret 440.87 len 251.8 kl 0.0263  sps 1723
upd 3558/4882 step 3,643,392 ret 431.64 len 244.6 kl 0.0176  sps 1723
upd 3559/4882 step 3,644,416 ret 435.0 len 246.9 kl 0.0217  sps 1723
upd 3560/4882 step 3,645,440 ret 438.58 len 249.4 kl 0.0164  sps 1723
upd 3561/4882 step 3,646,464 ret 432.87 len 247.9 kl 0.0179  sps 1723
upd 3562/4882 step 3,647,488 ret 443.49 len 254.7 kl 0.0177  sps 1723
upd 3563/4882 step 3,648,512 ret 436.23 len 254.1 kl 0.0190  sps 1723
upd 3564/4882 step 3,649,536 ret 440.11 len 254.1 kl 0.0182  sps 1723
upd 3565/4882 step 3,650,560 ret 445.17 len 258.8 kl 0.0165  sps 1723
upd 3566/4882 step 3,651,584 ret 442.09 len 257.2 kl 0.0160  sps 1723
upd 3567/4882 step 3,652,608 ret 454.06 len 256.9 kl 0.0181  sps 1723
upd 3568/4882 step 3,653,632 ret 459.18 len 260.8 kl 0.0187  sps 1723
upd 3569/4882 step 3,654,656 ret 447.38 len 257.6 kl 0.0190  sps 1723
upd 3570/4882 step 3,655,680 ret 455.3 len 261.8 kl 0.0135  sps 1723
upd 3571/4882 step 3,656,704 ret 453.52 len 262.6 kl 0.0224  sps 1723
upd 3572/4882 step 3,657,728 ret 456.57 len 261.5 kl 0.0169  sps 1723
upd 3573/4882 step 3,658,752 ret 458.11 len 263.1 kl 0.0249  sps 1723
upd 3574/4882 step 3,659,776 ret 442.65 len 250.2 kl 0.0172  sps 1723
upd 3575/4882 step 3,660,800 ret 440.24 len 247.1 kl 0.0231  sps 1723
upd 3576/4882 step 3,661,824 ret 437.63 len 247.3 kl 0.0156  sps 1723
upd 3577/4882 step 3,662,848 ret 455.98 len 258.0 kl 0.0132  sps 1723
upd 3578/4882 step 3,663,872 ret 445.05 len 251.3 kl 0.0176  sps 1723
upd 3579/4882 step 3,664,896 ret 445.52 len 250.9 kl 0.0156  sps 1723
upd 3580/4882 step 3,665,920 ret 456.44 len 254.1 kl 0.0159  sps 1723
upd 3581/4882 step 3,666,944 ret 446.29 len 250.2 kl 0.0200  sps 1723
upd 3582/4882 step 3,667,968 ret 440.01 len 248.6 kl 0.0182  sps 1723
upd 3583/4882 step 3,668,992 ret 453.06 len 254.7 kl 0.0181  sps 1723
upd 3584/4882 step 3,670,016 ret 445.57 len 253.2 kl 0.0153  sps 1723
upd 3585/4882 step 3,671,040 ret 453.54 len 256.5 kl 0.0225  sps 1723
upd 3586/4882 step 3,672,064 ret 447.17 len 250.3 kl 0.0147  sps 1724
upd 3587/4882 step 3,673,088 ret 442.93 len 250.3 kl 0.0170  sps 1724
upd 3588/4882 step 3,674,112 ret 444.83 len 252.3 kl 0.0165  sps 1724
upd 3589/4882 step 3,675,136 ret 438.53 len 252.2 kl 0.0160  sps 1724
upd 3590/4882 step 3,676,160 ret 440.49 len 252.2 kl 0.0145  sps 1724
upd 3591/4882 step 3,677,184 ret 435.62 len 247.1 kl 0.0141  sps 1723
upd 3592/4882 step 3,678,208 ret 431.67 len 246.0 kl 0.0168  sps 1723
upd 3593/4882 step 3,679,232 ret 418.62 len 240.9 kl 0.0135  sps 1723
upd 3594/4882 step 3,680,256 ret 439.38 len 251.7 kl 0.0148  sps 1724
upd 3595/4882 step 3,681,280 ret 437.37 len 250.4 kl 0.0179  sps 1724
upd 3596/4882 step 3,682,304 ret 425.71 len 243.9 kl 0.0127  sps 1724
upd 3597/4882 step 3,683,328 ret 413.76 len 236.3 kl 0.0190  sps 1724
upd 3598/4882 step 3,684,352 ret 425.72 len 239.4 kl 0.0173  sps 1724
upd 3599/4882 step 3,685,376 ret 426.11 len 237.7 kl 0.0194  sps 1725
upd 3600/4882 step 3,686,400 ret 429.16 len 238.0 kl 0.0161  sps 1725
upd 3601/4882 step 3,687,424 ret 424.37 len 233.9 kl 0.0192  sps 1725
upd 3602/4882 step 3,688,448 ret 445.65 len 244.9 kl 0.0148  sps 1725
upd 3603/4882 step 3,689,472 ret 458.66 len 249.2 kl 0.0214  sps 1725
upd 3604/4882 step 3,690,496 ret 452.35 len 244.8 kl 0.0167  sps 1725
upd 3605/4882 step 3,691,520 ret 462.22 len 250.6 kl 0.0177  sps 1725
upd 3606/4882 step 3,692,544 ret 471.02 len 253.4 kl 0.0186  sps 1725
upd 3607/4882 step 3,693,568 ret 472.87 len 256.9 kl 0.0149  sps 1725
upd 3608/4882 step 3,694,592 ret 478.04 len 258.1 kl 0.0238  sps 1726
upd 3609/4882 step 3,695,616 ret 456.78 len 247.9 kl 0.0158  sps 1726
upd 3610/4882 step 3,696,640 ret 463.95 len 251.7 kl 0.0133  sps 1726
upd 3611/4882 step 3,697,664 ret 465.18 len 254.2 kl 0.0165  sps 1727
upd 3612/4882 step 3,698,688 ret 467.5 len 254.8 kl 0.0117  sps 1727
upd 3613/4882 step 3,699,712 ret 450.27 len 246.1 kl 0.0164  sps 1727
upd 3614/4882 step 3,700,736 ret 441.91 len 244.2 kl 0.0235  sps 1727
upd 3615/4882 step 3,701,760 ret 434.24 len 241.0 kl 0.0187  sps 1727
upd 3616/4882 step 3,702,784 ret 451.34 len 252.8 kl 0.0171  sps 1727
upd 3617/4882 step 3,703,808 ret 461.23 len 256.9 kl 0.0153  sps 1727
upd 3618/4882 step 3,704,832 ret 465.79 len 256.8 kl 0.0146  sps 1727
upd 3619/4882 step 3,705,856 ret 486.93 len 266.6 kl 0.0171  sps 1728
upd 3620/4882 step 3,706,880 ret 491.86 len 268.7 kl 0.0161  sps 1728
upd 3621/4882 step 3,707,904 ret 480.93 len 261.3 kl 0.0170  sps 1728
upd 3622/4882 step 3,708,928 ret 484.73 len 269.6 kl 0.0241  sps 1729
upd 3623/4882 step 3,709,952 ret 469.78 len 259.1 kl 0.0173  sps 1729
upd 3624/4882 step 3,710,976 ret 460.84 len 259.6 kl 0.0174  sps 1729
upd 3625/4882 step 3,712,000 ret 445.7 len 256.3 kl 0.0158  sps 1729
upd 3626/4882 step 3,713,024 ret 448.51 len 256.3 kl 0.0147  sps 1730
upd 3627/4882 step 3,714,048 ret 439.22 len 250.6 kl 0.0147  sps 1730
upd 3628/4882 step 3,715,072 ret 432.32 len 255.5 kl 0.0154  sps 1730
upd 3629/4882 step 3,716,096 ret 422.6 len 255.5 kl 0.0163  sps 1730
upd 3630/4882 step 3,717,120 ret 415.11 len 253.8 kl 0.0138  sps 1730
upd 3631/4882 step 3,718,144 ret 421.0 len 257.4 kl 0.0168  sps 1730
upd 3632/4882 step 3,719,168 ret 421.23 len 253.6 kl 0.0163  sps 1730
upd 3633/4882 step 3,720,192 ret 425.9 len 259.2 kl 0.0175  sps 1730
upd 3634/4882 step 3,721,216 ret 447.6 len 267.3 kl 0.0134  sps 1730
upd 3635/4882 step 3,722,240 ret 456.84 len 271.6 kl 0.0175  sps 1730
upd 3636/4882 step 3,723,264 ret 455.74 len 270.1 kl 0.0127  sps 1729
upd 3637/4882 step 3,724,288 ret 431.9 len 270.1 kl 0.0187  sps 1729
upd 3638/4882 step 3,725,312 ret 431.31 len 271.3 kl 0.0212  sps 1729
upd 3639/4882 step 3,726,336 ret 440.34 len 271.3 kl 0.0131  sps 1729
upd 3640/4882 step 3,727,360 ret 424.94 len 264.1 kl 0.0174  sps 1729
upd 3641/4882 step 3,728,384 ret 433.39 len 267.9 kl 0.0141  sps 1729
upd 3642/4882 step 3,729,408 ret 434.17 len 267.9 kl 0.0179  sps 1729
upd 3643/4882 step 3,730,432 ret 438.66 len 267.8 kl 0.0184  sps 1729
upd 3644/4882 step 3,731,456 ret 435.18 len 265.8 kl 0.0150  sps 1730
upd 3645/4882 step 3,732,480 ret 445.81 len 269.7 kl 0.0182  sps 1730
upd 3646/4882 step 3,733,504 ret 435.64 len 269.7 kl 0.0131  sps 1730
upd 3647/4882 step 3,734,528 ret 465.23 len 277.2 kl 0.0189  sps 1730
upd 3648/4882 step 3,735,552 ret 484.6 len 280.5 kl 0.0215  sps 1730
upd 3649/4882 step 3,736,576 ret 483.26 len 277.9 kl 0.0142  sps 1730
upd 3650/4882 step 3,737,600 ret 494.44 len 277.9 kl 0.0210  sps 1730
upd 3651/4882 step 3,738,624 ret 493.58 len 274.4 kl 0.0173  sps 1730
upd 3652/4882 step 3,739,648 ret 499.43 len 279.0 kl 0.0129  sps 1730
upd 3653/4882 step 3,740,672 ret 501.86 len 279.0 kl 0.0177  sps 1730
upd 3654/4882 step 3,741,696 ret 502.91 len 280.2 kl 0.0172  sps 1730
upd 3655/4882 step 3,742,720 ret 503.12 len 285.1 kl 0.0140  sps 1730
upd 3656/4882 step 3,743,744 ret 500.58 len 285.1 kl 0.0193  sps 1731
upd 3657/4882 step 3,744,768 ret 497.74 len 285.2 kl 0.0184  sps 1731
upd 3658/4882 step 3,745,792 ret 492.77 len 285.2 kl 0.0162  sps 1731
upd 3659/4882 step 3,746,816 ret 489.44 len 286.8 kl 0.0204  sps 1731
upd 3660/4882 step 3,747,840 ret 495.86 len 286.8 kl 0.0185  sps 1731
upd 3661/4882 step 3,748,864 ret 498.95 len 289.4 kl 0.0128  sps 1731
upd 3662/4882 step 3,749,888 ret 495.51 len 289.0 kl 0.0182  sps 1732
upd 3663/4882 step 3,750,912 ret 493.68 len 283.9 kl 0.0165  sps 1732
upd 3664/4882 step 3,751,936 ret 485.73 len 279.6 kl 0.0169  sps 1732
upd 3665/4882 step 3,752,960 ret 491.3 len 282.4 kl 0.0171  sps 1732
upd 3666/4882 step 3,753,984 ret 481.11 len 271.5 kl 0.0159  sps 1732
upd 3667/4882 step 3,755,008 ret 480.67 len 271.5 kl 0.0224  sps 1732
upd 3668/4882 step 3,756,032 ret 487.11 len 267.5 kl 0.0189  sps 1732
upd 3669/4882 step 3,757,056 ret 467.56 len 254.4 kl 0.0168  sps 1732
upd 3670/4882 step 3,758,080 ret 457.57 len 249.3 kl 0.0160  sps 1732
upd 3671/4882 step 3,759,104 ret 464.44 len 251.2 kl 0.0161  sps 1732
upd 3672/4882 step 3,760,128 ret 441.9 len 243.0 kl 0.0179  sps 1733
upd 3673/4882 step 3,761,152 ret 434.79 len 240.3 kl 0.0170  sps 1733
upd 3674/4882 step 3,762,176 ret 438.05 len 244.6 kl 0.0213  sps 1733
upd 3675/4882 step 3,763,200 ret 436.67 len 244.6 kl 0.0139  sps 1733
upd 3676/4882 step 3,764,224 ret 447.14 len 251.4 kl 0.0208  sps 1733
upd 3677/4882 step 3,765,248 ret 451.49 len 255.3 kl 0.0187  sps 1734
upd 3678/4882 step 3,766,272 ret 450.46 len 255.9 kl 0.0141  sps 1734
upd 3679/4882 step 3,767,296 ret 461.38 len 262.3 kl 0.0158  sps 1734
upd 3680/4882 step 3,768,320 ret 465.75 len 267.7 kl 0.0164  sps 1734
upd 3681/4882 step 3,769,344 ret 473.36 len 272.7 kl 0.0162  sps 1734
upd 3682/4882 step 3,770,368 ret 475.03 len 275.0 kl 0.0147  sps 1734
upd 3683/4882 step 3,771,392 ret 480.73 len 276.8 kl 0.0167  sps 1735
upd 3684/4882 step 3,772,416 ret 483.6 len 280.6 kl 0.0135  sps 1735
upd 3685/4882 step 3,773,440 ret 483.2 len 280.6 kl 0.0206  sps 1735
upd 3686/4882 step 3,774,464 ret 479.86 len 277.4 kl 0.0154  sps 1735
upd 3687/4882 step 3,775,488 ret 483.05 len 277.3 kl 0.0212  sps 1735
upd 3688/4882 step 3,776,512 ret 461.14 len 267.7 kl 0.0151  sps 1735
upd 3689/4882 step 3,777,536 ret 448.93 len 263.1 kl 0.0210  sps 1735
upd 3690/4882 step 3,778,560 ret 446.26 len 258.6 kl 0.0188  sps 1735
upd 3691/4882 step 3,779,584 ret 422.76 len 245.3 kl 0.0164  sps 1735
upd 3692/4882 step 3,780,608 ret 397.68 len 232.8 kl 0.0199  sps 1735
upd 3693/4882 step 3,781,632 ret 393.0 len 228.6 kl 0.0143  sps 1735
upd 3694/4882 step 3,782,656 ret 384.41 len 224.7 kl 0.0203  sps 1736
upd 3695/4882 step 3,783,680 ret 380.84 len 224.4 kl 0.0169  sps 1736
upd 3696/4882 step 3,784,704 ret 379.73 len 222.9 kl 0.0172  sps 1736
upd 3697/4882 step 3,785,728 ret 392.37 len 226.6 kl 0.0147  sps 1736
upd 3698/4882 step 3,786,752 ret 396.84 len 227.5 kl 0.0184  sps 1737
upd 3699/4882 step 3,787,776 ret 404.79 len 231.9 kl 0.0120  sps 1737
upd 3700/4882 step 3,788,800 ret 422.58 len 239.7 kl 0.0092  sps 1736
upd 3701/4882 step 3,789,824 ret 423.63 len 245.2 kl 0.0174  sps 1736
upd 3702/4882 step 3,790,848 ret 440.88 len 255.9 kl 0.0113  sps 1736
upd 3703/4882 step 3,791,872 ret 444.74 len 267.7 kl 0.0169  sps 1737
upd 3704/4882 step 3,792,896 ret 435.81 len 265.9 kl 0.0196  sps 1737
upd 3705/4882 step 3,793,920 ret 437.18 len 265.9 kl 0.0140  sps 1737
upd 3706/4882 step 3,794,944 ret 440.74 len 267.4 kl 0.0189  sps 1738
upd 3707/4882 step 3,795,968 ret 438.78 len 266.8 kl 0.0180  sps 1738
upd 3708/4882 step 3,796,992 ret 425.55 len 266.2 kl 0.0154  sps 1738
upd 3709/4882 step 3,798,016 ret 394.22 len 255.8 kl 0.0170  sps 1739
upd 3710/4882 step 3,799,040 ret 396.66 len 255.8 kl 0.0180  sps 1739
upd 3711/4882 step 3,800,064 ret 391.85 len 250.0 kl 0.0200  sps 1738
upd 3712/4882 step 3,801,088 ret 401.35 len 254.6 kl 0.0182  sps 1739
upd 3713/4882 step 3,802,112 ret 423.56 len 257.2 kl 0.0151  sps 1739
upd 3714/4882 step 3,803,136 ret 430.59 len 258.1 kl 0.0166  sps 1739
upd 3715/4882 step 3,804,160 ret 420.96 len 254.2 kl 0.0165  sps 1739
upd 3716/4882 step 3,805,184 ret 435.71 len 260.6 kl 0.0165  sps 1739
upd 3717/4882 step 3,806,208 ret 431.16 len 258.1 kl 0.0213  sps 1739
upd 3718/4882 step 3,807,232 ret 444.69 len 258.1 kl 0.0214  sps 1739
upd 3719/4882 step 3,808,256 ret 472.23 len 272.7 kl 0.0163  sps 1740
upd 3720/4882 step 3,809,280 ret 495.94 len 279.5 kl 0.0175  sps 1740
upd 3721/4882 step 3,810,304 ret 473.17 len 270.2 kl 0.0150  sps 1740
upd 3722/4882 step 3,811,328 ret 466.06 len 268.1 kl 0.0199  sps 1740
upd 3723/4882 step 3,812,352 ret 451.33 len 259.0 kl 0.0209  sps 1740
upd 3724/4882 step 3,813,376 ret 449.01 len 258.1 kl 0.0137  sps 1740
upd 3725/4882 step 3,814,400 ret 457.07 len 262.3 kl 0.0166  sps 1740
upd 3726/4882 step 3,815,424 ret 418.74 len 242.3 kl 0.0127  sps 1740
upd 3727/4882 step 3,816,448 ret 423.36 len 248.0 kl 0.0156  sps 1740
upd 3728/4882 step 3,817,472 ret 413.67 len 242.0 kl 0.0126  sps 1740
upd 3729/4882 step 3,818,496 ret 388.1 len 235.9 kl 0.0162  sps 1740
upd 3730/4882 step 3,819,520 ret 405.8 len 239.4 kl 0.0143  sps 1740
upd 3731/4882 step 3,820,544 ret 413.29 len 244.2 kl 0.0136  sps 1740
upd 3732/4882 step 3,821,568 ret 423.0 len 253.1 kl 0.0179  sps 1740
upd 3733/4882 step 3,822,592 ret 432.35 len 256.1 kl 0.0138  sps 1740
upd 3734/4882 step 3,823,616 ret 434.33 len 254.2 kl 0.0162  sps 1740
upd 3735/4882 step 3,824,640 ret 435.46 len 256.6 kl 0.0196  sps 1741
upd 3736/4882 step 3,825,664 ret 451.26 len 265.5 kl 0.0170  sps 1741
upd 3737/4882 step 3,826,688 ret 432.77 len 255.8 kl 0.0153  sps 1741
upd 3738/4882 step 3,827,712 ret 443.43 len 261.8 kl 0.0191  sps 1741
upd 3739/4882 step 3,828,736 ret 452.75 len 267.9 kl 0.0227  sps 1741
upd 3740/4882 step 3,829,760 ret 442.41 len 264.1 kl 0.0145  sps 1741
upd 3741/4882 step 3,830,784 ret 432.31 len 257.9 kl 0.0119  sps 1741
upd 3742/4882 step 3,831,808 ret 415.8 len 254.2 kl 0.0177  sps 1741
upd 3743/4882 step 3,832,832 ret 405.73 len 246.4 kl 0.0145  sps 1741
upd 3744/4882 step 3,833,856 ret 390.81 len 237.3 kl 0.0183  sps 1741
upd 3745/4882 step 3,834,880 ret 394.87 len 238.6 kl 0.0122  sps 1741
upd 3746/4882 step 3,835,904 ret 405.49 len 246.3 kl 0.0147  sps 1741
upd 3747/4882 step 3,836,928 ret 386.8 len 237.4 kl 0.0136  sps 1741
upd 3748/4882 step 3,837,952 ret 385.17 len 237.4 kl 0.0163  sps 1741
upd 3749/4882 step 3,838,976 ret 391.67 len 232.2 kl 0.0177  sps 1741
upd 3750/4882 step 3,840,000 ret 387.97 len 225.6 kl 0.0189  sps 1742
upd 3751/4882 step 3,841,024 ret 395.17 len 231.0 kl 0.0155  sps 1742
upd 3752/4882 step 3,842,048 ret 401.37 len 235.1 kl 0.0157  sps 1742
upd 3753/4882 step 3,843,072 ret 411.98 len 244.6 kl 0.0138  sps 1742
upd 3754/4882 step 3,844,096 ret 404.46 len 240.1 kl 0.0107  sps 1742
upd 3755/4882 step 3,845,120 ret 413.67 len 244.3 kl 0.0124  sps 1742
upd 3756/4882 step 3,846,144 ret 417.53 len 242.4 kl 0.0148  sps 1742
upd 3757/4882 step 3,847,168 ret 425.73 len 252.7 kl 0.0117  sps 1742
upd 3758/4882 step 3,848,192 ret 421.79 len 250.3 kl 0.0139  sps 1742
upd 3759/4882 step 3,849,216 ret 423.98 len 254.5 kl 0.0191  sps 1742
upd 3760/4882 step 3,850,240 ret 425.22 len 254.4 kl 0.0175  sps 1742
upd 3761/4882 step 3,851,264 ret 432.84 len 259.9 kl 0.0185  sps 1742
upd 3762/4882 step 3,852,288 ret 437.47 len 263.3 kl 0.0182  sps 1743
upd 3763/4882 step 3,853,312 ret 433.37 len 268.0 kl 0.0137  sps 1743
upd 3764/4882 step 3,854,336 ret 439.41 len 267.8 kl 0.0218  sps 1743
upd 3765/4882 step 3,855,360 ret 444.5 len 275.7 kl 0.0108  sps 1742
upd 3766/4882 step 3,856,384 ret 425.26 len 262.0 kl 0.0176  sps 1742
upd 3767/4882 step 3,857,408 ret 430.21 len 262.0 kl 0.0142  sps 1742
upd 3768/4882 step 3,858,432 ret 435.98 len 260.9 kl 0.0178  sps 1742
upd 3769/4882 step 3,859,456 ret 422.26 len 246.5 kl 0.0133  sps 1742
upd 3770/4882 step 3,860,480 ret 428.36 len 253.8 kl 0.0179  sps 1742
upd 3771/4882 step 3,861,504 ret 422.22 len 251.2 kl 0.0235  sps 1742
upd 3772/4882 step 3,862,528 ret 424.78 len 251.2 kl 0.0146  sps 1743
upd 3773/4882 step 3,863,552 ret 426.62 len 248.4 kl 0.0160  sps 1743
upd 3774/4882 step 3,864,576 ret 431.99 len 243.8 kl 0.0147  sps 1743
upd 3775/4882 step 3,865,600 ret 425.27 len 248.6 kl 0.0191  sps 1743
upd 3776/4882 step 3,866,624 ret 431.2 len 253.0 kl 0.0215  sps 1743
upd 3777/4882 step 3,867,648 ret 407.83 len 245.1 kl 0.0175  sps 1743
upd 3778/4882 step 3,868,672 ret 408.77 len 247.4 kl 0.0145  sps 1743
upd 3779/4882 step 3,869,696 ret 418.75 len 249.6 kl 0.0162  sps 1744
upd 3780/4882 step 3,870,720 ret 407.81 len 242.1 kl 0.0174  sps 1744
upd 3781/4882 step 3,871,744 ret 399.02 len 237.5 kl 0.0173  sps 1744
upd 3782/4882 step 3,872,768 ret 404.69 len 240.4 kl 0.0124  sps 1744
upd 3783/4882 step 3,873,792 ret 399.88 len 240.2 kl 0.0176  sps 1744
upd 3784/4882 step 3,874,816 ret 409.3 len 244.0 kl 0.0166  sps 1744
upd 3785/4882 step 3,875,840 ret 408.23 len 244.0 kl 0.0141  sps 1744
upd 3786/4882 step 3,876,864 ret 412.46 len 242.5 kl 0.0174  sps 1744
upd 3787/4882 step 3,877,888 ret 408.21 len 240.1 kl 0.0143  sps 1744
upd 3788/4882 step 3,878,912 ret 407.71 len 240.8 kl 0.0186  sps 1744
upd 3789/4882 step 3,879,936 ret 412.3 len 242.4 kl 0.0169  sps 1744
upd 3790/4882 step 3,880,960 ret 428.12 len 252.8 kl 0.0156  sps 1744
upd 3791/4882 step 3,881,984 ret 424.8 len 249.8 kl 0.0206  sps 1744
upd 3792/4882 step 3,883,008 ret 424.63 len 249.8 kl 0.0139  sps 1745
upd 3793/4882 step 3,884,032 ret 417.88 len 244.1 kl 0.0201  sps 1745
upd 3794/4882 step 3,885,056 ret 426.08 len 242.9 kl 0.0206  sps 1745
upd 3795/4882 step 3,886,080 ret 428.48 len 242.9 kl 0.0127  sps 1745
upd 3796/4882 step 3,887,104 ret 439.79 len 253.2 kl 0.0155  sps 1745
upd 3797/4882 step 3,888,128 ret 441.93 len 255.9 kl 0.0169  sps 1745
upd 3798/4882 step 3,889,152 ret 440.79 len 254.4 kl 0.0130  sps 1745
upd 3799/4882 step 3,890,176 ret 426.21 len 243.8 kl 0.0186  sps 1745
upd 3800/4882 step 3,891,200 ret 423.52 len 244.6 kl 0.0162  sps 1746
upd 3801/4882 step 3,892,224 ret 427.64 len 248.1 kl 0.0147  sps 1746
upd 3802/4882 step 3,893,248 ret 413.07 len 240.0 kl 0.0150  sps 1746
upd 3803/4882 step 3,894,272 ret 413.18 len 241.2 kl 0.0220  sps 1746
upd 3804/4882 step 3,895,296 ret 400.14 len 232.4 kl 0.0161  sps 1746
upd 3805/4882 step 3,896,320 ret 400.46 len 229.6 kl 0.0199  sps 1746
upd 3806/4882 step 3,897,344 ret 386.04 len 222.6 kl 0.0216  sps 1746
upd 3807/4882 step 3,898,368 ret 387.05 len 222.0 kl 0.0155  sps 1746
upd 3808/4882 step 3,899,392 ret 393.97 len 225.4 kl 0.0152  sps 1746
upd 3809/4882 step 3,900,416 ret 380.47 len 217.4 kl 0.0171  sps 1746
upd 3810/4882 step 3,901,440 ret 384.48 len 218.5 kl 0.0208  sps 1746
upd 3811/4882 step 3,902,464 ret 385.45 len 223.8 kl 0.0196  sps 1746
upd 3812/4882 step 3,903,488 ret 374.66 len 217.2 kl 0.0180  sps 1746
upd 3813/4882 step 3,904,512 ret 365.97 len 213.1 kl 0.0149  sps 1746
upd 3814/4882 step 3,905,536 ret 377.96 len 219.3 kl 0.0159  sps 1746
upd 3815/4882 step 3,906,560 ret 366.58 len 215.4 kl 0.0202  sps 1746
upd 3816/4882 step 3,907,584 ret 380.59 len 226.4 kl 0.0176  sps 1746
upd 3817/4882 step 3,908,608 ret 389.49 len 233.9 kl 0.0173  sps 1746
upd 3818/4882 step 3,909,632 ret 381.25 len 227.6 kl 0.0153  sps 1746
upd 3819/4882 step 3,910,656 ret 383.36 len 228.6 kl 0.0164  sps 1746
upd 3820/4882 step 3,911,680 ret 394.31 len 233.7 kl 0.0178  sps 1746
upd 3821/4882 step 3,912,704 ret 410.86 len 238.0 kl 0.0177  sps 1746
upd 3822/4882 step 3,913,728 ret 402.25 len 234.9 kl 0.0175  sps 1746
upd 3823/4882 step 3,914,752 ret 420.49 len 243.2 kl 0.0181  sps 1746
upd 3824/4882 step 3,915,776 ret 422.61 len 242.7 kl 0.0180  sps 1747
upd 3825/4882 step 3,916,800 ret 427.67 len 243.9 kl 0.0195  sps 1747
upd 3826/4882 step 3,917,824 ret 438.27 len 247.9 kl 0.0222  sps 1747
upd 3827/4882 step 3,918,848 ret 434.98 len 243.9 kl 0.0154  sps 1747
upd 3828/4882 step 3,919,872 ret 448.17 len 249.9 kl 0.0149  sps 1747
upd 3829/4882 step 3,920,896 ret 457.92 len 254.3 kl 0.0174  sps 1747
upd 3830/4882 step 3,921,920 ret 438.46 len 245.8 kl 0.0159  sps 1747
upd 3831/4882 step 3,922,944 ret 424.62 len 244.6 kl 0.0191  sps 1747
upd 3832/4882 step 3,923,968 ret 416.02 len 237.4 kl 0.0184  sps 1747
upd 3833/4882 step 3,924,992 ret 419.07 len 242.0 kl 0.0132  sps 1747
upd 3834/4882 step 3,926,016 ret 415.63 len 242.7 kl 0.0168  sps 1747
upd 3835/4882 step 3,927,040 ret 419.61 len 243.2 kl 0.0148  sps 1747
upd 3836/4882 step 3,928,064 ret 405.0 len 233.9 kl 0.0122  sps 1747
upd 3837/4882 step 3,929,088 ret 405.7 len 240.7 kl 0.0184  sps 1747
upd 3838/4882 step 3,930,112 ret 398.76 len 238.2 kl 0.0124  sps 1747
upd 3839/4882 step 3,931,136 ret 394.21 len 236.9 kl 0.0149  sps 1747
upd 3840/4882 step 3,932,160 ret 411.68 len 241.0 kl 0.0127  sps 1747
upd 3841/4882 step 3,933,184 ret 420.03 len 245.6 kl 0.0136  sps 1747
upd 3842/4882 step 3,934,208 ret 430.23 len 250.2 kl 0.0164  sps 1747
upd 3843/4882 step 3,935,232 ret 438.02 len 251.6 kl 0.0153  sps 1748
upd 3844/4882 step 3,936,256 ret 438.68 len 252.1 kl 0.0124  sps 1748
upd 3845/4882 step 3,937,280 ret 432.86 len 255.7 kl 0.0129  sps 1748
upd 3846/4882 step 3,938,304 ret 444.04 len 265.0 kl 0.0165  sps 1748
upd 3847/4882 step 3,939,328 ret 463.77 len 267.8 kl 0.0157  sps 1748
upd 3848/4882 step 3,940,352 ret 444.21 len 254.3 kl 0.0175  sps 1748
upd 3849/4882 step 3,941,376 ret 436.83 len 257.1 kl 0.0123  sps 1748
upd 3850/4882 step 3,942,400 ret 433.15 len 253.8 kl 0.0189  sps 1748
upd 3851/4882 step 3,943,424 ret 439.41 len 256.1 kl 0.0148  sps 1748
upd 3852/4882 step 3,944,448 ret 451.54 len 262.3 kl 0.0145  sps 1748
upd 3853/4882 step 3,945,472 ret 445.11 len 259.9 kl 0.0194  sps 1748
upd 3854/4882 step 3,946,496 ret 444.82 len 260.6 kl 0.0130  sps 1748
upd 3855/4882 step 3,947,520 ret 450.74 len 259.5 kl 0.0209  sps 1748
upd 3856/4882 step 3,948,544 ret 454.95 len 259.5 kl 0.0159  sps 1748
upd 3857/4882 step 3,949,568 ret 450.3 len 259.6 kl 0.0247  sps 1749
upd 3858/4882 step 3,950,592 ret 480.98 len 276.9 kl 0.0190  sps 1749
upd 3859/4882 step 3,951,616 ret 482.53 len 278.9 kl 0.0208  sps 1748
upd 3860/4882 step 3,952,640 ret 484.55 len 275.8 kl 0.0135  sps 1748
upd 3861/4882 step 3,953,664 ret 476.17 len 271.6 kl 0.0127  sps 1749
upd 3862/4882 step 3,954,688 ret 475.43 len 271.6 kl 0.0189  sps 1749
upd 3863/4882 step 3,955,712 ret 452.11 len 266.1 kl 0.0137  sps 1749
upd 3864/4882 step 3,956,736 ret 446.87 len 261.8 kl 0.0163  sps 1749
upd 3865/4882 step 3,957,760 ret 449.04 len 262.9 kl 0.0169  sps 1749
upd 3866/4882 step 3,958,784 ret 443.24 len 255.5 kl 0.0139  sps 1749
upd 3867/4882 step 3,959,808 ret 441.91 len 255.5 kl 0.0169  sps 1749
upd 3868/4882 step 3,960,832 ret 425.13 len 250.0 kl 0.0152  sps 1749
upd 3869/4882 step 3,961,856 ret 415.81 len 251.3 kl 0.0154  sps 1749
upd 3870/4882 step 3,962,880 ret 420.11 len 260.3 kl 0.0185  sps 1749
upd 3871/4882 step 3,963,904 ret 429.77 len 263.9 kl 0.0163  sps 1750
upd 3872/4882 step 3,964,928 ret 417.85 len 249.1 kl 0.0121  sps 1750
upd 3873/4882 step 3,965,952 ret 420.29 len 249.9 kl 0.0166  sps 1750
upd 3874/4882 step 3,966,976 ret 419.94 len 252.8 kl 0.0175  sps 1750
upd 3875/4882 step 3,968,000 ret 398.28 len 248.2 kl 0.0190  sps 1750
upd 3876/4882 step 3,969,024 ret 390.17 len 243.6 kl 0.0155  sps 1750
upd 3877/4882 step 3,970,048 ret 386.27 len 242.8 kl 0.0102  sps 1750
upd 3878/4882 step 3,971,072 ret 387.25 len 242.8 kl 0.0169  sps 1750
upd 3879/4882 step 3,972,096 ret 396.69 len 242.8 kl 0.0106  sps 1751
upd 3880/4882 step 3,973,120 ret 403.38 len 240.8 kl 0.0108  sps 1751
upd 3881/4882 step 3,974,144 ret 408.41 len 245.2 kl 0.0172  sps 1751
upd 3882/4882 step 3,975,168 ret 421.99 len 253.9 kl 0.0185  sps 1751
upd 3883/4882 step 3,976,192 ret 423.12 len 257.2 kl 0.0154  sps 1751
upd 3884/4882 step 3,977,216 ret 436.42 len 264.6 kl 0.0132  sps 1751
upd 3885/4882 step 3,978,240 ret 449.39 len 263.0 kl 0.0172  sps 1752
upd 3886/4882 step 3,979,264 ret 450.24 len 267.6 kl 0.0192  sps 1752
upd 3887/4882 step 3,980,288 ret 477.27 len 281.8 kl 0.0119  sps 1752
upd 3888/4882 step 3,981,312 ret 476.19 len 280.4 kl 0.0193  sps 1752
upd 3889/4882 step 3,982,336 ret 477.15 len 279.2 kl 0.0181  sps 1752
upd 3890/4882 step 3,983,360 ret 472.58 len 279.2 kl 0.0156  sps 1752
upd 3891/4882 step 3,984,384 ret 481.82 len 282.4 kl 0.0144  sps 1752
upd 3892/4882 step 3,985,408 ret 457.67 len 270.4 kl 0.0195  sps 1752
upd 3893/4882 step 3,986,432 ret 450.26 len 269.1 kl 0.0149  sps 1753
upd 3894/4882 step 3,987,456 ret 451.04 len 269.1 kl 0.0104  sps 1753
upd 3895/4882 step 3,988,480 ret 440.59 len 269.1 kl 0.0174  sps 1753
upd 3896/4882 step 3,989,504 ret 440.72 len 269.9 kl 0.0171  sps 1753
upd 3897/4882 step 3,990,528 ret 437.86 len 269.9 kl 0.0115  sps 1753
upd 3898/4882 step 3,991,552 ret 429.88 len 263.5 kl 0.0177  sps 1753
upd 3899/4882 step 3,992,576 ret 429.19 len 264.7 kl 0.0149  sps 1753
upd 3900/4882 step 3,993,600 ret 427.83 len 261.3 kl 0.0087  sps 1753
upd 3901/4882 step 3,994,624 ret 427.49 len 261.3 kl 0.0123  sps 1753
upd 3902/4882 step 3,995,648 ret 427.83 len 262.6 kl 0.0144  sps 1753
upd 3903/4882 step 3,996,672 ret 430.35 len 265.4 kl 0.0144  sps 1754
upd 3904/4882 step 3,997,696 ret 449.7 len 271.6 kl 0.0173  sps 1754
upd 3905/4882 step 3,998,720 ret 455.24 len 268.7 kl 0.0163  sps 1754
upd 3906/4882 step 3,999,744 ret 453.87 len 267.9 kl 0.0165  sps 1754
upd 3907/4882 step 4,000,768 ret 456.9 len 267.9 kl 0.0135  sps 1754
upd 3908/4882 step 4,001,792 ret 459.82 len 267.9 kl 0.0154  sps 1754
upd 3909/4882 step 4,002,816 ret 470.3 len 273.2 kl 0.0138  sps 1754
upd 3910/4882 step 4,003,840 ret 473.37 len 273.2 kl 0.0144  sps 1754
upd 3911/4882 step 4,004,864 ret 462.87 len 271.2 kl 0.0168  sps 1755
upd 3912/4882 step 4,005,888 ret 470.56 len 273.4 kl 0.0119  sps 1755
upd 3913/4882 step 4,006,912 ret 478.81 len 279.1 kl 0.0133  sps 1755
upd 3914/4882 step 4,007,936 ret 474.57 len 275.6 kl 0.0158  sps 1755
upd 3915/4882 step 4,008,960 ret 476.35 len 275.6 kl 0.0129  sps 1755
upd 3916/4882 step 4,009,984 ret 488.47 len 278.4 kl 0.0164  sps 1755
upd 3917/4882 step 4,011,008 ret 481.86 len 276.3 kl 0.0115  sps 1755
upd 3918/4882 step 4,012,032 ret 486.32 len 276.8 kl 0.0170  sps 1755
upd 3919/4882 step 4,013,056 ret 458.11 len 264.7 kl 0.0221  sps 1755
upd 3920/4882 step 4,014,080 ret 459.69 len 267.4 kl 0.0129  sps 1755
upd 3921/4882 step 4,015,104 ret 457.72 len 263.6 kl 0.0172  sps 1756
upd 3922/4882 step 4,016,128 ret 457.17 len 268.9 kl 0.0124  sps 1756
upd 3923/4882 step 4,017,152 ret 447.51 len 260.6 kl 0.0201  sps 1756
upd 3924/4882 step 4,018,176 ret 445.58 len 258.3 kl 0.0150  sps 1756
upd 3925/4882 step 4,019,200 ret 427.61 len 248.5 kl 0.0137  sps 1756
upd 3926/4882 step 4,020,224 ret 424.97 len 248.5 kl 0.0169  sps 1756
upd 3927/4882 step 4,021,248 ret 421.96 len 246.1 kl 0.0137  sps 1756
upd 3928/4882 step 4,022,272 ret 429.61 len 252.8 kl 0.0181  sps 1756
upd 3929/4882 step 4,023,296 ret 439.99 len 255.7 kl 0.0170  sps 1756
upd 3930/4882 step 4,024,320 ret 460.04 len 264.1 kl 0.0183  sps 1756
upd 3931/4882 step 4,025,344 ret 457.93 len 264.1 kl 0.0187  sps 1756
upd 3932/4882 step 4,026,368 ret 454.67 len 264.9 kl 0.0165  sps 1756
upd 3933/4882 step 4,027,392 ret 462.85 len 268.2 kl 0.0142  sps 1756
upd 3934/4882 step 4,028,416 ret 456.64 len 265.9 kl 0.0129  sps 1756
upd 3935/4882 step 4,029,440 ret 470.69 len 273.8 kl 0.0126  sps 1756
upd 3936/4882 step 4,030,464 ret 481.19 len 279.8 kl 0.0191  sps 1756
upd 3937/4882 step 4,031,488 ret 480.5 len 279.8 kl 0.0142  sps 1756
upd 3938/4882 step 4,032,512 ret 489.51 len 285.3 kl 0.0170  sps 1756
upd 3939/4882 step 4,033,536 ret 483.69 len 282.2 kl 0.0176  sps 1756
upd 3940/4882 step 4,034,560 ret 472.11 len 278.2 kl 0.0155  sps 1756
upd 3941/4882 step 4,035,584 ret 467.48 len 278.9 kl 0.0153  sps 1756
upd 3942/4882 step 4,036,608 ret 461.46 len 271.4 kl 0.0171  sps 1756
upd 3943/4882 step 4,037,632 ret 470.62 len 274.4 kl 0.0118  sps 1757
upd 3944/4882 step 4,038,656 ret 470.36 len 274.4 kl 0.0105  sps 1757
upd 3945/4882 step 4,039,680 ret 468.76 len 281.6 kl 0.0133  sps 1757
upd 3946/4882 step 4,040,704 ret 454.11 len 271.2 kl 0.0112  sps 1757
upd 3947/4882 step 4,041,728 ret 437.12 len 265.4 kl 0.0138  sps 1757
upd 3948/4882 step 4,042,752 ret 436.17 len 265.4 kl 0.0162  sps 1757
upd 3949/4882 step 4,043,776 ret 434.4 len 265.4 kl 0.0125  sps 1757
upd 3950/4882 step 4,044,800 ret 451.15 len 272.5 kl 0.0155  sps 1757
upd 3951/4882 step 4,045,824 ret 458.48 len 272.2 kl 0.0119  sps 1757
upd 3952/4882 step 4,046,848 ret 444.34 len 264.5 kl 0.0189  sps 1757
upd 3953/4882 step 4,047,872 ret 434.49 len 258.5 kl 0.0137  sps 1757
upd 3954/4882 step 4,048,896 ret 433.8 len 258.5 kl 0.0161  sps 1758
upd 3955/4882 step 4,049,920 ret 422.16 len 248.7 kl 0.0158  sps 1758
upd 3956/4882 step 4,050,944 ret 434.02 len 254.9 kl 0.0175  sps 1758
upd 3957/4882 step 4,051,968 ret 442.76 len 254.0 kl 0.0148  sps 1758
upd 3958/4882 step 4,052,992 ret 442.0 len 254.0 kl 0.0194  sps 1758
upd 3959/4882 step 4,054,016 ret 433.82 len 248.7 kl 0.0121  sps 1758
upd 3960/4882 step 4,055,040 ret 439.72 len 248.7 kl 0.0138  sps 1758
upd 3961/4882 step 4,056,064 ret 443.68 len 250.8 kl 0.0160  sps 1758
upd 3962/4882 step 4,057,088 ret 443.99 len 251.5 kl 0.0171  sps 1759
upd 3963/4882 step 4,058,112 ret 435.3 len 244.7 kl 0.0137  sps 1759
upd 3964/4882 step 4,059,136 ret 432.91 len 238.6 kl 0.0172  sps 1759
upd 3965/4882 step 4,060,160 ret 447.67 len 247.3 kl 0.0145  sps 1759
upd 3966/4882 step 4,061,184 ret 448.57 len 249.3 kl 0.0128  sps 1759
upd 3967/4882 step 4,062,208 ret 454.5 len 256.0 kl 0.0111  sps 1759
upd 3968/4882 step 4,063,232 ret 445.14 len 252.8 kl 0.0139  sps 1759
upd 3969/4882 step 4,064,256 ret 444.91 len 252.7 kl 0.0144  sps 1759
upd 3970/4882 step 4,065,280 ret 443.92 len 252.7 kl 0.0164  sps 1759
upd 3971/4882 step 4,066,304 ret 433.67 len 248.2 kl 0.0108  sps 1759
upd 3972/4882 step 4,067,328 ret 451.31 len 258.0 kl 0.0135  sps 1759
upd 3973/4882 step 4,068,352 ret 457.12 len 267.4 kl 0.0166  sps 1759
upd 3974/4882 step 4,069,376 ret 469.34 len 273.5 kl 0.0102  sps 1759
upd 3975/4882 step 4,070,400 ret 462.67 len 267.2 kl 0.0191  sps 1759
upd 3976/4882 step 4,071,424 ret 465.99 len 268.2 kl 0.0128  sps 1759
upd 3977/4882 step 4,072,448 ret 475.4 len 272.4 kl 0.0134  sps 1759
upd 3978/4882 step 4,073,472 ret 480.58 len 271.2 kl 0.0127  sps 1759
upd 3979/4882 step 4,074,496 ret 460.41 len 257.3 kl 0.0128  sps 1759
upd 3980/4882 step 4,075,520 ret 448.49 len 250.0 kl 0.0152  sps 1759
upd 3981/4882 step 4,076,544 ret 458.07 len 252.2 kl 0.0109  sps 1759
upd 3982/4882 step 4,077,568 ret 459.32 len 252.2 kl 0.0114  sps 1759
upd 3983/4882 step 4,078,592 ret 478.19 len 260.5 kl 0.0167  sps 1759
upd 3984/4882 step 4,079,616 ret 479.54 len 260.5 kl 0.0129  sps 1760
upd 3985/4882 step 4,080,640 ret 475.99 len 260.5 kl 0.0154  sps 1760
upd 3986/4882 step 4,081,664 ret 471.15 len 266.8 kl 0.0148  sps 1760
upd 3987/4882 step 4,082,688 ret 467.09 len 264.4 kl 0.0168  sps 1760
upd 3988/4882 step 4,083,712 ret 461.86 len 261.9 kl 0.0152  sps 1760
upd 3989/4882 step 4,084,736 ret 460.35 len 268.7 kl 0.0125  sps 1760
upd 3990/4882 step 4,085,760 ret 463.94 len 277.8 kl 0.0184  sps 1760
upd 3991/4882 step 4,086,784 ret 488.11 len 290.1 kl 0.0158  sps 1760
upd 3992/4882 step 4,087,808 ret 471.28 len 282.3 kl 0.0145  sps 1760
upd 3993/4882 step 4,088,832 ret 470.16 len 280.4 kl 0.0183  sps 1760
upd 3994/4882 step 4,089,856 ret 472.09 len 280.4 kl 0.0152  sps 1760
upd 3995/4882 step 4,090,880 ret 469.65 len 280.4 kl 0.0181  sps 1761
upd 3996/4882 step 4,091,904 ret 470.01 len 280.4 kl 0.0160  sps 1761
upd 3997/4882 step 4,092,928 ret 482.68 len 280.4 kl 0.0140  sps 1761
upd 3998/4882 step 4,093,952 ret 481.72 len 277.6 kl 0.0166  sps 1761
upd 3999/4882 step 4,094,976 ret 482.04 len 280.1 kl 0.0130  sps 1761
upd 4000/4882 step 4,096,000 ret 479.35 len 273.8 kl 0.0121  sps 1761
upd 4001/4882 step 4,097,024 ret 486.63 len 270.2 kl 0.0136  sps 1761
upd 4002/4882 step 4,098,048 ret 472.52 len 265.8 kl 0.0128  sps 1761
upd 4003/4882 step 4,099,072 ret 490.03 len 276.9 kl 0.0124  sps 1761
upd 4004/4882 step 4,100,096 ret 473.93 len 268.9 kl 0.0120  sps 1761
upd 4005/4882 step 4,101,120 ret 464.84 len 264.4 kl 0.0112  sps 1761
upd 4006/4882 step 4,102,144 ret 467.26 len 260.9 kl 0.0201  sps 1762
upd 4007/4882 step 4,103,168 ret 468.13 len 260.9 kl 0.0143  sps 1762
upd 4008/4882 step 4,104,192 ret 461.01 len 264.2 kl 0.0138  sps 1762
upd 4009/4882 step 4,105,216 ret 461.9 len 264.2 kl 0.0117  sps 1762
upd 4010/4882 step 4,106,240 ret 456.62 len 257.6 kl 0.0144  sps 1762
upd 4011/4882 step 4,107,264 ret 451.34 len 261.2 kl 0.0149  sps 1762
upd 4012/4882 step 4,108,288 ret 463.24 len 269.2 kl 0.0156  sps 1762
upd 4013/4882 step 4,109,312 ret 464.45 len 269.2 kl 0.0139  sps 1762
upd 4014/4882 step 4,110,336 ret 472.61 len 270.6 kl 0.0120  sps 1762
upd 4015/4882 step 4,111,360 ret 453.98 len 266.2 kl 0.0122  sps 1762
upd 4016/4882 step 4,112,384 ret 446.48 len 261.7 kl 0.0136  sps 1762
upd 4017/4882 step 4,113,408 ret 434.37 len 257.4 kl 0.0147  sps 1762
upd 4018/4882 step 4,114,432 ret 446.02 len 259.3 kl 0.0152  sps 1762
upd 4019/4882 step 4,115,456 ret 433.92 len 253.0 kl 0.0179  sps 1762
upd 4020/4882 step 4,116,480 ret 458.76 len 265.9 kl 0.0160  sps 1762
upd 4021/4882 step 4,117,504 ret 450.6 len 265.9 kl 0.0160  sps 1762
upd 4022/4882 step 4,118,528 ret 463.28 len 265.9 kl 0.0119  sps 1762
upd 4023/4882 step 4,119,552 ret 466.19 len 265.9 kl 0.0131  sps 1762
upd 4024/4882 step 4,120,576 ret 468.24 len 265.9 kl 0.0161  sps 1762
upd 4025/4882 step 4,121,600 ret 486.28 len 276.4 kl 0.0097  sps 1762
upd 4026/4882 step 4,122,624 ret 507.59 len 280.0 kl 0.0123  sps 1763
upd 4027/4882 step 4,123,648 ret 514.26 len 283.2 kl 0.0197  sps 1763
upd 4028/4882 step 4,124,672 ret 514.64 len 283.2 kl 0.0106  sps 1763
upd 4029/4882 step 4,125,696 ret 517.48 len 283.1 kl 0.0146  sps 1763
upd 4030/4882 step 4,126,720 ret 530.68 len 289.5 kl 0.0102  sps 1763
upd 4031/4882 step 4,127,744 ret 517.55 len 284.4 kl 0.0124  sps 1763
upd 4032/4882 step 4,128,768 ret 526.78 len 284.4 kl 0.0163  sps 1763
upd 4033/4882 step 4,129,792 ret 517.94 len 284.4 kl 0.0123  sps 1763
upd 4034/4882 step 4,130,816 ret 518.09 len 284.4 kl 0.0172  sps 1763
upd 4035/4882 step 4,131,840 ret 517.71 len 284.4 kl 0.0131  sps 1763
upd 4036/4882 step 4,132,864 ret 521.83 len 285.8 kl 0.0152  sps 1764
upd 4037/4882 step 4,133,888 ret 507.76 len 279.4 kl 0.0132  sps 1764
upd 4038/4882 step 4,134,912 ret 496.52 len 279.4 kl 0.0145  sps 1764
upd 4039/4882 step 4,135,936 ret 504.94 len 284.2 kl 0.0158  sps 1764
upd 4040/4882 step 4,136,960 ret 516.1 len 288.2 kl 0.0141  sps 1764
upd 4041/4882 step 4,137,984 ret 519.1 len 288.2 kl 0.0144  sps 1764
upd 4042/4882 step 4,139,008 ret 523.12 len 288.2 kl 0.0175  sps 1764
upd 4043/4882 step 4,140,032 ret 536.18 len 293.3 kl 0.0136  sps 1764
upd 4044/4882 step 4,141,056 ret 545.83 len 293.3 kl 0.0144  sps 1764
upd 4045/4882 step 4,142,080 ret 542.76 len 293.3 kl 0.0142  sps 1764
upd 4046/4882 step 4,143,104 ret 529.33 len 290.5 kl 0.0185  sps 1764
upd 4047/4882 step 4,144,128 ret 525.1 len 289.8 kl 0.0097  sps 1764
upd 4048/4882 step 4,145,152 ret 522.68 len 289.8 kl 0.0089  sps 1764
upd 4049/4882 step 4,146,176 ret 549.14 len 296.2 kl 0.0116  sps 1765
upd 4050/4882 step 4,147,200 ret 529.91 len 285.1 kl 0.0154  sps 1764
upd 4051/4882 step 4,148,224 ret 521.79 len 281.8 kl 0.0139  sps 1765
upd 4052/4882 step 4,149,248 ret 521.72 len 281.8 kl 0.0115  sps 1765
upd 4053/4882 step 4,150,272 ret 522.04 len 281.8 kl 0.0125  sps 1765
upd 4054/4882 step 4,151,296 ret 518.85 len 281.8 kl 0.0117  sps 1765
upd 4055/4882 step 4,152,320 ret 516.99 len 281.8 kl 0.0124  sps 1765
upd 4056/4882 step 4,153,344 ret 508.7 len 275.9 kl 0.0138  sps 1765
upd 4057/4882 step 4,154,368 ret 521.27 len 278.7 kl 0.0145  sps 1765
upd 4058/4882 step 4,155,392 ret 514.78 len 273.4 kl 0.0144  sps 1765
upd 4059/4882 step 4,156,416 ret 513.04 len 273.4 kl 0.0148  sps 1765
upd 4060/4882 step 4,157,440 ret 509.83 len 273.4 kl 0.0169  sps 1766
upd 4061/4882 step 4,158,464 ret 518.56 len 278.6 kl 0.0134  sps 1766
upd 4062/4882 step 4,159,488 ret 521.89 len 284.4 kl 0.0125  sps 1766
upd 4063/4882 step 4,160,512 ret 518.42 len 284.4 kl 0.0212  sps 1766
upd 4064/4882 step 4,161,536 ret 517.37 len 284.4 kl 0.0106  sps 1766
upd 4065/4882 step 4,162,560 ret 507.38 len 280.5 kl 0.0163  sps 1766
upd 4066/4882 step 4,163,584 ret 499.58 len 278.6 kl 0.0136  sps 1766
upd 4067/4882 step 4,164,608 ret 490.15 len 273.3 kl 0.0174  sps 1766
upd 4068/4882 step 4,165,632 ret 476.55 len 267.4 kl 0.0096  sps 1766
upd 4069/4882 step 4,166,656 ret 485.38 len 273.4 kl 0.0161  sps 1766
upd 4070/4882 step 4,167,680 ret 485.72 len 273.4 kl 0.0126  sps 1766
upd 4071/4882 step 4,168,704 ret 488.07 len 273.4 kl 0.0147  sps 1766
upd 4072/4882 step 4,169,728 ret 490.52 len 273.4 kl 0.0073  sps 1766
upd 4073/4882 step 4,170,752 ret 489.92 len 274.2 kl 0.0107  sps 1767
upd 4074/4882 step 4,171,776 ret 492.91 len 274.2 kl 0.0117  sps 1767
upd 4075/4882 step 4,172,800 ret 485.44 len 270.4 kl 0.0185  sps 1767
upd 4076/4882 step 4,173,824 ret 493.6 len 273.2 kl 0.0164  sps 1767
upd 4077/4882 step 4,174,848 ret 498.1 len 273.2 kl 0.0133  sps 1767
upd 4078/4882 step 4,175,872 ret 513.38 len 284.4 kl 0.0112  sps 1767
upd 4079/4882 step 4,176,896 ret 506.67 len 278.5 kl 0.0111  sps 1767
upd 4080/4882 step 4,177,920 ret 501.28 len 274.8 kl 0.0135  sps 1767
upd 4081/4882 step 4,178,944 ret 500.64 len 274.8 kl 0.0143  sps 1767
upd 4082/4882 step 4,179,968 ret 501.52 len 274.8 kl 0.0113  sps 1767
upd 4083/4882 step 4,180,992 ret 498.67 len 274.8 kl 0.0119  sps 1768
upd 4084/4882 step 4,182,016 ret 501.28 len 275.6 kl 0.0137  sps 1768
upd 4085/4882 step 4,183,040 ret 498.8 len 272.2 kl 0.0108  sps 1768
upd 4086/4882 step 4,184,064 ret 505.55 len 275.9 kl 0.0134  sps 1768
upd 4087/4882 step 4,185,088 ret 511.08 len 279.0 kl 0.0177  sps 1768
upd 4088/4882 step 4,186,112 ret 511.05 len 279.0 kl 0.0140  sps 1768
upd 4089/4882 step 4,187,136 ret 503.08 len 274.9 kl 0.0098  sps 1768
upd 4090/4882 step 4,188,160 ret 506.52 len 276.2 kl 0.0131  sps 1768
upd 4091/4882 step 4,189,184 ret 510.84 len 280.2 kl 0.0119  sps 1768
upd 4092/4882 step 4,190,208 ret 497.66 len 272.4 kl 0.0133  sps 1769
upd 4093/4882 step 4,191,232 ret 501.84 len 272.4 kl 0.0110  sps 1769
upd 4094/4882 step 4,192,256 ret 483.83 len 261.1 kl 0.0194  sps 1769
upd 4095/4882 step 4,193,280 ret 485.29 len 262.0 kl 0.0148  sps 1769
upd 4096/4882 step 4,194,304 ret 483.07 len 259.9 kl 0.0088  sps 1769
upd 4097/4882 step 4,195,328 ret 479.32 len 256.1 kl 0.0134  sps 1769
upd 4098/4882 step 4,196,352 ret 477.96 len 253.6 kl 0.0126  sps 1769
upd 4099/4882 step 4,197,376 ret 488.65 len 257.7 kl 0.0217  sps 1769
upd 4100/4882 step 4,198,400 ret 480.09 len 254.4 kl 0.0077  sps 1769
upd 4101/4882 step 4,199,424 ret 503.32 len 264.5 kl 0.0111  sps 1769
upd 4102/4882 step 4,200,448 ret 503.15 len 263.2 kl 0.0158  sps 1769
upd 4103/4882 step 4,201,472 ret 508.34 len 267.1 kl 0.0151  sps 1770
upd 4104/4882 step 4,202,496 ret 503.53 len 267.1 kl 0.0143  sps 1770
upd 4105/4882 step 4,203,520 ret 525.5 len 278.4 kl 0.0127  sps 1770
upd 4106/4882 step 4,204,544 ret 525.66 len 279.2 kl 0.0110  sps 1770
upd 4107/4882 step 4,205,568 ret 523.76 len 275.9 kl 0.0113  sps 1770
upd 4108/4882 step 4,206,592 ret 527.52 len 279.7 kl 0.0132  sps 1770
upd 4109/4882 step 4,207,616 ret 526.32 len 280.4 kl 0.0091  sps 1770
upd 4110/4882 step 4,208,640 ret 524.37 len 280.4 kl 0.0111  sps 1770
upd 4111/4882 step 4,209,664 ret 536.81 len 283.7 kl 0.0125  sps 1770
upd 4112/4882 step 4,210,688 ret 534.74 len 283.7 kl 0.0164  sps 1770
upd 4113/4882 step 4,211,712 ret 511.32 len 272.7 kl 0.0117  sps 1771
upd 4114/4882 step 4,212,736 ret 510.38 len 272.7 kl 0.0127  sps 1771
upd 4115/4882 step 4,213,760 ret 520.57 len 272.7 kl 0.0104  sps 1771
upd 4116/4882 step 4,214,784 ret 516.67 len 272.6 kl 0.0090  sps 1770
upd 4117/4882 step 4,215,808 ret 512.15 len 272.4 kl 0.0116  sps 1771
upd 4118/4882 step 4,216,832 ret 520.86 len 277.8 kl 0.0170  sps 1770
upd 4119/4882 step 4,217,856 ret 514.17 len 271.4 kl 0.0103  sps 1771
upd 4120/4882 step 4,218,880 ret 514.01 len 273.3 kl 0.0110  sps 1771
upd 4121/4882 step 4,219,904 ret 507.37 len 268.1 kl 0.0178  sps 1771
upd 4122/4882 step 4,220,928 ret 506.22 len 266.4 kl 0.0135  sps 1771
upd 4123/4882 step 4,221,952 ret 514.35 len 271.0 kl 0.0102  sps 1771
upd 4124/4882 step 4,222,976 ret 516.68 len 279.4 kl 0.0151  sps 1771
upd 4125/4882 step 4,224,000 ret 528.29 len 279.4 kl 0.0147  sps 1771
upd 4126/4882 step 4,225,024 ret 511.27 len 279.4 kl 0.0184  sps 1771
upd 4127/4882 step 4,226,048 ret 508.68 len 274.9 kl 0.0120  sps 1771
upd 4128/4882 step 4,227,072 ret 513.43 len 275.2 kl 0.0105  sps 1771
upd 4129/4882 step 4,228,096 ret 505.73 len 271.2 kl 0.0121  sps 1771
upd 4130/4882 step 4,229,120 ret 511.1 len 277.6 kl 0.0085  sps 1771
upd 4131/4882 step 4,230,144 ret 511.71 len 277.6 kl 0.0148  sps 1771
upd 4132/4882 step 4,231,168 ret 519.61 len 282.7 kl 0.0129  sps 1771
upd 4133/4882 step 4,232,192 ret 513.81 len 284.4 kl 0.0162  sps 1771
upd 4134/4882 step 4,233,216 ret 513.68 len 284.4 kl 0.0094  sps 1772
upd 4135/4882 step 4,234,240 ret 509.35 len 274.4 kl 0.0118  sps 1772
upd 4136/4882 step 4,235,264 ret 493.82 len 274.4 kl 0.0132  sps 1772
upd 4137/4882 step 4,236,288 ret 499.64 len 274.4 kl 0.0147  sps 1772
upd 4138/4882 step 4,237,312 ret 502.88 len 276.4 kl 0.0127  sps 1772
upd 4139/4882 step 4,238,336 ret 505.79 len 276.4 kl 0.0099  sps 1772
upd 4140/4882 step 4,239,360 ret 500.69 len 272.6 kl 0.0117  sps 1772
upd 4141/4882 step 4,240,384 ret 501.97 len 272.6 kl 0.0110  sps 1772
upd 4142/4882 step 4,241,408 ret 509.5 len 272.2 kl 0.0134  sps 1772
upd 4143/4882 step 4,242,432 ret 508.96 len 272.2 kl 0.0108  sps 1772
upd 4144/4882 step 4,243,456 ret 505.02 len 272.2 kl 0.0073  sps 1772
upd 4145/4882 step 4,244,480 ret 507.2 len 278.7 kl 0.0205  sps 1772
upd 4146/4882 step 4,245,504 ret 518.79 len 285.6 kl 0.0100  sps 1772
upd 4147/4882 step 4,246,528 ret 532.62 len 285.6 kl 0.0096  sps 1772
upd 4148/4882 step 4,247,552 ret 541.41 len 285.6 kl 0.0103  sps 1772
upd 4149/4882 step 4,248,576 ret 547.24 len 289.6 kl 0.0109  sps 1773
upd 4150/4882 step 4,249,600 ret 550.88 len 291.9 kl 0.0095  sps 1773
upd 4151/4882 step 4,250,624 ret 536.33 len 287.1 kl 0.0144  sps 1773
upd 4152/4882 step 4,251,648 ret 552.84 len 294.9 kl 0.0125  sps 1773
upd 4153/4882 step 4,252,672 ret 545.49 len 294.9 kl 0.0112  sps 1773
upd 4154/4882 step 4,253,696 ret 545.04 len 295.2 kl 0.0118  sps 1773
upd 4155/4882 step 4,254,720 ret 561.11 len 295.2 kl 0.0138  sps 1773
upd 4156/4882 step 4,255,744 ret 559.18 len 293.1 kl 0.0175  sps 1773
upd 4157/4882 step 4,256,768 ret 568.8 len 293.1 kl 0.0125  sps 1773
upd 4158/4882 step 4,257,792 ret 564.3 len 293.1 kl 0.0142  sps 1773
upd 4159/4882 step 4,258,816 ret 563.8 len 290.9 kl 0.0122  sps 1773
upd 4160/4882 step 4,259,840 ret 565.53 len 290.9 kl 0.0136  sps 1773
upd 4161/4882 step 4,260,864 ret 564.65 len 290.9 kl 0.0149  sps 1773
upd 4162/4882 step 4,261,888 ret 575.68 len 295.6 kl 0.0112  sps 1773
upd 4163/4882 step 4,262,912 ret 579.62 len 295.6 kl 0.0125  sps 1773
upd 4164/4882 step 4,263,936 ret 577.24 len 293.9 kl 0.0155  sps 1773
upd 4165/4882 step 4,264,960 ret 568.65 len 290.6 kl 0.0127  sps 1773
upd 4166/4882 step 4,265,984 ret 559.04 len 288.4 kl 0.0115  sps 1773
upd 4167/4882 step 4,267,008 ret 543.89 len 281.6 kl 0.0107  sps 1773
upd 4168/4882 step 4,268,032 ret 531.68 len 280.9 kl 0.0129  sps 1773
upd 4169/4882 step 4,269,056 ret 514.59 len 273.9 kl 0.0102  sps 1773
upd 4170/4882 step 4,270,080 ret 495.82 len 270.0 kl 0.0147  sps 1773
upd 4171/4882 step 4,271,104 ret 498.43 len 270.0 kl 0.0149  sps 1774
upd 4172/4882 step 4,272,128 ret 488.9 len 267.2 kl 0.0102  sps 1774
upd 4173/4882 step 4,273,152 ret 477.77 len 265.9 kl 0.0112  sps 1774
upd 4174/4882 step 4,274,176 ret 476.39 len 265.9 kl 0.0164  sps 1774
upd 4175/4882 step 4,275,200 ret 482.28 len 267.6 kl 0.0123  sps 1774
upd 4176/4882 step 4,276,224 ret 484.83 len 267.2 kl 0.0080  sps 1774
upd 4177/4882 step 4,277,248 ret 500.78 len 272.6 kl 0.0162  sps 1774
upd 4178/4882 step 4,278,272 ret 507.78 len 275.9 kl 0.0120  sps 1774
upd 4179/4882 step 4,279,296 ret 512.72 len 272.4 kl 0.0088  sps 1774
upd 4180/4882 step 4,280,320 ret 522.3 len 277.1 kl 0.0106  sps 1774
upd 4181/4882 step 4,281,344 ret 526.12 len 273.4 kl 0.0114  sps 1774
upd 4182/4882 step 4,282,368 ret 524.19 len 273.4 kl 0.0105  sps 1774
upd 4183/4882 step 4,283,392 ret 507.07 len 267.3 kl 0.0102  sps 1774
upd 4184/4882 step 4,284,416 ret 498.71 len 260.7 kl 0.0101  sps 1774
upd 4185/4882 step 4,285,440 ret 498.49 len 260.7 kl 0.0085  sps 1774
upd 4186/4882 step 4,286,464 ret 494.61 len 261.5 kl 0.0070  sps 1774
upd 4187/4882 step 4,287,488 ret 493.62 len 261.5 kl 0.0108  sps 1774
upd 4188/4882 step 4,288,512 ret 496.35 len 264.1 kl 0.0146  sps 1774
upd 4189/4882 step 4,289,536 ret 496.4 len 263.8 kl 0.0092  sps 1774
upd 4190/4882 step 4,290,560 ret 491.55 len 261.1 kl 0.0139  sps 1774
upd 4191/4882 step 4,291,584 ret 501.54 len 266.7 kl 0.0145  sps 1774
upd 4192/4882 step 4,292,608 ret 497.24 len 269.4 kl 0.0095  sps 1774
upd 4193/4882 step 4,293,632 ret 510.09 len 270.6 kl 0.0127  sps 1774
upd 4194/4882 step 4,294,656 ret 521.69 len 274.3 kl 0.0159  sps 1774
upd 4195/4882 step 4,295,680 ret 534.8 len 280.9 kl 0.0136  sps 1774
upd 4196/4882 step 4,296,704 ret 536.35 len 280.9 kl 0.0101  sps 1774
upd 4197/4882 step 4,297,728 ret 538.97 len 279.7 kl 0.0155  sps 1774
upd 4198/4882 step 4,298,752 ret 535.68 len 279.7 kl 0.0113  sps 1774
upd 4199/4882 step 4,299,776 ret 520.52 len 271.5 kl 0.0180  sps 1774
upd 4200/4882 step 4,300,800 ret 516.22 len 275.9 kl 0.0159  sps 1774
upd 4201/4882 step 4,301,824 ret 526.48 len 278.6 kl 0.0086  sps 1774
upd 4202/4882 step 4,302,848 ret 530.45 len 276.0 kl 0.0073  sps 1774
upd 4203/4882 step 4,303,872 ret 522.46 len 276.0 kl 0.0113  sps 1774
upd 4204/4882 step 4,304,896 ret 530.26 len 281.4 kl 0.0098  sps 1774
upd 4205/4882 step 4,305,920 ret 525.33 len 277.4 kl 0.0175  sps 1774
upd 4206/4882 step 4,306,944 ret 516.39 len 275.2 kl 0.0077  sps 1774
upd 4207/4882 step 4,307,968 ret 515.52 len 275.2 kl 0.0117  sps 1775
upd 4208/4882 step 4,308,992 ret 519.66 len 277.2 kl 0.0071  sps 1775
upd 4209/4882 step 4,310,016 ret 523.54 len 277.2 kl 0.0118  sps 1775
upd 4210/4882 step 4,311,040 ret 520.68 len 274.2 kl 0.0085  sps 1775
upd 4211/4882 step 4,312,064 ret 531.48 len 274.2 kl 0.0131  sps 1775
upd 4212/4882 step 4,313,088 ret 518.72 len 268.8 kl 0.0099  sps 1775
upd 4213/4882 step 4,314,112 ret 523.23 len 271.5 kl 0.0104  sps 1775
upd 4214/4882 step 4,315,136 ret 527.96 len 271.5 kl 0.0112  sps 1775
upd 4215/4882 step 4,316,160 ret 516.02 len 272.5 kl 0.0084  sps 1775
upd 4216/4882 step 4,317,184 ret 513.02 len 272.5 kl 0.0090  sps 1775
upd 4217/4882 step 4,318,208 ret 522.5 len 274.6 kl 0.0095  sps 1775
upd 4218/4882 step 4,319,232 ret 517.74 len 274.6 kl 0.0151  sps 1775
upd 4219/4882 step 4,320,256 ret 510.89 len 270.6 kl 0.0128  sps 1775
upd 4220/4882 step 4,321,280 ret 521.11 len 275.1 kl 0.0121  sps 1775
upd 4221/4882 step 4,322,304 ret 524.8 len 275.1 kl 0.0174  sps 1775
upd 4222/4882 step 4,323,328 ret 525.81 len 276.3 kl 0.0124  sps 1775
upd 4223/4882 step 4,324,352 ret 536.96 len 281.7 kl 0.0097  sps 1775
upd 4224/4882 step 4,325,376 ret 522.17 len 279.1 kl 0.0099  sps 1775
upd 4225/4882 step 4,326,400 ret 519.9 len 279.1 kl 0.0095  sps 1775
upd 4226/4882 step 4,327,424 ret 530.45 len 278.8 kl 0.0102  sps 1775
upd 4227/4882 step 4,328,448 ret 530.18 len 278.8 kl 0.0114  sps 1775
upd 4228/4882 step 4,329,472 ret 531.03 len 278.8 kl 0.0115  sps 1776
upd 4229/4882 step 4,330,496 ret 531.61 len 278.8 kl 0.0117  sps 1775
upd 4230/4882 step 4,331,520 ret 532.9 len 284.8 kl 0.0109  sps 1775
upd 4231/4882 step 4,332,544 ret 524.93 len 282.1 kl 0.0078  sps 1776
upd 4232/4882 step 4,333,568 ret 522.45 len 280.7 kl 0.0102  sps 1776
upd 4233/4882 step 4,334,592 ret 517.22 len 280.7 kl 0.0108  sps 1776
upd 4234/4882 step 4,335,616 ret 517.93 len 274.7 kl 0.0092  sps 1776
upd 4235/4882 step 4,336,640 ret 535.0 len 280.1 kl 0.0112  sps 1776
upd 4236/4882 step 4,337,664 ret 520.23 len 271.9 kl 0.0113  sps 1776
upd 4237/4882 step 4,338,688 ret 503.56 len 263.5 kl 0.0099  sps 1776
upd 4238/4882 step 4,339,712 ret 502.67 len 263.5 kl 0.0086  sps 1776
upd 4239/4882 step 4,340,736 ret 493.24 len 259.1 kl 0.0133  sps 1776
upd 4240/4882 step 4,341,760 ret 504.42 len 258.4 kl 0.0086  sps 1776
upd 4241/4882 step 4,342,784 ret 501.56 len 257.9 kl 0.0081  sps 1776
upd 4242/4882 step 4,343,808 ret 504.01 len 259.6 kl 0.0100  sps 1776
upd 4243/4882 step 4,344,832 ret 505.4 len 258.8 kl 0.0141  sps 1776
upd 4244/4882 step 4,345,856 ret 516.89 len 264.8 kl 0.0171  sps 1776
upd 4245/4882 step 4,346,880 ret 505.77 len 258.0 kl 0.0082  sps 1776
upd 4246/4882 step 4,347,904 ret 508.21 len 263.4 kl 0.0103  sps 1776
upd 4247/4882 step 4,348,928 ret 530.49 len 271.6 kl 0.0106  sps 1777
upd 4248/4882 step 4,349,952 ret 536.6 len 273.6 kl 0.0130  sps 1777
upd 4249/4882 step 4,350,976 ret 548.19 len 278.0 kl 0.0114  sps 1777
upd 4250/4882 step 4,352,000 ret 541.12 len 272.6 kl 0.0076  sps 1777
upd 4251/4882 step 4,353,024 ret 532.81 len 273.2 kl 0.0080  sps 1777
upd 4252/4882 step 4,354,048 ret 540.39 len 276.4 kl 0.0115  sps 1777
upd 4253/4882 step 4,355,072 ret 545.62 len 277.9 kl 0.0118  sps 1777
upd 4254/4882 step 4,356,096 ret 544.84 len 278.6 kl 0.0114  sps 1777
upd 4255/4882 step 4,357,120 ret 553.52 len 277.8 kl 0.0069  sps 1777
upd 4256/4882 step 4,358,144 ret 555.85 len 280.4 kl 0.0115  sps 1777
upd 4257/4882 step 4,359,168 ret 566.3 len 282.4 kl 0.0131  sps 1777
upd 4258/4882 step 4,360,192 ret 560.87 len 276.4 kl 0.0116  sps 1777
upd 4259/4882 step 4,361,216 ret 543.48 len 269.6 kl 0.0088  sps 1777
upd 4260/4882 step 4,362,240 ret 541.17 len 268.5 kl 0.0098  sps 1778
upd 4261/4882 step 4,363,264 ret 536.56 len 268.5 kl 0.0106  sps 1777
upd 4262/4882 step 4,364,288 ret 539.01 len 262.7 kl 0.0101  sps 1778
upd 4263/4882 step 4,365,312 ret 531.16 len 256.6 kl 0.0105  sps 1778
upd 4264/4882 step 4,366,336 ret 498.93 len 247.1 kl 0.0112  sps 1778
upd 4265/4882 step 4,367,360 ret 484.88 len 239.9 kl 0.0121  sps 1778
upd 4266/4882 step 4,368,384 ret 481.58 len 239.9 kl 0.0133  sps 1778
upd 4267/4882 step 4,369,408 ret 491.51 len 248.6 kl 0.0185  sps 1778
upd 4268/4882 step 4,370,432 ret 498.11 len 252.8 kl 0.0100  sps 1778
upd 4269/4882 step 4,371,456 ret 497.11 len 251.7 kl 0.0111  sps 1778
upd 4270/4882 step 4,372,480 ret 512.66 len 258.2 kl 0.0121  sps 1778
upd 4271/4882 step 4,373,504 ret 509.88 len 256.6 kl 0.0091  sps 1777
upd 4272/4882 step 4,374,528 ret 521.48 len 262.4 kl 0.0120  sps 1778
upd 4273/4882 step 4,375,552 ret 536.77 len 268.5 kl 0.0131  sps 1778
upd 4274/4882 step 4,376,576 ret 540.95 len 272.5 kl 0.0088  sps 1778
upd 4275/4882 step 4,377,600 ret 551.25 len 274.9 kl 0.0103  sps 1778
upd 4276/4882 step 4,378,624 ret 559.28 len 279.6 kl 0.0119  sps 1778
upd 4277/4882 step 4,379,648 ret 560.55 len 279.6 kl 0.0088  sps 1778
upd 4278/4882 step 4,380,672 ret 567.61 len 279.6 kl 0.0089  sps 1778
upd 4279/4882 step 4,381,696 ret 561.74 len 285.1 kl 0.0098  sps 1778
upd 4280/4882 step 4,382,720 ret 569.75 len 288.1 kl 0.0148  sps 1778
upd 4281/4882 step 4,383,744 ret 568.03 len 288.1 kl 0.0124  sps 1778
upd 4282/4882 step 4,384,768 ret 576.23 len 289.7 kl 0.0074  sps 1778
upd 4283/4882 step 4,385,792 ret 558.09 len 289.7 kl 0.0062  sps 1778
upd 4284/4882 step 4,386,816 ret 560.19 len 289.7 kl 0.0113  sps 1778
upd 4285/4882 step 4,387,840 ret 562.23 len 289.7 kl 0.0093  sps 1778
upd 4286/4882 step 4,388,864 ret 575.2 len 294.8 kl 0.0096  sps 1778
upd 4287/4882 step 4,389,888 ret 588.8 len 300.0 kl 0.0101  sps 1778
upd 4288/4882 step 4,390,912 ret 596.32 len 300.0 kl 0.0116  sps 1778
upd 4289/4882 step 4,391,936 ret 594.56 len 300.0 kl 0.0172  sps 1778
upd 4290/4882 step 4,392,960 ret 592.46 len 298.4 kl 0.0110  sps 1778
upd 4291/4882 step 4,393,984 ret 604.96 len 298.4 kl 0.0092  sps 1778
upd 4292/4882 step 4,395,008 ret 608.16 len 298.2 kl 0.0062  sps 1778
upd 4293/4882 step 4,396,032 ret 605.19 len 298.2 kl 0.0119  sps 1778
upd 4294/4882 step 4,397,056 ret 611.46 len 298.2 kl 0.0118  sps 1778
upd 4295/4882 step 4,398,080 ret 609.22 len 297.1 kl 0.0109  sps 1778
upd 4296/4882 step 4,399,104 ret 605.07 len 297.1 kl 0.0102  sps 1779
upd 4297/4882 step 4,400,128 ret 594.17 len 293.4 kl 0.0071  sps 1779
upd 4298/4882 step 4,401,152 ret 591.9 len 293.4 kl 0.0123  sps 1779
upd 4299/4882 step 4,402,176 ret 591.25 len 293.4 kl 0.0114  sps 1779
upd 4300/4882 step 4,403,200 ret 589.77 len 293.4 kl 0.0100  sps 1779
upd 4301/4882 step 4,404,224 ret 589.45 len 293.4 kl 0.0154  sps 1779
upd 4302/4882 step 4,405,248 ret 596.39 len 295.0 kl 0.0124  sps 1779
upd 4303/4882 step 4,406,272 ret 586.73 len 295.0 kl 0.0078  sps 1779
upd 4304/4882 step 4,407,296 ret 583.85 len 295.1 kl 0.0099  sps 1779
upd 4305/4882 step 4,408,320 ret 588.55 len 295.1 kl 0.0083  sps 1778
upd 4306/4882 step 4,409,344 ret 585.78 len 296.2 kl 0.0124  sps 1778
upd 4307/4882 step 4,410,368 ret 584.61 len 296.2 kl 0.0091  sps 1779
upd 4308/4882 step 4,411,392 ret 570.58 len 289.1 kl 0.0109  sps 1779
upd 4309/4882 step 4,412,416 ret 568.62 len 289.1 kl 0.0117  sps 1778
upd 4310/4882 step 4,413,440 ret 568.99 len 289.1 kl 0.0091  sps 1779
upd 4311/4882 step 4,414,464 ret 558.69 len 284.2 kl 0.0103  sps 1779
upd 4312/4882 step 4,415,488 ret 559.23 len 284.2 kl 0.0129  sps 1779
upd 4313/4882 step 4,416,512 ret 551.62 len 284.2 kl 0.0149  sps 1779
upd 4314/4882 step 4,417,536 ret 559.3 len 284.2 kl 0.0165  sps 1779
upd 4315/4882 step 4,418,560 ret 566.61 len 284.2 kl 0.0142  sps 1779
upd 4316/4882 step 4,419,584 ret 552.42 len 280.3 kl 0.0139  sps 1779
upd 4317/4882 step 4,420,608 ret 542.77 len 272.8 kl 0.0102  sps 1779
upd 4318/4882 step 4,421,632 ret 536.49 len 268.9 kl 0.0107  sps 1779
upd 4319/4882 step 4,422,656 ret 559.18 len 279.7 kl 0.0079  sps 1779
upd 4320/4882 step 4,423,680 ret 559.65 len 279.7 kl 0.0104  sps 1779
upd 4321/4882 step 4,424,704 ret 558.55 len 279.7 kl 0.0094  sps 1779
upd 4322/4882 step 4,425,728 ret 548.43 len 275.5 kl 0.0123  sps 1780
upd 4323/4882 step 4,426,752 ret 535.8 len 269.5 kl 0.0136  sps 1780
upd 4324/4882 step 4,427,776 ret 536.75 len 269.5 kl 0.0108  sps 1780
upd 4325/4882 step 4,428,800 ret 524.04 len 264.6 kl 0.0074  sps 1780
upd 4326/4882 step 4,429,824 ret 528.66 len 265.6 kl 0.0092  sps 1780
upd 4327/4882 step 4,430,848 ret 532.64 len 268.6 kl 0.0115  sps 1780
upd 4328/4882 step 4,431,872 ret 547.51 len 276.2 kl 0.0110  sps 1780
upd 4329/4882 step 4,432,896 ret 549.91 len 275.0 kl 0.0117  sps 1780
upd 4330/4882 step 4,433,920 ret 551.93 len 275.0 kl 0.0083  sps 1780
upd 4331/4882 step 4,434,944 ret 546.57 len 275.0 kl 0.0118  sps 1780
upd 4332/4882 step 4,435,968 ret 547.08 len 275.0 kl 0.0116  sps 1780
upd 4333/4882 step 4,436,992 ret 560.2 len 279.9 kl 0.0115  sps 1780
upd 4334/4882 step 4,438,016 ret 578.79 len 290.1 kl 0.0138  sps 1780
upd 4335/4882 step 4,439,040 ret 565.93 len 284.0 kl 0.0085  sps 1781
upd 4336/4882 step 4,440,064 ret 564.35 len 285.2 kl 0.0080  sps 1781
upd 4337/4882 step 4,441,088 ret 553.79 len 279.3 kl 0.0105  sps 1781
upd 4338/4882 step 4,442,112 ret 548.27 len 274.9 kl 0.0089  sps 1781
upd 4339/4882 step 4,443,136 ret 550.35 len 274.9 kl 0.0107  sps 1782
upd 4340/4882 step 4,444,160 ret 560.54 len 279.9 kl 0.0096  sps 1782
upd 4341/4882 step 4,445,184 ret 563.63 len 279.9 kl 0.0093  sps 1782
upd 4342/4882 step 4,446,208 ret 558.26 len 276.3 kl 0.0099  sps 1782
upd 4343/4882 step 4,447,232 ret 556.35 len 273.9 kl 0.0095  sps 1782
upd 4344/4882 step 4,448,256 ret 555.95 len 273.9 kl 0.0096  sps 1782
upd 4345/4882 step 4,449,280 ret 558.21 len 273.9 kl 0.0125  sps 1782
upd 4346/4882 step 4,450,304 ret 554.42 len 270.4 kl 0.0112  sps 1782
upd 4347/4882 step 4,451,328 ret 563.7 len 274.0 kl 0.0137  sps 1782
upd 4348/4882 step 4,452,352 ret 576.74 len 279.9 kl 0.0133  sps 1782
upd 4349/4882 step 4,453,376 ret 584.32 len 284.2 kl 0.0091  sps 1782
upd 4350/4882 step 4,454,400 ret 582.71 len 284.2 kl 0.0100  sps 1782
upd 4351/4882 step 4,455,424 ret 566.76 len 284.2 kl 0.0106  sps 1782
upd 4352/4882 step 4,456,448 ret 562.74 len 284.2 kl 0.0095  sps 1782
upd 4353/4882 step 4,457,472 ret 571.27 len 287.9 kl 0.0083  sps 1782
upd 4354/4882 step 4,458,496 ret 573.34 len 287.9 kl 0.0093  sps 1782
upd 4355/4882 step 4,459,520 ret 555.68 len 290.2 kl 0.0101  sps 1782
upd 4356/4882 step 4,460,544 ret 559.84 len 290.2 kl 0.0110  sps 1782
upd 4357/4882 step 4,461,568 ret 567.64 len 295.4 kl 0.0134  sps 1782
upd 4358/4882 step 4,462,592 ret 582.09 len 300.0 kl 0.0121  sps 1782
upd 4359/4882 step 4,463,616 ret 558.95 len 288.1 kl 0.0085  sps 1782
upd 4360/4882 step 4,464,640 ret 548.6 len 285.4 kl 0.0096  sps 1782
upd 4361/4882 step 4,465,664 ret 547.62 len 285.4 kl 0.0101  sps 1782
upd 4362/4882 step 4,466,688 ret 552.09 len 279.1 kl 0.0072  sps 1783
upd 4363/4882 step 4,467,712 ret 540.85 len 279.1 kl 0.0118  sps 1783
upd 4364/4882 step 4,468,736 ret 519.53 len 273.7 kl 0.0146  sps 1783
upd 4365/4882 step 4,469,760 ret 524.44 len 273.7 kl 0.0090  sps 1783
upd 4366/4882 step 4,470,784 ret 524.61 len 267.3 kl 0.0097  sps 1783
upd 4367/4882 step 4,471,808 ret 520.81 len 267.3 kl 0.0094  sps 1783
upd 4368/4882 step 4,472,832 ret 517.1 len 267.3 kl 0.0076  sps 1783
upd 4369/4882 step 4,473,856 ret 517.39 len 269.4 kl 0.0098  sps 1783
upd 4370/4882 step 4,474,880 ret 519.97 len 270.8 kl 0.0079  sps 1783
upd 4371/4882 step 4,475,904 ret 534.77 len 273.6 kl 0.0104  sps 1783
upd 4372/4882 step 4,476,928 ret 534.42 len 273.6 kl 0.0117  sps 1783
upd 4373/4882 step 4,477,952 ret 532.81 len 273.0 kl 0.0092  sps 1783
upd 4374/4882 step 4,478,976 ret 540.31 len 266.9 kl 0.0075  sps 1783
upd 4375/4882 step 4,480,000 ret 515.78 len 260.4 kl 0.0074  sps 1783
upd 4376/4882 step 4,481,024 ret 505.23 len 254.6 kl 0.0093  sps 1783
upd 4377/4882 step 4,482,048 ret 504.18 len 254.6 kl 0.0072  sps 1783
upd 4378/4882 step 4,483,072 ret 508.27 len 254.6 kl 0.0079  sps 1783
upd 4379/4882 step 4,484,096 ret 517.77 len 259.1 kl 0.0094  sps 1783
upd 4380/4882 step 4,485,120 ret 515.85 len 260.3 kl 0.0118  sps 1783
upd 4381/4882 step 4,486,144 ret 506.6 len 256.7 kl 0.0084  sps 1783
upd 4382/4882 step 4,487,168 ret 507.49 len 256.7 kl 0.0130  sps 1783
upd 4383/4882 step 4,488,192 ret 516.53 len 263.6 kl 0.0135  sps 1783
upd 4384/4882 step 4,489,216 ret 493.83 len 254.4 kl 0.0105  sps 1783
upd 4385/4882 step 4,490,240 ret 532.42 len 266.0 kl 0.0075  sps 1783
upd 4386/4882 step 4,491,264 ret 534.0 len 269.0 kl 0.0139  sps 1783
upd 4387/4882 step 4,492,288 ret 536.0 len 269.0 kl 0.0084  sps 1784
upd 4388/4882 step 4,493,312 ret 531.21 len 269.0 kl 0.0117  sps 1784
upd 4389/4882 step 4,494,336 ret 523.18 len 263.6 kl 0.0090  sps 1784
upd 4390/4882 step 4,495,360 ret 520.23 len 263.6 kl 0.0083  sps 1784
upd 4391/4882 step 4,496,384 ret 529.14 len 266.3 kl 0.0099  sps 1784
upd 4392/4882 step 4,497,408 ret 532.53 len 269.9 kl 0.0076  sps 1784
upd 4393/4882 step 4,498,432 ret 536.06 len 269.9 kl 0.0083  sps 1784
upd 4394/4882 step 4,499,456 ret 545.55 len 269.9 kl 0.0082  sps 1784
upd 4395/4882 step 4,500,480 ret 562.69 len 279.0 kl 0.0068  sps 1784
upd 4396/4882 step 4,501,504 ret 548.02 len 274.0 kl 0.0065  sps 1784
upd 4397/4882 step 4,502,528 ret 557.11 len 278.4 kl 0.0074  sps 1784
upd 4398/4882 step 4,503,552 ret 567.75 len 284.7 kl 0.0112  sps 1784
upd 4399/4882 step 4,504,576 ret 560.66 len 280.9 kl 0.0137  sps 1784
upd 4400/4882 step 4,505,600 ret 568.01 len 286.3 kl 0.0151  sps 1784
upd 4401/4882 step 4,506,624 ret 543.04 len 274.6 kl 0.0111  sps 1784
upd 4402/4882 step 4,507,648 ret 534.86 len 274.6 kl 0.0084  sps 1785
upd 4403/4882 step 4,508,672 ret 521.91 len 268.9 kl 0.0092  sps 1785
upd 4404/4882 step 4,509,696 ret 519.25 len 268.9 kl 0.0071  sps 1785
upd 4405/4882 step 4,510,720 ret 504.83 len 263.0 kl 0.0124  sps 1785
upd 4406/4882 step 4,511,744 ret 503.64 len 262.4 kl 0.0073  sps 1785
upd 4407/4882 step 4,512,768 ret 503.07 len 262.4 kl 0.0126  sps 1785
upd 4408/4882 step 4,513,792 ret 480.62 len 249.5 kl 0.0113  sps 1785
upd 4409/4882 step 4,514,816 ret 483.13 len 250.6 kl 0.0071  sps 1785
upd 4410/4882 step 4,515,840 ret 485.19 len 250.1 kl 0.0087  sps 1785
upd 4411/4882 step 4,516,864 ret 487.1 len 250.1 kl 0.0059  sps 1785
upd 4412/4882 step 4,517,888 ret 506.27 len 258.5 kl 0.0075  sps 1785
upd 4413/4882 step 4,518,912 ret 519.15 len 260.4 kl 0.0100  sps 1785
upd 4414/4882 step 4,519,936 ret 520.83 len 260.4 kl 0.0085  sps 1785
upd 4415/4882 step 4,520,960 ret 514.42 len 256.4 kl 0.0104  sps 1785
upd 4416/4882 step 4,521,984 ret 527.14 len 262.0 kl 0.0088  sps 1786
upd 4417/4882 step 4,523,008 ret 526.09 len 262.0 kl 0.0104  sps 1786
upd 4418/4882 step 4,524,032 ret 556.86 len 274.3 kl 0.0080  sps 1786
upd 4419/4882 step 4,525,056 ret 569.52 len 279.8 kl 0.0111  sps 1786
upd 4420/4882 step 4,526,080 ret 570.38 len 279.8 kl 0.0095  sps 1786
upd 4421/4882 step 4,527,104 ret 585.66 len 286.3 kl 0.0100  sps 1786
upd 4422/4882 step 4,528,128 ret 587.27 len 286.3 kl 0.0106  sps 1786
upd 4423/4882 step 4,529,152 ret 560.65 len 275.8 kl 0.0098  sps 1786
upd 4424/4882 step 4,530,176 ret 560.09 len 275.8 kl 0.0086  sps 1786
upd 4425/4882 step 4,531,200 ret 564.83 len 279.6 kl 0.0118  sps 1786
upd 4426/4882 step 4,532,224 ret 573.56 len 283.3 kl 0.0061  sps 1786
upd 4427/4882 step 4,533,248 ret 569.43 len 283.3 kl 0.0084  sps 1786
upd 4428/4882 step 4,534,272 ret 569.47 len 283.3 kl 0.0089  sps 1786
upd 4429/4882 step 4,535,296 ret 568.38 len 283.3 kl 0.0095  sps 1786
upd 4430/4882 step 4,536,320 ret 555.99 len 281.6 kl 0.0062  sps 1786
upd 4431/4882 step 4,537,344 ret 554.41 len 281.6 kl 0.0102  sps 1786
upd 4432/4882 step 4,538,368 ret 540.91 len 275.6 kl 0.0096  sps 1786
upd 4433/4882 step 4,539,392 ret 538.72 len 275.6 kl 0.0070  sps 1786
upd 4434/4882 step 4,540,416 ret 553.07 len 282.0 kl 0.0107  sps 1786
upd 4435/4882 step 4,541,440 ret 561.35 len 286.1 kl 0.0115  sps 1786
upd 4436/4882 step 4,542,464 ret 561.93 len 286.1 kl 0.0093  sps 1786
upd 4437/4882 step 4,543,488 ret 557.72 len 286.1 kl 0.0062  sps 1786
upd 4438/4882 step 4,544,512 ret 562.34 len 292.3 kl 0.0078  sps 1787
upd 4439/4882 step 4,545,536 ret 563.63 len 292.3 kl 0.0098  sps 1787
upd 4440/4882 step 4,546,560 ret 543.45 len 284.9 kl 0.0101  sps 1786
upd 4441/4882 step 4,547,584 ret 554.45 len 286.5 kl 0.0091  sps 1786
upd 4442/4882 step 4,548,608 ret 557.45 len 286.5 kl 0.0096  sps 1787
upd 4443/4882 step 4,549,632 ret 570.26 len 292.6 kl 0.0101  sps 1787
upd 4444/4882 step 4,550,656 ret 570.19 len 290.8 kl 0.0085  sps 1787
upd 4445/4882 step 4,551,680 ret 558.68 len 290.8 kl 0.0086  sps 1787
upd 4446/4882 step 4,552,704 ret 549.15 len 290.8 kl 0.0081  sps 1787
upd 4447/4882 step 4,553,728 ret 546.47 len 290.8 kl 0.0108  sps 1787
upd 4448/4882 step 4,554,752 ret 534.13 len 282.4 kl 0.0089  sps 1787
upd 4449/4882 step 4,555,776 ret 536.21 len 282.4 kl 0.0099  sps 1787
upd 4450/4882 step 4,556,800 ret 511.65 len 277.8 kl 0.0093  sps 1787
upd 4451/4882 step 4,557,824 ret 521.63 len 279.9 kl 0.0119  sps 1787
upd 4452/4882 step 4,558,848 ret 521.65 len 279.9 kl 0.0093  sps 1788
upd 4453/4882 step 4,559,872 ret 500.57 len 274.5 kl 0.0137  sps 1787
upd 4454/4882 step 4,560,896 ret 471.28 len 264.4 kl 0.0083  sps 1788
upd 4455/4882 step 4,561,920 ret 483.25 len 266.2 kl 0.0090  sps 1788
upd 4456/4882 step 4,562,944 ret 488.54 len 260.6 kl 0.0087  sps 1788
upd 4457/4882 step 4,563,968 ret 478.35 len 254.1 kl 0.0149  sps 1788
upd 4458/4882 step 4,564,992 ret 498.96 len 262.5 kl 0.0093  sps 1788
upd 4459/4882 step 4,566,016 ret 499.12 len 262.5 kl 0.0071  sps 1788
upd 4460/4882 step 4,567,040 ret 501.15 len 256.9 kl 0.0077  sps 1788
upd 4461/4882 step 4,568,064 ret 511.01 len 262.2 kl 0.0066  sps 1788
upd 4462/4882 step 4,569,088 ret 506.49 len 262.2 kl 0.0104  sps 1788
upd 4463/4882 step 4,570,112 ret 508.04 len 262.2 kl 0.0082  sps 1788
upd 4464/4882 step 4,571,136 ret 532.59 len 267.6 kl 0.0083  sps 1788
upd 4465/4882 step 4,572,160 ret 554.15 len 277.7 kl 0.0083  sps 1788
upd 4466/4882 step 4,573,184 ret 542.15 len 274.1 kl 0.0102  sps 1788
upd 4467/4882 step 4,574,208 ret 556.97 len 279.7 kl 0.0074  sps 1788
upd 4468/4882 step 4,575,232 ret 568.9 len 286.1 kl 0.0091  sps 1788
upd 4469/4882 step 4,576,256 ret 556.37 len 286.1 kl 0.0093  sps 1788
upd 4470/4882 step 4,577,280 ret 551.57 len 284.8 kl 0.0060  sps 1788
upd 4471/4882 step 4,578,304 ret 551.12 len 284.8 kl 0.0095  sps 1788
upd 4472/4882 step 4,579,328 ret 542.76 len 284.1 kl 0.0082  sps 1788
upd 4473/4882 step 4,580,352 ret 537.35 len 280.6 kl 0.0128  sps 1788
upd 4474/4882 step 4,581,376 ret 527.85 len 276.6 kl 0.0077  sps 1788
upd 4475/4882 step 4,582,400 ret 521.04 len 276.6 kl 0.0099  sps 1788
upd 4476/4882 step 4,583,424 ret 529.62 len 280.3 kl 0.0087  sps 1788
upd 4477/4882 step 4,584,448 ret 523.77 len 280.3 kl 0.0119  sps 1788
upd 4478/4882 step 4,585,472 ret 516.89 len 278.9 kl 0.0057  sps 1788
upd 4479/4882 step 4,586,496 ret 514.46 len 278.9 kl 0.0108  sps 1788
upd 4480/4882 step 4,587,520 ret 518.63 len 273.1 kl 0.0062  sps 1788
upd 4481/4882 step 4,588,544 ret 506.02 len 263.9 kl 0.0098  sps 1789
upd 4482/4882 step 4,589,568 ret 520.52 len 268.1 kl 0.0071  sps 1789
upd 4483/4882 step 4,590,592 ret 529.4 len 274.8 kl 0.0079  sps 1789
upd 4484/4882 step 4,591,616 ret 539.77 len 278.2 kl 0.0076  sps 1789
upd 4485/4882 step 4,592,640 ret 537.76 len 276.4 kl 0.0087  sps 1789
upd 4486/4882 step 4,593,664 ret 536.43 len 276.4 kl 0.0070  sps 1789
upd 4487/4882 step 4,594,688 ret 532.25 len 275.5 kl 0.0067  sps 1789
upd 4488/4882 step 4,595,712 ret 523.47 len 273.3 kl 0.0120  sps 1789
upd 4489/4882 step 4,596,736 ret 530.08 len 274.7 kl 0.0098  sps 1789
upd 4490/4882 step 4,597,760 ret 517.6 len 271.6 kl 0.0087  sps 1789
upd 4491/4882 step 4,598,784 ret 514.81 len 271.2 kl 0.0077  sps 1789
upd 4492/4882 step 4,599,808 ret 537.08 len 281.7 kl 0.0104  sps 1789
upd 4493/4882 step 4,600,832 ret 532.88 len 281.7 kl 0.0072  sps 1789
upd 4494/4882 step 4,601,856 ret 536.35 len 281.7 kl 0.0108  sps 1789
upd 4495/4882 step 4,602,880 ret 533.64 len 281.7 kl 0.0079  sps 1789
upd 4496/4882 step 4,603,904 ret 541.2 len 283.8 kl 0.0071  sps 1789
upd 4497/4882 step 4,604,928 ret 526.12 len 272.8 kl 0.0118  sps 1789
upd 4498/4882 step 4,605,952 ret 536.3 len 275.9 kl 0.0083  sps 1789
upd 4499/4882 step 4,606,976 ret 547.14 len 275.9 kl 0.0149  sps 1789
upd 4500/4882 step 4,608,000 ret 540.55 len 272.1 kl 0.0119  sps 1789
upd 4501/4882 step 4,609,024 ret 547.54 len 272.9 kl 0.0098  sps 1789
upd 4502/4882 step 4,610,048 ret 559.4 len 277.4 kl 0.0115  sps 1789
upd 4503/4882 step 4,611,072 ret 532.62 len 268.0 kl 0.0063  sps 1790
upd 4504/4882 step 4,612,096 ret 534.25 len 268.0 kl 0.0128  sps 1790
upd 4505/4882 step 4,613,120 ret 538.52 len 268.0 kl 0.0083  sps 1790
upd 4506/4882 step 4,614,144 ret 529.28 len 266.2 kl 0.0094  sps 1790
upd 4507/4882 step 4,615,168 ret 528.7 len 273.9 kl 0.0103  sps 1790
upd 4508/4882 step 4,616,192 ret 526.83 len 273.9 kl 0.0062  sps 1790
upd 4509/4882 step 4,617,216 ret 512.78 len 273.9 kl 0.0092  sps 1790
upd 4510/4882 step 4,618,240 ret 515.21 len 273.9 kl 0.0082  sps 1790
upd 4511/4882 step 4,619,264 ret 520.02 len 273.9 kl 0.0104  sps 1790
upd 4512/4882 step 4,620,288 ret 517.61 len 275.8 kl 0.0067  sps 1790
upd 4513/4882 step 4,621,312 ret 511.26 len 275.8 kl 0.0083  sps 1790
upd 4514/4882 step 4,622,336 ret 523.58 len 282.1 kl 0.0070  sps 1790
upd 4515/4882 step 4,623,360 ret 526.67 len 282.1 kl 0.0072  sps 1790
upd 4516/4882 step 4,624,384 ret 523.58 len 282.1 kl 0.0099  sps 1790
upd 4517/4882 step 4,625,408 ret 504.76 len 273.0 kl 0.0079  sps 1790
upd 4518/4882 step 4,626,432 ret 535.28 len 281.9 kl 0.0040  sps 1790
upd 4519/4882 step 4,627,456 ret 543.47 len 281.9 kl 0.0057  sps 1790
upd 4520/4882 step 4,628,480 ret 538.43 len 277.8 kl 0.0076  sps 1790
upd 4521/4882 step 4,629,504 ret 526.41 len 272.4 kl 0.0070  sps 1790
upd 4522/4882 step 4,630,528 ret 504.79 len 262.7 kl 0.0069  sps 1790
upd 4523/4882 step 4,631,552 ret 501.64 len 268.6 kl 0.0075  sps 1790
upd 4524/4882 step 4,632,576 ret 497.2 len 268.6 kl 0.0067  sps 1790
upd 4525/4882 step 4,633,600 ret 494.36 len 271.7 kl 0.0056  sps 1790
upd 4526/4882 step 4,634,624 ret 495.02 len 271.7 kl 0.0065  sps 1790
upd 4527/4882 step 4,635,648 ret 508.71 len 276.6 kl 0.0103  sps 1790
upd 4528/4882 step 4,636,672 ret 516.92 len 280.3 kl 0.0092  sps 1790
upd 4529/4882 step 4,637,696 ret 497.97 len 271.7 kl 0.0080  sps 1790
upd 4530/4882 step 4,638,720 ret 507.58 len 275.8 kl 0.0098  sps 1790
upd 4531/4882 step 4,639,744 ret 503.94 len 275.8 kl 0.0073  sps 1790
upd 4532/4882 step 4,640,768 ret 516.08 len 281.2 kl 0.0100  sps 1790
upd 4533/4882 step 4,641,792 ret 526.6 len 290.9 kl 0.0087  sps 1790
upd 4534/4882 step 4,642,816 ret 544.37 len 290.9 kl 0.0112  sps 1790
upd 4535/4882 step 4,643,840 ret 533.58 len 281.0 kl 0.0110  sps 1790
upd 4536/4882 step 4,644,864 ret 539.45 len 281.0 kl 0.0097  sps 1790
upd 4537/4882 step 4,645,888 ret 533.43 len 281.0 kl 0.0086  sps 1790
upd 4538/4882 step 4,646,912 ret 535.19 len 281.0 kl 0.0058  sps 1790
upd 4539/4882 step 4,647,936 ret 534.35 len 281.5 kl 0.0080  sps 1791
upd 4540/4882 step 4,648,960 ret 537.05 len 279.9 kl 0.0048  sps 1791
upd 4541/4882 step 4,649,984 ret 537.3 len 281.8 kl 0.0059  sps 1791
upd 4542/4882 step 4,651,008 ret 542.64 len 281.8 kl 0.0092  sps 1791
upd 4543/4882 step 4,652,032 ret 548.67 len 280.6 kl 0.0078  sps 1791
upd 4544/4882 step 4,653,056 ret 550.14 len 280.6 kl 0.0075  sps 1791
upd 4545/4882 step 4,654,080 ret 547.04 len 280.6 kl 0.0074  sps 1791
upd 4546/4882 step 4,655,104 ret 559.56 len 285.4 kl 0.0059  sps 1791
upd 4547/4882 step 4,656,128 ret 554.88 len 280.9 kl 0.0102  sps 1791
upd 4548/4882 step 4,657,152 ret 549.83 len 274.5 kl 0.0062  sps 1791
upd 4549/4882 step 4,658,176 ret 528.0 len 264.3 kl 0.0094  sps 1791
upd 4550/4882 step 4,659,200 ret 522.54 len 265.9 kl 0.0129  sps 1791
upd 4551/4882 step 4,660,224 ret 524.47 len 265.9 kl 0.0103  sps 1791
upd 4552/4882 step 4,661,248 ret 536.92 len 272.6 kl 0.0099  sps 1791
upd 4553/4882 step 4,662,272 ret 538.74 len 273.8 kl 0.0076  sps 1792
upd 4554/4882 step 4,663,296 ret 545.27 len 273.8 kl 0.0051  sps 1791
upd 4555/4882 step 4,664,320 ret 540.65 len 273.8 kl 0.0117  sps 1791
upd 4556/4882 step 4,665,344 ret 519.2 len 265.0 kl 0.0043  sps 1791
upd 4557/4882 step 4,666,368 ret 510.62 len 265.0 kl 0.0087  sps 1791
upd 4558/4882 step 4,667,392 ret 512.54 len 269.5 kl 0.0062  sps 1792
upd 4559/4882 step 4,668,416 ret 508.08 len 270.5 kl 0.0066  sps 1791
upd 4560/4882 step 4,669,440 ret 522.27 len 278.5 kl 0.0082  sps 1791
upd 4561/4882 step 4,670,464 ret 512.06 len 272.4 kl 0.0059  sps 1791
upd 4562/4882 step 4,671,488 ret 507.44 len 269.2 kl 0.0108  sps 1791
upd 4563/4882 step 4,672,512 ret 496.25 len 264.9 kl 0.0078  sps 1792
upd 4564/4882 step 4,673,536 ret 489.86 len 264.9 kl 0.0062  sps 1792
upd 4565/4882 step 4,674,560 ret 488.68 len 264.9 kl 0.0073  sps 1792
upd 4566/4882 step 4,675,584 ret 489.75 len 263.9 kl 0.0091  sps 1792
upd 4567/4882 step 4,676,608 ret 501.11 len 268.4 kl 0.0064  sps 1792
upd 4568/4882 step 4,677,632 ret 507.75 len 268.4 kl 0.0100  sps 1792
upd 4569/4882 step 4,678,656 ret 505.93 len 268.4 kl 0.0034  sps 1792
upd 4570/4882 step 4,679,680 ret 517.43 len 273.8 kl 0.0077  sps 1792
upd 4571/4882 step 4,680,704 ret 516.55 len 273.4 kl 0.0061  sps 1792
upd 4572/4882 step 4,681,728 ret 531.17 len 279.6 kl 0.0088  sps 1792
upd 4573/4882 step 4,682,752 ret 529.55 len 279.6 kl 0.0083  sps 1792
upd 4574/4882 step 4,683,776 ret 544.26 len 287.1 kl 0.0096  sps 1792
upd 4575/4882 step 4,684,800 ret 552.31 len 287.1 kl 0.0070  sps 1792
upd 4576/4882 step 4,685,824 ret 555.42 len 287.1 kl 0.0076  sps 1792
upd 4577/4882 step 4,686,848 ret 562.0 len 290.5 kl 0.0050  sps 1792
upd 4578/4882 step 4,687,872 ret 574.86 len 295.9 kl 0.0077  sps 1792
upd 4579/4882 step 4,688,896 ret 576.82 len 293.4 kl 0.0110  sps 1793
upd 4580/4882 step 4,689,920 ret 571.17 len 287.2 kl 0.0073  sps 1793
upd 4581/4882 step 4,690,944 ret 572.76 len 287.2 kl 0.0045  sps 1793
upd 4582/4882 step 4,691,968 ret 576.86 len 289.7 kl 0.0079  sps 1793
upd 4583/4882 step 4,692,992 ret 575.19 len 289.7 kl 0.0068  sps 1793
upd 4584/4882 step 4,694,016 ret 562.85 len 285.9 kl 0.0079  sps 1793
upd 4585/4882 step 4,695,040 ret 555.22 len 281.9 kl 0.0077  sps 1793
upd 4586/4882 step 4,696,064 ret 549.42 len 281.9 kl 0.0065  sps 1793
upd 4587/4882 step 4,697,088 ret 546.79 len 281.9 kl 0.0079  sps 1793
upd 4588/4882 step 4,698,112 ret 546.03 len 281.9 kl 0.0063  sps 1793
upd 4589/4882 step 4,699,136 ret 530.92 len 275.1 kl 0.0061  sps 1793
upd 4590/4882 step 4,700,160 ret 520.37 len 271.3 kl 0.0068  sps 1794
upd 4591/4882 step 4,701,184 ret 528.96 len 277.5 kl 0.0084  sps 1794
upd 4592/4882 step 4,702,208 ret 526.7 len 271.1 kl 0.0102  sps 1794
upd 4593/4882 step 4,703,232 ret 517.93 len 265.2 kl 0.0076  sps 1794
upd 4594/4882 step 4,704,256 ret 526.27 len 266.6 kl 0.0074  sps 1794
upd 4595/4882 step 4,705,280 ret 539.68 len 270.6 kl 0.0068  sps 1794
upd 4596/4882 step 4,706,304 ret 540.3 len 270.6 kl 0.0067  sps 1794
upd 4597/4882 step 4,707,328 ret 540.86 len 270.6 kl 0.0091  sps 1794
upd 4598/4882 step 4,708,352 ret 523.42 len 262.2 kl 0.0077  sps 1794
upd 4599/4882 step 4,709,376 ret 538.58 len 268.1 kl 0.0097  sps 1794
upd 4600/4882 step 4,710,400 ret 535.93 len 270.8 kl 0.0045  sps 1794
upd 4601/4882 step 4,711,424 ret 531.21 len 270.8 kl 0.0076  sps 1794
upd 4602/4882 step 4,712,448 ret 515.19 len 268.2 kl 0.0034  sps 1794
upd 4603/4882 step 4,713,472 ret 519.69 len 271.8 kl 0.0060  sps 1794
upd 4604/4882 step 4,714,496 ret 524.48 len 277.7 kl 0.0045  sps 1794
upd 4605/4882 step 4,715,520 ret 520.85 len 276.5 kl 0.0071  sps 1794
upd 4606/4882 step 4,716,544 ret 510.08 len 276.5 kl 0.0058  sps 1794
upd 4607/4882 step 4,717,568 ret 500.38 len 268.0 kl 0.0066  sps 1794
upd 4608/4882 step 4,718,592 ret 518.63 len 276.4 kl 0.0077  sps 1794
upd 4609/4882 step 4,719,616 ret 520.02 len 276.4 kl 0.0103  sps 1794
upd 4610/4882 step 4,720,640 ret 515.6 len 272.4 kl 0.0075  sps 1794
upd 4611/4882 step 4,721,664 ret 516.42 len 268.7 kl 0.0064  sps 1794
upd 4612/4882 step 4,722,688 ret 526.62 len 271.3 kl 0.0043  sps 1794
upd 4613/4882 step 4,723,712 ret 525.46 len 265.4 kl 0.0069  sps 1794
upd 4614/4882 step 4,724,736 ret 529.94 len 268.2 kl 0.0087  sps 1794
upd 4615/4882 step 4,725,760 ret 529.68 len 268.2 kl 0.0077  sps 1794
upd 4616/4882 step 4,726,784 ret 541.56 len 269.4 kl 0.0045  sps 1794
upd 4617/4882 step 4,727,808 ret 542.69 len 272.4 kl 0.0056  sps 1794
upd 4618/4882 step 4,728,832 ret 527.02 len 272.4 kl 0.0055  sps 1794
upd 4619/4882 step 4,729,856 ret 533.62 len 276.5 kl 0.0099  sps 1794
upd 4620/4882 step 4,730,880 ret 535.47 len 276.5 kl 0.0097  sps 1794
upd 4621/4882 step 4,731,904 ret 543.01 len 281.6 kl 0.0062  sps 1794
upd 4622/4882 step 4,732,928 ret 532.6 len 276.6 kl 0.0050  sps 1794
upd 4623/4882 step 4,733,952 ret 525.58 len 274.1 kl 0.0058  sps 1794
upd 4624/4882 step 4,734,976 ret 529.39 len 274.1 kl 0.0071  sps 1794
upd 4625/4882 step 4,736,000 ret 543.78 len 279.9 kl 0.0087  sps 1794
upd 4626/4882 step 4,737,024 ret 539.63 len 279.9 kl 0.0046  sps 1794
upd 4627/4882 step 4,738,048 ret 547.49 len 282.5 kl 0.0032  sps 1794
upd 4628/4882 step 4,739,072 ret 539.92 len 277.1 kl 0.0039  sps 1794
upd 4629/4882 step 4,740,096 ret 544.39 len 277.1 kl 0.0081  sps 1794
upd 4630/4882 step 4,741,120 ret 544.57 len 278.5 kl 0.0040  sps 1794
upd 4631/4882 step 4,742,144 ret 541.6 len 278.5 kl 0.0049  sps 1794
upd 4632/4882 step 4,743,168 ret 561.83 len 287.2 kl 0.0060  sps 1794
upd 4633/4882 step 4,744,192 ret 574.42 len 292.2 kl 0.0062  sps 1794
upd 4634/4882 step 4,745,216 ret 577.18 len 292.2 kl 0.0059  sps 1794
upd 4635/4882 step 4,746,240 ret 580.21 len 294.7 kl 0.0067  sps 1794
upd 4636/4882 step 4,747,264 ret 579.75 len 294.7 kl 0.0108  sps 1794
upd 4637/4882 step 4,748,288 ret 574.41 len 284.3 kl 0.0082  sps 1794
upd 4638/4882 step 4,749,312 ret 557.93 len 277.1 kl 0.0050  sps 1794
upd 4639/4882 step 4,750,336 ret 567.4 len 281.9 kl 0.0044  sps 1794
upd 4640/4882 step 4,751,360 ret 561.83 len 276.4 kl 0.0083  sps 1794
upd 4641/4882 step 4,752,384 ret 551.88 len 269.9 kl 0.0062  sps 1795
upd 4642/4882 step 4,753,408 ret 550.73 len 269.9 kl 0.0048  sps 1794
upd 4643/4882 step 4,754,432 ret 551.94 len 269.9 kl 0.0045  sps 1794
upd 4644/4882 step 4,755,456 ret 530.42 len 263.5 kl 0.0028  sps 1795
upd 4645/4882 step 4,756,480 ret 515.93 len 263.5 kl 0.0035  sps 1795
upd 4646/4882 step 4,757,504 ret 496.8 len 256.9 kl 0.0068  sps 1795
upd 4647/4882 step 4,758,528 ret 504.73 len 263.4 kl 0.0054  sps 1795
upd 4648/4882 step 4,759,552 ret 518.69 len 270.9 kl 0.0057  sps 1795
upd 4649/4882 step 4,760,576 ret 507.94 len 271.4 kl 0.0042  sps 1795
upd 4650/4882 step 4,761,600 ret 494.45 len 268.1 kl 0.0059  sps 1795
upd 4651/4882 step 4,762,624 ret 500.69 len 273.7 kl 0.0040  sps 1795
upd 4652/4882 step 4,763,648 ret 510.7 len 280.2 kl 0.0049  sps 1795
upd 4653/4882 step 4,764,672 ret 511.9 len 280.2 kl 0.0063  sps 1795
upd 4654/4882 step 4,765,696 ret 489.95 len 269.9 kl 0.0065  sps 1795
upd 4655/4882 step 4,766,720 ret 506.83 len 276.4 kl 0.0071  sps 1795
upd 4656/4882 step 4,767,744 ret 501.5 len 269.9 kl 0.0072  sps 1795
upd 4657/4882 step 4,768,768 ret 509.77 len 276.4 kl 0.0061  sps 1795
upd 4658/4882 step 4,769,792 ret 505.96 len 274.9 kl 0.0063  sps 1795
upd 4659/4882 step 4,770,816 ret 511.24 len 278.5 kl 0.0082  sps 1795
upd 4660/4882 step 4,771,840 ret 512.5 len 270.8 kl 0.0045  sps 1795
upd 4661/4882 step 4,772,864 ret 519.85 len 274.1 kl 0.0108  sps 1795
upd 4662/4882 step 4,773,888 ret 525.34 len 274.1 kl 0.0036  sps 1795
upd 4663/4882 step 4,774,912 ret 514.11 len 274.1 kl 0.0052  sps 1795
upd 4664/4882 step 4,775,936 ret 510.76 len 269.2 kl 0.0061  sps 1795
upd 4665/4882 step 4,776,960 ret 522.17 len 279.4 kl 0.0036  sps 1795
upd 4666/4882 step 4,777,984 ret 517.94 len 277.3 kl 0.0048  sps 1795
upd 4667/4882 step 4,779,008 ret 525.24 len 276.9 kl 0.0048  sps 1795
upd 4668/4882 step 4,780,032 ret 518.97 len 271.0 kl 0.0039  sps 1795
upd 4669/4882 step 4,781,056 ret 520.03 len 271.8 kl 0.0055  sps 1795
upd 4670/4882 step 4,782,080 ret 507.94 len 271.8 kl 0.0057  sps 1795
upd 4671/4882 step 4,783,104 ret 502.86 len 268.1 kl 0.0042  sps 1795
upd 4672/4882 step 4,784,128 ret 508.11 len 268.1 kl 0.0035  sps 1795
upd 4673/4882 step 4,785,152 ret 504.77 len 268.1 kl 0.0048  sps 1795
upd 4674/4882 step 4,786,176 ret 513.62 len 266.5 kl 0.0064  sps 1795
upd 4675/4882 step 4,787,200 ret 503.53 len 259.9 kl 0.0027  sps 1795
upd 4676/4882 step 4,788,224 ret 494.04 len 256.4 kl 0.0035  sps 1795
upd 4677/4882 step 4,789,248 ret 494.6 len 256.4 kl 0.0079  sps 1796
upd 4678/4882 step 4,790,272 ret 511.6 len 265.3 kl 0.0029  sps 1796
upd 4679/4882 step 4,791,296 ret 514.06 len 265.3 kl 0.0073  sps 1796
upd 4680/4882 step 4,792,320 ret 519.88 len 265.9 kl 0.0038  sps 1796
upd 4681/4882 step 4,793,344 ret 521.72 len 266.0 kl 0.0064  sps 1796
upd 4682/4882 step 4,794,368 ret 513.31 len 264.6 kl 0.0045  sps 1796
upd 4683/4882 step 4,795,392 ret 495.89 len 254.8 kl 0.0070  sps 1796
upd 4684/4882 step 4,796,416 ret 492.1 len 253.9 kl 0.0038  sps 1796
upd 4685/4882 step 4,797,440 ret 486.56 len 252.1 kl 0.0059  sps 1796
upd 4686/4882 step 4,798,464 ret 489.15 len 253.6 kl 0.0071  sps 1796
upd 4687/4882 step 4,799,488 ret 502.49 len 257.3 kl 0.0023  sps 1796
upd 4688/4882 step 4,800,512 ret 507.81 len 260.9 kl 0.0039  sps 1796
upd 4689/4882 step 4,801,536 ret 512.01 len 260.9 kl 0.0052  sps 1796
upd 4690/4882 step 4,802,560 ret 505.19 len 254.0 kl 0.0030  sps 1796
upd 4691/4882 step 4,803,584 ret 490.35 len 249.1 kl 0.0061  sps 1796
upd 4692/4882 step 4,804,608 ret 489.51 len 249.1 kl 0.0055  sps 1797
upd 4693/4882 step 4,805,632 ret 504.31 len 256.1 kl 0.0041  sps 1797
upd 4694/4882 step 4,806,656 ret 525.46 len 263.7 kl 0.0038  sps 1797
upd 4695/4882 step 4,807,680 ret 532.92 len 266.4 kl 0.0034  sps 1797
upd 4696/4882 step 4,808,704 ret 535.2 len 264.5 kl 0.0042  sps 1797
upd 4697/4882 step 4,809,728 ret 544.24 len 270.5 kl 0.0073  sps 1797
upd 4698/4882 step 4,810,752 ret 499.79 len 249.2 kl 0.0033  sps 1797
upd 4699/4882 step 4,811,776 ret 476.06 len 237.9 kl 0.0019  sps 1797
upd 4700/4882 step 4,812,800 ret 497.96 len 249.6 kl 0.0096  sps 1797
upd 4701/4882 step 4,813,824 ret 498.25 len 252.2 kl 0.0058  sps 1797
upd 4702/4882 step 4,814,848 ret 469.08 len 243.2 kl 0.0024  sps 1797
upd 4703/4882 step 4,815,872 ret 465.87 len 245.9 kl 0.0041  sps 1797
upd 4704/4882 step 4,816,896 ret 454.87 len 247.3 kl 0.0023  sps 1797
upd 4705/4882 step 4,817,920 ret 433.09 len 236.7 kl 0.0033  sps 1797
upd 4706/4882 step 4,818,944 ret 423.34 len 233.2 kl 0.0067  sps 1797
upd 4707/4882 step 4,819,968 ret 432.27 len 237.8 kl 0.0057  sps 1797
upd 4708/4882 step 4,820,992 ret 460.62 len 253.7 kl 0.0044  sps 1797
upd 4709/4882 step 4,822,016 ret 470.72 len 259.7 kl 0.0027  sps 1797
upd 4710/4882 step 4,823,040 ret 462.27 len 255.4 kl 0.0031  sps 1797
upd 4711/4882 step 4,824,064 ret 481.5 len 257.3 kl 0.0065  sps 1797
upd 4712/4882 step 4,825,088 ret 497.42 len 258.9 kl 0.0030  sps 1798
upd 4713/4882 step 4,826,112 ret 495.91 len 252.9 kl 0.0053  sps 1798
upd 4714/4882 step 4,827,136 ret 509.97 len 252.9 kl 0.0036  sps 1798
upd 4715/4882 step 4,828,160 ret 514.11 len 258.5 kl 0.0032  sps 1798
upd 4716/4882 step 4,829,184 ret 519.23 len 260.1 kl 0.0054  sps 1798
upd 4717/4882 step 4,830,208 ret 524.4 len 259.7 kl 0.0033  sps 1798
upd 4718/4882 step 4,831,232 ret 526.92 len 259.7 kl 0.0084  sps 1798
upd 4719/4882 step 4,832,256 ret 517.04 len 253.6 kl 0.0028  sps 1798
upd 4720/4882 step 4,833,280 ret 524.69 len 257.8 kl 0.0045  sps 1798
upd 4721/4882 step 4,834,304 ret 529.7 len 262.5 kl 0.0060  sps 1798
upd 4722/4882 step 4,835,328 ret 526.08 len 260.7 kl 0.0026  sps 1798
upd 4723/4882 step 4,836,352 ret 507.61 len 252.7 kl 0.0027  sps 1798
upd 4724/4882 step 4,837,376 ret 502.13 len 258.7 kl 0.0023  sps 1798
upd 4725/4882 step 4,838,400 ret 514.53 len 263.7 kl 0.0024  sps 1798
upd 4726/4882 step 4,839,424 ret 500.64 len 263.9 kl 0.0025  sps 1798
upd 4727/4882 step 4,840,448 ret 500.71 len 267.6 kl 0.0042  sps 1798
upd 4728/4882 step 4,841,472 ret 498.43 len 267.6 kl 0.0078  sps 1798
upd 4729/4882 step 4,842,496 ret 480.16 len 259.8 kl 0.0049  sps 1798
upd 4730/4882 step 4,843,520 ret 483.63 len 259.8 kl 0.0052  sps 1798
upd 4731/4882 step 4,844,544 ret 462.59 len 250.2 kl 0.0022  sps 1798
upd 4732/4882 step 4,845,568 ret 467.85 len 253.3 kl 0.0035  sps 1798
upd 4733/4882 step 4,846,592 ret 491.39 len 265.2 kl 0.0024  sps 1798
upd 4734/4882 step 4,847,616 ret 484.62 len 267.5 kl 0.0030  sps 1798
upd 4735/4882 step 4,848,640 ret 494.54 len 262.8 kl 0.0026  sps 1798
upd 4736/4882 step 4,849,664 ret 501.42 len 261.6 kl 0.0028  sps 1798
upd 4737/4882 step 4,850,688 ret 510.8 len 264.9 kl 0.0103  sps 1798
upd 4738/4882 step 4,851,712 ret 502.16 len 260.2 kl 0.0037  sps 1798
upd 4739/4882 step 4,852,736 ret 493.81 len 260.2 kl 0.0017  sps 1798
upd 4740/4882 step 4,853,760 ret 499.21 len 264.1 kl 0.0010  sps 1798
upd 4741/4882 step 4,854,784 ret 488.15 len 264.1 kl 0.0026  sps 1798
upd 4742/4882 step 4,855,808 ret 512.4 len 273.7 kl 0.0035  sps 1798
upd 4743/4882 step 4,856,832 ret 511.33 len 273.7 kl 0.0017  sps 1798
upd 4744/4882 step 4,857,856 ret 522.93 len 273.7 kl 0.0028  sps 1798
upd 4745/4882 step 4,858,880 ret 510.7 len 267.9 kl 0.0023  sps 1798
upd 4746/4882 step 4,859,904 ret 505.14 len 269.9 kl 0.0013  sps 1798
upd 4747/4882 step 4,860,928 ret 507.7 len 271.0 kl 0.0027  sps 1798
upd 4748/4882 step 4,861,952 ret 514.41 len 276.7 kl 0.0016  sps 1798
upd 4749/4882 step 4,862,976 ret 516.26 len 280.4 kl 0.0035  sps 1798
upd 4750/4882 step 4,864,000 ret 519.41 len 280.4 kl 0.0039  sps 1798
upd 4751/4882 step 4,865,024 ret 532.76 len 285.4 kl 0.0023  sps 1798
upd 4752/4882 step 4,866,048 ret 535.96 len 285.4 kl 0.0019  sps 1798
upd 4753/4882 step 4,867,072 ret 523.78 len 280.8 kl 0.0023  sps 1798
upd 4754/4882 step 4,868,096 ret 514.48 len 275.4 kl 0.0043  sps 1798
upd 4755/4882 step 4,869,120 ret 513.28 len 275.5 kl 0.0035  sps 1798
upd 4756/4882 step 4,870,144 ret 519.12 len 275.5 kl 0.0017  sps 1798
upd 4757/4882 step 4,871,168 ret 517.37 len 274.4 kl 0.0018  sps 1798
upd 4758/4882 step 4,872,192 ret 525.18 len 274.4 kl 0.0025  sps 1799
upd 4759/4882 step 4,873,216 ret 529.24 len 274.4 kl 0.0022  sps 1799
upd 4760/4882 step 4,874,240 ret 532.82 len 275.3 kl 0.0032  sps 1799
upd 4761/4882 step 4,875,264 ret 536.89 len 275.3 kl 0.0014  sps 1799
upd 4762/4882 step 4,876,288 ret 544.85 len 280.4 kl 0.0013  sps 1798
upd 4763/4882 step 4,877,312 ret 534.19 len 275.4 kl 0.0017  sps 1798
upd 4764/4882 step 4,878,336 ret 550.19 len 280.1 kl 0.0014  sps 1798
upd 4765/4882 step 4,879,360 ret 551.4 len 285.5 kl 0.0023  sps 1799
upd 4766/4882 step 4,880,384 ret 557.69 len 290.6 kl 0.0020  sps 1799
upd 4767/4882 step 4,881,408 ret 558.31 len 290.6 kl 0.0010  sps 1799
upd 4768/4882 step 4,882,432 ret 556.38 len 290.6 kl 0.0014  sps 1799
upd 4769/4882 step 4,883,456 ret 511.62 len 274.2 kl 0.0014  sps 1798
upd 4770/4882 step 4,884,480 ret 510.6 len 274.2 kl 0.0015  sps 1798
upd 4771/4882 step 4,885,504 ret 511.23 len 274.2 kl 0.0019  sps 1798
upd 4772/4882 step 4,886,528 ret 490.73 len 274.2 kl 0.0012  sps 1798
upd 4773/4882 step 4,887,552 ret 484.39 len 274.2 kl 0.0019  sps 1799
upd 4774/4882 step 4,888,576 ret 480.09 len 272.9 kl 0.0020  sps 1799
upd 4775/4882 step 4,889,600 ret 490.95 len 272.9 kl 0.0036  sps 1799
upd 4776/4882 step 4,890,624 ret 494.28 len 272.9 kl 0.0045  sps 1799
upd 4777/4882 step 4,891,648 ret 496.27 len 272.4 kl 0.0029  sps 1799
upd 4778/4882 step 4,892,672 ret 499.84 len 272.4 kl 0.0013  sps 1799
upd 4779/4882 step 4,893,696 ret 509.13 len 272.4 kl 0.0014  sps 1799
upd 4780/4882 step 4,894,720 ret 526.18 len 282.6 kl 0.0011  sps 1799
upd 4781/4882 step 4,895,744 ret 545.48 len 292.7 kl 0.0020  sps 1799
upd 4782/4882 step 4,896,768 ret 545.4 len 292.7 kl 0.0017  sps 1799
upd 4783/4882 step 4,897,792 ret 560.01 len 292.7 kl 0.0020  sps 1799
upd 4784/4882 step 4,898,816 ret 564.91 len 288.7 kl 0.0009  sps 1799
upd 4785/4882 step 4,899,840 ret 540.53 len 279.8 kl 0.0007  sps 1799
upd 4786/4882 step 4,900,864 ret 512.66 len 263.3 kl 0.0015  sps 1799
upd 4787/4882 step 4,901,888 ret 515.63 len 264.3 kl 0.0008  sps 1799
upd 4788/4882 step 4,902,912 ret 517.44 len 264.3 kl 0.0018  sps 1799
upd 4789/4882 step 4,903,936 ret 515.02 len 264.3 kl 0.0028  sps 1799
upd 4790/4882 step 4,904,960 ret 516.41 len 264.3 kl 0.0011  sps 1799
upd 4791/4882 step 4,905,984 ret 517.94 len 264.3 kl 0.0030  sps 1799
upd 4792/4882 step 4,907,008 ret 511.91 len 259.3 kl 0.0022  sps 1799
upd 4793/4882 step 4,908,032 ret 500.49 len 259.3 kl 0.0014  sps 1800
upd 4794/4882 step 4,909,056 ret 497.95 len 257.2 kl 0.0013  sps 1800
upd 4795/4882 step 4,910,080 ret 517.77 len 263.0 kl 0.0010  sps 1800
upd 4796/4882 step 4,911,104 ret 540.72 len 272.1 kl 0.0019  sps 1800
upd 4797/4882 step 4,912,128 ret 539.55 len 275.5 kl 0.0019  sps 1800
upd 4798/4882 step 4,913,152 ret 507.88 len 262.2 kl 0.0008  sps 1800
upd 4799/4882 step 4,914,176 ret 490.99 len 253.9 kl 0.0009  sps 1800
upd 4800/4882 step 4,915,200 ret 486.82 len 250.1 kl 0.0006  sps 1800
upd 4801/4882 step 4,916,224 ret 466.23 len 241.6 kl 0.0006  sps 1800
upd 4802/4882 step 4,917,248 ret 462.82 len 243.2 kl 0.0006  sps 1800
upd 4803/4882 step 4,918,272 ret 475.23 len 242.9 kl 0.0004  sps 1800
upd 4804/4882 step 4,919,296 ret 473.65 len 243.1 kl 0.0007  sps 1800
upd 4805/4882 step 4,920,320 ret 451.35 len 243.8 kl 0.0005  sps 1800
upd 4806/4882 step 4,921,344 ret 452.95 len 245.7 kl 0.0005  sps 1800
upd 4807/4882 step 4,922,368 ret 443.65 len 247.9 kl 0.0005  sps 1799
upd 4808/4882 step 4,923,392 ret 458.51 len 255.7 kl 0.0006  sps 1800
upd 4809/4882 step 4,924,416 ret 477.61 len 264.1 kl 0.0014  sps 1800
upd 4810/4882 step 4,925,440 ret 464.23 len 260.2 kl 0.0004  sps 1800
upd 4811/4882 step 4,926,464 ret 482.4 len 268.1 kl 0.0008  sps 1800
upd 4812/4882 step 4,927,488 ret 491.39 len 272.6 kl 0.0014  sps 1800
upd 4813/4882 step 4,928,512 ret 486.17 len 268.6 kl 0.0003  sps 1800
upd 4814/4882 step 4,929,536 ret 468.49 len 260.3 kl 0.0004  sps 1799
upd 4815/4882 step 4,930,560 ret 482.86 len 254.1 kl 0.0004  sps 1800
upd 4816/4882 step 4,931,584 ret 510.15 len 262.7 kl 0.0009  sps 1800
upd 4817/4882 step 4,932,608 ret 505.29 len 259.9 kl 0.0005  sps 1800
upd 4818/4882 step 4,933,632 ret 510.09 len 259.5 kl 0.0005  sps 1800
upd 4819/4882 step 4,934,656 ret 493.24 len 251.4 kl 0.0005  sps 1800
upd 4820/4882 step 4,935,680 ret 503.93 len 255.2 kl 0.0003  sps 1800
upd 4821/4882 step 4,936,704 ret 496.75 len 249.7 kl 0.0010  sps 1800
upd 4822/4882 step 4,937,728 ret 489.71 len 246.2 kl 0.0002  sps 1800
upd 4823/4882 step 4,938,752 ret 496.63 len 248.6 kl 0.0007  sps 1800
upd 4824/4882 step 4,939,776 ret 499.6 len 256.3 kl 0.0006  sps 1800
upd 4825/4882 step 4,940,800 ret 504.77 len 258.2 kl 0.0010  sps 1800
upd 4826/4882 step 4,941,824 ret 497.82 len 258.2 kl 0.0004  sps 1800
upd 4827/4882 step 4,942,848 ret 502.63 len 261.0 kl 0.0005  sps 1800
upd 4828/4882 step 4,943,872 ret 495.06 len 259.8 kl 0.0006  sps 1800
upd 4829/4882 step 4,944,896 ret 508.91 len 265.7 kl 0.0003  sps 1800
upd 4830/4882 step 4,945,920 ret 519.62 len 270.1 kl 0.0005  sps 1800
upd 4831/4882 step 4,946,944 ret 523.12 len 271.5 kl 0.0004  sps 1800
upd 4832/4882 step 4,947,968 ret 525.19 len 275.0 kl 0.0004  sps 1800
upd 4833/4882 step 4,948,992 ret 514.34 len 275.0 kl 0.0002  sps 1800
upd 4834/4882 step 4,950,016 ret 521.92 len 275.0 kl 0.0003  sps 1800
upd 4835/4882 step 4,951,040 ret 524.13 len 276.1 kl 0.0002  sps 1800
upd 4836/4882 step 4,952,064 ret 532.33 len 280.4 kl 0.0005  sps 1800
upd 4837/4882 step 4,953,088 ret 538.81 len 280.4 kl 0.0002  sps 1800
upd 4838/4882 step 4,954,112 ret 537.12 len 280.4 kl 0.0002  sps 1800
upd 4839/4882 step 4,955,136 ret 541.92 len 280.5 kl 0.0002  sps 1800
upd 4840/4882 step 4,956,160 ret 541.37 len 280.5 kl 0.0002  sps 1800
upd 4841/4882 step 4,957,184 ret 547.36 len 284.2 kl 0.0004  sps 1800
upd 4842/4882 step 4,958,208 ret 554.05 len 288.4 kl 0.0001  sps 1800
upd 4843/4882 step 4,959,232 ret 554.88 len 288.4 kl 0.0002  sps 1800
upd 4844/4882 step 4,960,256 ret 562.88 len 285.8 kl 0.0002  sps 1800
upd 4845/4882 step 4,961,280 ret 548.15 len 279.3 kl 0.0002  sps 1800
upd 4846/4882 step 4,962,304 ret 563.7 len 284.1 kl 0.0003  sps 1800
upd 4847/4882 step 4,963,328 ret 552.48 len 284.7 kl 0.0001  sps 1800
upd 4848/4882 step 4,964,352 ret 540.11 len 284.7 kl 0.0003  sps 1800
upd 4849/4882 step 4,965,376 ret 522.6 len 275.4 kl 0.0002  sps 1800
upd 4850/4882 step 4,966,400 ret 515.02 len 269.7 kl 0.0001  sps 1800
upd 4851/4882 step 4,967,424 ret 503.77 len 269.7 kl 0.0001  sps 1800
upd 4852/4882 step 4,968,448 ret 488.08 len 262.1 kl 0.0001  sps 1800
upd 4853/4882 step 4,969,472 ret 476.33 len 257.8 kl 0.0001  sps 1800
upd 4854/4882 step 4,970,496 ret 468.69 len 259.6 kl 0.0002  sps 1801
upd 4855/4882 step 4,971,520 ret 478.27 len 266.1 kl 0.0001  sps 1801
upd 4856/4882 step 4,972,544 ret 461.65 len 260.1 kl 0.0001  sps 1800
upd 4857/4882 step 4,973,568 ret 468.89 len 257.1 kl 0.0000  sps 1801
upd 4858/4882 step 4,974,592 ret 472.21 len 251.7 kl 0.0001  sps 1801
upd 4859/4882 step 4,975,616 ret 478.76 len 255.8 kl 0.0001  sps 1801
upd 4860/4882 step 4,976,640 ret 492.61 len 262.6 kl 0.0001  sps 1801
upd 4861/4882 step 4,977,664 ret 471.39 len 245.1 kl 0.0001  sps 1801
upd 4862/4882 step 4,978,688 ret 482.46 len 252.7 kl 0.0000  sps 1801
upd 4863/4882 step 4,979,712 ret 496.65 len 252.8 kl 0.0001  sps 1801
upd 4864/4882 step 4,980,736 ret 504.36 len 256.4 kl 0.0001  sps 1801
upd 4865/4882 step 4,981,760 ret 500.91 len 253.5 kl 0.0000  sps 1801
upd 4866/4882 step 4,982,784 ret 509.82 len 256.0 kl 0.0001  sps 1801
upd 4867/4882 step 4,983,808 ret 517.6 len 260.0 kl 0.0000  sps 1801
upd 4868/4882 step 4,984,832 ret 516.24 len 260.6 kl 0.0000  sps 1801
upd 4869/4882 step 4,985,856 ret 530.33 len 265.8 kl 0.0000  sps 1802
upd 4870/4882 step 4,986,880 ret 531.13 len 265.8 kl 0.0000  sps 1802
upd 4871/4882 step 4,987,904 ret 519.11 len 259.6 kl 0.0000  sps 1802
upd 4872/4882 step 4,988,928 ret 539.29 len 267.4 kl 0.0000  sps 1802
upd 4873/4882 step 4,989,952 ret 536.35 len 264.1 kl 0.0000  sps 1802
upd 4874/4882 step 4,990,976 ret 531.65 len 261.1 kl 0.0000  sps 1802
upd 4875/4882 step 4,992,000 ret 521.89 len 258.3 kl 0.0000  sps 1802
upd 4876/4882 step 4,993,024 ret 515.65 len 257.6 kl 0.0000  sps 1802
upd 4877/4882 step 4,994,048 ret 516.92 len 262.2 kl 0.0000  sps 1802
upd 4878/4882 step 4,995,072 ret 506.49 len 261.5 kl 0.0000  sps 1802
upd 4879/4882 step 4,996,096 ret 488.8 len 256.3 kl 0.0000  sps 1802
upd 4880/4882 step 4,997,120 ret 477.63 len 251.8 kl 0.0000  sps 1802
upd 4881/4882 step 4,998,144 ret 491.61 len 262.5 kl 0.0000  sps 1802
upd 4882/4882 step 4,999,168 ret 483.43 len 262.5 kl 0.0000  sps 1802
done: 4,999,168 steps -> runs/recover5_v3_warm/latest.pt
