device cpu | 8 envs (async) | batch 2048 | 5859 updates to 12,000,000 steps | DR=on push=0.7 | servo random ema 0.4 | obs v2 (57) | curriculum side-back ramp 0.15,0.75 | robot 87215110e9c4 | mujoco 3.12.0 | params 0.1/D063
upd    1/5859 step     2,048 ret None len None kl 0.0308* sps 627 reach 0.00
upd    2/5859 step     4,096 ret 318.41 len 300.0 kl 0.0351* sps 702 reach 0.00
upd    3/5859 step     6,144 ret 301.21 len 300.0 kl 0.0307* sps 802 reach 0.00
upd    4/5859 step     8,192 ret 316.01 len 300.0 kl 0.0386* sps 899 reach 0.00
upd    5/5859 step    10,240 ret 309.01 len 300.0 kl 0.0324* sps 985 reach 0.00
upd    6/5859 step    12,288 ret 309.72 len 300.0 kl 0.0309* sps 1081 reach 0.00
upd    7/5859 step    14,336 ret 309.72 len 300.0 kl 0.0311* sps 1172 reach 0.00
upd    8/5859 step    16,384 ret 309.28 len 300.0 kl 0.0305* sps 1230 reach 0.00
upd    9/5859 step    18,432 ret 314.88 len 300.0 kl 0.0323* sps 1263 reach 0.00
upd   10/5859 step    20,480 ret 308.31 len 300.0 kl 0.0308* sps 1270 reach 0.00
upd   11/5859 step    22,528 ret 312.95 len 300.0 kl 0.0378* sps 1287 reach 0.00
upd   12/5859 step    24,576 ret 302.45 len 300.0 kl 0.0329* sps 1326 reach 0.00
upd   13/5859 step    26,624 ret 301.9 len 300.0 kl 0.0374* sps 1356 reach 0.00
upd   14/5859 step    28,672 ret 301.9 len 300.0 kl 0.0322* sps 1387 reach 0.00
upd   15/5859 step    30,720 ret 301.7 len 300.0 kl 0.0332* sps 1415 reach 0.00
upd   16/5859 step    32,768 ret 296.25 len 300.0 kl 0.0329* sps 1447 reach 0.00
upd   17/5859 step    34,816 ret 297.09 len 300.0 kl 0.0399* sps 1476 reach 0.00
upd   18/5859 step    36,864 ret 301.49 len 300.0 kl 0.0356* sps 1509 reach 0.00
upd   19/5859 step    38,912 ret 295.35 len 300.0 kl 0.0335* sps 1526 reach 0.00
upd   20/5859 step    40,960 ret 301.52 len 300.0 kl 0.0417* sps 1547 reach 0.00
upd   21/5859 step    43,008 ret 301.52 len 300.0 kl 0.0306* sps 1580 reach 0.00
upd   22/5859 step    45,056 ret 300.58 len 300.0 kl 0.0354* sps 1602 reach 0.00
upd   23/5859 step    47,104 ret 295.56 len 300.0 kl 0.0329* sps 1629 reach 0.00
upd   24/5859 step    49,152 ret 301.22 len 300.0 kl 0.0337* sps 1642 reach 0.00
upd   25/5859 step    51,200 ret 300.95 len 300.0 kl 0.0341* sps 1656 reach 0.00
upd   26/5859 step    53,248 ret 294.42 len 300.0 kl 0.0355* sps 1676 reach 0.00
upd   27/5859 step    55,296 ret 301.31 len 300.0 kl 0.0300* sps 1700 reach 0.00
upd   28/5859 step    57,344 ret 301.31 len 300.0 kl 0.0340* sps 1721 reach 0.00
upd   29/5859 step    59,392 ret 312.14 len 300.0 kl 0.0319* sps 1735 reach 0.00
upd   30/5859 step    61,440 ret 306.93 len 300.0 kl 0.0389* sps 1752 reach 0.00
upd   31/5859 step    63,488 ret 319.12 len 300.0 kl 0.0341* sps 1769 reach 0.00
upd   32/5859 step    65,536 ret 313.45 len 300.0 kl 0.0320* sps 1784 reach 0.00
upd   33/5859 step    67,584 ret 318.87 len 300.0 kl 0.0368* sps 1779 reach 0.00
upd   34/5859 step    69,632 ret 306.28 len 300.0 kl 0.0411* sps 1739 reach 0.00
upd   35/5859 step    71,680 ret 306.28 len 300.0 kl 0.0307* sps 1707 reach 0.00
upd   36/5859 step    73,728 ret 318.42 len 300.0 kl 0.0396* sps 1701 reach 0.00
upd   37/5859 step    75,776 ret 307.51 len 300.0 kl 0.0359* sps 1694 reach 0.00
upd   38/5859 step    77,824 ret 307.6 len 300.0 kl 0.0359* sps 1693 reach 0.00
upd   39/5859 step    79,872 ret 307.69 len 300.0 kl 0.0376* sps 1691 reach 0.00
upd   40/5859 step    81,920 ret 314.46 len 300.0 kl 0.0358* sps 1688 reach 0.00
upd   41/5859 step    83,968 ret 314.46 len 300.0 kl 0.0367* sps 1691 reach 0.00
upd   42/5859 step    86,016 ret 308.63 len 300.0 kl 0.0383* sps 1694 reach 0.00
upd   43/5859 step    88,064 ret 314.44 len 300.0 kl 0.0312* sps 1690 reach 0.00
upd   44/5859 step    90,112 ret 321.8 len 300.0 kl 0.0407* sps 1692 reach 0.00
upd   45/5859 step    92,160 ret 309.73 len 300.0 kl 0.0352* sps 1690 reach 0.00
upd   46/5859 step    94,208 ret 298.34 len 300.0 kl 0.0319* sps 1690 reach 0.00
upd   47/5859 step    96,256 ret 298.2 len 300.0 kl 0.0392* sps 1685 reach 0.00
upd   48/5859 step    98,304 ret 298.2 len 300.0 kl 0.0335* sps 1683 reach 0.00
upd   49/5859 step   100,352 ret 286.11 len 300.0 kl 0.0383* sps 1685 reach 0.00
upd   50/5859 step   102,400 ret 286.29 len 300.0 kl 0.0420* sps 1696 reach 0.00
upd   51/5859 step   104,448 ret 292.43 len 300.0 kl 0.0316* sps 1709 reach 0.00
upd   52/5859 step   106,496 ret 297.31 len 300.0 kl 0.0344* sps 1703 reach 0.00
upd   53/5859 step   108,544 ret 303.17 len 300.0 kl 0.0353* sps 1690 reach 0.00
upd   54/5859 step   110,592 ret 308.91 len 300.0 kl 0.0359* sps 1673 reach 0.00
upd   55/5859 step   112,640 ret 308.91 len 300.0 kl 0.0315* sps 1657 reach 0.00
upd   56/5859 step   114,688 ret 308.53 len 300.0 kl 0.0394* sps 1630 reach 0.00
upd   57/5859 step   116,736 ret 308.68 len 300.0 kl 0.0361* sps 1616 reach 0.00
upd   58/5859 step   118,784 ret 321.71 len 300.0 kl 0.0375* sps 1610 reach 0.00
upd   59/5859 step   120,832 ret 322.16 len 300.0 kl 0.0321* sps 1609 reach 0.00
upd   60/5859 step   122,880 ret 329.02 len 300.0 kl 0.0309* sps 1600 reach 0.00
upd   61/5859 step   124,928 ret 323.32 len 300.0 kl 0.0300* sps 1589 reach 0.00
upd   62/5859 step   126,976 ret 323.32 len 300.0 kl 0.0303* sps 1588 reach 0.00
upd   63/5859 step   129,024 ret 317.88 len 300.0 kl 0.0384* sps 1571 reach 0.00
upd   64/5859 step   131,072 ret 317.97 len 300.0 kl 0.0312* sps 1556 reach 0.00
upd   65/5859 step   133,120 ret 318.14 len 300.0 kl 0.0335* sps 1543 reach 0.00
upd   66/5859 step   135,168 ret 324.13 len 300.0 kl 0.0302* sps 1540 reach 0.00
upd   67/5859 step   137,216 ret 329.96 len 300.0 kl 0.0355* sps 1538 reach 0.00
upd   68/5859 step   139,264 ret 329.83 len 300.0 kl 0.0325* sps 1536 reach 0.00
upd   69/5859 step   141,312 ret 329.83 len 300.0 kl 0.0366* sps 1536 reach 0.00
upd   70/5859 step   143,360 ret 329.7 len 300.0 kl 0.0319* sps 1538 reach 0.00
upd   71/5859 step   145,408 ret 323.98 len 300.0 kl 0.0321* sps 1538 reach 0.00
upd   72/5859 step   147,456 ret 317.8 len 300.0 kl 0.0368* sps 1533 reach 0.00
upd   73/5859 step   149,504 ret 317.16 len 300.0 kl 0.0355* sps 1527 reach 0.00
upd   74/5859 step   151,552 ret 317.54 len 300.0 kl 0.0373* sps 1517 reach 0.00
upd   75/5859 step   153,600 ret 317.27 len 300.0 kl 0.0319* sps 1505 reach 0.00
upd   76/5859 step   155,648 ret 317.27 len 300.0 kl 0.0350* sps 1493 reach 0.00
upd   77/5859 step   157,696 ret 310.6 len 300.0 kl 0.0314* sps 1480 reach 0.00
upd   78/5859 step   159,744 ret 309.96 len 300.0 kl 0.0378* sps 1470 reach 0.00
upd   79/5859 step   161,792 ret 310.58 len 300.0 kl 0.0366* sps 1459 reach 0.00
upd   80/5859 step   163,840 ret 322.46 len 300.0 kl 0.0321* sps 1449 reach 0.00
upd   81/5859 step   165,888 ret 317.0 len 300.0 kl 0.0331* sps 1442 reach 0.00
upd   82/5859 step   167,936 ret 317.0 len 300.0 kl 0.0336* sps 1432 reach 0.00
upd   83/5859 step   169,984 ret 323.38 len 300.0 kl 0.0380* sps 1423 reach 0.00
upd   84/5859 step   172,032 ret 330.35 len 300.0 kl 0.0343* sps 1413 reach 0.00
upd   85/5859 step   174,080 ret 324.06 len 300.0 kl 0.0320* sps 1406 reach 0.00
upd   86/5859 step   176,128 ret 324.4 len 300.0 kl 0.0309* sps 1398 reach 0.00
upd   87/5859 step   178,176 ret 323.83 len 300.0 kl 0.0309* sps 1389 reach 0.00
upd   88/5859 step   180,224 ret 318.07 len 300.0 kl 0.0326* sps 1380 reach 0.00
upd   89/5859 step   182,272 ret 318.07 len 300.0 kl 0.0340* sps 1379 reach 0.00
upd   90/5859 step   184,320 ret 311.6 len 300.0 kl 0.0349* sps 1379 reach 0.00
upd   91/5859 step   186,368 ret 305.35 len 300.0 kl 0.0320* sps 1376 reach 0.00
upd   92/5859 step   188,416 ret 300.2 len 300.0 kl 0.0446* sps 1372 reach 0.00
upd   93/5859 step   190,464 ret 288.1 len 300.0 kl 0.0377* sps 1367 reach 0.00
upd   94/5859 step   192,512 ret 294.71 len 300.0 kl 0.0326* sps 1366 reach 0.00
upd   95/5859 step   194,560 ret 289.14 len 300.0 kl 0.0319* sps 1366 reach 0.00
upd   96/5859 step   196,608 ret 289.14 len 300.0 kl 0.0365* sps 1365 reach 0.00
upd   97/5859 step   198,656 ret 296.7 len 300.0 kl 0.0339* sps 1365 reach 0.00
upd   98/5859 step   200,704 ret 278.07 len 300.0 kl 0.0354* sps 1365 reach 0.00
upd   99/5859 step   202,752 ret 272.17 len 300.0 kl 0.0304* sps 1364 reach 0.00
upd  100/5859 step   204,800 ret 272.29 len 300.0 kl 0.0335* sps 1362 reach 0.00
upd  101/5859 step   206,848 ret 272.86 len 300.0 kl 0.0330* sps 1361 reach 0.00
upd  102/5859 step   208,896 ret 279.03 len 300.0 kl 0.0318* sps 1357 reach 0.00
upd  103/5859 step   210,944 ret 279.03 len 300.0 kl 0.0348* sps 1360 reach 0.00
upd  104/5859 step   212,992 ret 304.61 len 300.0 kl 0.0318* sps 1363 reach 0.00
upd  105/5859 step   215,040 ret 317.8 len 300.0 kl 0.0308* sps 1367 reach 0.00
upd  106/5859 step   217,088 ret 306.12 len 300.0 kl 0.0310* sps 1367 reach 0.00
upd  107/5859 step   219,136 ret 305.22 len 300.0 kl 0.0379* sps 1369 reach 0.00
upd  108/5859 step   221,184 ret 299.0 len 300.0 kl 0.0409* sps 1373 reach 0.00
upd  109/5859 step   223,232 ret 298.5 len 300.0 kl 0.0342* sps 1376 reach 0.00
upd  110/5859 step   225,280 ret 298.5 len 300.0 kl 0.0326* sps 1380 reach 0.00
upd  111/5859 step   227,328 ret 287.66 len 300.0 kl 0.0369* sps 1382 reach 0.00
upd  112/5859 step   229,376 ret 294.32 len 300.0 kl 0.0323* sps 1382 reach 0.00
upd  113/5859 step   231,424 ret 301.89 len 300.0 kl 0.0388* sps 1381 reach 0.00
upd  114/5859 step   233,472 ret 308.9 len 300.0 kl 0.0399* sps 1382 reach 0.00
upd  115/5859 step   235,520 ret 303.65 len 300.0 kl 0.0349* sps 1385 reach 0.00
upd  116/5859 step   237,568 ret 303.65 len 300.0 kl 0.0351* sps 1385 reach 0.00
upd  117/5859 step   239,616 ret 315.91 len 300.0 kl 0.0375* sps 1388 reach 0.00
upd  118/5859 step   241,664 ret 322.19 len 300.0 kl 0.0377* sps 1391 reach 0.00
upd  119/5859 step   243,712 ret 322.75 len 300.0 kl 0.0357* sps 1392 reach 0.00
upd  120/5859 step   245,760 ret 297.05 len 300.0 kl 0.0356* sps 1393 reach 0.00
upd  121/5859 step   247,808 ret 303.4 len 300.0 kl 0.0370* sps 1393 reach 0.00
upd  122/5859 step   249,856 ret 303.09 len 300.0 kl 0.0301* sps 1394 reach 0.00
upd  123/5859 step   251,904 ret 303.09 len 300.0 kl 0.0310* sps 1396 reach 0.00
upd  124/5859 step   253,952 ret 302.81 len 300.0 kl 0.0356* sps 1399 reach 0.00
upd  125/5859 step   256,000 ret 310.01 len 300.0 kl 0.0338* sps 1401 reach 0.00
upd  126/5859 step   258,048 ret 330.06 len 300.0 kl 0.0405* sps 1402 reach 0.00
upd  127/5859 step   260,096 ret 318.23 len 300.0 kl 0.0341* sps 1403 reach 0.00
upd  128/5859 step   262,144 ret 318.89 len 300.0 kl 0.0375* sps 1405 reach 0.00
upd  129/5859 step   264,192 ret 319.51 len 300.0 kl 0.0327* sps 1407 reach 0.00
upd  130/5859 step   266,240 ret 319.51 len 300.0 kl 0.0367* sps 1411 reach 0.00
upd  131/5859 step   268,288 ret 312.16 len 300.0 kl 0.0404* sps 1414 reach 0.00
upd  132/5859 step   270,336 ret 305.6 len 300.0 kl 0.0340* sps 1418 reach 0.00
upd  133/5859 step   272,384 ret 311.04 len 300.0 kl 0.0321* sps 1422 reach 0.00
upd  134/5859 step   274,432 ret 316.94 len 300.0 kl 0.0306* sps 1427 reach 0.00
upd  135/5859 step   276,480 ret 303.89 len 300.0 kl 0.0303* sps 1432 reach 0.00
upd  136/5859 step   278,528 ret 303.46 len 300.0 kl 0.0301* sps 1437 reach 0.00
upd  137/5859 step   280,576 ret 303.46 len 300.0 kl 0.0330* sps 1441 reach 0.00
upd  138/5859 step   282,624 ret 316.24 len 300.0 kl 0.0314* sps 1446 reach 0.00
upd  139/5859 step   284,672 ret 316.1 len 300.0 kl 0.0294  sps 1450 reach 0.00
upd  140/5859 step   286,720 ret 308.21 len 300.0 kl 0.0336* sps 1453 reach 0.00
upd  141/5859 step   288,768 ret 327.43 len 300.0 kl 0.0335* sps 1457 reach 0.00
upd  142/5859 step   290,816 ret 327.26 len 300.0 kl 0.0315* sps 1461 reach 0.00
upd  143/5859 step   292,864 ret 320.34 len 300.0 kl 0.0305* sps 1466 reach 0.00
upd  144/5859 step   294,912 ret 320.34 len 300.0 kl 0.0335* sps 1470 reach 0.00
upd  145/5859 step   296,960 ret 313.21 len 300.0 kl 0.0340* sps 1473 reach 0.00
upd  146/5859 step   299,008 ret 320.09 len 300.0 kl 0.0320* sps 1475 reach 0.00
upd  147/5859 step   301,056 ret 319.12 len 300.0 kl 0.0370* sps 1479 reach 0.00
upd  148/5859 step   303,104 ret 319.76 len 300.0 kl 0.0325* sps 1483 reach 0.00
upd  149/5859 step   305,152 ret 319.82 len 300.0 kl 0.0302* sps 1487 reach 0.00
upd  150/5859 step   307,200 ret 335.43 len 300.0 kl 0.0363* sps 1490 reach 0.00
upd  151/5859 step   309,248 ret 335.43 len 300.0 kl 0.0369* sps 1494 reach 0.00
upd  152/5859 step   311,296 ret 343.2 len 300.0 kl 0.0334* sps 1497 reach 0.00
upd  153/5859 step   313,344 ret 324.82 len 300.0 kl 0.0322* sps 1499 reach 0.00
upd  154/5859 step   315,392 ret 309.11 len 300.0 kl 0.0369* sps 1499 reach 0.00
upd  155/5859 step   317,440 ret 310.1 len 300.0 kl 0.0374* sps 1498 reach 0.00
upd  156/5859 step   319,488 ret 303.39 len 300.0 kl 0.0302* sps 1499 reach 0.00
upd  157/5859 step   321,536 ret 303.39 len 300.0 kl 0.0317* sps 1502 reach 0.00
upd  158/5859 step   323,584 ret 298.0 len 300.0 kl 0.0339* sps 1504 reach 0.00
upd  159/5859 step   325,632 ret 304.93 len 300.0 kl 0.0304* sps 1507 reach 0.00
upd  160/5859 step   327,680 ret 315.62 len 300.0 kl 0.0449* sps 1508 reach 0.00
upd  161/5859 step   329,728 ret 315.47 len 300.0 kl 0.0341* sps 1511 reach 0.00
upd  162/5859 step   331,776 ret 322.87 len 300.0 kl 0.0356* sps 1515 reach 0.00
upd  163/5859 step   333,824 ret 323.97 len 300.0 kl 0.0312* sps 1519 reach 0.00
upd  164/5859 step   335,872 ret 323.97 len 300.0 kl 0.0307* sps 1523 reach 0.00
upd  165/5859 step   337,920 ret 325.4 len 300.0 kl 0.0327* sps 1526 reach 0.00
upd  166/5859 step   339,968 ret 325.54 len 300.0 kl 0.0348* sps 1530 reach 0.00
upd  167/5859 step   342,016 ret 326.22 len 300.0 kl 0.0307* sps 1534 reach 0.00
upd  168/5859 step   344,064 ret 318.95 len 300.0 kl 0.0429* sps 1537 reach 0.00
upd  169/5859 step   346,112 ret 311.05 len 300.0 kl 0.0376* sps 1538 reach 0.00
upd  170/5859 step   348,160 ret 316.68 len 300.0 kl 0.0316* sps 1541 reach 0.00
upd  171/5859 step   350,208 ret 316.68 len 300.0 kl 0.0307* sps 1544 reach 0.00
upd  172/5859 step   352,256 ret 326.95 len 300.0 kl 0.0372* sps 1547 reach 0.00
upd  173/5859 step   354,304 ret 334.27 len 300.0 kl 0.0401* sps 1550 reach 0.00
upd  174/5859 step   356,352 ret 326.43 len 300.0 kl 0.0410* sps 1553 reach 0.00
upd  175/5859 step   358,400 ret 339.19 len 300.0 kl 0.0302* sps 1555 reach 0.00
upd  176/5859 step   360,448 ret 346.86 len 300.0 kl 0.0300  sps 1557 reach 0.00
upd  177/5859 step   362,496 ret 337.93 len 300.0 kl 0.0356* sps 1559 reach 0.00
upd  178/5859 step   364,544 ret 337.93 len 300.0 kl 0.0355* sps 1563 reach 0.00
upd  179/5859 step   366,592 ret 331.78 len 300.0 kl 0.0365* sps 1566 reach 0.00
upd  180/5859 step   368,640 ret 341.28 len 300.0 kl 0.0461* sps 1570 reach 0.00
upd  181/5859 step   370,688 ret 328.99 len 300.0 kl 0.0362* sps 1573 reach 0.00
upd  182/5859 step   372,736 ret 321.74 len 300.0 kl 0.0311* sps 1576 reach 0.00
upd  183/5859 step   374,784 ret 331.49 len 300.0 kl 0.0377* sps 1580 reach 0.00
upd  184/5859 step   376,832 ret 319.09 len 300.0 kl 0.0340* sps 1583 reach 0.00
upd  185/5859 step   378,880 ret 319.09 len 300.0 kl 0.0345* sps 1587 reach 0.00
upd  186/5859 step   380,928 ret 331.57 len 300.0 kl 0.0367* sps 1590 reach 0.00
upd  187/5859 step   382,976 ret 345.87 len 300.0 kl 0.0351* sps 1593 reach 0.00
upd  188/5859 step   385,024 ret 353.21 len 300.0 kl 0.0388* sps 1594 reach 0.00
upd  189/5859 step   387,072 ret 353.12 len 300.0 kl 0.0331* sps 1595 reach 0.00
upd  190/5859 step   389,120 ret 360.83 len 300.0 kl 0.0334* sps 1596 reach 0.00
upd  191/5859 step   391,168 ret 360.83 len 300.0 kl 0.0320* sps 1597 reach 0.00
upd  192/5859 step   393,216 ret 351.7 len 300.0 kl 0.0308* sps 1598 reach 0.00
upd  193/5859 step   395,264 ret 348.68 len 300.0 kl 0.0328* sps 1598 reach 0.00
upd  194/5859 step   397,312 ret 344.79 len 300.0 kl 0.0310* sps 1597 reach 0.00
upd  195/5859 step   399,360 ret 356.67 len 300.0 kl 0.0349* sps 1595 reach 0.00
upd  196/5859 step   401,408 ret 383.68 len 300.0 kl 0.0358* sps 1596 reach 0.00
upd  197/5859 step   403,456 ret 391.42 len 300.0 kl 0.0355* sps 1596 reach 0.00
upd  198/5859 step   405,504 ret 391.42 len 300.0 kl 0.0348* sps 1599 reach 0.00
upd  199/5859 step   407,552 ret 415.18 len 300.0 kl 0.0354* sps 1599 reach 0.00
upd  200/5859 step   409,600 ret 429.81 len 300.0 kl 0.0307* sps 1600 reach 0.00
upd  201/5859 step   411,648 ret 428.78 len 300.0 kl 0.0343* sps 1602 reach 0.00
upd  202/5859 step   413,696 ret 425.22 len 300.0 kl 0.0344* sps 1603 reach 0.00
upd  203/5859 step   415,744 ret 441.01 len 300.0 kl 0.0326* sps 1604 reach 0.00
upd  204/5859 step   417,792 ret 416.65 len 300.0 kl 0.0339* sps 1604 reach 0.00
upd  205/5859 step   419,840 ret 416.65 len 300.0 kl 0.0348* sps 1606 reach 0.00
upd  206/5859 step   421,888 ret 398.74 len 300.0 kl 0.0305* sps 1607 reach 0.00
upd  207/5859 step   423,936 ret 412.75 len 300.0 kl 0.0329* sps 1607 reach 0.00
upd  208/5859 step   425,984 ret 429.72 len 300.0 kl 0.0348* sps 1609 reach 0.00
upd  209/5859 step   428,032 ret 448.82 len 300.0 kl 0.0375* sps 1611 reach 0.00
upd  210/5859 step   430,080 ret 478.45 len 296.6 kl 0.0348* sps 1614 reach 0.00
upd  211/5859 step   432,128 ret 521.3 len 296.6 kl 0.0313* sps 1616 reach 0.00
upd  212/5859 step   434,176 ret 534.27 len 296.6 kl 0.0313* sps 1618 reach 0.00
upd  213/5859 step   436,224 ret 535.76 len 296.6 kl 0.0293  sps 1620 reach 0.00
upd  214/5859 step   438,272 ret 549.83 len 290.8 kl 0.0304* sps 1623 reach 0.00
upd  215/5859 step   440,320 ret 533.57 len 294.2 kl 0.0333* sps 1625 reach 0.00
upd  216/5859 step   442,368 ret 510.16 len 294.2 kl 0.0336* sps 1626 reach 0.00
upd  217/5859 step   444,416 ret 522.96 len 293.6 kl 0.0413* sps 1624 reach 0.00
upd  218/5859 step   446,464 ret 526.76 len 293.6 kl 0.0316* sps 1625 reach 0.00
upd  219/5859 step   448,512 ret 526.82 len 293.6 kl 0.0333* sps 1624 reach 0.00
upd  220/5859 step   450,560 ret 552.14 len 299.4 kl 0.0381* sps 1624 reach 0.00
upd  221/5859 step   452,608 ret 557.9 len 298.8 kl 0.0333* sps 1624 reach 0.00
upd  222/5859 step   454,656 ret 591.52 len 298.8 kl 0.0373* sps 1625 reach 0.00
upd  223/5859 step   456,704 ret 572.69 len 299.4 kl 0.0381* sps 1626 reach 0.00
upd  224/5859 step   458,752 ret 542.92 len 299.4 kl 0.0341* sps 1626 reach 0.00
upd  225/5859 step   460,800 ret 505.1 len 299.4 kl 0.0363* sps 1627 reach 0.00
upd  226/5859 step   462,848 ret 510.59 len 294.8 kl 0.0363* sps 1628 reach 0.00
upd  227/5859 step   464,896 ret 512.37 len 293.2 kl 0.0361* sps 1629 reach 0.00
upd  228/5859 step   466,944 ret 486.78 len 293.3 kl 0.0328* sps 1630 reach 0.00
upd  229/5859 step   468,992 ret 506.08 len 293.3 kl 0.0359* sps 1631 reach 0.00
upd  230/5859 step   471,040 ret 507.42 len 293.3 kl 0.0357* sps 1631 reach 0.00
upd  231/5859 step   473,088 ret 495.71 len 285.8 kl 0.0401* sps 1631 reach 0.00
upd  232/5859 step   475,136 ret 481.58 len 290.4 kl 0.0339* sps 1631 reach 0.00
upd  233/5859 step   477,184 ret 461.99 len 292.5 kl 0.0353* sps 1630 reach 0.00
upd  234/5859 step   479,232 ret 473.46 len 292.5 kl 0.0308* sps 1630 reach 0.00
upd  235/5859 step   481,280 ret 479.1 len 292.5 kl 0.0344* sps 1627 reach 0.00
upd  236/5859 step   483,328 ret 517.66 len 297.6 kl 0.0309* sps 1627 reach 0.00
upd  237/5859 step   485,376 ret 531.67 len 295.7 kl 0.0332* sps 1628 reach 0.00
upd  238/5859 step   487,424 ret 543.24 len 295.7 kl 0.0337* sps 1627 reach 0.00
upd  239/5859 step   489,472 ret 534.47 len 295.7 kl 0.0354* sps 1626 reach 0.00
upd  240/5859 step   491,520 ret 537.4 len 294.8 kl 0.0348* sps 1624 reach 0.00
upd  241/5859 step   493,568 ret 526.86 len 293.2 kl 0.0343* sps 1623 reach 0.00
upd  242/5859 step   495,616 ret 518.14 len 297.6 kl 0.0426* sps 1624 reach 0.00
upd  243/5859 step   497,664 ret 510.08 len 297.6 kl 0.0364* sps 1624 reach 0.00
upd  244/5859 step   499,712 ret 531.35 len 297.6 kl 0.0336* sps 1624 reach 0.00
upd  245/5859 step   501,760 ret 529.39 len 297.6 kl 0.0342* sps 1622 reach 0.00
upd  246/5859 step   503,808 ret 479.98 len 298.4 kl 0.0307* sps 1622 reach 0.00
upd  247/5859 step   505,856 ret 492.51 len 300.0 kl 0.0420* sps 1623 reach 0.00
upd  248/5859 step   507,904 ret 475.11 len 300.0 kl 0.0326* sps 1624 reach 0.00
upd  249/5859 step   509,952 ret 484.85 len 299.0 kl 0.0328* sps 1625 reach 0.00
upd  250/5859 step   512,000 ret 469.13 len 293.2 kl 0.0328* sps 1626 reach 0.00
upd  251/5859 step   514,048 ret 464.75 len 293.2 kl 0.0471* sps 1627 reach 0.00
upd  252/5859 step   516,096 ret 481.58 len 293.2 kl 0.0400* sps 1628 reach 0.00
upd  253/5859 step   518,144 ret 486.71 len 293.2 kl 0.0329* sps 1629 reach 0.00
upd  254/5859 step   520,192 ret 509.41 len 293.2 kl 0.0380* sps 1630 reach 0.00
upd  255/5859 step   522,240 ret 488.48 len 294.2 kl 0.0404* sps 1630 reach 0.00
upd  256/5859 step   524,288 ret 519.22 len 298.1 kl 0.0300  sps 1630 reach 0.00
upd  257/5859 step   526,336 ret 498.04 len 297.6 kl 0.0319* sps 1631 reach 0.00
upd  258/5859 step   528,384 ret 492.28 len 297.6 kl 0.0302* sps 1632 reach 0.00
upd  259/5859 step   530,432 ret 480.08 len 294.9 kl 0.0355* sps 1632 reach 0.00
upd  260/5859 step   532,480 ret 484.83 len 294.9 kl 0.0377* sps 1632 reach 0.00
upd  261/5859 step   534,528 ret 467.7 len 294.9 kl 0.0328* sps 1633 reach 0.00
upd  262/5859 step   536,576 ret 451.31 len 291.4 kl 0.0279  sps 1634 reach 0.00
upd  263/5859 step   538,624 ret 470.81 len 291.9 kl 0.0307* sps 1635 reach 0.00
upd  264/5859 step   540,672 ret 460.01 len 291.9 kl 0.0301* sps 1637 reach 0.00
upd  265/5859 step   542,720 ret 496.56 len 294.6 kl 0.0310* sps 1639 reach 0.00
upd  266/5859 step   544,768 ret 487.62 len 294.6 kl 0.0311* sps 1639 reach 0.00
upd  267/5859 step   546,816 ret 498.96 len 293.8 kl 0.0269  sps 1639 reach 0.00
upd  268/5859 step   548,864 ret 472.16 len 299.2 kl 0.0310* sps 1639 reach 0.00
upd  269/5859 step   550,912 ret 487.13 len 294.7 kl 0.0354* sps 1639 reach 0.00
upd  270/5859 step   552,960 ret 480.95 len 294.7 kl 0.0322* sps 1640 reach 0.00
upd  271/5859 step   555,008 ret 487.68 len 294.7 kl 0.0319* sps 1641 reach 0.00
upd  272/5859 step   557,056 ret 471.58 len 295.5 kl 0.0310* sps 1641 reach 0.00
upd  273/5859 step   559,104 ret 472.68 len 295.5 kl 0.0276  sps 1642 reach 0.00
upd  274/5859 step   561,152 ret 511.17 len 300.0 kl 0.0365* sps 1643 reach 0.00
upd  275/5859 step   563,200 ret 484.33 len 300.0 kl 0.0296  sps 1644 reach 0.00
upd  276/5859 step   565,248 ret 478.02 len 295.1 kl 0.0292  sps 1645 reach 0.00
upd  277/5859 step   567,296 ret 495.82 len 292.9 kl 0.0339* sps 1645 reach 0.00
upd  278/5859 step   569,344 ret 488.09 len 292.9 kl 0.0282  sps 1645 reach 0.00
upd  279/5859 step   571,392 ret 465.5 len 292.9 kl 0.0325* sps 1646 reach 0.00
upd  280/5859 step   573,440 ret 466.18 len 292.9 kl 0.0346* sps 1647 reach 0.00
upd  281/5859 step   575,488 ret 485.68 len 290.9 kl 0.0320* sps 1647 reach 0.00
upd  282/5859 step   577,536 ret 509.34 len 295.8 kl 0.0353* sps 1648 reach 0.00
upd  283/5859 step   579,584 ret 493.29 len 298.0 kl 0.0334* sps 1648 reach 0.00
upd  284/5859 step   581,632 ret 499.17 len 298.0 kl 0.0303* sps 1648 reach 0.00
upd  285/5859 step   583,680 ret 490.52 len 298.0 kl 0.0323* sps 1649 reach 0.00
upd  286/5859 step   585,728 ret 499.78 len 298.0 kl 0.0352* sps 1648 reach 0.00
upd  287/5859 step   587,776 ret 506.12 len 300.0 kl 0.0347* sps 1648 reach 0.00
upd  288/5859 step   589,824 ret 492.3 len 300.0 kl 0.0344* sps 1649 reach 0.00
upd  289/5859 step   591,872 ret 490.7 len 296.0 kl 0.0359* sps 1649 reach 0.00
upd  290/5859 step   593,920 ret 503.35 len 296.0 kl 0.0335* sps 1650 reach 0.00
upd  291/5859 step   595,968 ret 509.99 len 296.0 kl 0.0349* sps 1651 reach 0.00
upd  292/5859 step   598,016 ret 504.03 len 296.0 kl 0.0367* sps 1651 reach 0.00
upd  293/5859 step   600,064 ret 480.22 len 296.0 kl 0.0320* sps 1652 reach 0.00
upd  294/5859 step   602,112 ret 492.15 len 296.0 kl 0.0294  sps 1652 reach 0.00
upd  295/5859 step   604,160 ret 521.38 len 300.0 kl 0.0379* sps 1653 reach 0.00
upd  296/5859 step   606,208 ret 541.38 len 300.0 kl 0.0332* sps 1653 reach 0.00
upd  297/5859 step   608,256 ret 546.48 len 300.0 kl 0.0334* sps 1653 reach 0.00
upd  298/5859 step   610,304 ret 532.03 len 300.0 kl 0.0341* sps 1654 reach 0.00
upd  299/5859 step   612,352 ret 526.84 len 300.0 kl 0.0358* sps 1655 reach 0.00
upd  300/5859 step   614,400 ret 515.91 len 300.0 kl 0.0315* sps 1657 reach 0.00
upd  301/5859 step   616,448 ret 506.55 len 300.0 kl 0.0323* sps 1658 reach 0.00
upd  302/5859 step   618,496 ret 502.59 len 300.0 kl 0.0322* sps 1659 reach 0.00
upd  303/5859 step   620,544 ret 519.92 len 298.9 kl 0.0311* sps 1661 reach 0.00
upd  304/5859 step   622,592 ret 526.95 len 293.9 kl 0.0329* sps 1662 reach 0.00
upd  305/5859 step   624,640 ret 541.47 len 293.9 kl 0.0371* sps 1664 reach 0.00
upd  306/5859 step   626,688 ret 555.67 len 293.9 kl 0.0358* sps 1665 reach 0.00
upd  307/5859 step   628,736 ret 556.84 len 293.9 kl 0.0399* sps 1667 reach 0.00
upd  308/5859 step   630,784 ret 536.96 len 293.9 kl 0.0345* sps 1667 reach 0.00
upd  309/5859 step   632,832 ret 518.97 len 295.0 kl 0.0381* sps 1665 reach 0.00
upd  310/5859 step   634,880 ret 523.07 len 300.0 kl 0.0346* sps 1666 reach 0.00
upd  311/5859 step   636,928 ret 511.7 len 300.0 kl 0.0386* sps 1666 reach 0.00
upd  312/5859 step   638,976 ret 518.14 len 300.0 kl 0.0302* sps 1667 reach 0.00
upd  313/5859 step   641,024 ret 503.9 len 300.0 kl 0.0331* sps 1666 reach 0.00
upd  314/5859 step   643,072 ret 487.56 len 296.9 kl 0.0311* sps 1667 reach 0.00
upd  315/5859 step   645,120 ret 487.98 len 290.6 kl 0.0368* sps 1668 reach 0.00
upd  316/5859 step   647,168 ret 457.28 len 290.6 kl 0.0414* sps 1667 reach 0.00
upd  317/5859 step   649,216 ret 474.16 len 290.6 kl 0.0310* sps 1666 reach 0.00
upd  318/5859 step   651,264 ret 469.26 len 290.6 kl 0.0300* sps 1666 reach 0.00
upd  319/5859 step   653,312 ret 494.69 len 290.6 kl 0.0361* sps 1665 reach 0.00
upd  320/5859 step   655,360 ret 501.99 len 291.8 kl 0.0332* sps 1665 reach 0.00
upd  321/5859 step   657,408 ret 525.88 len 293.8 kl 0.0326* sps 1665 reach 0.00
upd  322/5859 step   659,456 ret 523.22 len 293.8 kl 0.0353* sps 1665 reach 0.00
upd  323/5859 step   661,504 ret 521.61 len 293.8 kl 0.0314* sps 1665 reach 0.00
upd  324/5859 step   663,552 ret 530.65 len 293.8 kl 0.0361* sps 1664 reach 0.00
upd  325/5859 step   665,600 ret 551.69 len 293.4 kl 0.0318* sps 1663 reach 0.00
upd  326/5859 step   667,648 ret 538.95 len 295.3 kl 0.0331* sps 1664 reach 0.00
upd  327/5859 step   669,696 ret 577.48 len 299.6 kl 0.0309* sps 1664 reach 0.00
upd  328/5859 step   671,744 ret 584.91 len 299.6 kl 0.0305* sps 1665 reach 0.00
upd  329/5859 step   673,792 ret 553.6 len 299.6 kl 0.0382* sps 1664 reach 0.00
upd  330/5859 step   675,840 ret 511.32 len 299.6 kl 0.0355* sps 1663 reach 0.00
upd  331/5859 step   677,888 ret 504.91 len 294.6 kl 0.0321* sps 1663 reach 0.00
upd  332/5859 step   679,936 ret 514.8 len 294.6 kl 0.0356* sps 1662 reach 0.00
upd  333/5859 step   681,984 ret 504.43 len 294.6 kl 0.0395* sps 1661 reach 0.00
upd  334/5859 step   684,032 ret 513.79 len 292.6 kl 0.0331* sps 1660 reach 0.00
upd  335/5859 step   686,080 ret 521.73 len 290.7 kl 0.0337* sps 1661 reach 0.00
upd  336/5859 step   688,128 ret 557.21 len 296.1 kl 0.0362* sps 1660 reach 0.00
upd  337/5859 step   690,176 ret 559.2 len 296.1 kl 0.0435* sps 1660 reach 0.00
upd  338/5859 step   692,224 ret 540.15 len 291.5 kl 0.0348* sps 1661 reach 0.00
upd  339/5859 step   694,272 ret 531.04 len 291.5 kl 0.0327* sps 1661 reach 0.00
upd  340/5859 step   696,320 ret 536.94 len 295.4 kl 0.0349* sps 1662 reach 0.00
upd  341/5859 step   698,368 ret 548.01 len 292.9 kl 0.0327* sps 1663 reach 0.00
upd  342/5859 step   700,416 ret 538.25 len 287.0 kl 0.0315* sps 1663 reach 0.00
upd  343/5859 step   702,464 ret 545.89 len 291.6 kl 0.0385* sps 1664 reach 0.00
upd  344/5859 step   704,512 ret 573.75 len 290.4 kl 0.0346* sps 1665 reach 0.00
upd  345/5859 step   706,560 ret 575.61 len 290.4 kl 0.0300* sps 1666 reach 0.00
upd  346/5859 step   708,608 ret 575.26 len 282.8 kl 0.0314* sps 1666 reach 0.00
upd  347/5859 step   710,656 ret 591.97 len 291.2 kl 0.0300* sps 1665 reach 0.00
upd  348/5859 step   712,704 ret 582.83 len 291.2 kl 0.0397* sps 1663 reach 0.00
upd  349/5859 step   714,752 ret 586.49 len 292.4 kl 0.0312* sps 1659 reach 0.00
upd  350/5859 step   716,800 ret 589.08 len 288.6 kl 0.0383* sps 1655 reach 0.00
upd  351/5859 step   718,848 ret 563.44 len 286.0 kl 0.0321* sps 1651 reach 0.00
upd  352/5859 step   720,896 ret 571.3 len 290.5 kl 0.0309* sps 1648 reach 0.00
upd  353/5859 step   722,944 ret 563.68 len 290.5 kl 0.0306* sps 1643 reach 0.00
upd  354/5859 step   724,992 ret 558.63 len 281.8 kl 0.0373* sps 1638 reach 0.00
upd  355/5859 step   727,040 ret 553.74 len 285.6 kl 0.0335* sps 1634 reach 0.00
upd  356/5859 step   729,088 ret 516.06 len 286.5 kl 0.0325* sps 1630 reach 0.00
upd  357/5859 step   731,136 ret 525.05 len 286.5 kl 0.0320* sps 1628 reach 0.00
upd  358/5859 step   733,184 ret 521.05 len 282.0 kl 0.0322* sps 1624 reach 0.00
upd  359/5859 step   735,232 ret 505.6 len 290.6 kl 0.0354* sps 1618 reach 0.00
upd  360/5859 step   737,280 ret 506.96 len 290.6 kl 0.0312* sps 1613 reach 0.00
upd  361/5859 step   739,328 ret 509.98 len 290.6 kl 0.0407* sps 1610 reach 0.00
upd  362/5859 step   741,376 ret 549.76 len 289.9 kl 0.0303* sps 1604 reach 0.00
upd  363/5859 step   743,424 ret 529.01 len 285.9 kl 0.0354* sps 1600 reach 0.00
upd  364/5859 step   745,472 ret 551.64 len 290.4 kl 0.0357* sps 1595 reach 0.00
upd  365/5859 step   747,520 ret 571.06 len 290.4 kl 0.0349* sps 1592 reach 0.00
upd  366/5859 step   749,568 ret 582.13 len 290.4 kl 0.0437* sps 1590 reach 0.00
upd  367/5859 step   751,616 ret 590.37 len 295.9 kl 0.0346* sps 1586 reach 0.00
upd  368/5859 step   753,664 ret 575.9 len 295.9 kl 0.0277  sps 1583 reach 0.00
upd  369/5859 step   755,712 ret 598.41 len 300.0 kl 0.0365* sps 1579 reach 0.00
upd  370/5859 step   757,760 ret 574.34 len 300.0 kl 0.0360* sps 1576 reach 0.00
upd  371/5859 step   759,808 ret 552.84 len 300.0 kl 0.0366* sps 1571 reach 0.00
upd  372/5859 step   761,856 ret 552.99 len 299.4 kl 0.0336* sps 1567 reach 0.00
upd  373/5859 step   763,904 ret 543.61 len 299.4 kl 0.0355* sps 1565 reach 0.00
upd  374/5859 step   765,952 ret 510.1 len 294.2 kl 0.0485* sps 1563 reach 0.00
upd  375/5859 step   768,000 ret 513.73 len 294.2 kl 0.0342* sps 1560 reach 0.00
upd  376/5859 step   770,048 ret 509.8 len 289.1 kl 0.0302* sps 1555 reach 0.00
upd  377/5859 step   772,096 ret 502.15 len 289.7 kl 0.0323* sps 1550 reach 0.00
upd  378/5859 step   774,144 ret 487.2 len 281.8 kl 0.0391* sps 1547 reach 0.00
upd  379/5859 step   776,192 ret 480.75 len 281.5 kl 0.0308* sps 1542 reach 0.00
upd  380/5859 step   778,240 ret 488.54 len 281.5 kl 0.0338* sps 1537 reach 0.00
upd  381/5859 step   780,288 ret 511.48 len 281.5 kl 0.0345* sps 1533 reach 0.00
upd  382/5859 step   782,336 ret 533.44 len 286.6 kl 0.0300* sps 1529 reach 0.00
upd  383/5859 step   784,384 ret 548.76 len 288.5 kl 0.0370* sps 1524 reach 0.00
upd  384/5859 step   786,432 ret 579.53 len 290.4 kl 0.0316* sps 1521 reach 0.00
upd  385/5859 step   788,480 ret 582.46 len 293.6 kl 0.0343* sps 1517 reach 0.00
upd  386/5859 step   790,528 ret 573.76 len 293.6 kl 0.0399* sps 1514 reach 0.00
upd  387/5859 step   792,576 ret 566.69 len 293.6 kl 0.0372* sps 1510 reach 0.00
upd  388/5859 step   794,624 ret 571.52 len 293.6 kl 0.0306* sps 1507 reach 0.00
upd  389/5859 step   796,672 ret 580.72 len 295.2 kl 0.0346* sps 1503 reach 0.00
upd  390/5859 step   798,720 ret 547.87 len 297.5 kl 0.0312* sps 1500 reach 0.00
upd  391/5859 step   800,768 ret 566.43 len 297.5 kl 0.0351* sps 1498 reach 0.00
upd  392/5859 step   802,816 ret 557.22 len 292.5 kl 0.0315* sps 1495 reach 0.00
upd  393/5859 step   804,864 ret 541.71 len 286.8 kl 0.0381* sps 1494 reach 0.00
upd  394/5859 step   806,912 ret 511.05 len 289.3 kl 0.0328* sps 1491 reach 0.00
upd  395/5859 step   808,960 ret 519.62 len 289.3 kl 0.0339* sps 1490 reach 0.00
upd  396/5859 step   811,008 ret 509.9 len 284.2 kl 0.0361* sps 1489 reach 0.00
upd  397/5859 step   813,056 ret 505.9 len 289.2 kl 0.0330* sps 1488 reach 0.00
upd  398/5859 step   815,104 ret 544.41 len 289.2 kl 0.0324* sps 1489 reach 0.00
upd  399/5859 step   817,152 ret 534.43 len 294.9 kl 0.0370* sps 1489 reach 0.00
upd  400/5859 step   819,200 ret 578.5 len 294.9 kl 0.0307* sps 1489 reach 0.00
upd  401/5859 step   821,248 ret 571.4 len 294.9 kl 0.0301* sps 1487 reach 0.00
upd  402/5859 step   823,296 ret 590.31 len 297.6 kl 0.0312* sps 1487 reach 0.00
upd  403/5859 step   825,344 ret 602.41 len 297.6 kl 0.0317* sps 1487 reach 0.00
upd  404/5859 step   827,392 ret 600.12 len 297.6 kl 0.0307* sps 1487 reach 0.00
upd  405/5859 step   829,440 ret 589.59 len 297.6 kl 0.0315* sps 1487 reach 0.00
upd  406/5859 step   831,488 ret 570.68 len 297.6 kl 0.0365* sps 1487 reach 0.00
upd  407/5859 step   833,536 ret 563.04 len 297.6 kl 0.0308* sps 1487 reach 0.00
upd  408/5859 step   835,584 ret 550.43 len 295.9 kl 0.0390* sps 1487 reach 0.00
upd  409/5859 step   837,632 ret 537.25 len 295.9 kl 0.0344* sps 1487 reach 0.00
upd  410/5859 step   839,680 ret 526.3 len 295.9 kl 0.0316* sps 1488 reach 0.00
upd  411/5859 step   841,728 ret 539.5 len 295.9 kl 0.0405* sps 1488 reach 0.00
upd  412/5859 step   843,776 ret 547.56 len 295.9 kl 0.0371* sps 1488 reach 0.00
upd  413/5859 step   845,824 ret 565.52 len 297.1 kl 0.0372* sps 1488 reach 0.00
upd  414/5859 step   847,872 ret 537.46 len 287.2 kl 0.0350* sps 1488 reach 0.00
upd  415/5859 step   849,920 ret 562.5 len 287.2 kl 0.0362* sps 1488 reach 0.00
upd  416/5859 step   851,968 ret 550.75 len 283.2 kl 0.0318* sps 1486 reach 0.00
upd  417/5859 step   854,016 ret 558.1 len 281.4 kl 0.0367* sps 1484 reach 0.00
upd  418/5859 step   856,064 ret 574.6 len 278.2 kl 0.0389* sps 1482 reach 0.00
upd  419/5859 step   858,112 ret 580.05 len 280.4 kl 0.0325* sps 1481 reach 0.00
upd  420/5859 step   860,160 ret 599.81 len 285.7 kl 0.0325* sps 1480 reach 0.00
upd  421/5859 step   862,208 ret 613.07 len 286.5 kl 0.0327* sps 1479 reach 0.00
upd  422/5859 step   864,256 ret 608.99 len 286.5 kl 0.0320* sps 1479 reach 0.00
upd  423/5859 step   866,304 ret 612.84 len 288.3 kl 0.0323* sps 1478 reach 0.00
upd  424/5859 step   868,352 ret 612.46 len 289.0 kl 0.0334* sps 1478 reach 0.00
upd  425/5859 step   870,400 ret 621.13 len 293.8 kl 0.0336* sps 1477 reach 0.00
upd  426/5859 step   872,448 ret 615.41 len 291.6 kl 0.0348* sps 1478 reach 0.00
upd  427/5859 step   874,496 ret 602.79 len 294.9 kl 0.0390* sps 1478 reach 0.00
upd  428/5859 step   876,544 ret 596.83 len 294.9 kl 0.0336* sps 1479 reach 0.00
upd  429/5859 step   878,592 ret 567.21 len 289.9 kl 0.0374* sps 1479 reach 0.00
upd  430/5859 step   880,640 ret 570.63 len 291.6 kl 0.0334* sps 1480 reach 0.00
upd  431/5859 step   882,688 ret 566.8 len 281.4 kl 0.0313* sps 1481 reach 0.00
upd  432/5859 step   884,736 ret 558.8 len 281.4 kl 0.0338* sps 1483 reach 0.00
upd  433/5859 step   886,784 ret 554.8 len 281.4 kl 0.0363* sps 1484 reach 0.00
upd  434/5859 step   888,832 ret 538.61 len 286.5 kl 0.0332* sps 1485 reach 0.00
upd  435/5859 step   890,880 ret 536.2 len 286.5 kl 0.0313* sps 1486 reach 0.00
upd  436/5859 step   892,928 ret 542.96 len 289.6 kl 0.0361* sps 1488 reach 0.00
upd  437/5859 step   894,976 ret 528.54 len 293.8 kl 0.0333* sps 1488 reach 0.00
upd  438/5859 step   897,024 ret 522.81 len 293.8 kl 0.0319* sps 1490 reach 0.00
upd  439/5859 step   899,072 ret 550.5 len 293.8 kl 0.0305* sps 1491 reach 0.00
upd  440/5859 step   901,120 ret 559.81 len 290.5 kl 0.0442* sps 1492 reach 0.00
upd  441/5859 step   903,168 ret 547.47 len 286.9 kl 0.0320* sps 1493 reach 0.00
upd  442/5859 step   905,216 ret 532.09 len 287.5 kl 0.0318* sps 1495 reach 0.00
upd  443/5859 step   907,264 ret 534.08 len 288.8 kl 0.0317* sps 1496 reach 0.00
upd  444/5859 step   909,312 ret 560.79 len 288.8 kl 0.0334* sps 1498 reach 0.00
upd  445/5859 step   911,360 ret 563.09 len 288.8 kl 0.0351* sps 1499 reach 0.00
upd  446/5859 step   913,408 ret 605.19 len 293.4 kl 0.0288  sps 1500 reach 0.00
upd  447/5859 step   915,456 ret 580.04 len 293.4 kl 0.0338* sps 1500 reach 0.00
upd  448/5859 step   917,504 ret 603.36 len 295.8 kl 0.0340* sps 1502 reach 0.00
upd  449/5859 step   919,552 ret 571.78 len 295.8 kl 0.0324* sps 1503 reach 0.00
upd  450/5859 step   921,600 ret 571.41 len 292.8 kl 0.0319* sps 1503 reach 0.00
upd  451/5859 step   923,648 ret 552.76 len 292.8 kl 0.0391* sps 1504 reach 0.00
upd  452/5859 step   925,696 ret 536.45 len 296.2 kl 0.0341* sps 1505 reach 0.00
upd  453/5859 step   927,744 ret 536.13 len 291.5 kl 0.0338* sps 1506 reach 0.00
upd  454/5859 step   929,792 ret 562.82 len 292.2 kl 0.0321* sps 1507 reach 0.00
upd  455/5859 step   931,840 ret 562.02 len 289.0 kl 0.0327* sps 1509 reach 0.00
upd  456/5859 step   933,888 ret 519.43 len 288.3 kl 0.0374* sps 1510 reach 0.00
upd  457/5859 step   935,936 ret 524.38 len 287.7 kl 0.0312* sps 1511 reach 0.00
upd  458/5859 step   937,984 ret 521.22 len 286.3 kl 0.0316* sps 1512 reach 0.00
upd  459/5859 step   940,032 ret 521.62 len 287.2 kl 0.0444* sps 1513 reach 0.00
upd  460/5859 step   942,080 ret 515.41 len 287.2 kl 0.0259  sps 1514 reach 0.00
upd  461/5859 step   944,128 ret 529.73 len 288.4 kl 0.0387* sps 1516 reach 0.00
upd  462/5859 step   946,176 ret 534.86 len 288.4 kl 0.0329* sps 1517 reach 0.00
upd  463/5859 step   948,224 ret 559.78 len 289.6 kl 0.0278  sps 1517 reach 0.00
upd  464/5859 step   950,272 ret 586.79 len 289.6 kl 0.0366* sps 1519 reach 0.00
upd  465/5859 step   952,320 ret 595.76 len 289.6 kl 0.0271  sps 1520 reach 0.00
upd  466/5859 step   954,368 ret 602.61 len 287.0 kl 0.0358* sps 1521 reach 0.00
upd  467/5859 step   956,416 ret 611.85 len 290.5 kl 0.0297  sps 1522 reach 0.00
upd  468/5859 step   958,464 ret 615.86 len 291.4 kl 0.0328* sps 1523 reach 0.00
upd  469/5859 step   960,512 ret 623.16 len 295.2 kl 0.0315* sps 1524 reach 0.00
upd  470/5859 step   962,560 ret 608.68 len 289.1 kl 0.0407* sps 1525 reach 0.00
upd  471/5859 step   964,608 ret 628.99 len 289.1 kl 0.0308* sps 1526 reach 0.00
upd  472/5859 step   966,656 ret 595.15 len 288.2 kl 0.0326* sps 1527 reach 0.00
upd  473/5859 step   968,704 ret 602.91 len 290.5 kl 0.0335* sps 1527 reach 0.00
upd  474/5859 step   970,752 ret 625.83 len 290.5 kl 0.0301* sps 1527 reach 0.00
upd  475/5859 step   972,800 ret 571.81 len 286.3 kl 0.0378* sps 1528 reach 0.00
upd  476/5859 step   974,848 ret 555.5 len 292.4 kl 0.0337* sps 1529 reach 0.00
upd  477/5859 step   976,896 ret 558.64 len 292.4 kl 0.0286  sps 1530 reach 0.00
upd  478/5859 step   978,944 ret 585.0 len 295.8 kl 0.0342* sps 1531 reach 0.00
upd  479/5859 step   980,992 ret 557.98 len 295.8 kl 0.0312* sps 1532 reach 0.00
upd  480/5859 step   983,040 ret 539.47 len 290.6 kl 0.0371* sps 1533 reach 0.00
upd  481/5859 step   985,088 ret 580.22 len 294.8 kl 0.0432* sps 1534 reach 0.00
upd  482/5859 step   987,136 ret 576.5 len 289.4 kl 0.0318* sps 1534 reach 0.00
upd  483/5859 step   989,184 ret 588.7 len 288.3 kl 0.0346* sps 1535 reach 0.00
upd  484/5859 step   991,232 ret 588.35 len 288.3 kl 0.0325* sps 1536 reach 0.00
upd  485/5859 step   993,280 ret 614.42 len 288.3 kl 0.0273  sps 1537 reach 0.00
upd  486/5859 step   995,328 ret 636.05 len 293.6 kl 0.0317* sps 1538 reach 0.00
upd  487/5859 step   997,376 ret 635.59 len 293.6 kl 0.0358* sps 1540 reach 0.00
upd  488/5859 step   999,424 ret 647.57 len 298.9 kl 0.0350* sps 1541 reach 0.00
upd  489/5859 step 1,001,472 ret 610.17 len 295.9 kl 0.0357* sps 1542 reach 0.00
upd  490/5859 step 1,003,520 ret 591.08 len 295.9 kl 0.0274  sps 1543 reach 0.00
upd  491/5859 step 1,005,568 ret 590.61 len 292.2 kl 0.0329* sps 1543 reach 0.00
upd  492/5859 step 1,007,616 ret 567.71 len 292.2 kl 0.0311* sps 1544 reach 0.00
upd  493/5859 step 1,009,664 ret 555.25 len 292.2 kl 0.0370* sps 1545 reach 0.00
upd  494/5859 step 1,011,712 ret 541.73 len 292.2 kl 0.0323* sps 1546 reach 0.00
upd  495/5859 step 1,013,760 ret 577.07 len 296.2 kl 0.0265  sps 1547 reach 0.00
upd  496/5859 step 1,015,808 ret 539.78 len 294.1 kl 0.0360* sps 1548 reach 0.00
upd  497/5859 step 1,017,856 ret 525.96 len 297.9 kl 0.0288  sps 1549 reach 0.00
upd  498/5859 step 1,019,904 ret 547.78 len 293.8 kl 0.0323* sps 1550 reach 0.00
upd  499/5859 step 1,021,952 ret 578.03 len 293.8 kl 0.0315* sps 1551 reach 0.00
upd  500/5859 step 1,024,000 ret 568.59 len 293.8 kl 0.0314* sps 1552 reach 0.00
upd  501/5859 step 1,026,048 ret 544.18 len 293.8 kl 0.0308* sps 1553 reach 0.00
upd  502/5859 step 1,028,096 ret 552.8 len 292.5 kl 0.0312* sps 1554 reach 0.00
upd  503/5859 step 1,030,144 ret 538.13 len 296.6 kl 0.0382* sps 1555 reach 0.00
upd  504/5859 step 1,032,192 ret 533.93 len 296.6 kl 0.0316* sps 1556 reach 0.00
upd  505/5859 step 1,034,240 ret 537.55 len 295.1 kl 0.0323* sps 1557 reach 0.00
upd  506/5859 step 1,036,288 ret 527.51 len 295.1 kl 0.0393* sps 1558 reach 0.00
upd  507/5859 step 1,038,336 ret 527.39 len 295.1 kl 0.0405* sps 1558 reach 0.00
upd  508/5859 step 1,040,384 ret 567.01 len 298.6 kl 0.0356* sps 1559 reach 0.00
upd  509/5859 step 1,042,432 ret 583.69 len 298.6 kl 0.0348* sps 1560 reach 0.00
upd  510/5859 step 1,044,480 ret 596.25 len 298.6 kl 0.0303* sps 1561 reach 0.00
upd  511/5859 step 1,046,528 ret 588.8 len 300.0 kl 0.0337* sps 1562 reach 0.00
upd  512/5859 step 1,048,576 ret 589.63 len 300.0 kl 0.0305* sps 1563 reach 0.00
upd  513/5859 step 1,050,624 ret 591.88 len 300.0 kl 0.0301* sps 1563 reach 0.00
upd  514/5859 step 1,052,672 ret 581.24 len 300.0 kl 0.0312* sps 1565 reach 0.00
upd  515/5859 step 1,054,720 ret 583.89 len 297.4 kl 0.0343* sps 1566 reach 0.00
upd  516/5859 step 1,056,768 ret 570.16 len 297.4 kl 0.0286  sps 1567 reach 0.00
upd  517/5859 step 1,058,816 ret 549.73 len 297.4 kl 0.0322* sps 1568 reach 0.00
upd  518/5859 step 1,060,864 ret 565.57 len 297.4 kl 0.0338* sps 1569 reach 0.00
upd  519/5859 step 1,062,912 ret 578.25 len 297.4 kl 0.0340* sps 1570 reach 0.00
upd  520/5859 step 1,064,960 ret 569.82 len 288.1 kl 0.0303* sps 1571 reach 0.00
upd  521/5859 step 1,067,008 ret 537.45 len 290.1 kl 0.0321* sps 1572 reach 0.00
upd  522/5859 step 1,069,056 ret 566.73 len 290.1 kl 0.0326* sps 1573 reach 0.00
upd  523/5859 step 1,071,104 ret 580.54 len 290.1 kl 0.0352* sps 1574 reach 0.00
upd  524/5859 step 1,073,152 ret 576.76 len 289.7 kl 0.0250  sps 1575 reach 0.00
upd  525/5859 step 1,075,200 ret 573.0 len 293.7 kl 0.0359* sps 1576 reach 0.00
upd  526/5859 step 1,077,248 ret 581.04 len 297.8 kl 0.0308* sps 1577 reach 0.00
upd  527/5859 step 1,079,296 ret 618.76 len 298.4 kl 0.0311* sps 1579 reach 0.00
upd  528/5859 step 1,081,344 ret 586.16 len 295.8 kl 0.0301* sps 1580 reach 0.00
upd  529/5859 step 1,083,392 ret 564.81 len 295.8 kl 0.0310* sps 1580 reach 0.00
upd  530/5859 step 1,085,440 ret 540.88 len 291.6 kl 0.0320* sps 1581 reach 0.00
upd  531/5859 step 1,087,488 ret 531.39 len 288.7 kl 0.0402* sps 1582 reach 0.00
upd  532/5859 step 1,089,536 ret 507.47 len 287.2 kl 0.0343* sps 1583 reach 0.00
upd  533/5859 step 1,091,584 ret 479.14 len 289.9 kl 0.0315* sps 1584 reach 0.00
upd  534/5859 step 1,093,632 ret 502.94 len 289.9 kl 0.0281  sps 1584 reach 0.00
upd  535/5859 step 1,095,680 ret 522.22 len 292.8 kl 0.0336* sps 1585 reach 0.00
upd  536/5859 step 1,097,728 ret 536.23 len 292.8 kl 0.0345* sps 1586 reach 0.00
upd  537/5859 step 1,099,776 ret 545.11 len 292.5 kl 0.0253  sps 1587 reach 0.00
upd  538/5859 step 1,101,824 ret 559.69 len 295.2 kl 0.0311* sps 1588 reach 0.00
upd  539/5859 step 1,103,872 ret 557.95 len 295.2 kl 0.0353* sps 1589 reach 0.00
upd  540/5859 step 1,105,920 ret 555.76 len 296.8 kl 0.0308* sps 1590 reach 0.00
upd  541/5859 step 1,107,968 ret 540.53 len 296.8 kl 0.0308* sps 1591 reach 0.00
upd  542/5859 step 1,110,016 ret 525.26 len 296.8 kl 0.0354* sps 1592 reach 0.00
upd  543/5859 step 1,112,064 ret 525.05 len 300.0 kl 0.0310* sps 1592 reach 0.00
upd  544/5859 step 1,114,112 ret 519.3 len 300.0 kl 0.0284  sps 1593 reach 0.00
upd  545/5859 step 1,116,160 ret 552.98 len 296.1 kl 0.0349* sps 1594 reach 0.00
upd  546/5859 step 1,118,208 ret 520.37 len 296.1 kl 0.0318* sps 1595 reach 0.00
upd  547/5859 step 1,120,256 ret 539.68 len 296.1 kl 0.0338* sps 1596 reach 0.00
upd  548/5859 step 1,122,304 ret 537.06 len 296.1 kl 0.0301* sps 1597 reach 0.00
upd  549/5859 step 1,124,352 ret 537.93 len 296.1 kl 0.0359* sps 1598 reach 0.00
upd  550/5859 step 1,126,400 ret 527.07 len 296.1 kl 0.0370* sps 1599 reach 0.00
upd  551/5859 step 1,128,448 ret 531.38 len 290.8 kl 0.0372* sps 1600 reach 0.00
upd  552/5859 step 1,130,496 ret 543.16 len 285.8 kl 0.0310* sps 1601 reach 0.00
upd  553/5859 step 1,132,544 ret 544.7 len 285.8 kl 0.0249  sps 1600 reach 0.00
upd  554/5859 step 1,134,592 ret 546.65 len 285.8 kl 0.0303* sps 1598 reach 0.00
upd  555/5859 step 1,136,640 ret 563.37 len 285.8 kl 0.0358* sps 1596 reach 0.00
upd  556/5859 step 1,138,688 ret 575.1 len 290.8 kl 0.0317* sps 1594 reach 0.00
upd  557/5859 step 1,140,736 ret 567.47 len 295.0 kl 0.0324* sps 1594 reach 0.00
upd  558/5859 step 1,142,784 ret 589.57 len 300.0 kl 0.0312* sps 1595 reach 0.00
upd  559/5859 step 1,144,832 ret 548.52 len 300.0 kl 0.0338* sps 1595 reach 0.00
upd  560/5859 step 1,146,880 ret 546.66 len 300.0 kl 0.0390* sps 1595 reach 0.00
upd  561/5859 step 1,148,928 ret 547.03 len 300.0 kl 0.0444* sps 1594 reach 0.00
upd  562/5859 step 1,150,976 ret 555.14 len 300.0 kl 0.0362* sps 1594 reach 0.00
upd  563/5859 step 1,153,024 ret 535.04 len 295.3 kl 0.0332* sps 1593 reach 0.00
upd  564/5859 step 1,155,072 ret 547.13 len 290.9 kl 0.0328* sps 1593 reach 0.00
upd  565/5859 step 1,157,120 ret 556.14 len 290.9 kl 0.0302* sps 1593 reach 0.00
upd  566/5859 step 1,159,168 ret 540.55 len 290.9 kl 0.0301* sps 1593 reach 0.00
upd  567/5859 step 1,161,216 ret 518.22 len 290.9 kl 0.0348* sps 1593 reach 0.00
upd  568/5859 step 1,163,264 ret 486.59 len 290.9 kl 0.0340* sps 1592 reach 0.00
upd  569/5859 step 1,165,312 ret 502.13 len 295.6 kl 0.0273  sps 1592 reach 0.00
upd  570/5859 step 1,167,360 ret 514.31 len 300.0 kl 0.0310* sps 1592 reach 0.00
upd  571/5859 step 1,169,408 ret 511.27 len 300.0 kl 0.0316* sps 1591 reach 0.00
upd  572/5859 step 1,171,456 ret 538.08 len 300.0 kl 0.0328* sps 1590 reach 0.00
upd  573/5859 step 1,173,504 ret 511.89 len 300.0 kl 0.0370* sps 1589 reach 0.00
upd  574/5859 step 1,175,552 ret 528.26 len 300.0 kl 0.0314* sps 1588 reach 0.00
upd  575/5859 step 1,177,600 ret 530.77 len 300.0 kl 0.0297  sps 1588 reach 0.00
upd  576/5859 step 1,179,648 ret 522.18 len 295.4 kl 0.0250  sps 1587 reach 0.00
upd  577/5859 step 1,181,696 ret 525.67 len 295.4 kl 0.0322* sps 1586 reach 0.00
upd  578/5859 step 1,183,744 ret 529.9 len 288.6 kl 0.0309* sps 1586 reach 0.00
upd  579/5859 step 1,185,792 ret 533.89 len 277.6 kl 0.0320* sps 1586 reach 0.00
upd  580/5859 step 1,187,840 ret 536.07 len 277.6 kl 0.0291  sps 1586 reach 0.00
upd  581/5859 step 1,189,888 ret 536.45 len 277.6 kl 0.0319* sps 1586 reach 0.00
upd  582/5859 step 1,191,936 ret 546.31 len 278.6 kl 0.0318* sps 1587 reach 0.00
upd  583/5859 step 1,193,984 ret 541.29 len 282.9 kl 0.0318* sps 1586 reach 0.00
upd  584/5859 step 1,196,032 ret 534.8 len 292.1 kl 0.0327* sps 1586 reach 0.00
upd  585/5859 step 1,198,080 ret 555.0 len 294.4 kl 0.0333* sps 1586 reach 0.00
upd  586/5859 step 1,200,128 ret 536.74 len 290.4 kl 0.0325* sps 1586 reach 0.00
upd  587/5859 step 1,202,176 ret 525.21 len 289.2 kl 0.0326* sps 1586 reach 0.00
upd  588/5859 step 1,204,224 ret 538.31 len 289.8 kl 0.0333* sps 1587 reach 0.00
upd  589/5859 step 1,206,272 ret 533.88 len 289.8 kl 0.0335* sps 1587 reach 0.00
upd  590/5859 step 1,208,320 ret 534.06 len 289.8 kl 0.0374* sps 1587 reach 0.00
upd  591/5859 step 1,210,368 ret 513.64 len 291.1 kl 0.0317* sps 1587 reach 0.00
upd  592/5859 step 1,212,416 ret 543.78 len 290.7 kl 0.0327* sps 1587 reach 0.00
upd  593/5859 step 1,214,464 ret 535.76 len 291.9 kl 0.0343* sps 1587 reach 0.00
upd  594/5859 step 1,216,512 ret 544.16 len 294.8 kl 0.0314* sps 1587 reach 0.00
upd  595/5859 step 1,218,560 ret 572.88 len 293.4 kl 0.0333* sps 1586 reach 0.00
upd  596/5859 step 1,220,608 ret 593.7 len 293.4 kl 0.0432* sps 1587 reach 0.00
upd  597/5859 step 1,222,656 ret 608.15 len 294.1 kl 0.0326* sps 1587 reach 0.00
upd  598/5859 step 1,224,704 ret 577.48 len 298.6 kl 0.0265  sps 1586 reach 0.00
upd  599/5859 step 1,226,752 ret 569.65 len 296.2 kl 0.0317* sps 1585 reach 0.00
upd  600/5859 step 1,228,800 ret 565.24 len 296.2 kl 0.0305* sps 1585 reach 0.00
upd  601/5859 step 1,230,848 ret 544.83 len 293.0 kl 0.0314* sps 1586 reach 0.00
upd  602/5859 step 1,232,896 ret 514.83 len 293.0 kl 0.0303* sps 1585 reach 0.00
upd  603/5859 step 1,234,944 ret 520.96 len 283.8 kl 0.0301* sps 1585 reach 0.00
upd  604/5859 step 1,236,992 ret 547.12 len 286.1 kl 0.0352* sps 1585 reach 0.00
upd  605/5859 step 1,239,040 ret 548.71 len 281.6 kl 0.0302* sps 1585 reach 0.00
upd  606/5859 step 1,241,088 ret 555.35 len 282.4 kl 0.0315* sps 1585 reach 0.00
upd  607/5859 step 1,243,136 ret 573.98 len 286.3 kl 0.0364* sps 1585 reach 0.00
upd  608/5859 step 1,245,184 ret 588.45 len 286.3 kl 0.0330* sps 1585 reach 0.00
upd  609/5859 step 1,247,232 ret 586.13 len 291.5 kl 0.0308* sps 1585 reach 0.00
upd  610/5859 step 1,249,280 ret 559.45 len 291.5 kl 0.0286  sps 1585 reach 0.00
upd  611/5859 step 1,251,328 ret 568.66 len 295.9 kl 0.0278  sps 1584 reach 0.00
upd  612/5859 step 1,253,376 ret 591.54 len 295.9 kl 0.0324* sps 1584 reach 0.00
upd  613/5859 step 1,255,424 ret 579.2 len 293.5 kl 0.0291  sps 1584 reach 0.00
upd  614/5859 step 1,257,472 ret 587.79 len 293.5 kl 0.0551* sps 1584 reach 0.00
upd  615/5859 step 1,259,520 ret 583.45 len 289.4 kl 0.0302* sps 1584 reach 0.00
upd  616/5859 step 1,261,568 ret 571.21 len 289.4 kl 0.0264  sps 1585 reach 0.00
upd  617/5859 step 1,263,616 ret 523.66 len 284.4 kl 0.0315* sps 1585 reach 0.00
upd  618/5859 step 1,265,664 ret 506.7 len 284.4 kl 0.0337* sps 1585 reach 0.00
upd  619/5859 step 1,267,712 ret 480.77 len 286.8 kl 0.0403* sps 1585 reach 0.00
upd  620/5859 step 1,269,760 ret 464.78 len 289.4 kl 0.0337* sps 1585 reach 0.00
upd  621/5859 step 1,271,808 ret 454.6 len 295.0 kl 0.0314* sps 1585 reach 0.00
upd  622/5859 step 1,273,856 ret 435.22 len 295.0 kl 0.0321* sps 1584 reach 0.00
upd  623/5859 step 1,275,904 ret 460.22 len 300.0 kl 0.0330* sps 1584 reach 0.00
upd  624/5859 step 1,277,952 ret 482.6 len 299.9 kl 0.0352* sps 1584 reach 0.00
upd  625/5859 step 1,280,000 ret 494.87 len 299.9 kl 0.0322* sps 1584 reach 0.00
upd  626/5859 step 1,282,048 ret 468.73 len 299.9 kl 0.0296  sps 1584 reach 0.00
upd  627/5859 step 1,284,096 ret 485.76 len 299.9 kl 0.0292  sps 1583 reach 0.00
upd  628/5859 step 1,286,144 ret 503.94 len 299.9 kl 0.0327* sps 1583 reach 0.00
upd  629/5859 step 1,288,192 ret 508.27 len 299.9 kl 0.0324* sps 1583 reach 0.00
upd  630/5859 step 1,290,240 ret 497.34 len 300.0 kl 0.0356* sps 1583 reach 0.00
upd  631/5859 step 1,292,288 ret 490.43 len 295.2 kl 0.0322* sps 1583 reach 0.00
upd  632/5859 step 1,294,336 ret 519.67 len 295.2 kl 0.0339* sps 1583 reach 0.00
upd  633/5859 step 1,296,384 ret 527.84 len 295.2 kl 0.0355* sps 1583 reach 0.00
upd  634/5859 step 1,298,432 ret 523.83 len 295.2 kl 0.0344* sps 1583 reach 0.00
upd  635/5859 step 1,300,480 ret 488.46 len 295.2 kl 0.0320* sps 1584 reach 0.00
upd  636/5859 step 1,302,528 ret 538.54 len 295.2 kl 0.0335* sps 1584 reach 0.00
upd  637/5859 step 1,304,576 ret 537.53 len 293.9 kl 0.0322* sps 1584 reach 0.00
upd  638/5859 step 1,306,624 ret 521.54 len 293.9 kl 0.0302* sps 1584 reach 0.00
upd  639/5859 step 1,308,672 ret 519.97 len 291.3 kl 0.0253  sps 1584 reach 0.00
upd  640/5859 step 1,310,720 ret 516.25 len 287.7 kl 0.0286  sps 1583 reach 0.00
upd  641/5859 step 1,312,768 ret 542.91 len 287.7 kl 0.0331* sps 1583 reach 0.00
upd  642/5859 step 1,314,816 ret 567.57 len 293.8 kl 0.0293  sps 1582 reach 0.00
upd  643/5859 step 1,316,864 ret 549.01 len 293.8 kl 0.0287  sps 1581 reach 0.00
upd  644/5859 step 1,318,912 ret 535.93 len 293.8 kl 0.0304* sps 1580 reach 0.00
upd  645/5859 step 1,320,960 ret 505.85 len 288.0 kl 0.0300  sps 1580 reach 0.00
upd  646/5859 step 1,323,008 ret 513.69 len 289.4 kl 0.0317* sps 1580 reach 0.00
upd  647/5859 step 1,325,056 ret 506.13 len 289.4 kl 0.0269  sps 1580 reach 0.00
upd  648/5859 step 1,327,104 ret 515.8 len 285.7 kl 0.0318* sps 1580 reach 0.00
upd  649/5859 step 1,329,152 ret 516.74 len 285.7 kl 0.0306* sps 1579 reach 0.00
upd  650/5859 step 1,331,200 ret 523.35 len 285.7 kl 0.0335* sps 1579 reach 0.00
upd  651/5859 step 1,333,248 ret 520.99 len 288.8 kl 0.0320* sps 1579 reach 0.00
upd  652/5859 step 1,335,296 ret 494.77 len 291.0 kl 0.0283  sps 1579 reach 0.00
upd  653/5859 step 1,337,344 ret 479.01 len 284.6 kl 0.0335* sps 1579 reach 0.00
upd  654/5859 step 1,339,392 ret 486.84 len 288.4 kl 0.0473* sps 1579 reach 0.00
upd  655/5859 step 1,341,440 ret 491.09 len 288.4 kl 0.0298  sps 1580 reach 0.00
upd  656/5859 step 1,343,488 ret 485.79 len 288.4 kl 0.0345* sps 1580 reach 0.00
upd  657/5859 step 1,345,536 ret 521.78 len 291.6 kl 0.0303* sps 1580 reach 0.00
upd  658/5859 step 1,347,584 ret 520.98 len 290.7 kl 0.0301* sps 1579 reach 0.00
upd  659/5859 step 1,349,632 ret 546.33 len 294.2 kl 0.0306* sps 1579 reach 0.00
upd  660/5859 step 1,351,680 ret 547.93 len 288.7 kl 0.0262  sps 1578 reach 0.00
upd  661/5859 step 1,353,728 ret 569.44 len 283.7 kl 0.0305* sps 1578 reach 0.00
upd  662/5859 step 1,355,776 ret 565.43 len 283.1 kl 0.0265  sps 1578 reach 0.00
upd  663/5859 step 1,357,824 ret 568.86 len 285.1 kl 0.0391* sps 1577 reach 0.00
upd  664/5859 step 1,359,872 ret 551.11 len 285.0 kl 0.0295  sps 1577 reach 0.00
upd  665/5859 step 1,361,920 ret 530.86 len 290.5 kl 0.0385* sps 1577 reach 0.00
upd  666/5859 step 1,363,968 ret 516.42 len 290.5 kl 0.0282  sps 1577 reach 0.00
upd  667/5859 step 1,366,016 ret 508.62 len 295.5 kl 0.0386* sps 1577 reach 0.00
upd  668/5859 step 1,368,064 ret 512.42 len 296.1 kl 0.0347* sps 1577 reach 0.00
upd  669/5859 step 1,370,112 ret 495.43 len 296.1 kl 0.0314* sps 1577 reach 0.00
upd  670/5859 step 1,372,160 ret 512.59 len 300.0 kl 0.0363* sps 1577 reach 0.00
upd  671/5859 step 1,374,208 ret 516.06 len 300.0 kl 0.0282  sps 1577 reach 0.00
upd  672/5859 step 1,376,256 ret 499.18 len 289.4 kl 0.0330* sps 1577 reach 0.00
upd  673/5859 step 1,378,304 ret 488.71 len 289.4 kl 0.0322* sps 1577 reach 0.00
upd  674/5859 step 1,380,352 ret 484.58 len 289.4 kl 0.0309* sps 1577 reach 0.00
upd  675/5859 step 1,382,400 ret 498.9 len 289.4 kl 0.0318* sps 1577 reach 0.00
upd  676/5859 step 1,384,448 ret 519.42 len 289.4 kl 0.0311* sps 1577 reach 0.00
upd  677/5859 step 1,386,496 ret 515.53 len 295.6 kl 0.0288  sps 1577 reach 0.00
upd  678/5859 step 1,388,544 ret 543.31 len 300.0 kl 0.0341* sps 1577 reach 0.00
upd  679/5859 step 1,390,592 ret 555.69 len 299.7 kl 0.0302* sps 1576 reach 0.00
upd  680/5859 step 1,392,640 ret 555.3 len 299.7 kl 0.0294  sps 1575 reach 0.00
upd  681/5859 step 1,394,688 ret 575.54 len 299.7 kl 0.0324* sps 1574 reach 0.00
upd  682/5859 step 1,396,736 ret 536.67 len 299.7 kl 0.0319* sps 1572 reach 0.00
upd  683/5859 step 1,398,784 ret 569.26 len 292.9 kl 0.0348* sps 1570 reach 0.00
upd  684/5859 step 1,400,832 ret 543.49 len 288.2 kl 0.0330* sps 1568 reach 0.00
upd  685/5859 step 1,402,880 ret 540.98 len 284.4 kl 0.0312* sps 1567 reach 0.00
upd  686/5859 step 1,404,928 ret 517.72 len 281.9 kl 0.0303* sps 1566 reach 0.00
upd  687/5859 step 1,406,976 ret 514.38 len 281.9 kl 0.0291  sps 1565 reach 0.00
upd  688/5859 step 1,409,024 ret 495.97 len 272.7 kl 0.0337* sps 1565 reach 0.00
upd  689/5859 step 1,411,072 ret 526.72 len 277.1 kl 0.0319* sps 1564 reach 0.00
upd  690/5859 step 1,413,120 ret 520.02 len 277.4 kl 0.0315* sps 1564 reach 0.00
upd  691/5859 step 1,415,168 ret 537.99 len 283.7 kl 0.0301* sps 1564 reach 0.00
upd  692/5859 step 1,417,216 ret 535.38 len 277.6 kl 0.0352* sps 1564 reach 0.00
upd  693/5859 step 1,419,264 ret 550.53 len 273.4 kl 0.0317* sps 1564 reach 0.00
upd  694/5859 step 1,421,312 ret 562.81 len 280.8 kl 0.0352* sps 1563 reach 0.00
upd  695/5859 step 1,423,360 ret 569.37 len 284.1 kl 0.0324* sps 1563 reach 0.00
upd  696/5859 step 1,425,408 ret 561.88 len 281.8 kl 0.0303* sps 1562 reach 0.00
upd  697/5859 step 1,427,456 ret 526.28 len 281.8 kl 0.0310* sps 1561 reach 0.00
upd  698/5859 step 1,429,504 ret 523.37 len 287.8 kl 0.0304* sps 1561 reach 0.00
upd  699/5859 step 1,431,552 ret 513.08 len 289.0 kl 0.0338* sps 1561 reach 0.00
upd  700/5859 step 1,433,600 ret 523.02 len 292.8 kl 0.0296  sps 1561 reach 0.00
upd  701/5859 step 1,435,648 ret 515.25 len 292.8 kl 0.0319* sps 1561 reach 0.00
upd  702/5859 step 1,437,696 ret 544.24 len 296.9 kl 0.0314* sps 1562 reach 0.00
upd  703/5859 step 1,439,744 ret 572.24 len 296.9 kl 0.0278  sps 1562 reach 0.00
upd  704/5859 step 1,441,792 ret 593.54 len 293.4 kl 0.0315* sps 1562 reach 0.00
upd  705/5859 step 1,443,840 ret 570.57 len 284.7 kl 0.0414* sps 1561 reach 0.00
upd  706/5859 step 1,445,888 ret 570.48 len 283.7 kl 0.0386* sps 1561 reach 0.00
upd  707/5859 step 1,447,936 ret 578.46 len 283.7 kl 0.0332* sps 1561 reach 0.00
upd  708/5859 step 1,449,984 ret 570.13 len 283.7 kl 0.0312* sps 1561 reach 0.00
upd  709/5859 step 1,452,032 ret 554.42 len 279.8 kl 0.0421* sps 1561 reach 0.00
upd  710/5859 step 1,454,080 ret 575.65 len 290.4 kl 0.0291  sps 1561 reach 0.00
upd  711/5859 step 1,456,128 ret 592.81 len 295.0 kl 0.0300* sps 1561 reach 0.00
upd  712/5859 step 1,458,176 ret 558.29 len 292.5 kl 0.0323* sps 1561 reach 0.00
upd  713/5859 step 1,460,224 ret 533.06 len 287.4 kl 0.0304* sps 1560 reach 0.00
upd  714/5859 step 1,462,272 ret 508.25 len 276.1 kl 0.0326* sps 1560 reach 0.00
upd  715/5859 step 1,464,320 ret 488.22 len 274.1 kl 0.0282  sps 1559 reach 0.00
upd  716/5859 step 1,466,368 ret 476.09 len 274.1 kl 0.0340* sps 1559 reach 0.00
upd  717/5859 step 1,468,416 ret 479.5 len 275.0 kl 0.0309* sps 1559 reach 0.00
upd  718/5859 step 1,470,464 ret 481.64 len 275.0 kl 0.0308* sps 1558 reach 0.00
upd  719/5859 step 1,472,512 ret 484.75 len 281.5 kl 0.0310* sps 1558 reach 0.00
upd  720/5859 step 1,474,560 ret 487.54 len 291.5 kl 0.0313* sps 1558 reach 0.00
upd  721/5859 step 1,476,608 ret 504.75 len 291.9 kl 0.0304* sps 1559 reach 0.00
upd  722/5859 step 1,478,656 ret 505.52 len 291.9 kl 0.0306* sps 1558 reach 0.00
upd  723/5859 step 1,480,704 ret 499.47 len 294.6 kl 0.0301* sps 1558 reach 0.00
upd  724/5859 step 1,482,752 ret 514.32 len 290.6 kl 0.0303* sps 1559 reach 0.00
upd  725/5859 step 1,484,800 ret 510.25 len 292.9 kl 0.0302* sps 1559 reach 0.00
upd  726/5859 step 1,486,848 ret 516.36 len 292.9 kl 0.0334* sps 1559 reach 0.00
upd  727/5859 step 1,488,896 ret 516.32 len 296.0 kl 0.0322* sps 1559 reach 0.00
upd  728/5859 step 1,490,944 ret 544.18 len 296.0 kl 0.0291  sps 1559 reach 0.00
upd  729/5859 step 1,492,992 ret 542.08 len 296.0 kl 0.0391* sps 1559 reach 0.00
upd  730/5859 step 1,495,040 ret 547.26 len 300.0 kl 0.0333* sps 1559 reach 0.00
upd  731/5859 step 1,497,088 ret 559.73 len 300.0 kl 0.0295  sps 1558 reach 0.00
upd  732/5859 step 1,499,136 ret 581.84 len 300.0 kl 0.0278  sps 1557 reach 0.00
upd  733/5859 step 1,501,184 ret 600.92 len 300.0 kl 0.0316* sps 1557 reach 0.00
upd  734/5859 step 1,503,232 ret 567.99 len 300.0 kl 0.0306* sps 1556 reach 0.00
upd  735/5859 step 1,505,280 ret 553.79 len 292.9 kl 0.0345* sps 1555 reach 0.00
upd  736/5859 step 1,507,328 ret 538.72 len 292.9 kl 0.0375* sps 1555 reach 0.00
upd  737/5859 step 1,509,376 ret 534.83 len 292.9 kl 0.0284  sps 1554 reach 0.00
upd  738/5859 step 1,511,424 ret 530.93 len 292.9 kl 0.0317* sps 1554 reach 0.00
upd  739/5859 step 1,513,472 ret 547.97 len 292.9 kl 0.0354* sps 1554 reach 0.00
upd  740/5859 step 1,515,520 ret 578.5 len 295.9 kl 0.0306* sps 1553 reach 0.00
upd  741/5859 step 1,517,568 ret 596.02 len 290.9 kl 0.0301* sps 1553 reach 0.00
upd  742/5859 step 1,519,616 ret 599.21 len 290.4 kl 0.0392* sps 1553 reach 0.00
upd  743/5859 step 1,521,664 ret 576.82 len 272.6 kl 0.0283  sps 1552 reach 0.00
upd  744/5859 step 1,523,712 ret 559.14 len 272.6 kl 0.0311* sps 1552 reach 0.00
upd  745/5859 step 1,525,760 ret 540.7 len 273.6 kl 0.0263  sps 1551 reach 0.00
upd  746/5859 step 1,527,808 ret 542.98 len 270.3 kl 0.0260  sps 1551 reach 0.00
upd  747/5859 step 1,529,856 ret 538.29 len 270.8 kl 0.0326* sps 1551 reach 0.00
upd  748/5859 step 1,531,904 ret 530.76 len 275.8 kl 0.0310* sps 1551 reach 0.00
upd  749/5859 step 1,533,952 ret 532.76 len 281.0 kl 0.0309* sps 1550 reach 0.00
upd  750/5859 step 1,536,000 ret 558.77 len 279.4 kl 0.0303* sps 1550 reach 0.00
upd  751/5859 step 1,538,048 ret 575.1 len 284.8 kl 0.0342* sps 1551 reach 0.00
upd  752/5859 step 1,540,096 ret 589.38 len 285.6 kl 0.0326* sps 1550 reach 0.00
upd  753/5859 step 1,542,144 ret 615.28 len 285.6 kl 0.0300* sps 1549 reach 0.00
upd  754/5859 step 1,544,192 ret 596.62 len 290.3 kl 0.0313* sps 1548 reach 0.00
upd  755/5859 step 1,546,240 ret 604.11 len 293.2 kl 0.0319* sps 1548 reach 0.00
upd  756/5859 step 1,548,288 ret 584.9 len 290.0 kl 0.0340* sps 1548 reach 0.00
upd  757/5859 step 1,550,336 ret 573.49 len 290.8 kl 0.0268  sps 1548 reach 0.00
upd  758/5859 step 1,552,384 ret 582.92 len 290.0 kl 0.0342* sps 1547 reach 0.00
upd  759/5859 step 1,554,432 ret 587.19 len 290.0 kl 0.0350* sps 1548 reach 0.00
upd  760/5859 step 1,556,480 ret 588.57 len 290.0 kl 0.0344* sps 1547 reach 0.00
upd  761/5859 step 1,558,528 ret 580.33 len 289.6 kl 0.0324* sps 1546 reach 0.00
upd  762/5859 step 1,560,576 ret 566.08 len 294.4 kl 0.0346* sps 1546 reach 0.00
upd  763/5859 step 1,562,624 ret 573.19 len 291.4 kl 0.0300* sps 1546 reach 0.00
upd  764/5859 step 1,564,672 ret 567.7 len 289.4 kl 0.0328* sps 1546 reach 0.00
upd  765/5859 step 1,566,720 ret 566.17 len 289.4 kl 0.0357* sps 1546 reach 0.00
upd  766/5859 step 1,568,768 ret 572.71 len 289.8 kl 0.0404* sps 1546 reach 0.00
upd  767/5859 step 1,570,816 ret 587.08 len 289.8 kl 0.0304* sps 1546 reach 0.00
upd  768/5859 step 1,572,864 ret 601.49 len 281.6 kl 0.0301* sps 1545 reach 0.00
upd  769/5859 step 1,574,912 ret 568.78 len 281.1 kl 0.0313* sps 1545 reach 0.00
upd  770/5859 step 1,576,960 ret 542.13 len 280.9 kl 0.0342* sps 1545 reach 0.00
upd  771/5859 step 1,579,008 ret 533.95 len 273.9 kl 0.0339* sps 1545 reach 0.00
upd  772/5859 step 1,581,056 ret 530.26 len 273.9 kl 0.0344* sps 1545 reach 0.00
upd  773/5859 step 1,583,104 ret 531.25 len 277.1 kl 0.0301* sps 1545 reach 0.00
upd  774/5859 step 1,585,152 ret 551.98 len 284.6 kl 0.0374* sps 1545 reach 0.00
upd  775/5859 step 1,587,200 ret 561.55 len 284.6 kl 0.0339* sps 1546 reach 0.00
upd  776/5859 step 1,589,248 ret 559.05 len 290.3 kl 0.0273  sps 1546 reach 0.00
upd  777/5859 step 1,591,296 ret 569.06 len 293.4 kl 0.0315* sps 1546 reach 0.00
upd  778/5859 step 1,593,344 ret 572.02 len 293.4 kl 0.0331* sps 1546 reach 0.00
upd  779/5859 step 1,595,392 ret 589.3 len 298.6 kl 0.0368* sps 1546 reach 0.00
upd  780/5859 step 1,597,440 ret 568.55 len 294.2 kl 0.0246  sps 1546 reach 0.00
upd  781/5859 step 1,599,488 ret 558.01 len 294.2 kl 0.0317* sps 1546 reach 0.00
upd  782/5859 step 1,601,536 ret 565.99 len 295.6 kl 0.0312* sps 1546 reach 0.00
upd  783/5859 step 1,603,584 ret 550.24 len 289.2 kl 0.0331* sps 1546 reach 0.00
upd  784/5859 step 1,605,632 ret 534.54 len 287.0 kl 0.0230  sps 1546 reach 0.00
upd  785/5859 step 1,607,680 ret 532.92 len 287.0 kl 0.0414* sps 1545 reach 0.00
upd  786/5859 step 1,609,728 ret 566.57 len 291.3 kl 0.0333* sps 1545 reach 0.00
upd  787/5859 step 1,611,776 ret 540.22 len 291.3 kl 0.0311* sps 1545 reach 0.00
upd  788/5859 step 1,613,824 ret 530.95 len 291.3 kl 0.0282  sps 1545 reach 0.00
upd  789/5859 step 1,615,872 ret 525.52 len 297.8 kl 0.0307* sps 1545 reach 0.00
upd  790/5859 step 1,617,920 ret 529.67 len 299.9 kl 0.0290  sps 1545 reach 0.00
upd  791/5859 step 1,619,968 ret 529.54 len 299.9 kl 0.0356* sps 1545 reach 0.00
upd  792/5859 step 1,622,016 ret 545.26 len 292.1 kl 0.0288  sps 1545 reach 0.00
upd  793/5859 step 1,624,064 ret 549.86 len 292.1 kl 0.0366* sps 1546 reach 0.00
upd  794/5859 step 1,626,112 ret 568.32 len 292.1 kl 0.0317* sps 1546 reach 0.00
upd  795/5859 step 1,628,160 ret 565.26 len 277.5 kl 0.0287  sps 1546 reach 0.00
upd  796/5859 step 1,630,208 ret 555.47 len 277.6 kl 0.0343* sps 1546 reach 0.00
upd  797/5859 step 1,632,256 ret 546.86 len 277.5 kl 0.0361* sps 1546 reach 0.00
upd  798/5859 step 1,634,304 ret 524.68 len 277.7 kl 0.0306* sps 1546 reach 0.00
upd  799/5859 step 1,636,352 ret 539.03 len 274.3 kl 0.0265  sps 1546 reach 0.00
upd  800/5859 step 1,638,400 ret 532.35 len 279.0 kl 0.0327* sps 1546 reach 0.00
upd  801/5859 step 1,640,448 ret 537.35 len 278.8 kl 0.0307* sps 1546 reach 0.00
upd  802/5859 step 1,642,496 ret 535.39 len 274.0 kl 0.0310* sps 1547 reach 0.00
upd  803/5859 step 1,644,544 ret 517.96 len 273.4 kl 0.0236  sps 1547 reach 0.00
upd  804/5859 step 1,646,592 ret 515.92 len 268.2 kl 0.0301* sps 1547 reach 0.00
upd  805/5859 step 1,648,640 ret 539.29 len 274.3 kl 0.0273  sps 1547 reach 0.00
upd  806/5859 step 1,650,688 ret 513.9 len 279.0 kl 0.0293  sps 1547 reach 0.00
upd  807/5859 step 1,652,736 ret 532.9 len 281.0 kl 0.0325* sps 1546 reach 0.00
upd  808/5859 step 1,654,784 ret 543.71 len 285.8 kl 0.0343* sps 1546 reach 0.00
upd  809/5859 step 1,656,832 ret 524.9 len 282.9 kl 0.0321* sps 1545 reach 0.00
upd  810/5859 step 1,658,880 ret 546.13 len 287.2 kl 0.0305* sps 1544 reach 0.00
upd  811/5859 step 1,660,928 ret 537.87 len 282.4 kl 0.0238  sps 1544 reach 0.00
upd  812/5859 step 1,662,976 ret 536.11 len 279.3 kl 0.0252  sps 1544 reach 0.00
upd  813/5859 step 1,665,024 ret 560.98 len 279.3 kl 0.0319* sps 1544 reach 0.00
upd  814/5859 step 1,667,072 ret 571.92 len 288.2 kl 0.0308* sps 1544 reach 0.00
upd  815/5859 step 1,669,120 ret 569.36 len 291.3 kl 0.0361* sps 1544 reach 0.00
upd  816/5859 step 1,671,168 ret 548.24 len 293.1 kl 0.0257  sps 1545 reach 0.00
upd  817/5859 step 1,673,216 ret 558.33 len 292.0 kl 0.0289  sps 1545 reach 0.00
upd  818/5859 step 1,675,264 ret 546.52 len 290.5 kl 0.0286  sps 1544 reach 0.00
upd  819/5859 step 1,677,312 ret 539.46 len 290.5 kl 0.0225  sps 1544 reach 0.00
upd  820/5859 step 1,679,360 ret 540.15 len 284.6 kl 0.0276  sps 1544 reach 0.00
upd  821/5859 step 1,681,408 ret 550.67 len 284.6 kl 0.0285  sps 1544 reach 0.00
upd  822/5859 step 1,683,456 ret 569.41 len 287.3 kl 0.0301* sps 1544 reach 0.00
upd  823/5859 step 1,685,504 ret 570.85 len 291.2 kl 0.0247  sps 1544 reach 0.00
upd  824/5859 step 1,687,552 ret 581.26 len 293.0 kl 0.0373* sps 1544 reach 0.00
upd  825/5859 step 1,689,600 ret 564.29 len 293.0 kl 0.0325* sps 1543 reach 0.00
upd  826/5859 step 1,691,648 ret 572.35 len 298.9 kl 0.0275  sps 1543 reach 0.00
upd  827/5859 step 1,693,696 ret 552.53 len 293.8 kl 0.0321* sps 1543 reach 0.00
upd  828/5859 step 1,695,744 ret 561.03 len 289.7 kl 0.0316* sps 1542 reach 0.00
upd  829/5859 step 1,697,792 ret 566.27 len 289.7 kl 0.0274  sps 1543 reach 0.00
upd  830/5859 step 1,699,840 ret 566.41 len 289.7 kl 0.0323* sps 1543 reach 0.00
upd  831/5859 step 1,701,888 ret 534.19 len 273.9 kl 0.0358* sps 1543 reach 0.00
upd  832/5859 step 1,703,936 ret 536.97 len 271.5 kl 0.0239  sps 1543 reach 0.00
upd  833/5859 step 1,705,984 ret 532.63 len 271.1 kl 0.0274  sps 1543 reach 0.00
upd  834/5859 step 1,708,032 ret 507.43 len 271.1 kl 0.0322* sps 1543 reach 0.00
upd  835/5859 step 1,710,080 ret 470.88 len 266.1 kl 0.0275  sps 1543 reach 0.00
upd  836/5859 step 1,712,128 ret 471.87 len 275.7 kl 0.0300* sps 1543 reach 0.00
upd  837/5859 step 1,714,176 ret 480.47 len 282.7 kl 0.0264  sps 1543 reach 0.00
upd  838/5859 step 1,716,224 ret 480.6 len 289.1 kl 0.0330* sps 1543 reach 0.00
upd  839/5859 step 1,718,272 ret 497.89 len 289.4 kl 0.0275  sps 1544 reach 0.00
upd  840/5859 step 1,720,320 ret 521.34 len 289.2 kl 0.0278  sps 1544 reach 0.00
upd  841/5859 step 1,722,368 ret 579.08 len 294.2 kl 0.0318* sps 1544 reach 0.00
upd  842/5859 step 1,724,416 ret 583.23 len 290.6 kl 0.0288  sps 1544 reach 0.00
upd  843/5859 step 1,726,464 ret 574.53 len 296.2 kl 0.0329* sps 1544 reach 0.00
upd  844/5859 step 1,728,512 ret 569.73 len 285.2 kl 0.0418* sps 1544 reach 0.00
upd  845/5859 step 1,730,560 ret 546.57 len 285.2 kl 0.0320* sps 1544 reach 0.00
upd  846/5859 step 1,732,608 ret 547.31 len 285.4 kl 0.0241  sps 1544 reach 0.00
upd  847/5859 step 1,734,656 ret 558.06 len 283.4 kl 0.0344* sps 1544 reach 0.00
upd  848/5859 step 1,736,704 ret 511.91 len 278.9 kl 0.0308* sps 1544 reach 0.00
upd  849/5859 step 1,738,752 ret 545.33 len 280.8 kl 0.0293  sps 1544 reach 0.00
upd  850/5859 step 1,740,800 ret 561.8 len 284.3 kl 0.0357* sps 1545 reach 0.00
upd  851/5859 step 1,742,848 ret 515.28 len 280.6 kl 0.0441* sps 1545 reach 0.00
upd  852/5859 step 1,744,896 ret 522.21 len 280.6 kl 0.0216  sps 1545 reach 0.00
upd  853/5859 step 1,746,944 ret 537.9 len 290.6 kl 0.0303* sps 1546 reach 0.00
upd  854/5859 step 1,748,992 ret 526.63 len 278.9 kl 0.0352* sps 1546 reach 0.00
upd  855/5859 step 1,751,040 ret 491.16 len 280.3 kl 0.0356* sps 1546 reach 0.00
upd  856/5859 step 1,753,088 ret 539.83 len 283.6 kl 0.0303* sps 1546 reach 0.00
upd  857/5859 step 1,755,136 ret 551.87 len 275.9 kl 0.0342* sps 1546 reach 0.00
upd  858/5859 step 1,757,184 ret 525.22 len 269.5 kl 0.0303* sps 1546 reach 0.00
upd  859/5859 step 1,759,232 ret 564.2 len 275.2 kl 0.0305* sps 1546 reach 0.00
upd  860/5859 step 1,761,280 ret 590.05 len 281.8 kl 0.0314* sps 1547 reach 0.00
upd  861/5859 step 1,763,328 ret 589.69 len 276.6 kl 0.0267  sps 1547 reach 0.00
upd  862/5859 step 1,765,376 ret 555.96 len 282.3 kl 0.0318* sps 1548 reach 0.00
upd  863/5859 step 1,767,424 ret 571.33 len 283.9 kl 0.0327* sps 1548 reach 0.00
upd  864/5859 step 1,769,472 ret 566.53 len 290.4 kl 0.0311* sps 1549 reach 0.00
upd  865/5859 step 1,771,520 ret 553.71 len 290.4 kl 0.0360* sps 1549 reach 0.00
upd  866/5859 step 1,773,568 ret 550.79 len 290.4 kl 0.0351* sps 1549 reach 0.00
upd  867/5859 step 1,775,616 ret 535.37 len 290.5 kl 0.0337* sps 1550 reach 0.00
upd  868/5859 step 1,777,664 ret 562.12 len 288.5 kl 0.0317* sps 1550 reach 0.00
upd  869/5859 step 1,779,712 ret 556.95 len 282.8 kl 0.0323* sps 1550 reach 0.00
upd  870/5859 step 1,781,760 ret 516.49 len 272.1 kl 0.0312* sps 1550 reach 0.00
upd  871/5859 step 1,783,808 ret 533.39 len 272.1 kl 0.0254  sps 1551 reach 0.00
upd  872/5859 step 1,785,856 ret 530.69 len 272.1 kl 0.0334* sps 1551 reach 0.00
upd  873/5859 step 1,787,904 ret 509.73 len 277.6 kl 0.0338* sps 1551 reach 0.00
upd  874/5859 step 1,789,952 ret 501.96 len 278.5 kl 0.0326* sps 1552 reach 0.00
upd  875/5859 step 1,792,000 ret 516.27 len 287.9 kl 0.0306* sps 1551 reach 0.00
upd  876/5859 step 1,794,048 ret 528.39 len 292.1 kl 0.0344* sps 1551 reach 0.00
upd  877/5859 step 1,796,096 ret 515.85 len 286.8 kl 0.0347* sps 1551 reach 0.00
upd  878/5859 step 1,798,144 ret 532.04 len 276.9 kl 0.0320* sps 1551 reach 0.00
upd  879/5859 step 1,800,192 ret 549.44 len 268.4 kl 0.0322* sps 1551 reach 0.00
upd  880/5859 step 1,802,240 ret 516.3 len 268.7 kl 0.0350* sps 1551 reach 0.00
upd  881/5859 step 1,804,288 ret 513.53 len 267.1 kl 0.0327* sps 1551 reach 0.00
upd  882/5859 step 1,806,336 ret 520.09 len 272.3 kl 0.0411* sps 1551 reach 0.00
upd  883/5859 step 1,808,384 ret 524.51 len 271.6 kl 0.0281  sps 1551 reach 0.00
upd  884/5859 step 1,810,432 ret 540.97 len 276.9 kl 0.0339* sps 1552 reach 0.00
upd  885/5859 step 1,812,480 ret 596.3 len 284.9 kl 0.0275  sps 1552 reach 0.00
upd  886/5859 step 1,814,528 ret 631.02 len 282.8 kl 0.0358* sps 1553 reach 0.00
upd  887/5859 step 1,816,576 ret 616.45 len 284.4 kl 0.0341* sps 1554 reach 0.00
upd  888/5859 step 1,818,624 ret 650.01 len 284.4 kl 0.0327* sps 1555 reach 0.00
upd  889/5859 step 1,820,672 ret 667.09 len 286.9 kl 0.0322* sps 1555 reach 0.00
upd  890/5859 step 1,822,720 ret 660.75 len 283.3 kl 0.0333* sps 1556 reach 0.00
upd  891/5859 step 1,824,768 ret 660.41 len 286.1 kl 0.0265  sps 1557 reach 0.00
upd  892/5859 step 1,826,816 ret 634.02 len 274.9 kl 0.0323* sps 1557 reach 0.00
upd  893/5859 step 1,828,864 ret 631.58 len 274.6 kl 0.0312* sps 1558 reach 0.00
upd  894/5859 step 1,830,912 ret 635.74 len 277.8 kl 0.0319* sps 1558 reach 0.00
upd  895/5859 step 1,832,960 ret 613.66 len 279.8 kl 0.0237  sps 1559 reach 0.00
upd  896/5859 step 1,835,008 ret 597.24 len 285.6 kl 0.0306* sps 1559 reach 0.00
upd  897/5859 step 1,837,056 ret 568.3 len 279.6 kl 0.0406* sps 1560 reach 0.00
upd  898/5859 step 1,839,104 ret 593.88 len 290.8 kl 0.0337* sps 1560 reach 0.01
upd  899/5859 step 1,841,152 ret 578.88 len 291.0 kl 0.0299  sps 1561 reach 0.01
upd  900/5859 step 1,843,200 ret 542.65 len 294.0 kl 0.0314* sps 1561 reach 0.01
upd  901/5859 step 1,845,248 ret 557.13 len 289.4 kl 0.0339* sps 1562 reach 0.01
upd  902/5859 step 1,847,296 ret 582.19 len 295.4 kl 0.0313* sps 1563 reach 0.01
upd  903/5859 step 1,849,344 ret 536.08 len 284.8 kl 0.0322* sps 1563 reach 0.01
upd  904/5859 step 1,851,392 ret 500.98 len 279.1 kl 0.0267  sps 1562 reach 0.01
upd  905/5859 step 1,853,440 ret 536.8 len 279.1 kl 0.0316* sps 1562 reach 0.01
upd  906/5859 step 1,855,488 ret 517.05 len 280.9 kl 0.0320* sps 1561 reach 0.01
upd  907/5859 step 1,857,536 ret 512.8 len 283.8 kl 0.0280  sps 1559 reach 0.01
upd  908/5859 step 1,859,584 ret 506.98 len 282.3 kl 0.0252  sps 1558 reach 0.01
upd  909/5859 step 1,861,632 ret 553.02 len 282.3 kl 0.0327* sps 1555 reach 0.01
upd  910/5859 step 1,863,680 ret 548.71 len 271.8 kl 0.0304* sps 1553 reach 0.01
upd  911/5859 step 1,865,728 ret 547.05 len 263.6 kl 0.0351* sps 1550 reach 0.01
upd  912/5859 step 1,867,776 ret 547.96 len 261.3 kl 0.0310* sps 1547 reach 0.01
upd  913/5859 step 1,869,824 ret 552.5 len 262.1 kl 0.0249  sps 1544 reach 0.01
upd  914/5859 step 1,871,872 ret 528.28 len 260.8 kl 0.0295  sps 1541 reach 0.01
upd  915/5859 step 1,873,920 ret 573.29 len 266.9 kl 0.0248  sps 1538 reach 0.01
upd  916/5859 step 1,875,968 ret 575.42 len 269.1 kl 0.0331* sps 1535 reach 0.01
upd  917/5859 step 1,878,016 ret 581.41 len 273.4 kl 0.0347* sps 1533 reach 0.01
upd  918/5859 step 1,880,064 ret 558.77 len 277.6 kl 0.0307* sps 1531 reach 0.01
upd  919/5859 step 1,882,112 ret 559.62 len 268.6 kl 0.0318* sps 1530 reach 0.01
upd  920/5859 step 1,884,160 ret 547.76 len 268.6 kl 0.0330* sps 1528 reach 0.01
upd  921/5859 step 1,886,208 ret 550.78 len 275.4 kl 0.0341* sps 1526 reach 0.01
upd  922/5859 step 1,888,256 ret 594.08 len 275.5 kl 0.0358* sps 1526 reach 0.01
upd  923/5859 step 1,890,304 ret 586.0 len 269.6 kl 0.0294  sps 1525 reach 0.01
upd  924/5859 step 1,892,352 ret 590.72 len 277.2 kl 0.0311* sps 1525 reach 0.01
upd  925/5859 step 1,894,400 ret 573.57 len 277.9 kl 0.0336* sps 1524 reach 0.01
upd  926/5859 step 1,896,448 ret 580.42 len 277.9 kl 0.0263  sps 1523 reach 0.01
upd  927/5859 step 1,898,496 ret 574.37 len 272.7 kl 0.0295  sps 1523 reach 0.01
upd  928/5859 step 1,900,544 ret 604.6 len 278.0 kl 0.0291  sps 1523 reach 0.01
upd  929/5859 step 1,902,592 ret 609.3 len 280.1 kl 0.0301* sps 1523 reach 0.01
upd  930/5859 step 1,904,640 ret 614.58 len 280.9 kl 0.0286  sps 1522 reach 0.01
upd  931/5859 step 1,906,688 ret 608.29 len 280.9 kl 0.0332* sps 1523 reach 0.01
upd  932/5859 step 1,908,736 ret 586.39 len 270.2 kl 0.0285  sps 1523 reach 0.01
upd  933/5859 step 1,910,784 ret 555.35 len 275.5 kl 0.0343* sps 1524 reach 0.02
upd  934/5859 step 1,912,832 ret 524.36 len 271.1 kl 0.0355* sps 1524 reach 0.02
upd  935/5859 step 1,914,880 ret 520.88 len 264.1 kl 0.0302* sps 1525 reach 0.02
upd  936/5859 step 1,916,928 ret 501.0 len 274.7 kl 0.0350* sps 1524 reach 0.02
upd  937/5859 step 1,918,976 ret 500.58 len 285.1 kl 0.0324* sps 1524 reach 0.02
upd  938/5859 step 1,921,024 ret 489.15 len 279.8 kl 0.0310* sps 1524 reach 0.02
upd  939/5859 step 1,923,072 ret 490.59 len 275.0 kl 0.0301* sps 1524 reach 0.02
upd  940/5859 step 1,925,120 ret 494.89 len 273.2 kl 0.0301* sps 1524 reach 0.02
upd  941/5859 step 1,927,168 ret 527.51 len 278.9 kl 0.0315* sps 1523 reach 0.02
upd  942/5859 step 1,929,216 ret 517.32 len 279.2 kl 0.0305* sps 1523 reach 0.02
upd  943/5859 step 1,931,264 ret 532.17 len 276.1 kl 0.0302* sps 1523 reach 0.02
upd  944/5859 step 1,933,312 ret 561.38 len 287.5 kl 0.0324* sps 1524 reach 0.02
upd  945/5859 step 1,935,360 ret 589.29 len 290.6 kl 0.0355* sps 1523 reach 0.02
upd  946/5859 step 1,937,408 ret 582.58 len 290.6 kl 0.0307* sps 1523 reach 0.02
upd  947/5859 step 1,939,456 ret 600.2 len 283.3 kl 0.0303* sps 1524 reach 0.02
upd  948/5859 step 1,941,504 ret 611.17 len 279.1 kl 0.0286  sps 1523 reach 0.02
upd  949/5859 step 1,943,552 ret 573.75 len 268.7 kl 0.0347* sps 1524 reach 0.02
upd  950/5859 step 1,945,600 ret 581.61 len 269.6 kl 0.0324* sps 1524 reach 0.02
upd  951/5859 step 1,947,648 ret 551.99 len 257.7 kl 0.0322* sps 1524 reach 0.02
upd  952/5859 step 1,949,696 ret 517.38 len 260.2 kl 0.0358* sps 1524 reach 0.02
upd  953/5859 step 1,951,744 ret 509.28 len 254.9 kl 0.0301* sps 1525 reach 0.02
upd  954/5859 step 1,953,792 ret 517.0 len 263.2 kl 0.0337* sps 1525 reach 0.02
upd  955/5859 step 1,955,840 ret 539.67 len 267.9 kl 0.0301* sps 1526 reach 0.02
upd  956/5859 step 1,957,888 ret 567.87 len 284.2 kl 0.0307* sps 1526 reach 0.02
upd  957/5859 step 1,959,936 ret 570.44 len 284.2 kl 0.0318* sps 1526 reach 0.02
upd  958/5859 step 1,961,984 ret 571.14 len 285.5 kl 0.0329* sps 1527 reach 0.02
upd  959/5859 step 1,964,032 ret 577.87 len 278.6 kl 0.0245  sps 1527 reach 0.02
upd  960/5859 step 1,966,080 ret 569.47 len 264.0 kl 0.0306* sps 1527 reach 0.02
upd  961/5859 step 1,968,128 ret 532.77 len 254.9 kl 0.0290  sps 1527 reach 0.02
upd  962/5859 step 1,970,176 ret 521.12 len 252.4 kl 0.0310* sps 1528 reach 0.02
upd  963/5859 step 1,972,224 ret 531.52 len 261.4 kl 0.0256  sps 1528 reach 0.02
upd  964/5859 step 1,974,272 ret 543.49 len 264.7 kl 0.0295  sps 1528 reach 0.02
upd  965/5859 step 1,976,320 ret 564.43 len 280.3 kl 0.0315* sps 1529 reach 0.02
upd  966/5859 step 1,978,368 ret 558.34 len 280.8 kl 0.0278  sps 1529 reach 0.02
upd  967/5859 step 1,980,416 ret 536.19 len 288.4 kl 0.0314* sps 1529 reach 0.02
upd  968/5859 step 1,982,464 ret 568.87 len 290.2 kl 0.0336* sps 1530 reach 0.03
upd  969/5859 step 1,984,512 ret 577.8 len 290.2 kl 0.0365* sps 1530 reach 0.03
upd  970/5859 step 1,986,560 ret 555.29 len 279.1 kl 0.0254  sps 1530 reach 0.03
upd  971/5859 step 1,988,608 ret 567.78 len 279.2 kl 0.0286  sps 1530 reach 0.03
upd  972/5859 step 1,990,656 ret 599.76 len 282.1 kl 0.0347* sps 1530 reach 0.03
upd  973/5859 step 1,992,704 ret 605.47 len 287.6 kl 0.0305* sps 1531 reach 0.03
upd  974/5859 step 1,994,752 ret 583.13 len 282.1 kl 0.0309* sps 1531 reach 0.03
upd  975/5859 step 1,996,800 ret 591.43 len 287.1 kl 0.0308* sps 1531 reach 0.03
upd  976/5859 step 1,998,848 ret 560.69 len 285.9 kl 0.0344* sps 1532 reach 0.03
upd  977/5859 step 2,000,896 ret 547.81 len 285.9 kl 0.0313* sps 1532 reach 0.03
upd  978/5859 step 2,002,944 ret 543.26 len 279.8 kl 0.0294  sps 1532 reach 0.03
upd  979/5859 step 2,004,992 ret 533.0 len 279.8 kl 0.0292  sps 1533 reach 0.03
upd  980/5859 step 2,007,040 ret 547.13 len 285.2 kl 0.0308* sps 1533 reach 0.03
upd  981/5859 step 2,009,088 ret 523.55 len 285.2 kl 0.0332* sps 1534 reach 0.03
upd  982/5859 step 2,011,136 ret 541.01 len 288.6 kl 0.0312* sps 1534 reach 0.03
upd  983/5859 step 2,013,184 ret 526.18 len 284.4 kl 0.0276  sps 1534 reach 0.03
upd  984/5859 step 2,015,232 ret 549.18 len 290.5 kl 0.0318* sps 1535 reach 0.03
upd  985/5859 step 2,017,280 ret 542.88 len 290.5 kl 0.0335* sps 1535 reach 0.03
upd  986/5859 step 2,019,328 ret 541.15 len 288.0 kl 0.0307* sps 1536 reach 0.03
upd  987/5859 step 2,021,376 ret 531.7 len 287.6 kl 0.0285  sps 1536 reach 0.03
upd  988/5859 step 2,023,424 ret 519.08 len 280.6 kl 0.0293  sps 1536 reach 0.03
upd  989/5859 step 2,025,472 ret 529.4 len 277.6 kl 0.0319* sps 1537 reach 0.03
upd  990/5859 step 2,027,520 ret 475.75 len 273.1 kl 0.0317* sps 1537 reach 0.03
upd  991/5859 step 2,029,568 ret 497.01 len 275.6 kl 0.0321* sps 1538 reach 0.03
upd  992/5859 step 2,031,616 ret 517.13 len 281.3 kl 0.0330* sps 1538 reach 0.03
upd  993/5859 step 2,033,664 ret 506.69 len 276.2 kl 0.0301* sps 1539 reach 0.03
upd  994/5859 step 2,035,712 ret 521.56 len 287.3 kl 0.0312* sps 1539 reach 0.03
upd  995/5859 step 2,037,760 ret 524.33 len 285.4 kl 0.0326* sps 1540 reach 0.03
upd  996/5859 step 2,039,808 ret 508.64 len 288.5 kl 0.0274  sps 1540 reach 0.03
upd  997/5859 step 2,041,856 ret 517.51 len 282.6 kl 0.0254  sps 1540 reach 0.03
upd  998/5859 step 2,043,904 ret 504.39 len 282.2 kl 0.0278  sps 1541 reach 0.03
upd  999/5859 step 2,045,952 ret 527.39 len 273.6 kl 0.0261  sps 1541 reach 0.03
upd 1000/5859 step 2,048,000 ret 531.78 len 278.5 kl 0.0300* sps 1541 reach 0.03
upd 1001/5859 step 2,050,048 ret 547.5 len 280.0 kl 0.0347* sps 1542 reach 0.03
upd 1002/5859 step 2,052,096 ret 576.11 len 280.9 kl 0.0283  sps 1542 reach 0.03
upd 1003/5859 step 2,054,144 ret 592.32 len 276.5 kl 0.0321* sps 1542 reach 0.04
upd 1004/5859 step 2,056,192 ret 606.97 len 285.2 kl 0.0355* sps 1542 reach 0.04
upd 1005/5859 step 2,058,240 ret 588.13 len 285.2 kl 0.0281  sps 1543 reach 0.04
upd 1006/5859 step 2,060,288 ret 584.09 len 282.0 kl 0.0284  sps 1543 reach 0.04
upd 1007/5859 step 2,062,336 ret 587.04 len 282.0 kl 0.0347* sps 1544 reach 0.04
upd 1008/5859 step 2,064,384 ret 614.58 len 292.1 kl 0.0279  sps 1544 reach 0.04
upd 1009/5859 step 2,066,432 ret 611.85 len 289.4 kl 0.0302* sps 1544 reach 0.04
upd 1010/5859 step 2,068,480 ret 597.96 len 289.4 kl 0.0296  sps 1545 reach 0.04
upd 1011/5859 step 2,070,528 ret 608.44 len 283.4 kl 0.0298  sps 1545 reach 0.04
upd 1012/5859 step 2,072,576 ret 588.4 len 281.1 kl 0.0309* sps 1545 reach 0.04
upd 1013/5859 step 2,074,624 ret 581.71 len 285.9 kl 0.0341* sps 1544 reach 0.04
upd 1014/5859 step 2,076,672 ret 547.3 len 274.4 kl 0.0310* sps 1543 reach 0.04
upd 1015/5859 step 2,078,720 ret 535.42 len 274.0 kl 0.0306* sps 1543 reach 0.04
upd 1016/5859 step 2,080,768 ret 475.83 len 280.0 kl 0.0260  sps 1542 reach 0.04
upd 1017/5859 step 2,082,816 ret 495.68 len 275.8 kl 0.0468* sps 1542 reach 0.04
upd 1018/5859 step 2,084,864 ret 507.18 len 275.8 kl 0.0284  sps 1541 reach 0.04
upd 1019/5859 step 2,086,912 ret 486.89 len 275.8 kl 0.0267  sps 1540 reach 0.04
upd 1020/5859 step 2,088,960 ret 499.31 len 283.1 kl 0.0314* sps 1540 reach 0.04
upd 1021/5859 step 2,091,008 ret 556.34 len 286.1 kl 0.0390* sps 1539 reach 0.04
upd 1022/5859 step 2,093,056 ret 561.12 len 286.1 kl 0.0303* sps 1538 reach 0.04
upd 1023/5859 step 2,095,104 ret 548.83 len 285.5 kl 0.0285  sps 1536 reach 0.04
upd 1024/5859 step 2,097,152 ret 552.62 len 282.9 kl 0.0276  sps 1535 reach 0.04
upd 1025/5859 step 2,099,200 ret 556.27 len 282.9 kl 0.0341* sps 1535 reach 0.04
upd 1026/5859 step 2,101,248 ret 540.76 len 280.4 kl 0.0247  sps 1534 reach 0.04
upd 1027/5859 step 2,103,296 ret 549.18 len 280.4 kl 0.0361* sps 1534 reach 0.04
upd 1028/5859 step 2,105,344 ret 564.61 len 281.3 kl 0.0387* sps 1533 reach 0.04
upd 1029/5859 step 2,107,392 ret 552.42 len 270.4 kl 0.0314* sps 1533 reach 0.04
upd 1030/5859 step 2,109,440 ret 545.28 len 270.4 kl 0.0275  sps 1532 reach 0.04
upd 1031/5859 step 2,111,488 ret 580.85 len 276.4 kl 0.0323* sps 1531 reach 0.04
upd 1032/5859 step 2,113,536 ret 582.45 len 272.1 kl 0.0280  sps 1531 reach 0.04
upd 1033/5859 step 2,115,584 ret 559.83 len 276.6 kl 0.0307* sps 1530 reach 0.04
upd 1034/5859 step 2,117,632 ret 570.89 len 282.0 kl 0.0289  sps 1530 reach 0.04
upd 1035/5859 step 2,119,680 ret 573.8 len 285.3 kl 0.0253  sps 1529 reach 0.04
upd 1036/5859 step 2,121,728 ret 580.73 len 285.3 kl 0.0321* sps 1529 reach 0.04
upd 1037/5859 step 2,123,776 ret 545.69 len 272.9 kl 0.0331* sps 1528 reach 0.04
upd 1038/5859 step 2,125,824 ret 544.14 len 270.8 kl 0.0315* sps 1527 reach 0.04
upd 1039/5859 step 2,127,872 ret 577.05 len 275.9 kl 0.0304* sps 1525 reach 0.05
upd 1040/5859 step 2,129,920 ret 588.91 len 272.1 kl 0.0330* sps 1525 reach 0.05
upd 1041/5859 step 2,131,968 ret 575.51 len 270.9 kl 0.0239  sps 1523 reach 0.05
upd 1042/5859 step 2,134,016 ret 587.72 len 282.0 kl 0.0297  sps 1522 reach 0.05
upd 1043/5859 step 2,136,064 ret 596.07 len 281.6 kl 0.0302* sps 1522 reach 0.05
upd 1044/5859 step 2,138,112 ret 580.09 len 281.6 kl 0.0301* sps 1522 reach 0.05
upd 1045/5859 step 2,140,160 ret 560.13 len 282.6 kl 0.0320* sps 1521 reach 0.05
upd 1046/5859 step 2,142,208 ret 576.22 len 289.4 kl 0.0336* sps 1521 reach 0.05
upd 1047/5859 step 2,144,256 ret 574.09 len 289.4 kl 0.0314* sps 1520 reach 0.05
upd 1048/5859 step 2,146,304 ret 573.77 len 284.2 kl 0.0280  sps 1520 reach 0.05
upd 1049/5859 step 2,148,352 ret 589.41 len 284.2 kl 0.0286  sps 1519 reach 0.05
upd 1050/5859 step 2,150,400 ret 573.85 len 284.2 kl 0.0343* sps 1519 reach 0.05
upd 1051/5859 step 2,152,448 ret 623.91 len 285.8 kl 0.0305* sps 1519 reach 0.05
upd 1052/5859 step 2,154,496 ret 615.39 len 281.8 kl 0.0242  sps 1519 reach 0.05
upd 1053/5859 step 2,156,544 ret 592.59 len 275.2 kl 0.0299  sps 1518 reach 0.05
upd 1054/5859 step 2,158,592 ret 567.45 len 270.6 kl 0.0319* sps 1518 reach 0.05
upd 1055/5859 step 2,160,640 ret 562.7 len 270.6 kl 0.0333* sps 1518 reach 0.05
upd 1056/5859 step 2,162,688 ret 506.46 len 270.6 kl 0.0310* sps 1518 reach 0.05
upd 1057/5859 step 2,164,736 ret 485.29 len 268.8 kl 0.0319* sps 1518 reach 0.05
upd 1058/5859 step 2,166,784 ret 481.72 len 271.4 kl 0.0305* sps 1519 reach 0.05
upd 1059/5859 step 2,168,832 ret 520.1 len 281.8 kl 0.0389* sps 1519 reach 0.05
upd 1060/5859 step 2,170,880 ret 494.11 len 276.9 kl 0.0275  sps 1519 reach 0.05
upd 1061/5859 step 2,172,928 ret 529.18 len 272.7 kl 0.0366* sps 1520 reach 0.05
upd 1062/5859 step 2,174,976 ret 551.55 len 278.9 kl 0.0339* sps 1520 reach 0.05
upd 1063/5859 step 2,177,024 ret 556.24 len 278.9 kl 0.0353* sps 1520 reach 0.05
upd 1064/5859 step 2,179,072 ret 544.13 len 287.5 kl 0.0308* sps 1521 reach 0.05
upd 1065/5859 step 2,181,120 ret 506.61 len 276.8 kl 0.0274  sps 1521 reach 0.05
upd 1066/5859 step 2,183,168 ret 491.64 len 278.0 kl 0.0256  sps 1521 reach 0.05
upd 1067/5859 step 2,185,216 ret 510.1 len 278.0 kl 0.0303* sps 1522 reach 0.05
upd 1068/5859 step 2,187,264 ret 465.79 len 278.0 kl 0.0317* sps 1522 reach 0.05
upd 1069/5859 step 2,189,312 ret 472.16 len 278.0 kl 0.0298  sps 1522 reach 0.05
upd 1070/5859 step 2,191,360 ret 521.02 len 282.1 kl 0.0312* sps 1522 reach 0.05
upd 1071/5859 step 2,193,408 ret 537.15 len 293.7 kl 0.0303* sps 1523 reach 0.05
upd 1072/5859 step 2,195,456 ret 550.0 len 291.8 kl 0.0340* sps 1523 reach 0.05
upd 1073/5859 step 2,197,504 ret 587.63 len 291.8 kl 0.0306* sps 1523 reach 0.05
upd 1074/5859 step 2,199,552 ret 578.21 len 282.7 kl 0.0306* sps 1524 reach 0.06
upd 1075/5859 step 2,201,600 ret 550.49 len 282.7 kl 0.0319* sps 1524 reach 0.06
upd 1076/5859 step 2,203,648 ret 540.89 len 280.1 kl 0.0275  sps 1524 reach 0.06
upd 1077/5859 step 2,205,696 ret 551.38 len 275.8 kl 0.0306* sps 1525 reach 0.06
upd 1078/5859 step 2,207,744 ret 492.76 len 278.5 kl 0.0316* sps 1525 reach 0.06
upd 1079/5859 step 2,209,792 ret 536.3 len 280.7 kl 0.0243  sps 1525 reach 0.06
upd 1080/5859 step 2,211,840 ret 532.73 len 278.3 kl 0.0273  sps 1525 reach 0.06
upd 1081/5859 step 2,213,888 ret 495.86 len 272.7 kl 0.0322* sps 1525 reach 0.06
upd 1082/5859 step 2,215,936 ret 531.4 len 284.2 kl 0.0390* sps 1526 reach 0.06
upd 1083/5859 step 2,217,984 ret 537.71 len 285.1 kl 0.0273  sps 1526 reach 0.06
upd 1084/5859 step 2,220,032 ret 526.36 len 280.6 kl 0.0278  sps 1526 reach 0.06
upd 1085/5859 step 2,222,080 ret 528.06 len 289.9 kl 0.0293  sps 1526 reach 0.06
upd 1086/5859 step 2,224,128 ret 550.11 len 285.6 kl 0.0351* sps 1526 reach 0.06
upd 1087/5859 step 2,226,176 ret 577.75 len 289.6 kl 0.0339* sps 1527 reach 0.06
upd 1088/5859 step 2,228,224 ret 558.06 len 284.0 kl 0.0237  sps 1527 reach 0.06
upd 1089/5859 step 2,230,272 ret 537.11 len 278.4 kl 0.0269  sps 1526 reach 0.06
upd 1090/5859 step 2,232,320 ret 549.13 len 281.3 kl 0.0308* sps 1527 reach 0.06
upd 1091/5859 step 2,234,368 ret 566.01 len 281.3 kl 0.0353* sps 1527 reach 0.06
upd 1092/5859 step 2,236,416 ret 551.85 len 276.0 kl 0.0368* sps 1527 reach 0.06
upd 1093/5859 step 2,238,464 ret 551.02 len 276.0 kl 0.0307* sps 1527 reach 0.06
upd 1094/5859 step 2,240,512 ret 524.83 len 279.1 kl 0.0242  sps 1528 reach 0.06
upd 1095/5859 step 2,242,560 ret 536.05 len 276.7 kl 0.0279  sps 1527 reach 0.06
upd 1096/5859 step 2,244,608 ret 493.86 len 276.7 kl 0.0404* sps 1528 reach 0.06
upd 1097/5859 step 2,246,656 ret 496.72 len 282.2 kl 0.0396* sps 1528 reach 0.06
upd 1098/5859 step 2,248,704 ret 497.89 len 287.9 kl 0.0278  sps 1527 reach 0.06
upd 1099/5859 step 2,250,752 ret 514.74 len 287.6 kl 0.0351* sps 1527 reach 0.06
upd 1100/5859 step 2,252,800 ret 562.22 len 284.9 kl 0.0335* sps 1527 reach 0.06
upd 1101/5859 step 2,254,848 ret 556.72 len 294.6 kl 0.0304* sps 1527 reach 0.06
upd 1102/5859 step 2,256,896 ret 581.86 len 294.6 kl 0.0247  sps 1527 reach 0.06
upd 1103/5859 step 2,258,944 ret 557.43 len 291.4 kl 0.0280  sps 1527 reach 0.06
upd 1104/5859 step 2,260,992 ret 573.85 len 290.3 kl 0.0264  sps 1527 reach 0.06
upd 1105/5859 step 2,263,040 ret 531.8 len 290.3 kl 0.0293  sps 1527 reach 0.06
upd 1106/5859 step 2,265,088 ret 503.44 len 295.4 kl 0.0326* sps 1527 reach 0.06
upd 1107/5859 step 2,267,136 ret 536.04 len 295.4 kl 0.0258  sps 1526 reach 0.06
upd 1108/5859 step 2,269,184 ret 548.37 len 289.6 kl 0.0205  sps 1526 reach 0.06
upd 1109/5859 step 2,271,232 ret 541.21 len 285.6 kl 0.0285  sps 1526 reach 0.07
upd 1110/5859 step 2,273,280 ret 542.12 len 281.2 kl 0.0264  sps 1526 reach 0.07
upd 1111/5859 step 2,275,328 ret 551.03 len 275.0 kl 0.0284  sps 1525 reach 0.07
upd 1112/5859 step 2,277,376 ret 544.93 len 268.9 kl 0.0242  sps 1525 reach 0.07
upd 1113/5859 step 2,279,424 ret 551.99 len 277.9 kl 0.0271  sps 1525 reach 0.07
upd 1114/5859 step 2,281,472 ret 528.41 len 270.5 kl 0.0237  sps 1525 reach 0.07
upd 1115/5859 step 2,283,520 ret 530.12 len 270.6 kl 0.0278  sps 1525 reach 0.07
upd 1116/5859 step 2,285,568 ret 551.52 len 276.4 kl 0.0228  sps 1525 reach 0.07
upd 1117/5859 step 2,287,616 ret 554.42 len 277.6 kl 0.0238  sps 1525 reach 0.07
upd 1118/5859 step 2,289,664 ret 553.97 len 283.8 kl 0.0316* sps 1525 reach 0.07
upd 1119/5859 step 2,291,712 ret 573.14 len 275.8 kl 0.0254  sps 1525 reach 0.07
upd 1120/5859 step 2,293,760 ret 599.72 len 282.6 kl 0.0293  sps 1525 reach 0.07
upd 1121/5859 step 2,295,808 ret 568.55 len 282.6 kl 0.0267  sps 1525 reach 0.07
upd 1122/5859 step 2,297,856 ret 556.99 len 282.2 kl 0.0257  sps 1525 reach 0.07
upd 1123/5859 step 2,299,904 ret 541.04 len 278.5 kl 0.0290  sps 1525 reach 0.07
upd 1124/5859 step 2,301,952 ret 568.86 len 281.9 kl 0.0277  sps 1524 reach 0.07
upd 1125/5859 step 2,304,000 ret 570.5 len 282.1 kl 0.0239  sps 1524 reach 0.07
upd 1126/5859 step 2,306,048 ret 567.36 len 286.5 kl 0.0286  sps 1524 reach 0.07
upd 1127/5859 step 2,308,096 ret 577.7 len 286.5 kl 0.0287  sps 1524 reach 0.07
upd 1128/5859 step 2,310,144 ret 550.5 len 285.0 kl 0.0297  sps 1524 reach 0.07
upd 1129/5859 step 2,312,192 ret 593.74 len 293.7 kl 0.0252  sps 1524 reach 0.07
upd 1130/5859 step 2,314,240 ret 578.82 len 293.7 kl 0.0311* sps 1524 reach 0.07
upd 1131/5859 step 2,316,288 ret 600.21 len 298.1 kl 0.0340* sps 1523 reach 0.07
upd 1132/5859 step 2,318,336 ret 598.25 len 298.1 kl 0.0277  sps 1523 reach 0.07
upd 1133/5859 step 2,320,384 ret 597.86 len 298.1 kl 0.0268  sps 1523 reach 0.07
upd 1134/5859 step 2,322,432 ret 599.47 len 300.0 kl 0.0224  sps 1523 reach 0.07
upd 1135/5859 step 2,324,480 ret 537.88 len 293.6 kl 0.0239  sps 1523 reach 0.07
upd 1136/5859 step 2,326,528 ret 511.12 len 288.8 kl 0.0294  sps 1523 reach 0.07
upd 1137/5859 step 2,328,576 ret 513.57 len 288.8 kl 0.0242  sps 1523 reach 0.07
upd 1138/5859 step 2,330,624 ret 529.29 len 288.5 kl 0.0262  sps 1523 reach 0.07
upd 1139/5859 step 2,332,672 ret 470.19 len 283.2 kl 0.0272  sps 1523 reach 0.07
upd 1140/5859 step 2,334,720 ret 534.7 len 284.6 kl 0.0280  sps 1523 reach 0.07
upd 1141/5859 step 2,336,768 ret 577.25 len 292.4 kl 0.0248  sps 1523 reach 0.07
upd 1142/5859 step 2,338,816 ret 569.48 len 285.6 kl 0.0312* sps 1523 reach 0.07
upd 1143/5859 step 2,340,864 ret 552.18 len 285.6 kl 0.0338* sps 1523 reach 0.07
upd 1144/5859 step 2,342,912 ret 534.04 len 285.9 kl 0.0316* sps 1524 reach 0.08
upd 1145/5859 step 2,344,960 ret 534.61 len 286.6 kl 0.0307* sps 1524 reach 0.08
upd 1146/5859 step 2,347,008 ret 478.33 len 286.1 kl 0.0307* sps 1524 reach 0.08
upd 1147/5859 step 2,349,056 ret 478.97 len 290.3 kl 0.0266  sps 1524 reach 0.08
upd 1148/5859 step 2,351,104 ret 463.46 len 292.5 kl 0.0319* sps 1524 reach 0.08
upd 1149/5859 step 2,353,152 ret 476.87 len 292.5 kl 0.0262  sps 1524 reach 0.08
upd 1150/5859 step 2,355,200 ret 499.0 len 292.5 kl 0.0346* sps 1524 reach 0.08
upd 1151/5859 step 2,357,248 ret 514.9 len 295.1 kl 0.0316* sps 1524 reach 0.08
upd 1152/5859 step 2,359,296 ret 529.6 len 290.7 kl 0.0280  sps 1523 reach 0.08
upd 1153/5859 step 2,361,344 ret 510.67 len 291.2 kl 0.0342* sps 1523 reach 0.08
upd 1154/5859 step 2,363,392 ret 505.35 len 291.2 kl 0.0247  sps 1523 reach 0.08
upd 1155/5859 step 2,365,440 ret 455.98 len 291.2 kl 0.0272  sps 1523 reach 0.08
upd 1156/5859 step 2,367,488 ret 459.07 len 287.9 kl 0.0258  sps 1523 reach 0.08
upd 1157/5859 step 2,369,536 ret 463.68 len 289.9 kl 0.0226  sps 1523 reach 0.08
upd 1158/5859 step 2,371,584 ret 479.29 len 293.8 kl 0.0260  sps 1523 reach 0.08
upd 1159/5859 step 2,373,632 ret 474.75 len 293.8 kl 0.0303* sps 1522 reach 0.08
upd 1160/5859 step 2,375,680 ret 497.16 len 288.9 kl 0.0252  sps 1522 reach 0.08
upd 1161/5859 step 2,377,728 ret 494.72 len 283.6 kl 0.0356* sps 1522 reach 0.08
upd 1162/5859 step 2,379,776 ret 487.27 len 285.2 kl 0.0349* sps 1522 reach 0.08
upd 1163/5859 step 2,381,824 ret 487.83 len 285.2 kl 0.0306* sps 1522 reach 0.08
upd 1164/5859 step 2,383,872 ret 457.59 len 279.4 kl 0.0298  sps 1522 reach 0.08
upd 1165/5859 step 2,385,920 ret 508.22 len 277.6 kl 0.0232  sps 1522 reach 0.08
upd 1166/5859 step 2,387,968 ret 494.14 len 280.7 kl 0.0422* sps 1522 reach 0.08
upd 1167/5859 step 2,390,016 ret 499.37 len 283.5 kl 0.0295  sps 1522 reach 0.08
upd 1168/5859 step 2,392,064 ret 522.66 len 280.0 kl 0.0319* sps 1522 reach 0.08
upd 1169/5859 step 2,394,112 ret 537.63 len 278.6 kl 0.0320* sps 1522 reach 0.08
upd 1170/5859 step 2,396,160 ret 534.66 len 279.6 kl 0.0309* sps 1522 reach 0.08
upd 1171/5859 step 2,398,208 ret 520.6 len 281.5 kl 0.0282  sps 1522 reach 0.08
upd 1172/5859 step 2,400,256 ret 481.4 len 276.7 kl 0.0256  sps 1522 reach 0.08
upd 1173/5859 step 2,402,304 ret 499.73 len 274.7 kl 0.0296  sps 1523 reach 0.08
upd 1174/5859 step 2,404,352 ret 497.62 len 279.9 kl 0.0311* sps 1523 reach 0.08
upd 1175/5859 step 2,406,400 ret 492.17 len 281.8 kl 0.0322* sps 1523 reach 0.08
upd 1176/5859 step 2,408,448 ret 483.62 len 283.7 kl 0.0378* sps 1523 reach 0.08
upd 1177/5859 step 2,410,496 ret 514.09 len 283.7 kl 0.0304* sps 1523 reach 0.08
upd 1178/5859 step 2,412,544 ret 531.77 len 282.6 kl 0.0294  sps 1523 reach 0.08
upd 1179/5859 step 2,414,592 ret 547.8 len 288.3 kl 0.0249  sps 1523 reach 0.09
upd 1180/5859 step 2,416,640 ret 567.44 len 281.3 kl 0.0249  sps 1523 reach 0.09
upd 1181/5859 step 2,418,688 ret 569.02 len 277.1 kl 0.0304* sps 1524 reach 0.09
upd 1182/5859 step 2,420,736 ret 592.08 len 278.6 kl 0.0286  sps 1524 reach 0.09
upd 1183/5859 step 2,422,784 ret 602.48 len 286.2 kl 0.0322* sps 1523 reach 0.09
upd 1184/5859 step 2,424,832 ret 572.91 len 288.8 kl 0.0242  sps 1524 reach 0.09
upd 1185/5859 step 2,426,880 ret 551.57 len 286.1 kl 0.0262  sps 1524 reach 0.09
upd 1186/5859 step 2,428,928 ret 550.4 len 288.5 kl 0.0328* sps 1525 reach 0.09
upd 1187/5859 step 2,430,976 ret 549.15 len 290.9 kl 0.0307* sps 1525 reach 0.09
upd 1188/5859 step 2,433,024 ret 505.56 len 290.7 kl 0.0280  sps 1525 reach 0.09
upd 1189/5859 step 2,435,072 ret 513.92 len 287.7 kl 0.0253  sps 1525 reach 0.09
upd 1190/5859 step 2,437,120 ret 504.18 len 286.4 kl 0.0288  sps 1525 reach 0.09
upd 1191/5859 step 2,439,168 ret 521.55 len 293.8 kl 0.0322* sps 1525 reach 0.09
upd 1192/5859 step 2,441,216 ret 503.1 len 295.4 kl 0.0276  sps 1525 reach 0.09
upd 1193/5859 step 2,443,264 ret 527.0 len 295.4 kl 0.0281  sps 1525 reach 0.09
upd 1194/5859 step 2,445,312 ret 530.93 len 291.6 kl 0.0302* sps 1525 reach 0.09
upd 1195/5859 step 2,447,360 ret 542.41 len 293.4 kl 0.0320* sps 1525 reach 0.09
upd 1196/5859 step 2,449,408 ret 535.78 len 288.9 kl 0.0258  sps 1525 reach 0.09
upd 1197/5859 step 2,451,456 ret 520.24 len 279.8 kl 0.0252  sps 1525 reach 0.09
upd 1198/5859 step 2,453,504 ret 521.52 len 279.8 kl 0.0363* sps 1525 reach 0.09
upd 1199/5859 step 2,455,552 ret 505.12 len 274.4 kl 0.0312* sps 1525 reach 0.09
upd 1200/5859 step 2,457,600 ret 502.09 len 267.2 kl 0.0390* sps 1525 reach 0.09
upd 1201/5859 step 2,459,648 ret 457.96 len 268.8 kl 0.0252  sps 1525 reach 0.09
upd 1202/5859 step 2,461,696 ret 419.08 len 267.9 kl 0.0321* sps 1525 reach 0.09
upd 1203/5859 step 2,463,744 ret 433.07 len 266.7 kl 0.0285  sps 1525 reach 0.09
upd 1204/5859 step 2,465,792 ret 437.15 len 271.1 kl 0.0349* sps 1525 reach 0.09
upd 1205/5859 step 2,467,840 ret 458.71 len 279.3 kl 0.0365* sps 1525 reach 0.09
upd 1206/5859 step 2,469,888 ret 489.95 len 285.8 kl 0.0253  sps 1525 reach 0.09
upd 1207/5859 step 2,471,936 ret 522.64 len 289.7 kl 0.0297  sps 1525 reach 0.09
upd 1208/5859 step 2,473,984 ret 580.29 len 293.1 kl 0.0254  sps 1525 reach 0.09
upd 1209/5859 step 2,476,032 ret 552.23 len 285.8 kl 0.0261  sps 1525 reach 0.09
upd 1210/5859 step 2,478,080 ret 510.41 len 280.9 kl 0.0267  sps 1525 reach 0.09
upd 1211/5859 step 2,480,128 ret 521.34 len 277.8 kl 0.0347* sps 1525 reach 0.09
upd 1212/5859 step 2,482,176 ret 501.52 len 272.2 kl 0.0272  sps 1525 reach 0.09
upd 1213/5859 step 2,484,224 ret 480.68 len 266.8 kl 0.0303* sps 1525 reach 0.09
upd 1214/5859 step 2,486,272 ret 491.25 len 266.4 kl 0.0262  sps 1525 reach 0.10
upd 1215/5859 step 2,488,320 ret 508.53 len 271.3 kl 0.0234  sps 1525 reach 0.10
upd 1216/5859 step 2,490,368 ret 514.63 len 274.4 kl 0.0286  sps 1525 reach 0.10
upd 1217/5859 step 2,492,416 ret 511.39 len 279.0 kl 0.0324* sps 1525 reach 0.10
upd 1218/5859 step 2,494,464 ret 505.12 len 283.1 kl 0.0311* sps 1525 reach 0.10
upd 1219/5859 step 2,496,512 ret 531.76 len 279.3 kl 0.0231  sps 1525 reach 0.10
upd 1220/5859 step 2,498,560 ret 496.78 len 290.7 kl 0.0315* sps 1525 reach 0.10
upd 1221/5859 step 2,500,608 ret 512.25 len 288.9 kl 0.0242  sps 1525 reach 0.10
upd 1222/5859 step 2,502,656 ret 505.02 len 288.2 kl 0.0211  sps 1525 reach 0.10
upd 1223/5859 step 2,504,704 ret 484.3 len 288.2 kl 0.0318* sps 1525 reach 0.10
upd 1224/5859 step 2,506,752 ret 480.26 len 283.9 kl 0.0304* sps 1525 reach 0.10
upd 1225/5859 step 2,508,800 ret 515.28 len 289.9 kl 0.0311* sps 1525 reach 0.10
upd 1226/5859 step 2,510,848 ret 474.07 len 284.6 kl 0.0329* sps 1525 reach 0.10
upd 1227/5859 step 2,512,896 ret 469.81 len 276.6 kl 0.0305* sps 1525 reach 0.10
upd 1228/5859 step 2,514,944 ret 484.86 len 276.6 kl 0.0270  sps 1525 reach 0.10
upd 1229/5859 step 2,516,992 ret 437.94 len 276.6 kl 0.0278  sps 1525 reach 0.10
upd 1230/5859 step 2,519,040 ret 436.63 len 277.0 kl 0.0342* sps 1525 reach 0.10
upd 1231/5859 step 2,521,088 ret 415.74 len 279.9 kl 0.0301* sps 1525 reach 0.10
upd 1232/5859 step 2,523,136 ret 424.2 len 280.8 kl 0.0243  sps 1525 reach 0.10
upd 1233/5859 step 2,525,184 ret 414.94 len 284.2 kl 0.0305* sps 1525 reach 0.10
upd 1234/5859 step 2,527,232 ret 438.2 len 280.3 kl 0.0300* sps 1525 reach 0.10
upd 1235/5859 step 2,529,280 ret 447.94 len 275.3 kl 0.0311* sps 1524 reach 0.10
upd 1236/5859 step 2,531,328 ret 484.86 len 279.2 kl 0.0319* sps 1524 reach 0.10
upd 1237/5859 step 2,533,376 ret 528.33 len 274.6 kl 0.0319* sps 1524 reach 0.10
upd 1238/5859 step 2,535,424 ret 559.73 len 278.1 kl 0.0310* sps 1524 reach 0.10
upd 1239/5859 step 2,537,472 ret 592.01 len 283.4 kl 0.0262  sps 1524 reach 0.10
upd 1240/5859 step 2,539,520 ret 555.13 len 276.1 kl 0.0385* sps 1524 reach 0.10
upd 1241/5859 step 2,541,568 ret 524.99 len 275.4 kl 0.0347* sps 1524 reach 0.10
upd 1242/5859 step 2,543,616 ret 508.03 len 268.4 kl 0.0244  sps 1524 reach 0.10
upd 1243/5859 step 2,545,664 ret 520.98 len 275.6 kl 0.0307* sps 1524 reach 0.10
upd 1244/5859 step 2,547,712 ret 504.68 len 271.3 kl 0.0280  sps 1524 reach 0.10
upd 1245/5859 step 2,549,760 ret 527.84 len 277.9 kl 0.0240  sps 1524 reach 0.10
upd 1246/5859 step 2,551,808 ret 491.79 len 281.0 kl 0.0314* sps 1524 reach 0.10
upd 1247/5859 step 2,553,856 ret 524.74 len 272.3 kl 0.0263  sps 1524 reach 0.10
upd 1248/5859 step 2,555,904 ret 536.21 len 275.1 kl 0.0242  sps 1524 reach 0.10
upd 1249/5859 step 2,557,952 ret 512.34 len 269.1 kl 0.0318* sps 1525 reach 0.10
upd 1250/5859 step 2,560,000 ret 510.55 len 264.1 kl 0.0262  sps 1525 reach 0.11
upd 1251/5859 step 2,562,048 ret 576.91 len 271.7 kl 0.0303* sps 1525 reach 0.11
upd 1252/5859 step 2,564,096 ret 548.32 len 271.7 kl 0.0320* sps 1525 reach 0.11
upd 1253/5859 step 2,566,144 ret 547.08 len 284.7 kl 0.0249  sps 1524 reach 0.11
upd 1254/5859 step 2,568,192 ret 513.49 len 287.1 kl 0.0317* sps 1524 reach 0.11
upd 1255/5859 step 2,570,240 ret 512.67 len 284.1 kl 0.0376* sps 1524 reach 0.11
upd 1256/5859 step 2,572,288 ret 478.6 len 274.8 kl 0.0235  sps 1524 reach 0.11
upd 1257/5859 step 2,574,336 ret 483.5 len 264.9 kl 0.0231  sps 1524 reach 0.11
upd 1258/5859 step 2,576,384 ret 450.78 len 263.4 kl 0.0255  sps 1524 reach 0.11
upd 1259/5859 step 2,578,432 ret 450.03 len 263.4 kl 0.0214  sps 1524 reach 0.11
upd 1260/5859 step 2,580,480 ret 464.83 len 271.0 kl 0.0356* sps 1524 reach 0.11
upd 1261/5859 step 2,582,528 ret 457.63 len 284.4 kl 0.0285  sps 1524 reach 0.11
upd 1262/5859 step 2,584,576 ret 473.13 len 288.7 kl 0.0341* sps 1524 reach 0.11
upd 1263/5859 step 2,586,624 ret 484.49 len 292.6 kl 0.0406* sps 1524 reach 0.11
upd 1264/5859 step 2,588,672 ret 501.99 len 294.0 kl 0.0317* sps 1524 reach 0.11
upd 1265/5859 step 2,590,720 ret 507.01 len 294.0 kl 0.0240  sps 1524 reach 0.11
upd 1266/5859 step 2,592,768 ret 517.06 len 298.2 kl 0.0227  sps 1525 reach 0.11
upd 1267/5859 step 2,594,816 ret 515.43 len 298.2 kl 0.0247  sps 1525 reach 0.11
upd 1268/5859 step 2,596,864 ret 524.27 len 299.3 kl 0.0314* sps 1525 reach 0.11
upd 1269/5859 step 2,598,912 ret 509.33 len 292.6 kl 0.0265  sps 1525 reach 0.11
upd 1270/5859 step 2,600,960 ret 548.03 len 292.6 kl 0.0234  sps 1526 reach 0.11
upd 1271/5859 step 2,603,008 ret 532.11 len 287.8 kl 0.0363* sps 1526 reach 0.11
upd 1272/5859 step 2,605,056 ret 526.96 len 287.8 kl 0.0343* sps 1526 reach 0.11
upd 1273/5859 step 2,607,104 ret 524.03 len 280.7 kl 0.0261  sps 1526 reach 0.11
upd 1274/5859 step 2,609,152 ret 541.18 len 283.6 kl 0.0342* sps 1526 reach 0.11
upd 1275/5859 step 2,611,200 ret 563.97 len 285.8 kl 0.0268  sps 1527 reach 0.11
upd 1276/5859 step 2,613,248 ret 543.28 len 290.6 kl 0.0318* sps 1527 reach 0.11
upd 1277/5859 step 2,615,296 ret 543.54 len 286.9 kl 0.0284  sps 1527 reach 0.11
upd 1278/5859 step 2,617,344 ret 524.27 len 283.5 kl 0.0241  sps 1527 reach 0.11
upd 1279/5859 step 2,619,392 ret 539.27 len 286.1 kl 0.0329* sps 1527 reach 0.11
upd 1280/5859 step 2,621,440 ret 521.69 len 280.6 kl 0.0223  sps 1527 reach 0.11
upd 1281/5859 step 2,623,488 ret 530.11 len 272.5 kl 0.0271  sps 1527 reach 0.11
upd 1282/5859 step 2,625,536 ret 507.35 len 276.1 kl 0.0341* sps 1528 reach 0.11
upd 1283/5859 step 2,627,584 ret 511.62 len 276.1 kl 0.0294  sps 1528 reach 0.11
upd 1284/5859 step 2,629,632 ret 482.04 len 272.0 kl 0.0271  sps 1528 reach 0.11
upd 1285/5859 step 2,631,680 ret 517.46 len 273.5 kl 0.0300* sps 1528 reach 0.12
upd 1286/5859 step 2,633,728 ret 523.89 len 277.5 kl 0.0270  sps 1528 reach 0.12
upd 1287/5859 step 2,635,776 ret 511.12 len 278.4 kl 0.0300  sps 1528 reach 0.12
upd 1288/5859 step 2,637,824 ret 507.94 len 276.1 kl 0.0334* sps 1528 reach 0.12
upd 1289/5859 step 2,639,872 ret 546.71 len 272.4 kl 0.0277  sps 1528 reach 0.12
upd 1290/5859 step 2,641,920 ret 496.73 len 271.8 kl 0.0300  sps 1528 reach 0.12
upd 1291/5859 step 2,643,968 ret 475.18 len 266.1 kl 0.0346* sps 1528 reach 0.12
upd 1292/5859 step 2,646,016 ret 497.89 len 269.2 kl 0.0323* sps 1527 reach 0.12
upd 1293/5859 step 2,648,064 ret 482.53 len 262.3 kl 0.0376* sps 1527 reach 0.12
upd 1294/5859 step 2,650,112 ret 493.96 len 270.9 kl 0.0396* sps 1528 reach 0.12
upd 1295/5859 step 2,652,160 ret 538.09 len 272.0 kl 0.0288  sps 1528 reach 0.12
upd 1296/5859 step 2,654,208 ret 543.32 len 269.0 kl 0.0295  sps 1528 reach 0.12
upd 1297/5859 step 2,656,256 ret 546.59 len 281.5 kl 0.0275  sps 1528 reach 0.12
upd 1298/5859 step 2,658,304 ret 494.1 len 273.7 kl 0.0266  sps 1528 reach 0.12
upd 1299/5859 step 2,660,352 ret 540.17 len 276.8 kl 0.0277  sps 1528 reach 0.12
upd 1300/5859 step 2,662,400 ret 525.67 len 272.6 kl 0.0201  sps 1529 reach 0.12
upd 1301/5859 step 2,664,448 ret 486.84 len 271.9 kl 0.0307* sps 1529 reach 0.12
upd 1302/5859 step 2,666,496 ret 506.19 len 271.2 kl 0.0312* sps 1529 reach 0.12
upd 1303/5859 step 2,668,544 ret 517.53 len 269.4 kl 0.0261  sps 1529 reach 0.12
upd 1304/5859 step 2,670,592 ret 514.75 len 268.8 kl 0.0358* sps 1529 reach 0.12
upd 1305/5859 step 2,672,640 ret 489.75 len 271.4 kl 0.0336* sps 1529 reach 0.12
upd 1306/5859 step 2,674,688 ret 467.48 len 263.8 kl 0.0277  sps 1530 reach 0.12
upd 1307/5859 step 2,676,736 ret 506.36 len 265.4 kl 0.0266  sps 1530 reach 0.12
upd 1308/5859 step 2,678,784 ret 522.21 len 272.3 kl 0.0270  sps 1530 reach 0.12
upd 1309/5859 step 2,680,832 ret 504.03 len 264.8 kl 0.0320* sps 1530 reach 0.12
upd 1310/5859 step 2,682,880 ret 505.67 len 262.7 kl 0.0313* sps 1530 reach 0.12
upd 1311/5859 step 2,684,928 ret 516.34 len 270.8 kl 0.0284  sps 1530 reach 0.12
upd 1312/5859 step 2,686,976 ret 510.73 len 268.1 kl 0.0269  sps 1530 reach 0.12
upd 1313/5859 step 2,689,024 ret 516.36 len 262.4 kl 0.0320* sps 1531 reach 0.12
upd 1314/5859 step 2,691,072 ret 539.04 len 267.0 kl 0.0284  sps 1531 reach 0.12
upd 1315/5859 step 2,693,120 ret 515.62 len 266.2 kl 0.0245  sps 1531 reach 0.12
upd 1316/5859 step 2,695,168 ret 489.27 len 258.6 kl 0.0289  sps 1531 reach 0.12
upd 1317/5859 step 2,697,216 ret 458.8 len 267.6 kl 0.0256  sps 1531 reach 0.12
upd 1318/5859 step 2,699,264 ret 437.02 len 271.6 kl 0.0374* sps 1532 reach 0.12
upd 1319/5859 step 2,701,312 ret 453.58 len 270.3 kl 0.0234  sps 1532 reach 0.12
upd 1320/5859 step 2,703,360 ret 501.46 len 278.2 kl 0.0254  sps 1532 reach 0.13
upd 1321/5859 step 2,705,408 ret 472.53 len 279.0 kl 0.0315* sps 1532 reach 0.13
upd 1322/5859 step 2,707,456 ret 494.75 len 284.1 kl 0.0295  sps 1533 reach 0.13
upd 1323/5859 step 2,709,504 ret 532.53 len 284.1 kl 0.0278  sps 1533 reach 0.13
upd 1324/5859 step 2,711,552 ret 501.55 len 283.6 kl 0.0328* sps 1533 reach 0.13
upd 1325/5859 step 2,713,600 ret 486.79 len 287.0 kl 0.0306* sps 1533 reach 0.13
upd 1326/5859 step 2,715,648 ret 481.7 len 290.6 kl 0.0300  sps 1533 reach 0.13
upd 1327/5859 step 2,717,696 ret 493.91 len 286.0 kl 0.0206  sps 1533 reach 0.13
upd 1328/5859 step 2,719,744 ret 496.95 len 286.0 kl 0.0280  sps 1534 reach 0.13
upd 1329/5859 step 2,721,792 ret 484.68 len 286.0 kl 0.0254  sps 1534 reach 0.13
upd 1330/5859 step 2,723,840 ret 521.52 len 289.5 kl 0.0321* sps 1534 reach 0.13
upd 1331/5859 step 2,725,888 ret 495.73 len 289.1 kl 0.0291  sps 1534 reach 0.13
upd 1332/5859 step 2,727,936 ret 460.35 len 295.0 kl 0.0263  sps 1535 reach 0.13
upd 1333/5859 step 2,729,984 ret 492.93 len 297.9 kl 0.0264  sps 1535 reach 0.13
upd 1334/5859 step 2,732,032 ret 494.71 len 294.7 kl 0.0288  sps 1535 reach 0.13
upd 1335/5859 step 2,734,080 ret 516.62 len 287.9 kl 0.0308* sps 1534 reach 0.13
upd 1336/5859 step 2,736,128 ret 524.84 len 273.9 kl 0.0213  sps 1534 reach 0.13
upd 1337/5859 step 2,738,176 ret 542.86 len 270.9 kl 0.0262  sps 1534 reach 0.13
upd 1338/5859 step 2,740,224 ret 515.33 len 266.7 kl 0.0276  sps 1534 reach 0.13
upd 1339/5859 step 2,742,272 ret 509.85 len 268.4 kl 0.0304* sps 1534 reach 0.13
upd 1340/5859 step 2,744,320 ret 475.85 len 268.4 kl 0.0265  sps 1535 reach 0.13
upd 1341/5859 step 2,746,368 ret 480.43 len 279.1 kl 0.0295  sps 1535 reach 0.13
upd 1342/5859 step 2,748,416 ret 498.14 len 286.9 kl 0.0261  sps 1535 reach 0.13
upd 1343/5859 step 2,750,464 ret 506.34 len 286.9 kl 0.0341* sps 1535 reach 0.13
upd 1344/5859 step 2,752,512 ret 540.17 len 292.7 kl 0.0282  sps 1536 reach 0.13
upd 1345/5859 step 2,754,560 ret 517.36 len 294.3 kl 0.0321* sps 1536 reach 0.13
upd 1346/5859 step 2,756,608 ret 522.14 len 291.9 kl 0.0237  sps 1536 reach 0.13
upd 1347/5859 step 2,758,656 ret 495.1 len 280.1 kl 0.0295  sps 1536 reach 0.13
upd 1348/5859 step 2,760,704 ret 480.79 len 280.1 kl 0.0282  sps 1536 reach 0.13
upd 1349/5859 step 2,762,752 ret 475.05 len 272.9 kl 0.0303* sps 1536 reach 0.13
upd 1350/5859 step 2,764,800 ret 511.64 len 272.9 kl 0.0282  sps 1536 reach 0.13
upd 1351/5859 step 2,766,848 ret 486.81 len 272.9 kl 0.0275  sps 1537 reach 0.13
upd 1352/5859 step 2,768,896 ret 490.78 len 283.7 kl 0.0335* sps 1537 reach 0.13
upd 1353/5859 step 2,770,944 ret 556.02 len 292.9 kl 0.0301* sps 1537 reach 0.13
upd 1354/5859 step 2,772,992 ret 521.69 len 292.9 kl 0.0258  sps 1537 reach 0.13
upd 1355/5859 step 2,775,040 ret 528.59 len 300.0 kl 0.0268  sps 1537 reach 0.14
upd 1356/5859 step 2,777,088 ret 476.87 len 300.0 kl 0.0294  sps 1537 reach 0.14
upd 1357/5859 step 2,779,136 ret 450.39 len 297.8 kl 0.0330* sps 1538 reach 0.14
upd 1358/5859 step 2,781,184 ret 460.68 len 295.2 kl 0.0302* sps 1538 reach 0.14
upd 1359/5859 step 2,783,232 ret 447.35 len 293.6 kl 0.0252  sps 1538 reach 0.14
upd 1360/5859 step 2,785,280 ret 461.33 len 286.6 kl 0.0243  sps 1538 reach 0.14
upd 1361/5859 step 2,787,328 ret 476.89 len 286.6 kl 0.0319* sps 1539 reach 0.14
upd 1362/5859 step 2,789,376 ret 498.61 len 280.8 kl 0.0227  sps 1539 reach 0.14
upd 1363/5859 step 2,791,424 ret 454.79 len 271.4 kl 0.0302* sps 1539 reach 0.14
upd 1364/5859 step 2,793,472 ret 408.98 len 273.0 kl 0.0296  sps 1539 reach 0.14
upd 1365/5859 step 2,795,520 ret 404.04 len 266.6 kl 0.0245  sps 1539 reach 0.14
upd 1366/5859 step 2,797,568 ret 462.35 len 260.5 kl 0.0326* sps 1540 reach 0.14
upd 1367/5859 step 2,799,616 ret 499.23 len 266.2 kl 0.0302* sps 1540 reach 0.14
upd 1368/5859 step 2,801,664 ret 485.43 len 267.1 kl 0.0308* sps 1540 reach 0.14
upd 1369/5859 step 2,803,712 ret 527.2 len 273.3 kl 0.0240  sps 1540 reach 0.14
upd 1370/5859 step 2,805,760 ret 502.61 len 263.1 kl 0.0269  sps 1540 reach 0.14
upd 1371/5859 step 2,807,808 ret 491.46 len 265.1 kl 0.0317* sps 1541 reach 0.14
upd 1372/5859 step 2,809,856 ret 476.7 len 268.8 kl 0.0265  sps 1541 reach 0.14
upd 1373/5859 step 2,811,904 ret 488.88 len 270.3 kl 0.0225  sps 1541 reach 0.14
upd 1374/5859 step 2,813,952 ret 494.15 len 269.6 kl 0.0295  sps 1541 reach 0.14
upd 1375/5859 step 2,816,000 ret 463.7 len 270.7 kl 0.0238  sps 1542 reach 0.14
upd 1376/5859 step 2,818,048 ret 491.45 len 282.8 kl 0.0301* sps 1542 reach 0.14
upd 1377/5859 step 2,820,096 ret 485.72 len 288.8 kl 0.0289  sps 1542 reach 0.14
upd 1378/5859 step 2,822,144 ret 500.82 len 286.0 kl 0.0341* sps 1542 reach 0.14
upd 1379/5859 step 2,824,192 ret 511.33 len 285.8 kl 0.0314* sps 1542 reach 0.14
upd 1380/5859 step 2,826,240 ret 513.92 len 291.2 kl 0.0343* sps 1542 reach 0.14
upd 1381/5859 step 2,828,288 ret 536.04 len 291.2 kl 0.0254  sps 1543 reach 0.14
upd 1382/5859 step 2,830,336 ret 491.79 len 281.4 kl 0.0229  sps 1543 reach 0.14
upd 1383/5859 step 2,832,384 ret 472.14 len 281.4 kl 0.0311* sps 1543 reach 0.14
upd 1384/5859 step 2,834,432 ret 487.38 len 278.4 kl 0.0301* sps 1543 reach 0.14
upd 1385/5859 step 2,836,480 ret 467.1 len 272.2 kl 0.0303* sps 1544 reach 0.14
upd 1386/5859 step 2,838,528 ret 492.38 len 268.0 kl 0.0285  sps 1544 reach 0.14
upd 1387/5859 step 2,840,576 ret 475.73 len 273.2 kl 0.0302* sps 1544 reach 0.14
upd 1388/5859 step 2,842,624 ret 502.88 len 272.1 kl 0.0313* sps 1544 reach 0.14
upd 1389/5859 step 2,844,672 ret 471.51 len 266.4 kl 0.0301* sps 1544 reach 0.14
upd 1390/5859 step 2,846,720 ret 463.04 len 277.5 kl 0.0254  sps 1545 reach 0.15
upd 1391/5859 step 2,848,768 ret 481.06 len 281.4 kl 0.0339* sps 1545 reach 0.15
upd 1392/5859 step 2,850,816 ret 494.61 len 281.4 kl 0.0249  sps 1545 reach 0.15
upd 1393/5859 step 2,852,864 ret 480.56 len 274.6 kl 0.0313* sps 1546 reach 0.15
upd 1394/5859 step 2,854,912 ret 486.38 len 281.3 kl 0.0261  sps 1546 reach 0.15
upd 1395/5859 step 2,856,960 ret 525.58 len 277.0 kl 0.0245  sps 1546 reach 0.15
upd 1396/5859 step 2,859,008 ret 499.43 len 273.0 kl 0.0231  sps 1547 reach 0.15
upd 1397/5859 step 2,861,056 ret 477.47 len 265.8 kl 0.0252  sps 1547 reach 0.15
upd 1398/5859 step 2,863,104 ret 443.42 len 272.6 kl 0.0217  sps 1547 reach 0.15
upd 1399/5859 step 2,865,152 ret 472.59 len 276.3 kl 0.0220  sps 1548 reach 0.15
upd 1400/5859 step 2,867,200 ret 468.02 len 272.5 kl 0.0249  sps 1548 reach 0.15
upd 1401/5859 step 2,869,248 ret 457.74 len 280.9 kl 0.0286  sps 1548 reach 0.15
upd 1402/5859 step 2,871,296 ret 451.65 len 284.7 kl 0.0308* sps 1548 reach 0.15
upd 1403/5859 step 2,873,344 ret 428.45 len 281.4 kl 0.0301* sps 1548 reach 0.15
upd 1404/5859 step 2,875,392 ret 407.63 len 272.6 kl 0.0237  sps 1548 reach 0.15
upd 1405/5859 step 2,877,440 ret 432.15 len 273.1 kl 0.0278  sps 1548 reach 0.15
upd 1406/5859 step 2,879,488 ret 447.81 len 272.9 kl 0.0215  sps 1548 reach 0.15
upd 1407/5859 step 2,881,536 ret 509.97 len 275.6 kl 0.0306* sps 1548 reach 0.15
upd 1408/5859 step 2,883,584 ret 500.62 len 272.8 kl 0.0314* sps 1549 reach 0.15
upd 1409/5859 step 2,885,632 ret 507.9 len 270.6 kl 0.0324* sps 1549 reach 0.15
upd 1410/5859 step 2,887,680 ret 526.44 len 277.9 kl 0.0350* sps 1549 reach 0.15
upd 1411/5859 step 2,889,728 ret 549.97 len 281.8 kl 0.0340* sps 1549 reach 0.15
upd 1412/5859 step 2,891,776 ret 498.44 len 278.1 kl 0.0286  sps 1549 reach 0.15
upd 1413/5859 step 2,893,824 ret 512.05 len 276.0 kl 0.0329* sps 1549 reach 0.15
upd 1414/5859 step 2,895,872 ret 520.42 len 279.4 kl 0.0281  sps 1550 reach 0.15
upd 1415/5859 step 2,897,920 ret 472.61 len 279.4 kl 0.0285  sps 1550 reach 0.15
upd 1416/5859 step 2,899,968 ret 456.25 len 279.0 kl 0.0299  sps 1550 reach 0.15
upd 1417/5859 step 2,902,016 ret 469.42 len 274.1 kl 0.0326* sps 1550 reach 0.15
upd 1418/5859 step 2,904,064 ret 455.46 len 275.9 kl 0.0331* sps 1550 reach 0.15
upd 1419/5859 step 2,906,112 ret 442.02 len 276.2 kl 0.0311* sps 1551 reach 0.15
upd 1420/5859 step 2,908,160 ret 483.65 len 278.2 kl 0.0284  sps 1551 reach 0.15
upd 1421/5859 step 2,910,208 ret 537.73 len 278.4 kl 0.0244  sps 1551 reach 0.15
upd 1422/5859 step 2,912,256 ret 505.81 len 278.8 kl 0.0217  sps 1551 reach 0.15
upd 1423/5859 step 2,914,304 ret 528.23 len 281.0 kl 0.0240  sps 1551 reach 0.15
upd 1424/5859 step 2,916,352 ret 528.1 len 284.1 kl 0.0322* sps 1552 reach 0.15
upd 1425/5859 step 2,918,400 ret 498.06 len 284.7 kl 0.0266  sps 1552 reach 0.16
upd 1426/5859 step 2,920,448 ret 474.07 len 275.3 kl 0.0250  sps 1552 reach 0.16
upd 1427/5859 step 2,922,496 ret 444.24 len 274.8 kl 0.0318* sps 1552 reach 0.16
upd 1428/5859 step 2,924,544 ret 485.89 len 282.1 kl 0.0239  sps 1552 reach 0.16
upd 1429/5859 step 2,926,592 ret 490.71 len 283.0 kl 0.0283  sps 1553 reach 0.16
upd 1430/5859 step 2,928,640 ret 473.31 len 277.0 kl 0.0248  sps 1553 reach 0.16
upd 1431/5859 step 2,930,688 ret 500.24 len 276.5 kl 0.0237  sps 1553 reach 0.16
upd 1432/5859 step 2,932,736 ret 499.33 len 281.8 kl 0.0206  sps 1553 reach 0.16
upd 1433/5859 step 2,934,784 ret 513.08 len 278.1 kl 0.0261  sps 1554 reach 0.16
upd 1434/5859 step 2,936,832 ret 475.02 len 275.1 kl 0.0272  sps 1554 reach 0.16
upd 1435/5859 step 2,938,880 ret 498.85 len 267.4 kl 0.0282  sps 1554 reach 0.16
upd 1436/5859 step 2,940,928 ret 526.9 len 276.8 kl 0.0219  sps 1554 reach 0.16
upd 1437/5859 step 2,942,976 ret 476.59 len 275.1 kl 0.0250  sps 1554 reach 0.16
upd 1438/5859 step 2,945,024 ret 433.09 len 273.5 kl 0.0299  sps 1555 reach 0.16
upd 1439/5859 step 2,947,072 ret 441.48 len 274.9 kl 0.0360* sps 1555 reach 0.16
upd 1440/5859 step 2,949,120 ret 432.32 len 284.4 kl 0.0243  sps 1555 reach 0.16
upd 1441/5859 step 2,951,168 ret 406.68 len 281.7 kl 0.0311* sps 1555 reach 0.16
upd 1442/5859 step 2,953,216 ret 428.6 len 271.1 kl 0.0232  sps 1555 reach 0.16
upd 1443/5859 step 2,955,264 ret 442.99 len 273.9 kl 0.0334* sps 1555 reach 0.16
upd 1444/5859 step 2,957,312 ret 481.26 len 279.6 kl 0.0252  sps 1556 reach 0.16
upd 1445/5859 step 2,959,360 ret 480.13 len 266.7 kl 0.0386* sps 1555 reach 0.16
upd 1446/5859 step 2,961,408 ret 435.07 len 264.4 kl 0.0261  sps 1555 reach 0.16
upd 1447/5859 step 2,963,456 ret 407.76 len 268.8 kl 0.0286  sps 1555 reach 0.16
upd 1448/5859 step 2,965,504 ret 446.11 len 273.9 kl 0.0278  sps 1555 reach 0.16
upd 1449/5859 step 2,967,552 ret 436.8 len 276.8 kl 0.0318* sps 1554 reach 0.16
upd 1450/5859 step 2,969,600 ret 463.79 len 280.6 kl 0.0316* sps 1554 reach 0.16
upd 1451/5859 step 2,971,648 ret 494.52 len 285.1 kl 0.0294  sps 1554 reach 0.16
upd 1452/5859 step 2,973,696 ret 510.31 len 290.8 kl 0.0293  sps 1554 reach 0.16
upd 1453/5859 step 2,975,744 ret 519.88 len 279.5 kl 0.0267  sps 1554 reach 0.16
upd 1454/5859 step 2,977,792 ret 539.25 len 265.9 kl 0.0218  sps 1554 reach 0.16
upd 1455/5859 step 2,979,840 ret 527.19 len 264.2 kl 0.0277  sps 1555 reach 0.16
upd 1456/5859 step 2,981,888 ret 509.81 len 264.4 kl 0.0288  sps 1555 reach 0.16
upd 1457/5859 step 2,983,936 ret 517.21 len 258.6 kl 0.0302* sps 1555 reach 0.16
upd 1458/5859 step 2,985,984 ret 470.62 len 259.5 kl 0.0300  sps 1555 reach 0.16
upd 1459/5859 step 2,988,032 ret 458.99 len 263.1 kl 0.0325* sps 1555 reach 0.16
upd 1460/5859 step 2,990,080 ret 468.64 len 265.5 kl 0.0188  sps 1555 reach 0.17
upd 1461/5859 step 2,992,128 ret 492.8 len 272.7 kl 0.0286  sps 1555 reach 0.17
upd 1462/5859 step 2,994,176 ret 460.39 len 273.7 kl 0.0366* sps 1556 reach 0.17
upd 1463/5859 step 2,996,224 ret 459.51 len 274.9 kl 0.0304* sps 1556 reach 0.17
upd 1464/5859 step 2,998,272 ret 491.36 len 282.2 kl 0.0289  sps 1556 reach 0.17
upd 1465/5859 step 3,000,320 ret 483.63 len 279.2 kl 0.0319* sps 1556 reach 0.17
upd 1466/5859 step 3,002,368 ret 444.06 len 274.4 kl 0.0255  sps 1556 reach 0.17
upd 1467/5859 step 3,004,416 ret 473.99 len 269.5 kl 0.0291  sps 1556 reach 0.17
upd 1468/5859 step 3,006,464 ret 455.44 len 279.6 kl 0.0335* sps 1557 reach 0.17
upd 1469/5859 step 3,008,512 ret 459.28 len 275.3 kl 0.0272  sps 1557 reach 0.17
upd 1470/5859 step 3,010,560 ret 420.7 len 277.0 kl 0.0334* sps 1557 reach 0.17
upd 1471/5859 step 3,012,608 ret 417.13 len 274.1 kl 0.0302* sps 1557 reach 0.17
upd 1472/5859 step 3,014,656 ret 392.29 len 273.9 kl 0.0294  sps 1557 reach 0.17
upd 1473/5859 step 3,016,704 ret 432.01 len 278.8 kl 0.0240  sps 1557 reach 0.17
upd 1474/5859 step 3,018,752 ret 490.45 len 280.1 kl 0.0222  sps 1557 reach 0.17
upd 1475/5859 step 3,020,800 ret 465.59 len 280.1 kl 0.0256  sps 1558 reach 0.17
upd 1476/5859 step 3,022,848 ret 470.19 len 281.2 kl 0.0233  sps 1558 reach 0.17
upd 1477/5859 step 3,024,896 ret 496.8 len 282.5 kl 0.0264  sps 1558 reach 0.17
upd 1478/5859 step 3,026,944 ret 439.98 len 284.6 kl 0.0304* sps 1558 reach 0.17
upd 1479/5859 step 3,028,992 ret 439.74 len 283.7 kl 0.0265  sps 1558 reach 0.17
upd 1480/5859 step 3,031,040 ret 491.34 len 278.7 kl 0.0261  sps 1558 reach 0.17
upd 1481/5859 step 3,033,088 ret 506.06 len 281.9 kl 0.0260  sps 1558 reach 0.17
upd 1482/5859 step 3,035,136 ret 537.02 len 281.9 kl 0.0268  sps 1558 reach 0.17
upd 1483/5859 step 3,037,184 ret 565.91 len 278.1 kl 0.0270  sps 1558 reach 0.17
upd 1484/5859 step 3,039,232 ret 547.27 len 278.1 kl 0.0286  sps 1559 reach 0.17
upd 1485/5859 step 3,041,280 ret 527.87 len 280.6 kl 0.0263  sps 1559 reach 0.17
upd 1486/5859 step 3,043,328 ret 478.37 len 278.8 kl 0.0333* sps 1559 reach 0.17
upd 1487/5859 step 3,045,376 ret 433.43 len 277.4 kl 0.0255  sps 1559 reach 0.17
upd 1488/5859 step 3,047,424 ret 399.32 len 282.0 kl 0.0329* sps 1559 reach 0.17
upd 1489/5859 step 3,049,472 ret 416.09 len 282.0 kl 0.0214  sps 1560 reach 0.17
upd 1490/5859 step 3,051,520 ret 445.02 len 284.9 kl 0.0281  sps 1559 reach 0.17
upd 1491/5859 step 3,053,568 ret 483.76 len 286.1 kl 0.0256  sps 1559 reach 0.17
upd 1492/5859 step 3,055,616 ret 493.52 len 291.0 kl 0.0325* sps 1559 reach 0.17
upd 1493/5859 step 3,057,664 ret 533.68 len 291.4 kl 0.0209  sps 1559 reach 0.17
upd 1494/5859 step 3,059,712 ret 514.38 len 291.4 kl 0.0294  sps 1560 reach 0.17
upd 1495/5859 step 3,061,760 ret 501.29 len 291.4 kl 0.0236  sps 1560 reach 0.17
upd 1496/5859 step 3,063,808 ret 473.23 len 294.7 kl 0.0253  sps 1560 reach 0.18
upd 1497/5859 step 3,065,856 ret 466.19 len 283.4 kl 0.0239  sps 1560 reach 0.18
upd 1498/5859 step 3,067,904 ret 445.11 len 279.7 kl 0.0233  sps 1561 reach 0.18
upd 1499/5859 step 3,069,952 ret 467.0 len 283.8 kl 0.0280  sps 1561 reach 0.18
upd 1500/5859 step 3,072,000 ret 516.38 len 283.8 kl 0.0261  sps 1561 reach 0.18
upd 1501/5859 step 3,074,048 ret 510.31 len 279.6 kl 0.0251  sps 1562 reach 0.18
upd 1502/5859 step 3,076,096 ret 489.01 len 279.6 kl 0.0305* sps 1562 reach 0.18
upd 1503/5859 step 3,078,144 ret 474.18 len 290.9 kl 0.0263  sps 1562 reach 0.18
upd 1504/5859 step 3,080,192 ret 499.94 len 288.4 kl 0.0202  sps 1563 reach 0.18
upd 1505/5859 step 3,082,240 ret 469.88 len 278.6 kl 0.0266  sps 1563 reach 0.18
upd 1506/5859 step 3,084,288 ret 490.81 len 278.6 kl 0.0312* sps 1563 reach 0.18
upd 1507/5859 step 3,086,336 ret 502.62 len 278.6 kl 0.0242  sps 1564 reach 0.18
upd 1508/5859 step 3,088,384 ret 496.17 len 271.9 kl 0.0232  sps 1564 reach 0.18
upd 1509/5859 step 3,090,432 ret 461.66 len 276.6 kl 0.0253  sps 1564 reach 0.18
upd 1510/5859 step 3,092,480 ret 492.81 len 289.1 kl 0.0245  sps 1565 reach 0.18
upd 1511/5859 step 3,094,528 ret 466.52 len 284.1 kl 0.0280  sps 1565 reach 0.18
upd 1512/5859 step 3,096,576 ret 425.79 len 276.9 kl 0.0235  sps 1565 reach 0.18
upd 1513/5859 step 3,098,624 ret 442.03 len 282.2 kl 0.0314* sps 1565 reach 0.18
upd 1514/5859 step 3,100,672 ret 475.71 len 280.3 kl 0.0273  sps 1566 reach 0.18
upd 1515/5859 step 3,102,720 ret 456.68 len 274.9 kl 0.0271  sps 1566 reach 0.18
upd 1516/5859 step 3,104,768 ret 477.33 len 268.9 kl 0.0258  sps 1567 reach 0.18
upd 1517/5859 step 3,106,816 ret 462.97 len 266.9 kl 0.0279  sps 1567 reach 0.18
upd 1518/5859 step 3,108,864 ret 480.35 len 262.4 kl 0.0266  sps 1567 reach 0.18
upd 1519/5859 step 3,110,912 ret 493.77 len 267.8 kl 0.0325* sps 1568 reach 0.18
upd 1520/5859 step 3,112,960 ret 523.54 len 273.2 kl 0.0318* sps 1568 reach 0.18
upd 1521/5859 step 3,115,008 ret 542.76 len 280.2 kl 0.0208  sps 1568 reach 0.18
upd 1522/5859 step 3,117,056 ret 521.69 len 280.2 kl 0.0318* sps 1569 reach 0.18
upd 1523/5859 step 3,119,104 ret 549.97 len 286.7 kl 0.0303* sps 1569 reach 0.18
upd 1524/5859 step 3,121,152 ret 521.82 len 282.7 kl 0.0252  sps 1569 reach 0.18
upd 1525/5859 step 3,123,200 ret 506.77 len 276.6 kl 0.0218  sps 1569 reach 0.18
upd 1526/5859 step 3,125,248 ret 542.86 len 276.1 kl 0.0249  sps 1569 reach 0.18
upd 1527/5859 step 3,127,296 ret 562.8 len 270.4 kl 0.0277  sps 1569 reach 0.18
upd 1528/5859 step 3,129,344 ret 551.84 len 268.8 kl 0.0220  sps 1570 reach 0.18
upd 1529/5859 step 3,131,392 ret 576.76 len 278.7 kl 0.0313* sps 1570 reach 0.18
upd 1530/5859 step 3,133,440 ret 580.93 len 275.2 kl 0.0307* sps 1570 reach 0.18
upd 1531/5859 step 3,135,488 ret 550.98 len 284.8 kl 0.0330* sps 1570 reach 0.19
upd 1532/5859 step 3,137,536 ret 531.89 len 281.6 kl 0.0261  sps 1570 reach 0.19
upd 1533/5859 step 3,139,584 ret 482.6 len 277.9 kl 0.0311* sps 1570 reach 0.19
upd 1534/5859 step 3,141,632 ret 503.29 len 275.4 kl 0.0302* sps 1570 reach 0.19
upd 1535/5859 step 3,143,680 ret 488.04 len 266.6 kl 0.0261  sps 1570 reach 0.19
upd 1536/5859 step 3,145,728 ret 473.04 len 264.5 kl 0.0240  sps 1570 reach 0.19
upd 1537/5859 step 3,147,776 ret 456.32 len 273.6 kl 0.0233  sps 1570 reach 0.19
upd 1538/5859 step 3,149,824 ret 445.54 len 273.6 kl 0.0290  sps 1570 reach 0.19
upd 1539/5859 step 3,151,872 ret 473.96 len 284.3 kl 0.0285  sps 1570 reach 0.19
upd 1540/5859 step 3,153,920 ret 473.93 len 289.7 kl 0.0216  sps 1570 reach 0.19
upd 1541/5859 step 3,155,968 ret 487.14 len 293.3 kl 0.0244  sps 1570 reach 0.19
upd 1542/5859 step 3,158,016 ret 505.75 len 287.2 kl 0.0242  sps 1570 reach 0.19
upd 1543/5859 step 3,160,064 ret 486.84 len 283.1 kl 0.0349* sps 1570 reach 0.19
upd 1544/5859 step 3,162,112 ret 492.18 len 279.9 kl 0.0214  sps 1570 reach 0.19
upd 1545/5859 step 3,164,160 ret 489.33 len 275.5 kl 0.0268  sps 1570 reach 0.19
upd 1546/5859 step 3,166,208 ret 466.16 len 278.6 kl 0.0226  sps 1570 reach 0.19
upd 1547/5859 step 3,168,256 ret 480.62 len 274.7 kl 0.0261  sps 1571 reach 0.19
upd 1548/5859 step 3,170,304 ret 492.46 len 280.2 kl 0.0245  sps 1571 reach 0.19
upd 1549/5859 step 3,172,352 ret 503.72 len 283.4 kl 0.0306* sps 1571 reach 0.19
upd 1550/5859 step 3,174,400 ret 451.42 len 283.6 kl 0.0329* sps 1571 reach 0.19
upd 1551/5859 step 3,176,448 ret 455.2 len 285.2 kl 0.0365* sps 1571 reach 0.19
upd 1552/5859 step 3,178,496 ret 459.48 len 288.8 kl 0.0290  sps 1572 reach 0.19
upd 1553/5859 step 3,180,544 ret 488.88 len 288.8 kl 0.0259  sps 1572 reach 0.19
upd 1554/5859 step 3,182,592 ret 492.06 len 288.7 kl 0.0294  sps 1572 reach 0.19
upd 1555/5859 step 3,184,640 ret 514.21 len 288.7 kl 0.0277  sps 1572 reach 0.19
upd 1556/5859 step 3,186,688 ret 558.83 len 288.7 kl 0.0250  sps 1573 reach 0.19
upd 1557/5859 step 3,188,736 ret 535.51 len 286.6 kl 0.0256  sps 1573 reach 0.19
upd 1558/5859 step 3,190,784 ret 528.0 len 286.5 kl 0.0231  sps 1573 reach 0.19
upd 1559/5859 step 3,192,832 ret 507.54 len 286.4 kl 0.0290  sps 1573 reach 0.19
upd 1560/5859 step 3,194,880 ret 468.05 len 289.9 kl 0.0249  sps 1573 reach 0.19
upd 1561/5859 step 3,196,928 ret 448.05 len 287.2 kl 0.0301* sps 1574 reach 0.19
upd 1562/5859 step 3,198,976 ret 439.1 len 279.9 kl 0.0248  sps 1574 reach 0.19
upd 1563/5859 step 3,201,024 ret 444.49 len 288.5 kl 0.0211  sps 1574 reach 0.19
upd 1564/5859 step 3,203,072 ret 484.13 len 288.5 kl 0.0219  sps 1574 reach 0.19
upd 1565/5859 step 3,205,120 ret 517.8 len 287.8 kl 0.0234  sps 1575 reach 0.19
upd 1566/5859 step 3,207,168 ret 499.15 len 283.1 kl 0.0253  sps 1575 reach 0.20
upd 1567/5859 step 3,209,216 ret 511.82 len 289.6 kl 0.0238  sps 1575 reach 0.20
upd 1568/5859 step 3,211,264 ret 507.66 len 281.6 kl 0.0298  sps 1576 reach 0.20
upd 1569/5859 step 3,213,312 ret 527.49 len 281.6 kl 0.0243  sps 1576 reach 0.20
upd 1570/5859 step 3,215,360 ret 480.02 len 278.8 kl 0.0254  sps 1576 reach 0.20
upd 1571/5859 step 3,217,408 ret 435.53 len 285.6 kl 0.0323* sps 1577 reach 0.20
upd 1572/5859 step 3,219,456 ret 473.61 len 285.6 kl 0.0326* sps 1577 reach 0.20
upd 1573/5859 step 3,221,504 ret 476.73 len 291.2 kl 0.0274  sps 1577 reach 0.20
upd 1574/5859 step 3,223,552 ret 423.34 len 293.2 kl 0.0312* sps 1578 reach 0.20
upd 1575/5859 step 3,225,600 ret 409.39 len 293.2 kl 0.0268  sps 1578 reach 0.20
upd 1576/5859 step 3,227,648 ret 402.65 len 286.7 kl 0.0317* sps 1578 reach 0.20
upd 1577/5859 step 3,229,696 ret 415.52 len 279.3 kl 0.0211  sps 1578 reach 0.20
upd 1578/5859 step 3,231,744 ret 449.11 len 277.8 kl 0.0234  sps 1578 reach 0.20
upd 1579/5859 step 3,233,792 ret 445.18 len 276.6 kl 0.0260  sps 1578 reach 0.20
upd 1580/5859 step 3,235,840 ret 475.79 len 276.6 kl 0.0243  sps 1578 reach 0.20
upd 1581/5859 step 3,237,888 ret 509.14 len 278.8 kl 0.0295  sps 1578 reach 0.20
upd 1582/5859 step 3,239,936 ret 514.5 len 283.4 kl 0.0218  sps 1578 reach 0.20
upd 1583/5859 step 3,241,984 ret 529.22 len 288.3 kl 0.0243  sps 1579 reach 0.20
upd 1584/5859 step 3,244,032 ret 522.15 len 289.9 kl 0.0255  sps 1579 reach 0.20
upd 1585/5859 step 3,246,080 ret 515.57 len 291.2 kl 0.0296  sps 1579 reach 0.20
upd 1586/5859 step 3,248,128 ret 514.98 len 286.7 kl 0.0253  sps 1579 reach 0.20
upd 1587/5859 step 3,250,176 ret 520.19 len 286.7 kl 0.0281  sps 1579 reach 0.20
upd 1588/5859 step 3,252,224 ret 538.66 len 285.6 kl 0.0269  sps 1579 reach 0.20
upd 1589/5859 step 3,254,272 ret 556.73 len 285.6 kl 0.0229  sps 1580 reach 0.20
upd 1590/5859 step 3,256,320 ret 585.74 len 287.2 kl 0.0276  sps 1580 reach 0.20
upd 1591/5859 step 3,258,368 ret 566.62 len 292.6 kl 0.0267  sps 1580 reach 0.20
upd 1592/5859 step 3,260,416 ret 590.11 len 291.4 kl 0.0230  sps 1581 reach 0.20
upd 1593/5859 step 3,262,464 ret 539.99 len 288.6 kl 0.0235  sps 1581 reach 0.20
upd 1594/5859 step 3,264,512 ret 509.65 len 286.5 kl 0.0302* sps 1581 reach 0.20
upd 1595/5859 step 3,266,560 ret 478.47 len 279.7 kl 0.0212  sps 1582 reach 0.20
upd 1596/5859 step 3,268,608 ret 497.04 len 281.2 kl 0.0327* sps 1582 reach 0.20
upd 1597/5859 step 3,270,656 ret 502.74 len 285.3 kl 0.0230  sps 1582 reach 0.20
upd 1598/5859 step 3,272,704 ret 544.27 len 285.8 kl 0.0217  sps 1583 reach 0.20
upd 1599/5859 step 3,274,752 ret 572.68 len 281.0 kl 0.0240  sps 1583 reach 0.20
upd 1600/5859 step 3,276,800 ret 593.63 len 283.1 kl 0.0232  sps 1583 reach 0.20
upd 1601/5859 step 3,278,848 ret 595.8 len 290.6 kl 0.0323* sps 1584 reach 0.21
upd 1602/5859 step 3,280,896 ret 585.1 len 291.4 kl 0.0280  sps 1584 reach 0.21
upd 1603/5859 step 3,282,944 ret 534.8 len 291.4 kl 0.0242  sps 1584 reach 0.21
upd 1604/5859 step 3,284,992 ret 502.04 len 296.1 kl 0.0256  sps 1585 reach 0.21
upd 1605/5859 step 3,287,040 ret 489.0 len 296.1 kl 0.0276  sps 1585 reach 0.21
upd 1606/5859 step 3,289,088 ret 443.26 len 293.1 kl 0.0307* sps 1585 reach 0.21
upd 1607/5859 step 3,291,136 ret 474.72 len 286.9 kl 0.0221  sps 1585 reach 0.21
upd 1608/5859 step 3,293,184 ret 494.26 len 286.9 kl 0.0311* sps 1585 reach 0.21
upd 1609/5859 step 3,295,232 ret 501.6 len 286.9 kl 0.0226  sps 1586 reach 0.21
upd 1610/5859 step 3,297,280 ret 503.65 len 289.3 kl 0.0267  sps 1586 reach 0.21
upd 1611/5859 step 3,299,328 ret 568.22 len 284.6 kl 0.0310* sps 1586 reach 0.21
upd 1612/5859 step 3,301,376 ret 548.42 len 288.1 kl 0.0206  sps 1586 reach 0.21
upd 1613/5859 step 3,303,424 ret 536.64 len 288.5 kl 0.0243  sps 1586 reach 0.21
upd 1614/5859 step 3,305,472 ret 547.06 len 288.5 kl 0.0279  sps 1586 reach 0.21
upd 1615/5859 step 3,307,520 ret 496.36 len 288.5 kl 0.0332* sps 1587 reach 0.21
upd 1616/5859 step 3,309,568 ret 503.73 len 289.3 kl 0.0223  sps 1587 reach 0.21
upd 1617/5859 step 3,311,616 ret 492.49 len 289.8 kl 0.0248  sps 1587 reach 0.21
upd 1618/5859 step 3,313,664 ret 482.48 len 292.4 kl 0.0239  sps 1587 reach 0.21
upd 1619/5859 step 3,315,712 ret 481.45 len 296.6 kl 0.0356* sps 1587 reach 0.21
upd 1620/5859 step 3,317,760 ret 526.45 len 294.0 kl 0.0217  sps 1588 reach 0.21
upd 1621/5859 step 3,319,808 ret 539.78 len 291.8 kl 0.0313* sps 1588 reach 0.21
upd 1622/5859 step 3,321,856 ret 530.36 len 292.5 kl 0.0200  sps 1588 reach 0.21
upd 1623/5859 step 3,323,904 ret 501.46 len 290.4 kl 0.0238  sps 1588 reach 0.21
upd 1624/5859 step 3,325,952 ret 463.78 len 286.3 kl 0.0319* sps 1588 reach 0.21
upd 1625/5859 step 3,328,000 ret 446.11 len 286.3 kl 0.0233  sps 1589 reach 0.21
upd 1626/5859 step 3,330,048 ret 396.99 len 283.2 kl 0.0262  sps 1589 reach 0.21
upd 1627/5859 step 3,332,096 ret 429.0 len 285.5 kl 0.0286  sps 1589 reach 0.21
upd 1628/5859 step 3,334,144 ret 440.73 len 285.5 kl 0.0264  sps 1589 reach 0.21
upd 1629/5859 step 3,336,192 ret 463.96 len 290.2 kl 0.0263  sps 1589 reach 0.21
upd 1630/5859 step 3,338,240 ret 498.0 len 293.8 kl 0.0275  sps 1589 reach 0.21
upd 1631/5859 step 3,340,288 ret 505.03 len 290.4 kl 0.0314* sps 1589 reach 0.21
upd 1632/5859 step 3,342,336 ret 534.33 len 293.4 kl 0.0241  sps 1589 reach 0.21
upd 1633/5859 step 3,344,384 ret 484.21 len 293.4 kl 0.0223  sps 1590 reach 0.21
upd 1634/5859 step 3,346,432 ret 503.03 len 283.6 kl 0.0238  sps 1590 reach 0.21
upd 1635/5859 step 3,348,480 ret 488.18 len 282.7 kl 0.0242  sps 1590 reach 0.21
upd 1636/5859 step 3,350,528 ret 509.01 len 286.6 kl 0.0254  sps 1590 reach 0.22
upd 1637/5859 step 3,352,576 ret 546.05 len 287.8 kl 0.0240  sps 1590 reach 0.22
upd 1638/5859 step 3,354,624 ret 545.48 len 287.8 kl 0.0213  sps 1590 reach 0.22
upd 1639/5859 step 3,356,672 ret 592.46 len 292.1 kl 0.0221  sps 1591 reach 0.22
upd 1640/5859 step 3,358,720 ret 567.97 len 291.7 kl 0.0195  sps 1591 reach 0.22
upd 1641/5859 step 3,360,768 ret 562.27 len 292.6 kl 0.0231  sps 1591 reach 0.22
upd 1642/5859 step 3,362,816 ret 558.51 len 288.4 kl 0.0213  sps 1591 reach 0.22
upd 1643/5859 step 3,364,864 ret 526.96 len 285.3 kl 0.0276  sps 1591 reach 0.22
upd 1644/5859 step 3,366,912 ret 526.97 len 282.6 kl 0.0217  sps 1591 reach 0.22
upd 1645/5859 step 3,368,960 ret 499.39 len 286.8 kl 0.0322* sps 1591 reach 0.22
upd 1646/5859 step 3,371,008 ret 465.74 len 281.9 kl 0.0231  sps 1591 reach 0.22
upd 1647/5859 step 3,373,056 ret 493.45 len 282.5 kl 0.0260  sps 1591 reach 0.22
upd 1648/5859 step 3,375,104 ret 464.64 len 280.2 kl 0.0297  sps 1592 reach 0.22
upd 1649/5859 step 3,377,152 ret 481.18 len 284.9 kl 0.0219  sps 1592 reach 0.22
upd 1650/5859 step 3,379,200 ret 491.32 len 281.0 kl 0.0214  sps 1592 reach 0.22
upd 1651/5859 step 3,381,248 ret 490.02 len 278.6 kl 0.0335* sps 1592 reach 0.22
upd 1652/5859 step 3,383,296 ret 468.2 len 284.9 kl 0.0239  sps 1592 reach 0.22
upd 1653/5859 step 3,385,344 ret 442.89 len 289.1 kl 0.0293  sps 1592 reach 0.22
upd 1654/5859 step 3,387,392 ret 425.4 len 284.5 kl 0.0292  sps 1592 reach 0.22
upd 1655/5859 step 3,389,440 ret 426.97 len 280.4 kl 0.0191  sps 1592 reach 0.22
upd 1656/5859 step 3,391,488 ret 427.87 len 286.8 kl 0.0275  sps 1592 reach 0.22
upd 1657/5859 step 3,393,536 ret 470.3 len 287.2 kl 0.0246  sps 1592 reach 0.22
upd 1658/5859 step 3,395,584 ret 468.55 len 287.2 kl 0.0272  sps 1592 reach 0.22
upd 1659/5859 step 3,397,632 ret 474.73 len 282.6 kl 0.0308* sps 1592 reach 0.22
upd 1660/5859 step 3,399,680 ret 469.56 len 288.3 kl 0.0256  sps 1592 reach 0.22
upd 1661/5859 step 3,401,728 ret 460.04 len 290.0 kl 0.0261  sps 1592 reach 0.22
upd 1662/5859 step 3,403,776 ret 411.38 len 285.0 kl 0.0282  sps 1592 reach 0.22
upd 1663/5859 step 3,405,824 ret 392.16 len 284.9 kl 0.0266  sps 1592 reach 0.22
upd 1664/5859 step 3,407,872 ret 419.43 len 284.9 kl 0.0267  sps 1592 reach 0.22
upd 1665/5859 step 3,409,920 ret 401.07 len 294.0 kl 0.0276  sps 1592 reach 0.22
upd 1666/5859 step 3,411,968 ret 449.59 len 294.0 kl 0.0257  sps 1592 reach 0.22
upd 1667/5859 step 3,414,016 ret 466.85 len 283.9 kl 0.0242  sps 1592 reach 0.22
upd 1668/5859 step 3,416,064 ret 455.03 len 286.9 kl 0.0259  sps 1592 reach 0.22
upd 1669/5859 step 3,418,112 ret 426.86 len 287.6 kl 0.0265  sps 1592 reach 0.22
upd 1670/5859 step 3,420,160 ret 463.84 len 284.8 kl 0.0272  sps 1593 reach 0.22
upd 1671/5859 step 3,422,208 ret 449.52 len 280.3 kl 0.0193  sps 1593 reach 0.23
upd 1672/5859 step 3,424,256 ret 402.89 len 277.7 kl 0.0233  sps 1593 reach 0.23
upd 1673/5859 step 3,426,304 ret 454.81 len 283.6 kl 0.0246  sps 1593 reach 0.23
upd 1674/5859 step 3,428,352 ret 476.24 len 278.7 kl 0.0219  sps 1593 reach 0.23
upd 1675/5859 step 3,430,400 ret 459.78 len 278.0 kl 0.0233  sps 1593 reach 0.23
upd 1676/5859 step 3,432,448 ret 461.5 len 278.0 kl 0.0240  sps 1594 reach 0.23
upd 1677/5859 step 3,434,496 ret 457.02 len 284.8 kl 0.0271  sps 1594 reach 0.23
upd 1678/5859 step 3,436,544 ret 464.92 len 284.8 kl 0.0199  sps 1594 reach 0.23
upd 1679/5859 step 3,438,592 ret 477.94 len 291.8 kl 0.0245  sps 1594 reach 0.23
upd 1680/5859 step 3,440,640 ret 453.93 len 290.7 kl 0.0242  sps 1594 reach 0.23
upd 1681/5859 step 3,442,688 ret 467.44 len 284.5 kl 0.0264  sps 1594 reach 0.23
upd 1682/5859 step 3,444,736 ret 481.57 len 277.9 kl 0.0196  sps 1594 reach 0.23
upd 1683/5859 step 3,446,784 ret 424.09 len 273.4 kl 0.0253  sps 1594 reach 0.23
upd 1684/5859 step 3,448,832 ret 406.25 len 262.4 kl 0.0206  sps 1594 reach 0.23
upd 1685/5859 step 3,450,880 ret 417.95 len 262.4 kl 0.0276  sps 1594 reach 0.23
upd 1686/5859 step 3,452,928 ret 424.39 len 271.4 kl 0.0320* sps 1594 reach 0.23
upd 1687/5859 step 3,454,976 ret 430.82 len 277.6 kl 0.0242  sps 1595 reach 0.23
upd 1688/5859 step 3,457,024 ret 444.02 len 279.8 kl 0.0227  sps 1595 reach 0.23
upd 1689/5859 step 3,459,072 ret 453.37 len 277.7 kl 0.0244  sps 1595 reach 0.23
upd 1690/5859 step 3,461,120 ret 408.96 len 286.0 kl 0.0283  sps 1595 reach 0.23
upd 1691/5859 step 3,463,168 ret 428.25 len 283.0 kl 0.0243  sps 1595 reach 0.23
upd 1692/5859 step 3,465,216 ret 443.55 len 278.0 kl 0.0381* sps 1595 reach 0.23
upd 1693/5859 step 3,467,264 ret 449.34 len 279.1 kl 0.0316* sps 1595 reach 0.23
upd 1694/5859 step 3,469,312 ret 441.28 len 285.6 kl 0.0263  sps 1595 reach 0.23
upd 1695/5859 step 3,471,360 ret 439.72 len 286.9 kl 0.0274  sps 1595 reach 0.23
upd 1696/5859 step 3,473,408 ret 456.74 len 285.2 kl 0.0233  sps 1595 reach 0.23
upd 1697/5859 step 3,475,456 ret 476.73 len 287.6 kl 0.0223  sps 1595 reach 0.23
upd 1698/5859 step 3,477,504 ret 461.61 len 293.0 kl 0.0266  sps 1595 reach 0.23
upd 1699/5859 step 3,479,552 ret 463.73 len 293.0 kl 0.0300  sps 1595 reach 0.23
upd 1700/5859 step 3,481,600 ret 470.7 len 293.0 kl 0.0213  sps 1595 reach 0.23
upd 1701/5859 step 3,483,648 ret 527.27 len 294.0 kl 0.0228  sps 1595 reach 0.23
upd 1702/5859 step 3,485,696 ret 522.93 len 298.6 kl 0.0243  sps 1595 reach 0.23
upd 1703/5859 step 3,487,744 ret 515.96 len 298.6 kl 0.0306* sps 1595 reach 0.23
upd 1704/5859 step 3,489,792 ret 566.5 len 300.0 kl 0.0276  sps 1595 reach 0.23
upd 1705/5859 step 3,491,840 ret 548.32 len 294.1 kl 0.0297  sps 1595 reach 0.23
upd 1706/5859 step 3,493,888 ret 554.96 len 288.2 kl 0.0267  sps 1595 reach 0.23
upd 1707/5859 step 3,495,936 ret 539.44 len 278.7 kl 0.0274  sps 1595 reach 0.24
upd 1708/5859 step 3,497,984 ret 543.89 len 278.7 kl 0.0240  sps 1595 reach 0.24
upd 1709/5859 step 3,500,032 ret 516.6 len 276.3 kl 0.0322* sps 1595 reach 0.24
upd 1710/5859 step 3,502,080 ret 481.98 len 274.2 kl 0.0233  sps 1595 reach 0.24
upd 1711/5859 step 3,504,128 ret 489.58 len 281.4 kl 0.0232  sps 1595 reach 0.24
upd 1712/5859 step 3,506,176 ret 494.68 len 280.0 kl 0.0214  sps 1596 reach 0.24
upd 1713/5859 step 3,508,224 ret 527.29 len 281.1 kl 0.0218  sps 1596 reach 0.24
upd 1714/5859 step 3,510,272 ret 510.26 len 279.4 kl 0.0328* sps 1596 reach 0.24
upd 1715/5859 step 3,512,320 ret 522.25 len 284.5 kl 0.0312* sps 1596 reach 0.24
upd 1716/5859 step 3,514,368 ret 437.64 len 284.6 kl 0.0268  sps 1596 reach 0.24
upd 1717/5859 step 3,516,416 ret 411.33 len 289.5 kl 0.0321* sps 1596 reach 0.24
upd 1718/5859 step 3,518,464 ret 390.06 len 284.7 kl 0.0241  sps 1596 reach 0.24
upd 1719/5859 step 3,520,512 ret 361.22 len 287.2 kl 0.0224  sps 1596 reach 0.24
upd 1720/5859 step 3,522,560 ret 373.06 len 290.6 kl 0.0255  sps 1596 reach 0.24
upd 1721/5859 step 3,524,608 ret 367.74 len 286.9 kl 0.0302* sps 1596 reach 0.24
upd 1722/5859 step 3,526,656 ret 422.78 len 282.8 kl 0.0216  sps 1596 reach 0.24
upd 1723/5859 step 3,528,704 ret 417.93 len 280.2 kl 0.0240  sps 1596 reach 0.24
upd 1724/5859 step 3,530,752 ret 408.1 len 285.9 kl 0.0250  sps 1596 reach 0.24
upd 1725/5859 step 3,532,800 ret 444.33 len 268.9 kl 0.0271  sps 1596 reach 0.24
upd 1726/5859 step 3,534,848 ret 439.32 len 272.6 kl 0.0228  sps 1596 reach 0.24
upd 1727/5859 step 3,536,896 ret 442.23 len 276.7 kl 0.0317* sps 1596 reach 0.24
upd 1728/5859 step 3,538,944 ret 413.82 len 270.1 kl 0.0236  sps 1596 reach 0.24
upd 1729/5859 step 3,540,992 ret 413.94 len 269.1 kl 0.0301* sps 1596 reach 0.24
upd 1730/5859 step 3,543,040 ret 424.6 len 273.1 kl 0.0275  sps 1596 reach 0.24
upd 1731/5859 step 3,545,088 ret 422.48 len 281.5 kl 0.0267  sps 1596 reach 0.24
upd 1732/5859 step 3,547,136 ret 455.22 len 275.7 kl 0.0187  sps 1596 reach 0.24
upd 1733/5859 step 3,549,184 ret 467.18 len 279.8 kl 0.0253  sps 1596 reach 0.24
upd 1734/5859 step 3,551,232 ret 489.95 len 278.3 kl 0.0266  sps 1596 reach 0.24
upd 1735/5859 step 3,553,280 ret 478.13 len 286.5 kl 0.0237  sps 1596 reach 0.24
upd 1736/5859 step 3,555,328 ret 441.07 len 286.5 kl 0.0262  sps 1596 reach 0.24
upd 1737/5859 step 3,557,376 ret 445.91 len 284.5 kl 0.0218  sps 1596 reach 0.24
upd 1738/5859 step 3,559,424 ret 453.74 len 284.4 kl 0.0203  sps 1597 reach 0.24
upd 1739/5859 step 3,561,472 ret 430.04 len 286.9 kl 0.0199  sps 1597 reach 0.24
upd 1740/5859 step 3,563,520 ret 403.17 len 275.8 kl 0.0307* sps 1597 reach 0.24
upd 1741/5859 step 3,565,568 ret 426.28 len 275.8 kl 0.0219  sps 1597 reach 0.24
upd 1742/5859 step 3,567,616 ret 406.07 len 276.1 kl 0.0272  sps 1597 reach 0.25
upd 1743/5859 step 3,569,664 ret 401.9 len 268.6 kl 0.0280  sps 1597 reach 0.25
upd 1744/5859 step 3,571,712 ret 394.55 len 268.1 kl 0.0212  sps 1597 reach 0.25
upd 1745/5859 step 3,573,760 ret 397.99 len 277.1 kl 0.0305* sps 1597 reach 0.25
upd 1746/5859 step 3,575,808 ret 412.35 len 284.4 kl 0.0221  sps 1597 reach 0.25
upd 1747/5859 step 3,577,856 ret 448.1 len 290.0 kl 0.0236  sps 1598 reach 0.25
upd 1748/5859 step 3,579,904 ret 438.78 len 283.9 kl 0.0208  sps 1598 reach 0.25
upd 1749/5859 step 3,581,952 ret 435.74 len 283.7 kl 0.0212  sps 1598 reach 0.25
upd 1750/5859 step 3,584,000 ret 475.44 len 281.0 kl 0.0244  sps 1598 reach 0.25
upd 1751/5859 step 3,586,048 ret 487.67 len 281.0 kl 0.0305* sps 1598 reach 0.25
upd 1752/5859 step 3,588,096 ret 479.57 len 279.9 kl 0.0201  sps 1598 reach 0.25
upd 1753/5859 step 3,590,144 ret 469.51 len 285.6 kl 0.0286  sps 1599 reach 0.25
upd 1754/5859 step 3,592,192 ret 477.47 len 290.2 kl 0.0293  sps 1599 reach 0.25
upd 1755/5859 step 3,594,240 ret 477.92 len 290.8 kl 0.0338* sps 1599 reach 0.25
upd 1756/5859 step 3,596,288 ret 477.85 len 289.6 kl 0.0294  sps 1599 reach 0.25
upd 1757/5859 step 3,598,336 ret 458.31 len 283.0 kl 0.0267  sps 1599 reach 0.25
upd 1758/5859 step 3,600,384 ret 481.65 len 281.4 kl 0.0206  sps 1599 reach 0.25
upd 1759/5859 step 3,602,432 ret 448.98 len 282.8 kl 0.0263  sps 1599 reach 0.25
upd 1760/5859 step 3,604,480 ret 448.88 len 278.2 kl 0.0303* sps 1599 reach 0.25
upd 1761/5859 step 3,606,528 ret 439.34 len 278.2 kl 0.0243  sps 1599 reach 0.25
upd 1762/5859 step 3,608,576 ret 445.05 len 278.8 kl 0.0214  sps 1599 reach 0.25
upd 1763/5859 step 3,610,624 ret 453.74 len 280.6 kl 0.0225  sps 1599 reach 0.25
upd 1764/5859 step 3,612,672 ret 475.58 len 277.5 kl 0.0250  sps 1600 reach 0.25
upd 1765/5859 step 3,614,720 ret 500.49 len 286.5 kl 0.0359* sps 1600 reach 0.25
upd 1766/5859 step 3,616,768 ret 455.82 len 284.5 kl 0.0289  sps 1600 reach 0.25
upd 1767/5859 step 3,618,816 ret 410.64 len 275.3 kl 0.0194  sps 1600 reach 0.25
upd 1768/5859 step 3,620,864 ret 401.56 len 270.8 kl 0.0282  sps 1600 reach 0.25
upd 1769/5859 step 3,622,912 ret 428.49 len 270.8 kl 0.0258  sps 1600 reach 0.25
upd 1770/5859 step 3,624,960 ret 382.99 len 272.9 kl 0.0314* sps 1600 reach 0.25
upd 1771/5859 step 3,627,008 ret 354.81 len 267.7 kl 0.0266  sps 1600 reach 0.25
upd 1772/5859 step 3,629,056 ret 388.91 len 276.4 kl 0.0242  sps 1600 reach 0.25
upd 1773/5859 step 3,631,104 ret 416.95 len 276.4 kl 0.0223  sps 1600 reach 0.25
upd 1774/5859 step 3,633,152 ret 401.64 len 283.7 kl 0.0333* sps 1601 reach 0.25
upd 1775/5859 step 3,635,200 ret 435.65 len 283.7 kl 0.0238  sps 1601 reach 0.25
upd 1776/5859 step 3,637,248 ret 451.18 len 281.4 kl 0.0200  sps 1601 reach 0.25
upd 1777/5859 step 3,639,296 ret 458.75 len 288.1 kl 0.0254  sps 1601 reach 0.26
upd 1778/5859 step 3,641,344 ret 454.89 len 284.1 kl 0.0231  sps 1601 reach 0.26
upd 1779/5859 step 3,643,392 ret 461.93 len 286.0 kl 0.0242  sps 1601 reach 0.26
upd 1780/5859 step 3,645,440 ret 459.35 len 286.2 kl 0.0254  sps 1601 reach 0.26
upd 1781/5859 step 3,647,488 ret 436.98 len 284.5 kl 0.0235  sps 1601 reach 0.26
upd 1782/5859 step 3,649,536 ret 439.08 len 287.0 kl 0.0225  sps 1601 reach 0.26
upd 1783/5859 step 3,651,584 ret 483.17 len 282.7 kl 0.0257  sps 1601 reach 0.26
upd 1784/5859 step 3,653,632 ret 503.2 len 289.3 kl 0.0236  sps 1602 reach 0.26
upd 1785/5859 step 3,655,680 ret 474.51 len 281.9 kl 0.0242  sps 1602 reach 0.26
upd 1786/5859 step 3,657,728 ret 483.78 len 279.2 kl 0.0255  sps 1602 reach 0.26
upd 1787/5859 step 3,659,776 ret 500.04 len 282.2 kl 0.0271  sps 1602 reach 0.26
upd 1788/5859 step 3,661,824 ret 474.75 len 278.3 kl 0.0221  sps 1602 reach 0.26
upd 1789/5859 step 3,663,872 ret 494.16 len 277.7 kl 0.0200  sps 1602 reach 0.26
upd 1790/5859 step 3,665,920 ret 462.7 len 277.8 kl 0.0319* sps 1602 reach 0.26
upd 1791/5859 step 3,667,968 ret 480.47 len 282.6 kl 0.0362* sps 1602 reach 0.26
upd 1792/5859 step 3,670,016 ret 462.55 len 280.4 kl 0.0230  sps 1602 reach 0.26
upd 1793/5859 step 3,672,064 ret 463.01 len 280.4 kl 0.0217  sps 1602 reach 0.26
upd 1794/5859 step 3,674,112 ret 457.24 len 283.6 kl 0.0221  sps 1602 reach 0.26
upd 1795/5859 step 3,676,160 ret 482.04 len 289.9 kl 0.0252  sps 1603 reach 0.26
upd 1796/5859 step 3,678,208 ret 507.03 len 292.6 kl 0.0214  sps 1603 reach 0.26
upd 1797/5859 step 3,680,256 ret 502.34 len 293.2 kl 0.0211  sps 1603 reach 0.26
upd 1798/5859 step 3,682,304 ret 537.09 len 295.4 kl 0.0228  sps 1603 reach 0.26
upd 1799/5859 step 3,684,352 ret 506.82 len 290.2 kl 0.0284  sps 1603 reach 0.26
upd 1800/5859 step 3,686,400 ret 531.5 len 288.7 kl 0.0203  sps 1603 reach 0.26
upd 1801/5859 step 3,688,448 ret 486.86 len 284.2 kl 0.0225  sps 1603 reach 0.26
upd 1802/5859 step 3,690,496 ret 460.13 len 280.9 kl 0.0318* sps 1603 reach 0.26
upd 1803/5859 step 3,692,544 ret 452.15 len 278.0 kl 0.0311* sps 1603 reach 0.26
upd 1804/5859 step 3,694,592 ret 474.24 len 278.0 kl 0.0269  sps 1603 reach 0.26
upd 1805/5859 step 3,696,640 ret 427.2 len 280.2 kl 0.0320* sps 1604 reach 0.26
upd 1806/5859 step 3,698,688 ret 448.06 len 284.9 kl 0.0264  sps 1604 reach 0.26
upd 1807/5859 step 3,700,736 ret 409.97 len 285.2 kl 0.0281  sps 1604 reach 0.26
upd 1808/5859 step 3,702,784 ret 439.23 len 293.1 kl 0.0220  sps 1604 reach 0.26
upd 1809/5859 step 3,704,832 ret 432.14 len 293.1 kl 0.0237  sps 1604 reach 0.26
upd 1810/5859 step 3,706,880 ret 453.67 len 287.1 kl 0.0238  sps 1604 reach 0.26
upd 1811/5859 step 3,708,928 ret 478.38 len 292.4 kl 0.0256  sps 1604 reach 0.26
upd 1812/5859 step 3,710,976 ret 487.63 len 285.1 kl 0.0275  sps 1604 reach 0.27
upd 1813/5859 step 3,713,024 ret 507.9 len 285.1 kl 0.0241  sps 1604 reach 0.27
upd 1814/5859 step 3,715,072 ret 476.14 len 278.7 kl 0.0199  sps 1604 reach 0.27
upd 1815/5859 step 3,717,120 ret 459.13 len 279.3 kl 0.0216  sps 1604 reach 0.27
upd 1816/5859 step 3,719,168 ret 466.34 len 274.9 kl 0.0300  sps 1604 reach 0.27
upd 1817/5859 step 3,721,216 ret 477.6 len 280.2 kl 0.0212  sps 1605 reach 0.27
upd 1818/5859 step 3,723,264 ret 470.03 len 283.9 kl 0.0308* sps 1604 reach 0.27
upd 1819/5859 step 3,725,312 ret 470.57 len 287.0 kl 0.0237  sps 1604 reach 0.27
upd 1820/5859 step 3,727,360 ret 484.2 len 288.6 kl 0.0199  sps 1604 reach 0.27
upd 1821/5859 step 3,729,408 ret 491.84 len 288.4 kl 0.0302* sps 1604 reach 0.27
upd 1822/5859 step 3,731,456 ret 485.77 len 291.0 kl 0.0223  sps 1605 reach 0.27
upd 1823/5859 step 3,733,504 ret 441.82 len 291.0 kl 0.0205  sps 1605 reach 0.27
upd 1824/5859 step 3,735,552 ret 460.16 len 291.0 kl 0.0288  sps 1605 reach 0.27
upd 1825/5859 step 3,737,600 ret 444.44 len 292.6 kl 0.0222  sps 1605 reach 0.27
upd 1826/5859 step 3,739,648 ret 433.29 len 283.7 kl 0.0247  sps 1605 reach 0.27
upd 1827/5859 step 3,741,696 ret 445.89 len 291.1 kl 0.0215  sps 1605 reach 0.27
upd 1828/5859 step 3,743,744 ret 476.15 len 290.9 kl 0.0239  sps 1605 reach 0.27
upd 1829/5859 step 3,745,792 ret 489.6 len 286.8 kl 0.0230  sps 1605 reach 0.27
upd 1830/5859 step 3,747,840 ret 501.06 len 286.8 kl 0.0229  sps 1605 reach 0.27
upd 1831/5859 step 3,749,888 ret 498.16 len 283.1 kl 0.0225  sps 1606 reach 0.27
upd 1832/5859 step 3,751,936 ret 463.39 len 282.9 kl 0.0202  sps 1606 reach 0.27
upd 1833/5859 step 3,753,984 ret 455.59 len 281.5 kl 0.0277  sps 1606 reach 0.27
upd 1834/5859 step 3,756,032 ret 430.39 len 274.8 kl 0.0189  sps 1606 reach 0.27
upd 1835/5859 step 3,758,080 ret 426.15 len 273.6 kl 0.0286  sps 1606 reach 0.27
upd 1836/5859 step 3,760,128 ret 368.99 len 265.9 kl 0.0299  sps 1606 reach 0.27
upd 1837/5859 step 3,762,176 ret 403.51 len 265.9 kl 0.0307* sps 1606 reach 0.27
upd 1838/5859 step 3,764,224 ret 447.67 len 276.6 kl 0.0289  sps 1606 reach 0.27
upd 1839/5859 step 3,766,272 ret 428.08 len 280.8 kl 0.0238  sps 1606 reach 0.27
upd 1840/5859 step 3,768,320 ret 450.58 len 266.9 kl 0.0262  sps 1607 reach 0.27
upd 1841/5859 step 3,770,368 ret 488.38 len 271.9 kl 0.0300* sps 1607 reach 0.27
upd 1842/5859 step 3,772,416 ret 509.31 len 266.9 kl 0.0220  sps 1607 reach 0.27
upd 1843/5859 step 3,774,464 ret 478.36 len 266.9 kl 0.0311* sps 1607 reach 0.27
upd 1844/5859 step 3,776,512 ret 466.06 len 266.9 kl 0.0264  sps 1607 reach 0.27
upd 1845/5859 step 3,778,560 ret 476.6 len 277.7 kl 0.0280  sps 1607 reach 0.27
upd 1846/5859 step 3,780,608 ret 466.27 len 278.9 kl 0.0227  sps 1607 reach 0.27
upd 1847/5859 step 3,782,656 ret 423.42 len 284.1 kl 0.0239  sps 1606 reach 0.28
upd 1848/5859 step 3,784,704 ret 448.08 len 282.1 kl 0.0256  sps 1606 reach 0.28
upd 1849/5859 step 3,786,752 ret 449.06 len 282.1 kl 0.0266  sps 1607 reach 0.28
upd 1850/5859 step 3,788,800 ret 474.08 len 274.2 kl 0.0259  sps 1606 reach 0.28
upd 1851/5859 step 3,790,848 ret 418.79 len 278.9 kl 0.0248  sps 1607 reach 0.28
upd 1852/5859 step 3,792,896 ret 441.98 len 281.2 kl 0.0234  sps 1607 reach 0.28
upd 1853/5859 step 3,794,944 ret 410.11 len 284.5 kl 0.0369* sps 1607 reach 0.28
upd 1854/5859 step 3,796,992 ret 372.1 len 285.2 kl 0.0277  sps 1607 reach 0.28
upd 1855/5859 step 3,799,040 ret 396.24 len 279.2 kl 0.0205  sps 1607 reach 0.28
upd 1856/5859 step 3,801,088 ret 429.91 len 284.2 kl 0.0265  sps 1607 reach 0.28
upd 1857/5859 step 3,803,136 ret 441.82 len 289.6 kl 0.0271  sps 1607 reach 0.28
upd 1858/5859 step 3,805,184 ret 469.33 len 282.5 kl 0.0248  sps 1607 reach 0.28
upd 1859/5859 step 3,807,232 ret 511.79 len 279.9 kl 0.0288  sps 1607 reach 0.28
upd 1860/5859 step 3,809,280 ret 501.32 len 279.9 kl 0.0249  sps 1607 reach 0.28
upd 1861/5859 step 3,811,328 ret 479.38 len 283.2 kl 0.0260  sps 1607 reach 0.28
upd 1862/5859 step 3,813,376 ret 432.61 len 282.1 kl 0.0262  sps 1607 reach 0.28
upd 1863/5859 step 3,815,424 ret 405.26 len 281.4 kl 0.0255  sps 1607 reach 0.28
upd 1864/5859 step 3,817,472 ret 422.34 len 285.9 kl 0.0280  sps 1607 reach 0.28
upd 1865/5859 step 3,819,520 ret 450.61 len 285.9 kl 0.0250  sps 1607 reach 0.28
upd 1866/5859 step 3,821,568 ret 423.02 len 277.7 kl 0.0317* sps 1607 reach 0.28
upd 1867/5859 step 3,823,616 ret 458.01 len 280.3 kl 0.0263  sps 1607 reach 0.28
upd 1868/5859 step 3,825,664 ret 460.08 len 280.3 kl 0.0328* sps 1607 reach 0.28
upd 1869/5859 step 3,827,712 ret 411.72 len 276.6 kl 0.0216  sps 1607 reach 0.28
upd 1870/5859 step 3,829,760 ret 402.13 len 273.8 kl 0.0263  sps 1607 reach 0.28
upd 1871/5859 step 3,831,808 ret 419.88 len 281.4 kl 0.0236  sps 1607 reach 0.28
upd 1872/5859 step 3,833,856 ret 384.04 len 276.5 kl 0.0229  sps 1607 reach 0.28
upd 1873/5859 step 3,835,904 ret 405.58 len 279.4 kl 0.0259  sps 1607 reach 0.28
upd 1874/5859 step 3,837,952 ret 452.12 len 283.6 kl 0.0220  sps 1607 reach 0.28
upd 1875/5859 step 3,840,000 ret 435.2 len 282.1 kl 0.0252  sps 1607 reach 0.28
upd 1876/5859 step 3,842,048 ret 438.3 len 288.3 kl 0.0270  sps 1607 reach 0.28
upd 1877/5859 step 3,844,096 ret 391.91 len 288.8 kl 0.0250  sps 1607 reach 0.28
upd 1878/5859 step 3,846,144 ret 410.42 len 290.1 kl 0.0251  sps 1607 reach 0.28
upd 1879/5859 step 3,848,192 ret 422.86 len 290.1 kl 0.0280  sps 1607 reach 0.28
upd 1880/5859 step 3,850,240 ret 360.19 len 286.8 kl 0.0243  sps 1607 reach 0.28
upd 1881/5859 step 3,852,288 ret 375.57 len 292.5 kl 0.0271  sps 1607 reach 0.28
upd 1882/5859 step 3,854,336 ret 370.61 len 292.5 kl 0.0239  sps 1607 reach 0.29
upd 1883/5859 step 3,856,384 ret 442.23 len 292.2 kl 0.0288  sps 1607 reach 0.29
upd 1884/5859 step 3,858,432 ret 474.66 len 292.5 kl 0.0249  sps 1607 reach 0.29
upd 1885/5859 step 3,860,480 ret 476.43 len 288.9 kl 0.0275  sps 1607 reach 0.29
upd 1886/5859 step 3,862,528 ret 493.05 len 289.9 kl 0.0210  sps 1607 reach 0.29
upd 1887/5859 step 3,864,576 ret 513.68 len 283.1 kl 0.0265  sps 1607 reach 0.29
upd 1888/5859 step 3,866,624 ret 505.53 len 286.2 kl 0.0346* sps 1607 reach 0.29
upd 1889/5859 step 3,868,672 ret 433.1 len 271.9 kl 0.0251  sps 1607 reach 0.29
upd 1890/5859 step 3,870,720 ret 453.5 len 271.9 kl 0.0261  sps 1607 reach 0.29
upd 1891/5859 step 3,872,768 ret 416.58 len 278.9 kl 0.0211  sps 1607 reach 0.29
upd 1892/5859 step 3,874,816 ret 358.23 len 278.7 kl 0.0247  sps 1607 reach 0.29
upd 1893/5859 step 3,876,864 ret 373.29 len 278.2 kl 0.0256  sps 1608 reach 0.29
upd 1894/5859 step 3,878,912 ret 358.77 len 283.5 kl 0.0251  sps 1608 reach 0.29
upd 1895/5859 step 3,880,960 ret 400.65 len 283.1 kl 0.0216  sps 1608 reach 0.29
upd 1896/5859 step 3,883,008 ret 417.73 len 275.0 kl 0.0231  sps 1608 reach 0.29
upd 1897/5859 step 3,885,056 ret 469.71 len 275.0 kl 0.0221  sps 1608 reach 0.29
upd 1898/5859 step 3,887,104 ret 466.17 len 281.1 kl 0.0233  sps 1608 reach 0.29
upd 1899/5859 step 3,889,152 ret 468.85 len 282.4 kl 0.0280  sps 1608 reach 0.29
upd 1900/5859 step 3,891,200 ret 502.4 len 288.5 kl 0.0203  sps 1608 reach 0.29
upd 1901/5859 step 3,893,248 ret 490.73 len 291.9 kl 0.0228  sps 1608 reach 0.29
upd 1902/5859 step 3,895,296 ret 499.79 len 294.2 kl 0.0233  sps 1608 reach 0.29
upd 1903/5859 step 3,897,344 ret 560.15 len 288.4 kl 0.0229  sps 1609 reach 0.29
upd 1904/5859 step 3,899,392 ret 561.5 len 288.4 kl 0.0360* sps 1609 reach 0.29
upd 1905/5859 step 3,901,440 ret 524.07 len 287.3 kl 0.0265  sps 1609 reach 0.29
upd 1906/5859 step 3,903,488 ret 503.38 len 283.6 kl 0.0246  sps 1609 reach 0.29
upd 1907/5859 step 3,905,536 ret 498.23 len 283.6 kl 0.0259  sps 1609 reach 0.29
upd 1908/5859 step 3,907,584 ret 513.35 len 287.6 kl 0.0206  sps 1609 reach 0.29
upd 1909/5859 step 3,909,632 ret 485.5 len 290.1 kl 0.0267  sps 1609 reach 0.29
upd 1910/5859 step 3,911,680 ret 446.87 len 287.5 kl 0.0229  sps 1609 reach 0.29
upd 1911/5859 step 3,913,728 ret 447.08 len 286.1 kl 0.0312* sps 1609 reach 0.29
upd 1912/5859 step 3,915,776 ret 468.45 len 287.2 kl 0.0215  sps 1609 reach 0.29
upd 1913/5859 step 3,917,824 ret 424.88 len 287.2 kl 0.0279  sps 1610 reach 0.29
upd 1914/5859 step 3,919,872 ret 457.52 len 285.8 kl 0.0257  sps 1609 reach 0.29
upd 1915/5859 step 3,921,920 ret 447.12 len 286.8 kl 0.0257  sps 1609 reach 0.29
upd 1916/5859 step 3,923,968 ret 452.97 len 285.6 kl 0.0219  sps 1609 reach 0.29
upd 1917/5859 step 3,926,016 ret 448.76 len 283.4 kl 0.0218  sps 1609 reach 0.29
upd 1918/5859 step 3,928,064 ret 441.44 len 274.9 kl 0.0199  sps 1609 reach 0.30
upd 1919/5859 step 3,930,112 ret 444.06 len 269.7 kl 0.0227  sps 1610 reach 0.30
upd 1920/5859 step 3,932,160 ret 429.41 len 259.6 kl 0.0187  sps 1610 reach 0.30
upd 1921/5859 step 3,934,208 ret 425.71 len 257.4 kl 0.0176  sps 1610 reach 0.30
upd 1922/5859 step 3,936,256 ret 406.31 len 259.4 kl 0.0308* sps 1610 reach 0.30
upd 1923/5859 step 3,938,304 ret 426.74 len 261.5 kl 0.0245  sps 1610 reach 0.30
upd 1924/5859 step 3,940,352 ret 419.13 len 259.4 kl 0.0265  sps 1610 reach 0.30
upd 1925/5859 step 3,942,400 ret 401.38 len 267.4 kl 0.0323* sps 1610 reach 0.30
upd 1926/5859 step 3,944,448 ret 388.0 len 275.0 kl 0.0226  sps 1610 reach 0.30
upd 1927/5859 step 3,946,496 ret 430.87 len 272.6 kl 0.0252  sps 1610 reach 0.30
upd 1928/5859 step 3,948,544 ret 383.25 len 275.9 kl 0.0169  sps 1610 reach 0.30
upd 1929/5859 step 3,950,592 ret 372.28 len 280.2 kl 0.0251  sps 1610 reach 0.30
upd 1930/5859 step 3,952,640 ret 399.85 len 272.6 kl 0.0200  sps 1611 reach 0.30
upd 1931/5859 step 3,954,688 ret 393.8 len 272.6 kl 0.0248  sps 1611 reach 0.30
upd 1932/5859 step 3,956,736 ret 350.2 len 275.4 kl 0.0225  sps 1611 reach 0.30
upd 1933/5859 step 3,958,784 ret 344.79 len 270.1 kl 0.0251  sps 1611 reach 0.30
upd 1934/5859 step 3,960,832 ret 364.9 len 261.0 kl 0.0196  sps 1611 reach 0.30
upd 1935/5859 step 3,962,880 ret 367.49 len 268.3 kl 0.0259  sps 1611 reach 0.30
upd 1936/5859 step 3,964,928 ret 381.25 len 274.6 kl 0.0249  sps 1611 reach 0.30
upd 1937/5859 step 3,966,976 ret 451.62 len 277.6 kl 0.0223  sps 1611 reach 0.30
upd 1938/5859 step 3,969,024 ret 479.97 len 287.7 kl 0.0228  sps 1611 reach 0.30
upd 1939/5859 step 3,971,072 ret 458.58 len 288.0 kl 0.0215  sps 1611 reach 0.30
upd 1940/5859 step 3,973,120 ret 452.13 len 298.7 kl 0.0224  sps 1611 reach 0.30
upd 1941/5859 step 3,975,168 ret 491.35 len 293.9 kl 0.0272  sps 1611 reach 0.30
upd 1942/5859 step 3,977,216 ret 484.64 len 288.0 kl 0.0233  sps 1611 reach 0.30
upd 1943/5859 step 3,979,264 ret 447.87 len 287.6 kl 0.0258  sps 1611 reach 0.30
upd 1944/5859 step 3,981,312 ret 498.58 len 285.0 kl 0.0263  sps 1611 reach 0.30
upd 1945/5859 step 3,983,360 ret 527.0 len 284.2 kl 0.0277  sps 1611 reach 0.30
upd 1946/5859 step 3,985,408 ret 512.34 len 274.6 kl 0.0242  sps 1611 reach 0.30
upd 1947/5859 step 3,987,456 ret 489.0 len 276.3 kl 0.0199  sps 1611 reach 0.30
upd 1948/5859 step 3,989,504 ret 486.51 len 274.2 kl 0.0253  sps 1612 reach 0.30
upd 1949/5859 step 3,991,552 ret 425.84 len 258.7 kl 0.0226  sps 1612 reach 0.30
upd 1950/5859 step 3,993,600 ret 425.42 len 265.0 kl 0.0318* sps 1612 reach 0.30
upd 1951/5859 step 3,995,648 ret 443.76 len 270.0 kl 0.0231  sps 1611 reach 0.30
upd 1952/5859 step 3,997,696 ret 481.82 len 264.5 kl 0.0195  sps 1612 reach 0.30
upd 1953/5859 step 3,999,744 ret 462.72 len 263.2 kl 0.0162  sps 1612 reach 0.31
upd 1954/5859 step 4,001,792 ret 449.32 len 268.8 kl 0.0269  sps 1612 reach 0.31
upd 1955/5859 step 4,003,840 ret 476.13 len 271.3 kl 0.0234  sps 1612 reach 0.31
upd 1956/5859 step 4,005,888 ret 417.71 len 261.4 kl 0.0260  sps 1612 reach 0.31
upd 1957/5859 step 4,007,936 ret 407.35 len 259.2 kl 0.0220  sps 1612 reach 0.31
upd 1958/5859 step 4,009,984 ret 428.08 len 258.8 kl 0.0252  sps 1612 reach 0.31
upd 1959/5859 step 4,012,032 ret 439.84 len 260.2 kl 0.0319* sps 1612 reach 0.31
upd 1960/5859 step 4,014,080 ret 407.19 len 255.1 kl 0.0245  sps 1612 reach 0.31
upd 1961/5859 step 4,016,128 ret 420.56 len 259.0 kl 0.0241  sps 1612 reach 0.31
upd 1962/5859 step 4,018,176 ret 403.81 len 272.1 kl 0.0313* sps 1612 reach 0.31
upd 1963/5859 step 4,020,224 ret 382.38 len 280.9 kl 0.0255  sps 1612 reach 0.31
upd 1964/5859 step 4,022,272 ret 376.93 len 280.9 kl 0.0249  sps 1612 reach 0.31
upd 1965/5859 step 4,024,320 ret 385.05 len 285.1 kl 0.0156  sps 1612 reach 0.31
upd 1966/5859 step 4,026,368 ret 347.03 len 284.6 kl 0.0257  sps 1612 reach 0.31
upd 1967/5859 step 4,028,416 ret 376.77 len 286.3 kl 0.0285  sps 1612 reach 0.31
upd 1968/5859 step 4,030,464 ret 392.52 len 280.7 kl 0.0242  sps 1612 reach 0.31
upd 1969/5859 step 4,032,512 ret 379.3 len 279.8 kl 0.0332* sps 1613 reach 0.31
upd 1970/5859 step 4,034,560 ret 374.24 len 277.8 kl 0.0239  sps 1613 reach 0.31
upd 1971/5859 step 4,036,608 ret 362.31 len 277.8 kl 0.0221  sps 1613 reach 0.31
upd 1972/5859 step 4,038,656 ret 358.56 len 283.6 kl 0.0267  sps 1613 reach 0.31
upd 1973/5859 step 4,040,704 ret 408.1 len 287.7 kl 0.0235  sps 1613 reach 0.31
upd 1974/5859 step 4,042,752 ret 419.86 len 297.1 kl 0.0188  sps 1613 reach 0.31
upd 1975/5859 step 4,044,800 ret 444.87 len 295.2 kl 0.0214  sps 1613 reach 0.31
upd 1976/5859 step 4,046,848 ret 456.82 len 292.4 kl 0.0215  sps 1613 reach 0.31
upd 1977/5859 step 4,048,896 ret 444.02 len 281.8 kl 0.0284  sps 1613 reach 0.31
upd 1978/5859 step 4,050,944 ret 489.2 len 278.5 kl 0.0218  sps 1613 reach 0.31
upd 1979/5859 step 4,052,992 ret 467.35 len 274.9 kl 0.0252  sps 1613 reach 0.31
upd 1980/5859 step 4,055,040 ret 460.86 len 277.6 kl 0.0232  sps 1613 reach 0.31
upd 1981/5859 step 4,057,088 ret 454.04 len 266.8 kl 0.0291  sps 1614 reach 0.31
upd 1982/5859 step 4,059,136 ret 469.33 len 279.1 kl 0.0255  sps 1614 reach 0.31
upd 1983/5859 step 4,061,184 ret 465.38 len 282.2 kl 0.0216  sps 1614 reach 0.31
upd 1984/5859 step 4,063,232 ret 430.02 len 289.1 kl 0.0198  sps 1614 reach 0.31
upd 1985/5859 step 4,065,280 ret 455.33 len 282.2 kl 0.0232  sps 1614 reach 0.31
upd 1986/5859 step 4,067,328 ret 433.72 len 286.6 kl 0.0267  sps 1614 reach 0.31
upd 1987/5859 step 4,069,376 ret 430.84 len 282.1 kl 0.0242  sps 1615 reach 0.31
upd 1988/5859 step 4,071,424 ret 414.44 len 281.6 kl 0.0299  sps 1615 reach 0.32
upd 1989/5859 step 4,073,472 ret 392.85 len 262.1 kl 0.0263  sps 1615 reach 0.32
upd 1990/5859 step 4,075,520 ret 335.14 len 269.1 kl 0.0248  sps 1615 reach 0.32
upd 1991/5859 step 4,077,568 ret 381.55 len 274.4 kl 0.0252  sps 1615 reach 0.32
upd 1992/5859 step 4,079,616 ret 389.54 len 274.8 kl 0.0286  sps 1615 reach 0.32
upd 1993/5859 step 4,081,664 ret 373.5 len 271.0 kl 0.0312* sps 1615 reach 0.32
upd 1994/5859 step 4,083,712 ret 392.89 len 272.9 kl 0.0218  sps 1615 reach 0.32
upd 1995/5859 step 4,085,760 ret 401.87 len 284.1 kl 0.0231  sps 1616 reach 0.32
upd 1996/5859 step 4,087,808 ret 408.17 len 277.9 kl 0.0235  sps 1616 reach 0.32
upd 1997/5859 step 4,089,856 ret 402.88 len 282.1 kl 0.0253  sps 1616 reach 0.32
upd 1998/5859 step 4,091,904 ret 413.4 len 281.1 kl 0.0239  sps 1616 reach 0.32
upd 1999/5859 step 4,093,952 ret 451.29 len 275.1 kl 0.0252  sps 1616 reach 0.32
upd 2000/5859 step 4,096,000 ret 464.29 len 278.0 kl 0.0224  sps 1616 reach 0.32
upd 2001/5859 step 4,098,048 ret 453.51 len 276.0 kl 0.0275  sps 1616 reach 0.32
upd 2002/5859 step 4,100,096 ret 512.56 len 276.6 kl 0.0211  sps 1616 reach 0.32
upd 2003/5859 step 4,102,144 ret 481.76 len 277.7 kl 0.0299  sps 1616 reach 0.32
upd 2004/5859 step 4,104,192 ret 466.99 len 280.3 kl 0.0308* sps 1616 reach 0.32
upd 2005/5859 step 4,106,240 ret 465.94 len 285.3 kl 0.0203  sps 1616 reach 0.32
upd 2006/5859 step 4,108,288 ret 438.48 len 285.3 kl 0.0305* sps 1616 reach 0.32
upd 2007/5859 step 4,110,336 ret 436.38 len 285.9 kl 0.0187  sps 1616 reach 0.32
upd 2008/5859 step 4,112,384 ret 429.22 len 288.1 kl 0.0248  sps 1616 reach 0.32
upd 2009/5859 step 4,114,432 ret 438.66 len 283.9 kl 0.0267  sps 1616 reach 0.32
upd 2010/5859 step 4,116,480 ret 412.8 len 283.9 kl 0.0292  sps 1617 reach 0.32
upd 2011/5859 step 4,118,528 ret 429.59 len 285.3 kl 0.0265  sps 1617 reach 0.32
upd 2012/5859 step 4,120,576 ret 408.13 len 276.5 kl 0.0238  sps 1617 reach 0.32
upd 2013/5859 step 4,122,624 ret 419.77 len 281.9 kl 0.0247  sps 1617 reach 0.32
upd 2014/5859 step 4,124,672 ret 404.59 len 284.1 kl 0.0273  sps 1617 reach 0.32
upd 2015/5859 step 4,126,720 ret 429.24 len 290.1 kl 0.0256  sps 1617 reach 0.32
upd 2016/5859 step 4,128,768 ret 425.18 len 286.2 kl 0.0257  sps 1617 reach 0.32
upd 2017/5859 step 4,130,816 ret 429.26 len 289.9 kl 0.0293  sps 1617 reach 0.32
upd 2018/5859 step 4,132,864 ret 427.36 len 281.0 kl 0.0290  sps 1617 reach 0.32
upd 2019/5859 step 4,134,912 ret 429.52 len 281.0 kl 0.0210  sps 1617 reach 0.32
upd 2020/5859 step 4,136,960 ret 446.75 len 270.8 kl 0.0273  sps 1617 reach 0.32
upd 2021/5859 step 4,139,008 ret 457.06 len 270.6 kl 0.0289  sps 1617 reach 0.32
upd 2022/5859 step 4,141,056 ret 455.9 len 268.8 kl 0.0247  sps 1618 reach 0.32
upd 2023/5859 step 4,143,104 ret 489.98 len 274.6 kl 0.0229  sps 1618 reach 0.33
upd 2024/5859 step 4,145,152 ret 493.01 len 269.4 kl 0.0238  sps 1618 reach 0.33
upd 2025/5859 step 4,147,200 ret 482.69 len 271.6 kl 0.0197  sps 1618 reach 0.33
upd 2026/5859 step 4,149,248 ret 473.04 len 279.6 kl 0.0242  sps 1618 reach 0.33
upd 2027/5859 step 4,151,296 ret 451.54 len 284.8 kl 0.0270  sps 1618 reach 0.33
upd 2028/5859 step 4,153,344 ret 420.87 len 286.6 kl 0.0218  sps 1618 reach 0.33
upd 2029/5859 step 4,155,392 ret 447.43 len 285.3 kl 0.0227  sps 1618 reach 0.33
upd 2030/5859 step 4,157,440 ret 472.24 len 294.6 kl 0.0217  sps 1618 reach 0.33
upd 2031/5859 step 4,159,488 ret 424.18 len 280.0 kl 0.0204  sps 1618 reach 0.33
upd 2032/5859 step 4,161,536 ret 460.99 len 280.0 kl 0.0241  sps 1618 reach 0.33
upd 2033/5859 step 4,163,584 ret 437.53 len 275.2 kl 0.0347* sps 1618 reach 0.33
upd 2034/5859 step 4,165,632 ret 434.97 len 279.9 kl 0.0246  sps 1618 reach 0.33
upd 2035/5859 step 4,167,680 ret 403.23 len 274.8 kl 0.0265  sps 1618 reach 0.33
upd 2036/5859 step 4,169,728 ret 417.15 len 273.8 kl 0.0199  sps 1618 reach 0.33
upd 2037/5859 step 4,171,776 ret 417.37 len 279.0 kl 0.0240  sps 1619 reach 0.33
upd 2038/5859 step 4,173,824 ret 416.5 len 281.0 kl 0.0234  sps 1619 reach 0.33
upd 2039/5859 step 4,175,872 ret 437.44 len 283.8 kl 0.0310* sps 1619 reach 0.33
upd 2040/5859 step 4,177,920 ret 481.24 len 280.5 kl 0.0241  sps 1619 reach 0.33
upd 2041/5859 step 4,179,968 ret 479.98 len 281.5 kl 0.0177  sps 1619 reach 0.33
upd 2042/5859 step 4,182,016 ret 476.69 len 281.5 kl 0.0227  sps 1619 reach 0.33
upd 2043/5859 step 4,184,064 ret 453.2 len 281.4 kl 0.0214  sps 1619 reach 0.33
upd 2044/5859 step 4,186,112 ret 456.21 len 271.3 kl 0.0196  sps 1619 reach 0.33
upd 2045/5859 step 4,188,160 ret 436.86 len 274.9 kl 0.0293  sps 1619 reach 0.33
upd 2046/5859 step 4,190,208 ret 418.45 len 280.2 kl 0.0218  sps 1619 reach 0.33
upd 2047/5859 step 4,192,256 ret 400.37 len 275.7 kl 0.0275  sps 1619 reach 0.33
upd 2048/5859 step 4,194,304 ret 411.12 len 281.1 kl 0.0249  sps 1619 reach 0.33
upd 2049/5859 step 4,196,352 ret 424.57 len 281.8 kl 0.0233  sps 1619 reach 0.33
upd 2050/5859 step 4,198,400 ret 423.24 len 283.9 kl 0.0243  sps 1619 reach 0.33
upd 2051/5859 step 4,200,448 ret 422.64 len 286.7 kl 0.0265  sps 1619 reach 0.33
upd 2052/5859 step 4,202,496 ret 385.84 len 283.1 kl 0.0222  sps 1619 reach 0.33
upd 2053/5859 step 4,204,544 ret 409.4 len 289.0 kl 0.0239  sps 1619 reach 0.33
upd 2054/5859 step 4,206,592 ret 406.46 len 285.4 kl 0.0240  sps 1620 reach 0.33
upd 2055/5859 step 4,208,640 ret 383.02 len 290.8 kl 0.0246  sps 1620 reach 0.33
upd 2056/5859 step 4,210,688 ret 321.29 len 292.8 kl 0.0259  sps 1620 reach 0.33
upd 2057/5859 step 4,212,736 ret 326.93 len 292.8 kl 0.0255  sps 1620 reach 0.33
upd 2058/5859 step 4,214,784 ret 346.98 len 296.4 kl 0.0283  sps 1620 reach 0.34
upd 2059/5859 step 4,216,832 ret 347.08 len 291.8 kl 0.0273  sps 1620 reach 0.34
upd 2060/5859 step 4,218,880 ret 381.67 len 293.4 kl 0.0228  sps 1620 reach 0.34
upd 2061/5859 step 4,220,928 ret 392.77 len 293.4 kl 0.0205  sps 1620 reach 0.34
upd 2062/5859 step 4,222,976 ret 428.84 len 290.6 kl 0.0326* sps 1620 reach 0.34
upd 2063/5859 step 4,225,024 ret 377.89 len 284.6 kl 0.0266  sps 1620 reach 0.34
upd 2064/5859 step 4,227,072 ret 429.83 len 289.2 kl 0.0235  sps 1620 reach 0.34
upd 2065/5859 step 4,229,120 ret 408.24 len 280.9 kl 0.0212  sps 1620 reach 0.34
upd 2066/5859 step 4,231,168 ret 418.61 len 271.0 kl 0.0255  sps 1620 reach 0.34
upd 2067/5859 step 4,233,216 ret 389.63 len 271.0 kl 0.0377* sps 1620 reach 0.34
upd 2068/5859 step 4,235,264 ret 394.45 len 273.7 kl 0.0295  sps 1620 reach 0.34
upd 2069/5859 step 4,237,312 ret 402.79 len 277.1 kl 0.0263  sps 1620 reach 0.34
upd 2070/5859 step 4,239,360 ret 363.04 len 280.4 kl 0.0246  sps 1620 reach 0.34
upd 2071/5859 step 4,241,408 ret 335.37 len 277.6 kl 0.0283  sps 1619 reach 0.34
upd 2072/5859 step 4,243,456 ret 345.66 len 285.9 kl 0.0207  sps 1619 reach 0.34
upd 2073/5859 step 4,245,504 ret 391.34 len 280.4 kl 0.0256  sps 1620 reach 0.34
upd 2074/5859 step 4,247,552 ret 395.53 len 277.1 kl 0.0220  sps 1620 reach 0.34
upd 2075/5859 step 4,249,600 ret 385.63 len 275.3 kl 0.0228  sps 1620 reach 0.34
upd 2076/5859 step 4,251,648 ret 408.49 len 278.8 kl 0.0246  sps 1620 reach 0.34
upd 2077/5859 step 4,253,696 ret 427.97 len 285.9 kl 0.0259  sps 1620 reach 0.34
upd 2078/5859 step 4,255,744 ret 447.39 len 285.9 kl 0.0210  sps 1620 reach 0.34
upd 2079/5859 step 4,257,792 ret 422.44 len 293.5 kl 0.0260  sps 1620 reach 0.34
upd 2080/5859 step 4,259,840 ret 422.62 len 294.7 kl 0.0236  sps 1620 reach 0.34
upd 2081/5859 step 4,261,888 ret 417.81 len 285.3 kl 0.0253  sps 1620 reach 0.34
upd 2082/5859 step 4,263,936 ret 419.82 len 273.6 kl 0.0200  sps 1620 reach 0.34
upd 2083/5859 step 4,265,984 ret 396.61 len 273.6 kl 0.0213  sps 1620 reach 0.34
upd 2084/5859 step 4,268,032 ret 431.23 len 269.0 kl 0.0232  sps 1621 reach 0.34
upd 2085/5859 step 4,270,080 ret 424.1 len 269.0 kl 0.0218  sps 1621 reach 0.34
upd 2086/5859 step 4,272,128 ret 421.43 len 274.4 kl 0.0294  sps 1621 reach 0.34
upd 2087/5859 step 4,274,176 ret 447.05 len 282.0 kl 0.0297  sps 1621 reach 0.34
upd 2088/5859 step 4,276,224 ret 464.22 len 286.6 kl 0.0205  sps 1621 reach 0.34
upd 2089/5859 step 4,278,272 ret 415.4 len 283.8 kl 0.0217  sps 1621 reach 0.34
upd 2090/5859 step 4,280,320 ret 452.21 len 286.4 kl 0.0180  sps 1621 reach 0.34
upd 2091/5859 step 4,282,368 ret 482.51 len 285.0 kl 0.0285  sps 1621 reach 0.34
upd 2092/5859 step 4,284,416 ret 486.34 len 285.8 kl 0.0232  sps 1621 reach 0.34
upd 2093/5859 step 4,286,464 ret 455.38 len 284.0 kl 0.0262  sps 1621 reach 0.35
upd 2094/5859 step 4,288,512 ret 443.5 len 277.1 kl 0.0256  sps 1621 reach 0.35
upd 2095/5859 step 4,290,560 ret 413.41 len 279.2 kl 0.0260  sps 1621 reach 0.35
upd 2096/5859 step 4,292,608 ret 411.96 len 279.2 kl 0.0288  sps 1621 reach 0.35
upd 2097/5859 step 4,294,656 ret 422.48 len 280.6 kl 0.0320* sps 1621 reach 0.35
upd 2098/5859 step 4,296,704 ret 430.73 len 289.2 kl 0.0230  sps 1621 reach 0.35
upd 2099/5859 step 4,298,752 ret 464.74 len 289.0 kl 0.0242  sps 1621 reach 0.35
upd 2100/5859 step 4,300,800 ret 445.89 len 292.3 kl 0.0225  sps 1621 reach 0.35
upd 2101/5859 step 4,302,848 ret 476.03 len 286.1 kl 0.0271  sps 1621 reach 0.35
upd 2102/5859 step 4,304,896 ret 434.26 len 286.1 kl 0.0297  sps 1622 reach 0.35
upd 2103/5859 step 4,306,944 ret 456.83 len 286.1 kl 0.0257  sps 1622 reach 0.35
upd 2104/5859 step 4,308,992 ret 408.56 len 284.2 kl 0.0236  sps 1622 reach 0.35
upd 2105/5859 step 4,311,040 ret 419.81 len 284.2 kl 0.0240  sps 1622 reach 0.35
upd 2106/5859 step 4,313,088 ret 442.0 len 288.6 kl 0.0246  sps 1622 reach 0.35
upd 2107/5859 step 4,315,136 ret 453.94 len 286.1 kl 0.0214  sps 1623 reach 0.35
upd 2108/5859 step 4,317,184 ret 470.22 len 286.1 kl 0.0351* sps 1623 reach 0.35
upd 2109/5859 step 4,319,232 ret 453.91 len 286.1 kl 0.0218  sps 1623 reach 0.35
upd 2110/5859 step 4,321,280 ret 443.27 len 289.6 kl 0.0256  sps 1624 reach 0.35
upd 2111/5859 step 4,323,328 ret 469.73 len 289.6 kl 0.0261  sps 1624 reach 0.35
upd 2112/5859 step 4,325,376 ret 426.14 len 289.9 kl 0.0272  sps 1624 reach 0.35
upd 2113/5859 step 4,327,424 ret 420.16 len 296.7 kl 0.0194  sps 1624 reach 0.35
upd 2114/5859 step 4,329,472 ret 393.23 len 296.7 kl 0.0237  sps 1625 reach 0.35
upd 2115/5859 step 4,331,520 ret 434.95 len 293.7 kl 0.0257  sps 1625 reach 0.35
upd 2116/5859 step 4,333,568 ret 458.77 len 296.6 kl 0.0260  sps 1625 reach 0.35
upd 2117/5859 step 4,335,616 ret 440.04 len 292.4 kl 0.0262  sps 1625 reach 0.35
upd 2118/5859 step 4,337,664 ret 443.09 len 288.4 kl 0.0259  sps 1626 reach 0.35
upd 2119/5859 step 4,339,712 ret 465.39 len 288.4 kl 0.0271  sps 1626 reach 0.35
upd 2120/5859 step 4,341,760 ret 450.69 len 281.2 kl 0.0263  sps 1626 reach 0.35
upd 2121/5859 step 4,343,808 ret 418.6 len 281.2 kl 0.0231  sps 1626 reach 0.35
upd 2122/5859 step 4,345,856 ret 404.99 len 276.1 kl 0.0240  sps 1626 reach 0.35
upd 2123/5859 step 4,347,904 ret 452.67 len 284.2 kl 0.0291  sps 1627 reach 0.35
upd 2124/5859 step 4,349,952 ret 466.96 len 284.2 kl 0.0225  sps 1627 reach 0.35
upd 2125/5859 step 4,352,000 ret 433.04 len 279.2 kl 0.0230  sps 1627 reach 0.35
upd 2126/5859 step 4,354,048 ret 413.0 len 282.1 kl 0.0220  sps 1627 reach 0.35
upd 2127/5859 step 4,356,096 ret 406.18 len 271.2 kl 0.0239  sps 1628 reach 0.35
upd 2128/5859 step 4,358,144 ret 373.8 len 262.6 kl 0.0255  sps 1628 reach 0.36
upd 2129/5859 step 4,360,192 ret 392.52 len 260.9 kl 0.0242  sps 1628 reach 0.36
upd 2130/5859 step 4,362,240 ret 393.69 len 267.8 kl 0.0207  sps 1628 reach 0.36
upd 2131/5859 step 4,364,288 ret 431.01 len 269.3 kl 0.0227  sps 1629 reach 0.36
upd 2132/5859 step 4,366,336 ret 421.4 len 267.1 kl 0.0210  sps 1629 reach 0.36
upd 2133/5859 step 4,368,384 ret 408.0 len 278.9 kl 0.0273  sps 1629 reach 0.36
upd 2134/5859 step 4,370,432 ret 400.9 len 280.2 kl 0.0199  sps 1629 reach 0.36
upd 2135/5859 step 4,372,480 ret 426.44 len 278.3 kl 0.0288  sps 1630 reach 0.36
upd 2136/5859 step 4,374,528 ret 364.24 len 278.3 kl 0.0246  sps 1630 reach 0.36
upd 2137/5859 step 4,376,576 ret 416.95 len 287.8 kl 0.0225  sps 1630 reach 0.36
upd 2138/5859 step 4,378,624 ret 392.73 len 288.9 kl 0.0209  sps 1630 reach 0.36
upd 2139/5859 step 4,380,672 ret 407.9 len 288.2 kl 0.0239  sps 1630 reach 0.36
upd 2140/5859 step 4,382,720 ret 419.83 len 284.1 kl 0.0243  sps 1631 reach 0.36
upd 2141/5859 step 4,384,768 ret 417.08 len 282.1 kl 0.0301* sps 1631 reach 0.36
upd 2142/5859 step 4,386,816 ret 390.8 len 273.2 kl 0.0291  sps 1631 reach 0.36
upd 2143/5859 step 4,388,864 ret 437.89 len 276.3 kl 0.0214  sps 1631 reach 0.36
upd 2144/5859 step 4,390,912 ret 417.08 len 280.4 kl 0.0290  sps 1632 reach 0.36
upd 2145/5859 step 4,392,960 ret 438.98 len 280.4 kl 0.0193  sps 1632 reach 0.36
upd 2146/5859 step 4,395,008 ret 409.07 len 283.2 kl 0.0243  sps 1632 reach 0.36
upd 2147/5859 step 4,397,056 ret 379.99 len 271.9 kl 0.0211  sps 1632 reach 0.36
upd 2148/5859 step 4,399,104 ret 373.42 len 281.0 kl 0.0235  sps 1632 reach 0.36
upd 2149/5859 step 4,401,152 ret 394.82 len 281.0 kl 0.0235  sps 1632 reach 0.36
upd 2150/5859 step 4,403,200 ret 377.23 len 281.0 kl 0.0257  sps 1633 reach 0.36
upd 2151/5859 step 4,405,248 ret 410.53 len 276.2 kl 0.0205  sps 1633 reach 0.36
upd 2152/5859 step 4,407,296 ret 432.82 len 285.1 kl 0.0265  sps 1633 reach 0.36
upd 2153/5859 step 4,409,344 ret 421.9 len 295.2 kl 0.0275  sps 1633 reach 0.36
upd 2154/5859 step 4,411,392 ret 428.04 len 295.2 kl 0.0202  sps 1633 reach 0.36
upd 2155/5859 step 4,413,440 ret 391.41 len 295.2 kl 0.0214  sps 1633 reach 0.36
upd 2156/5859 step 4,415,488 ret 366.78 len 290.5 kl 0.0236  sps 1633 reach 0.36
upd 2157/5859 step 4,417,536 ret 365.33 len 290.6 kl 0.0204  sps 1633 reach 0.36
upd 2158/5859 step 4,419,584 ret 380.32 len 290.5 kl 0.0205  sps 1634 reach 0.36
upd 2159/5859 step 4,421,632 ret 429.02 len 285.6 kl 0.0292  sps 1634 reach 0.36
upd 2160/5859 step 4,423,680 ret 429.7 len 285.6 kl 0.0192  sps 1634 reach 0.36
upd 2161/5859 step 4,425,728 ret 441.69 len 285.6 kl 0.0287  sps 1635 reach 0.36
upd 2162/5859 step 4,427,776 ret 427.14 len 290.4 kl 0.0295  sps 1635 reach 0.36
upd 2163/5859 step 4,429,824 ret 412.2 len 289.7 kl 0.0228  sps 1635 reach 0.36
upd 2164/5859 step 4,431,872 ret 360.13 len 282.4 kl 0.0249  sps 1635 reach 0.37
upd 2165/5859 step 4,433,920 ret 373.29 len 279.9 kl 0.0236  sps 1635 reach 0.37
upd 2166/5859 step 4,435,968 ret 360.9 len 274.4 kl 0.0352* sps 1636 reach 0.37
upd 2167/5859 step 4,438,016 ret 385.9 len 272.7 kl 0.0238  sps 1636 reach 0.37
upd 2168/5859 step 4,440,064 ret 394.83 len 274.9 kl 0.0219  sps 1636 reach 0.37
upd 2169/5859 step 4,442,112 ret 391.35 len 275.7 kl 0.0237  sps 1636 reach 0.37
upd 2170/5859 step 4,444,160 ret 409.67 len 277.8 kl 0.0199  sps 1637 reach 0.37
upd 2171/5859 step 4,446,208 ret 421.64 len 283.4 kl 0.0274  sps 1637 reach 0.37
upd 2172/5859 step 4,448,256 ret 422.24 len 280.4 kl 0.0204  sps 1637 reach 0.37
upd 2173/5859 step 4,450,304 ret 471.16 len 280.4 kl 0.0309* sps 1637 reach 0.37
upd 2174/5859 step 4,452,352 ret 447.61 len 274.4 kl 0.0215  sps 1637 reach 0.37
upd 2175/5859 step 4,454,400 ret 432.31 len 275.1 kl 0.0269  sps 1638 reach 0.37
upd 2176/5859 step 4,456,448 ret 419.18 len 276.1 kl 0.0291  sps 1638 reach 0.37
upd 2177/5859 step 4,458,496 ret 431.38 len 275.3 kl 0.0256  sps 1638 reach 0.37
upd 2178/5859 step 4,460,544 ret 421.26 len 275.6 kl 0.0279  sps 1638 reach 0.37
upd 2179/5859 step 4,462,592 ret 389.29 len 272.5 kl 0.0286  sps 1639 reach 0.37
upd 2180/5859 step 4,464,640 ret 424.38 len 282.4 kl 0.0211  sps 1639 reach 0.37
upd 2181/5859 step 4,466,688 ret 434.19 len 287.2 kl 0.0324* sps 1639 reach 0.37
upd 2182/5859 step 4,468,736 ret 451.53 len 288.6 kl 0.0226  sps 1639 reach 0.37
upd 2183/5859 step 4,470,784 ret 452.15 len 281.7 kl 0.0208  sps 1639 reach 0.37
upd 2184/5859 step 4,472,832 ret 417.27 len 284.1 kl 0.0253  sps 1639 reach 0.37
upd 2185/5859 step 4,474,880 ret 474.8 len 288.9 kl 0.0215  sps 1640 reach 0.37
upd 2186/5859 step 4,476,928 ret 516.19 len 288.9 kl 0.0242  sps 1640 reach 0.37
upd 2187/5859 step 4,478,976 ret 479.77 len 285.5 kl 0.0226  sps 1640 reach 0.37
upd 2188/5859 step 4,481,024 ret 481.66 len 290.9 kl 0.0238  sps 1640 reach 0.37
upd 2189/5859 step 4,483,072 ret 459.58 len 291.6 kl 0.0261  sps 1640 reach 0.37
upd 2190/5859 step 4,485,120 ret 440.07 len 292.1 kl 0.0227  sps 1641 reach 0.37
upd 2191/5859 step 4,487,168 ret 393.6 len 280.1 kl 0.0204  sps 1641 reach 0.37
upd 2192/5859 step 4,489,216 ret 354.06 len 281.2 kl 0.0264  sps 1641 reach 0.37
upd 2193/5859 step 4,491,264 ret 398.27 len 281.2 kl 0.0236  sps 1641 reach 0.37
upd 2194/5859 step 4,493,312 ret 412.61 len 283.7 kl 0.0265  sps 1641 reach 0.37
upd 2195/5859 step 4,495,360 ret 459.43 len 281.1 kl 0.0284  sps 1642 reach 0.37
upd 2196/5859 step 4,497,408 ret 496.78 len 284.8 kl 0.0236  sps 1642 reach 0.37
upd 2197/5859 step 4,499,456 ret 536.98 len 291.0 kl 0.0234  sps 1642 reach 0.37
upd 2198/5859 step 4,501,504 ret 511.45 len 291.0 kl 0.0236  sps 1642 reach 0.37
upd 2199/5859 step 4,503,552 ret 499.18 len 287.4 kl 0.0219  sps 1643 reach 0.38
upd 2200/5859 step 4,505,600 ret 480.04 len 287.4 kl 0.0251  sps 1643 reach 0.38
upd 2201/5859 step 4,507,648 ret 472.31 len 292.1 kl 0.0300  sps 1643 reach 0.38
upd 2202/5859 step 4,509,696 ret 423.79 len 292.1 kl 0.0224  sps 1643 reach 0.38
upd 2203/5859 step 4,511,744 ret 440.79 len 293.0 kl 0.0226  sps 1644 reach 0.38
upd 2204/5859 step 4,513,792 ret 438.41 len 288.1 kl 0.0297  sps 1644 reach 0.38
upd 2205/5859 step 4,515,840 ret 429.37 len 291.4 kl 0.0248  sps 1644 reach 0.38
upd 2206/5859 step 4,517,888 ret 439.99 len 291.4 kl 0.0217  sps 1644 reach 0.38
upd 2207/5859 step 4,519,936 ret 443.97 len 291.4 kl 0.0230  sps 1645 reach 0.38
upd 2208/5859 step 4,521,984 ret 460.91 len 291.4 kl 0.0253  sps 1645 reach 0.38
upd 2209/5859 step 4,524,032 ret 422.66 len 294.9 kl 0.0197  sps 1645 reach 0.38
upd 2210/5859 step 4,526,080 ret 427.97 len 294.9 kl 0.0267  sps 1645 reach 0.38
upd 2211/5859 step 4,528,128 ret 383.73 len 287.2 kl 0.0217  sps 1645 reach 0.38
upd 2212/5859 step 4,530,176 ret 434.17 len 287.2 kl 0.0213  sps 1646 reach 0.38
upd 2213/5859 step 4,532,224 ret 436.01 len 282.9 kl 0.0230  sps 1646 reach 0.38
upd 2214/5859 step 4,534,272 ret 402.68 len 282.9 kl 0.0233  sps 1646 reach 0.38
upd 2215/5859 step 4,536,320 ret 441.25 len 282.9 kl 0.0211  sps 1646 reach 0.38
upd 2216/5859 step 4,538,368 ret 478.46 len 287.2 kl 0.0275  sps 1646 reach 0.38
upd 2217/5859 step 4,540,416 ret 502.33 len 294.0 kl 0.0245  sps 1647 reach 0.38
upd 2218/5859 step 4,542,464 ret 434.97 len 294.0 kl 0.0242  sps 1647 reach 0.38
upd 2219/5859 step 4,544,512 ret 455.77 len 297.1 kl 0.0187  sps 1647 reach 0.38
upd 2220/5859 step 4,546,560 ret 482.13 len 297.0 kl 0.0220  sps 1647 reach 0.38
upd 2221/5859 step 4,548,608 ret 477.02 len 293.6 kl 0.0241  sps 1648 reach 0.38
upd 2222/5859 step 4,550,656 ret 459.18 len 294.4 kl 0.0190  sps 1648 reach 0.38
upd 2223/5859 step 4,552,704 ret 416.53 len 295.2 kl 0.0351* sps 1648 reach 0.38
upd 2224/5859 step 4,554,752 ret 414.36 len 296.5 kl 0.0246  sps 1648 reach 0.38
upd 2225/5859 step 4,556,800 ret 393.67 len 287.8 kl 0.0207  sps 1648 reach 0.38
upd 2226/5859 step 4,558,848 ret 374.24 len 291.1 kl 0.0285  sps 1649 reach 0.38
upd 2227/5859 step 4,560,896 ret 371.67 len 291.1 kl 0.0206  sps 1649 reach 0.38
upd 2228/5859 step 4,562,944 ret 356.48 len 291.1 kl 0.0163  sps 1649 reach 0.38
upd 2229/5859 step 4,564,992 ret 382.65 len 291.1 kl 0.0254  sps 1649 reach 0.38
upd 2230/5859 step 4,567,040 ret 389.4 len 288.4 kl 0.0249  sps 1649 reach 0.38
upd 2231/5859 step 4,569,088 ret 349.17 len 297.3 kl 0.0350* sps 1649 reach 0.38
upd 2232/5859 step 4,571,136 ret 374.81 len 297.3 kl 0.0216  sps 1650 reach 0.38
upd 2233/5859 step 4,573,184 ret 388.32 len 291.6 kl 0.0262  sps 1650 reach 0.38
upd 2234/5859 step 4,575,232 ret 441.59 len 291.4 kl 0.0192  sps 1650 reach 0.39
upd 2235/5859 step 4,577,280 ret 429.45 len 291.4 kl 0.0214  sps 1650 reach 0.39
upd 2236/5859 step 4,579,328 ret 433.3 len 294.1 kl 0.0206  sps 1650 reach 0.39
upd 2237/5859 step 4,581,376 ret 486.76 len 287.2 kl 0.0228  sps 1650 reach 0.39
upd 2238/5859 step 4,583,424 ret 480.97 len 287.2 kl 0.0212  sps 1650 reach 0.39
upd 2239/5859 step 4,585,472 ret 451.68 len 293.1 kl 0.0223  sps 1651 reach 0.39
upd 2240/5859 step 4,587,520 ret 468.11 len 284.7 kl 0.0249  sps 1651 reach 0.39
upd 2241/5859 step 4,589,568 ret 438.72 len 279.8 kl 0.0212  sps 1651 reach 0.39
upd 2242/5859 step 4,591,616 ret 398.45 len 274.1 kl 0.0206  sps 1651 reach 0.39
upd 2243/5859 step 4,593,664 ret 394.98 len 281.0 kl 0.0215  sps 1651 reach 0.39
upd 2244/5859 step 4,595,712 ret 394.75 len 281.0 kl 0.0228  sps 1651 reach 0.39
upd 2245/5859 step 4,597,760 ret 420.45 len 280.1 kl 0.0221  sps 1652 reach 0.39
upd 2246/5859 step 4,599,808 ret 403.3 len 269.9 kl 0.0203  sps 1652 reach 0.39
upd 2247/5859 step 4,601,856 ret 399.82 len 274.8 kl 0.0247  sps 1652 reach 0.39
upd 2248/5859 step 4,603,904 ret 438.48 len 280.4 kl 0.0280  sps 1652 reach 0.39
upd 2249/5859 step 4,605,952 ret 457.68 len 280.4 kl 0.0246  sps 1653 reach 0.39
upd 2250/5859 step 4,608,000 ret 437.64 len 275.5 kl 0.0208  sps 1653 reach 0.39
upd 2251/5859 step 4,610,048 ret 477.75 len 290.4 kl 0.0228  sps 1653 reach 0.39
upd 2252/5859 step 4,612,096 ret 478.8 len 290.4 kl 0.0286  sps 1653 reach 0.39
upd 2253/5859 step 4,614,144 ret 505.07 len 283.4 kl 0.0230  sps 1654 reach 0.39
upd 2254/5859 step 4,616,192 ret 463.92 len 283.4 kl 0.0262  sps 1654 reach 0.39
upd 2255/5859 step 4,618,240 ret 408.61 len 281.1 kl 0.0258  sps 1654 reach 0.39
upd 2256/5859 step 4,620,288 ret 464.37 len 285.1 kl 0.0300  sps 1654 reach 0.39
upd 2257/5859 step 4,622,336 ret 475.0 len 289.7 kl 0.0238  sps 1654 reach 0.39
upd 2258/5859 step 4,624,384 ret 475.22 len 284.5 kl 0.0232  sps 1655 reach 0.39
upd 2259/5859 step 4,626,432 ret 521.39 len 290.6 kl 0.0229  sps 1655 reach 0.39
upd 2260/5859 step 4,628,480 ret 566.52 len 285.8 kl 0.0272  sps 1655 reach 0.39
upd 2261/5859 step 4,630,528 ret 551.28 len 287.5 kl 0.0256  sps 1655 reach 0.39
upd 2262/5859 step 4,632,576 ret 481.84 len 287.5 kl 0.0230  sps 1655 reach 0.39
upd 2263/5859 step 4,634,624 ret 468.81 len 290.1 kl 0.0242  sps 1655 reach 0.39
upd 2264/5859 step 4,636,672 ret 471.08 len 292.7 kl 0.0227  sps 1656 reach 0.39
upd 2265/5859 step 4,638,720 ret 452.93 len 292.9 kl 0.0228  sps 1656 reach 0.39
upd 2266/5859 step 4,640,768 ret 396.91 len 296.6 kl 0.0243  sps 1656 reach 0.39
upd 2267/5859 step 4,642,816 ret 383.89 len 298.2 kl 0.0238  sps 1656 reach 0.39
upd 2268/5859 step 4,644,864 ret 393.36 len 298.2 kl 0.0309* sps 1656 reach 0.39
upd 2269/5859 step 4,646,912 ret 373.79 len 292.2 kl 0.0228  sps 1656 reach 0.40
upd 2270/5859 step 4,648,960 ret 346.26 len 292.2 kl 0.0250  sps 1657 reach 0.40
upd 2271/5859 step 4,651,008 ret 339.65 len 294.0 kl 0.0282  sps 1657 reach 0.40
upd 2272/5859 step 4,653,056 ret 381.22 len 294.0 kl 0.0204  sps 1657 reach 0.40
upd 2273/5859 step 4,655,104 ret 338.58 len 290.6 kl 0.0300* sps 1657 reach 0.40
upd 2274/5859 step 4,657,152 ret 334.2 len 288.0 kl 0.0196  sps 1657 reach 0.40
upd 2275/5859 step 4,659,200 ret 350.27 len 294.0 kl 0.0224  sps 1657 reach 0.40
upd 2276/5859 step 4,661,248 ret 314.15 len 294.0 kl 0.0261  sps 1658 reach 0.40
upd 2277/5859 step 4,663,296 ret 322.98 len 294.0 kl 0.0251  sps 1658 reach 0.40
upd 2278/5859 step 4,665,344 ret 318.48 len 288.4 kl 0.0268  sps 1658 reach 0.40
upd 2279/5859 step 4,667,392 ret 328.48 len 291.8 kl 0.0202  sps 1658 reach 0.40
upd 2280/5859 step 4,669,440 ret 360.88 len 294.4 kl 0.0255  sps 1658 reach 0.40
upd 2281/5859 step 4,671,488 ret 372.46 len 294.4 kl 0.0317* sps 1659 reach 0.40
upd 2282/5859 step 4,673,536 ret 386.99 len 294.4 kl 0.0227  sps 1659 reach 0.40
upd 2283/5859 step 4,675,584 ret 398.7 len 294.4 kl 0.0310* sps 1659 reach 0.40
upd 2284/5859 step 4,677,632 ret 412.18 len 300.0 kl 0.0209  sps 1659 reach 0.40
upd 2285/5859 step 4,679,680 ret 404.03 len 300.0 kl 0.0260  sps 1659 reach 0.40
upd 2286/5859 step 4,681,728 ret 392.7 len 300.0 kl 0.0281  sps 1660 reach 0.40
upd 2287/5859 step 4,683,776 ret 404.37 len 300.0 kl 0.0240  sps 1660 reach 0.40
upd 2288/5859 step 4,685,824 ret 405.12 len 300.0 kl 0.0205  sps 1660 reach 0.40
upd 2289/5859 step 4,687,872 ret 403.07 len 300.0 kl 0.0193  sps 1660 reach 0.40
upd 2290/5859 step 4,689,920 ret 389.75 len 300.0 kl 0.0296  sps 1661 reach 0.40
upd 2291/5859 step 4,691,968 ret 383.84 len 296.4 kl 0.0199  sps 1661 reach 0.40
upd 2292/5859 step 4,694,016 ret 396.16 len 291.9 kl 0.0187  sps 1661 reach 0.40
upd 2293/5859 step 4,696,064 ret 391.71 len 291.9 kl 0.0282  sps 1661 reach 0.40
upd 2294/5859 step 4,698,112 ret 352.82 len 291.9 kl 0.0264  sps 1662 reach 0.40
upd 2295/5859 step 4,700,160 ret 384.14 len 291.9 kl 0.0217  sps 1662 reach 0.40
upd 2296/5859 step 4,702,208 ret 391.97 len 291.7 kl 0.0245  sps 1662 reach 0.40
upd 2297/5859 step 4,704,256 ret 386.4 len 291.7 kl 0.0259  sps 1662 reach 0.40
upd 2298/5859 step 4,706,304 ret 369.37 len 296.2 kl 0.0192  sps 1662 reach 0.40
upd 2299/5859 step 4,708,352 ret 362.59 len 296.2 kl 0.0261  sps 1663 reach 0.40
upd 2300/5859 step 4,710,400 ret 355.38 len 296.2 kl 0.0252  sps 1663 reach 0.40
upd 2301/5859 step 4,712,448 ret 366.02 len 295.8 kl 0.0279  sps 1663 reach 0.40
upd 2302/5859 step 4,714,496 ret 385.6 len 295.5 kl 0.0209  sps 1663 reach 0.40
upd 2303/5859 step 4,716,544 ret 390.99 len 295.5 kl 0.0245  sps 1663 reach 0.40
upd 2304/5859 step 4,718,592 ret 364.8 len 293.5 kl 0.0215  sps 1664 reach 0.41
upd 2305/5859 step 4,720,640 ret 399.77 len 290.3 kl 0.0309* sps 1664 reach 0.41
upd 2306/5859 step 4,722,688 ret 441.15 len 289.2 kl 0.0247  sps 1664 reach 0.41
upd 2307/5859 step 4,724,736 ret 434.5 len 291.2 kl 0.0272  sps 1664 reach 0.41
upd 2308/5859 step 4,726,784 ret 424.76 len 291.2 kl 0.0232  sps 1664 reach 0.41
upd 2309/5859 step 4,728,832 ret 433.87 len 293.2 kl 0.0272  sps 1665 reach 0.41
upd 2310/5859 step 4,730,880 ret 430.81 len 296.4 kl 0.0228  sps 1665 reach 0.41
upd 2311/5859 step 4,732,928 ret 412.52 len 296.4 kl 0.0265  sps 1665 reach 0.41
upd 2312/5859 step 4,734,976 ret 394.51 len 300.0 kl 0.0251  sps 1665 reach 0.41
upd 2313/5859 step 4,737,024 ret 384.48 len 298.9 kl 0.0195  sps 1665 reach 0.41
upd 2314/5859 step 4,739,072 ret 423.29 len 298.9 kl 0.0195  sps 1666 reach 0.41
upd 2315/5859 step 4,741,120 ret 416.58 len 298.9 kl 0.0214  sps 1666 reach 0.41
upd 2316/5859 step 4,743,168 ret 414.34 len 296.3 kl 0.0260  sps 1666 reach 0.41
upd 2317/5859 step 4,745,216 ret 391.92 len 296.3 kl 0.0248  sps 1666 reach 0.41
upd 2318/5859 step 4,747,264 ret 402.14 len 297.4 kl 0.0183  sps 1666 reach 0.41
upd 2319/5859 step 4,749,312 ret 372.03 len 294.4 kl 0.0251  sps 1667 reach 0.41
upd 2320/5859 step 4,751,360 ret 366.37 len 294.4 kl 0.0224  sps 1667 reach 0.41
upd 2321/5859 step 4,753,408 ret 385.15 len 294.4 kl 0.0304* sps 1667 reach 0.41
upd 2322/5859 step 4,755,456 ret 364.93 len 297.1 kl 0.0301* sps 1667 reach 0.41
upd 2323/5859 step 4,757,504 ret 344.99 len 297.1 kl 0.0258  sps 1668 reach 0.41
upd 2324/5859 step 4,759,552 ret 372.95 len 295.1 kl 0.0258  sps 1668 reach 0.41
upd 2325/5859 step 4,761,600 ret 326.04 len 296.0 kl 0.0266  sps 1668 reach 0.41
upd 2326/5859 step 4,763,648 ret 327.51 len 296.0 kl 0.0177  sps 1668 reach 0.41
upd 2327/5859 step 4,765,696 ret 360.65 len 296.0 kl 0.0243  sps 1668 reach 0.41
upd 2328/5859 step 4,767,744 ret 360.57 len 296.0 kl 0.0231  sps 1668 reach 0.41
upd 2329/5859 step 4,769,792 ret 401.72 len 296.0 kl 0.0187  sps 1668 reach 0.41
upd 2330/5859 step 4,771,840 ret 388.56 len 296.8 kl 0.0259  sps 1669 reach 0.41
upd 2331/5859 step 4,773,888 ret 413.84 len 298.9 kl 0.0263  sps 1669 reach 0.41
upd 2332/5859 step 4,775,936 ret 425.04 len 294.2 kl 0.0220  sps 1669 reach 0.41
upd 2333/5859 step 4,777,984 ret 380.45 len 287.1 kl 0.0224  sps 1669 reach 0.41
upd 2334/5859 step 4,780,032 ret 425.6 len 287.1 kl 0.0203  sps 1669 reach 0.41
upd 2335/5859 step 4,782,080 ret 411.78 len 288.3 kl 0.0246  sps 1670 reach 0.41
upd 2336/5859 step 4,784,128 ret 420.33 len 285.8 kl 0.0213  sps 1670 reach 0.41
upd 2337/5859 step 4,786,176 ret 435.8 len 283.2 kl 0.0224  sps 1670 reach 0.41
upd 2338/5859 step 4,788,224 ret 426.16 len 287.8 kl 0.0207  sps 1670 reach 0.41
upd 2339/5859 step 4,790,272 ret 423.65 len 294.9 kl 0.0246  sps 1671 reach 0.42
upd 2340/5859 step 4,792,320 ret 385.34 len 293.9 kl 0.0233  sps 1671 reach 0.42
upd 2341/5859 step 4,794,368 ret 369.3 len 293.9 kl 0.0191  sps 1671 reach 0.42
upd 2342/5859 step 4,796,416 ret 373.14 len 291.2 kl 0.0232  sps 1671 reach 0.42
upd 2343/5859 step 4,798,464 ret 386.86 len 293.7 kl 0.0182  sps 1672 reach 0.42
upd 2344/5859 step 4,800,512 ret 395.53 len 288.0 kl 0.0199  sps 1672 reach 0.42
upd 2345/5859 step 4,802,560 ret 408.21 len 282.6 kl 0.0221  sps 1672 reach 0.42
upd 2346/5859 step 4,804,608 ret 438.62 len 283.7 kl 0.0210  sps 1672 reach 0.42
upd 2347/5859 step 4,806,656 ret 484.5 len 288.9 kl 0.0182  sps 1672 reach 0.42
upd 2348/5859 step 4,808,704 ret 472.81 len 288.4 kl 0.0279  sps 1673 reach 0.42
upd 2349/5859 step 4,810,752 ret 469.45 len 294.1 kl 0.0233  sps 1673 reach 0.42
upd 2350/5859 step 4,812,800 ret 430.28 len 294.1 kl 0.0278  sps 1673 reach 0.42
upd 2351/5859 step 4,814,848 ret 415.16 len 293.5 kl 0.0241  sps 1673 reach 0.42
upd 2352/5859 step 4,816,896 ret 394.5 len 293.5 kl 0.0286  sps 1674 reach 0.42
upd 2353/5859 step 4,818,944 ret 413.13 len 293.5 kl 0.0206  sps 1674 reach 0.42
upd 2354/5859 step 4,820,992 ret 389.14 len 294.0 kl 0.0214  sps 1674 reach 0.42
upd 2355/5859 step 4,823,040 ret 369.71 len 294.0 kl 0.0227  sps 1674 reach 0.42
upd 2356/5859 step 4,825,088 ret 357.25 len 294.0 kl 0.0230  sps 1674 reach 0.42
upd 2357/5859 step 4,827,136 ret 413.76 len 300.0 kl 0.0210  sps 1675 reach 0.42
upd 2358/5859 step 4,829,184 ret 429.31 len 290.7 kl 0.0220  sps 1675 reach 0.42
upd 2359/5859 step 4,831,232 ret 401.7 len 290.7 kl 0.0247  sps 1675 reach 0.42
upd 2360/5859 step 4,833,280 ret 401.52 len 286.3 kl 0.0262  sps 1675 reach 0.42
upd 2361/5859 step 4,835,328 ret 434.63 len 286.3 kl 0.0172  sps 1675 reach 0.42
upd 2362/5859 step 4,837,376 ret 456.87 len 286.3 kl 0.0291  sps 1676 reach 0.42
upd 2363/5859 step 4,839,424 ret 441.63 len 286.3 kl 0.0217  sps 1676 reach 0.42
upd 2364/5859 step 4,841,472 ret 468.48 len 291.6 kl 0.0228  sps 1676 reach 0.42
upd 2365/5859 step 4,843,520 ret 455.49 len 291.6 kl 0.0240  sps 1676 reach 0.42
upd 2366/5859 step 4,845,568 ret 455.71 len 296.0 kl 0.0222  sps 1677 reach 0.42
upd 2367/5859 step 4,847,616 ret 470.0 len 296.0 kl 0.0208  sps 1677 reach 0.42
upd 2368/5859 step 4,849,664 ret 441.56 len 296.0 kl 0.0220  sps 1677 reach 0.42
upd 2369/5859 step 4,851,712 ret 401.3 len 296.0 kl 0.0251  sps 1677 reach 0.42
upd 2370/5859 step 4,853,760 ret 396.56 len 300.0 kl 0.0220  sps 1677 reach 0.42
upd 2371/5859 step 4,855,808 ret 434.03 len 300.0 kl 0.0242  sps 1677 reach 0.42
upd 2372/5859 step 4,857,856 ret 433.01 len 300.0 kl 0.0198  sps 1677 reach 0.42
upd 2373/5859 step 4,859,904 ret 419.33 len 300.0 kl 0.0290  sps 1678 reach 0.42
upd 2374/5859 step 4,861,952 ret 437.03 len 300.0 kl 0.0200  sps 1678 reach 0.42
upd 2375/5859 step 4,864,000 ret 463.15 len 300.0 kl 0.0276  sps 1678 reach 0.43
upd 2376/5859 step 4,866,048 ret 451.84 len 300.0 kl 0.0239  sps 1678 reach 0.43
upd 2377/5859 step 4,868,096 ret 417.18 len 300.0 kl 0.0223  sps 1678 reach 0.43
upd 2378/5859 step 4,870,144 ret 405.72 len 300.0 kl 0.0279  sps 1679 reach 0.43
upd 2379/5859 step 4,872,192 ret 407.96 len 300.0 kl 0.0187  sps 1679 reach 0.43
upd 2380/5859 step 4,874,240 ret 403.64 len 299.1 kl 0.0248  sps 1679 reach 0.43
upd 2381/5859 step 4,876,288 ret 384.77 len 299.1 kl 0.0239  sps 1679 reach 0.43
upd 2382/5859 step 4,878,336 ret 415.94 len 299.1 kl 0.0229  sps 1680 reach 0.43
upd 2383/5859 step 4,880,384 ret 398.73 len 299.1 kl 0.0165  sps 1680 reach 0.43
upd 2384/5859 step 4,882,432 ret 403.27 len 299.1 kl 0.0213  sps 1680 reach 0.43
upd 2385/5859 step 4,884,480 ret 381.08 len 295.3 kl 0.0236  sps 1680 reach 0.43
upd 2386/5859 step 4,886,528 ret 420.0 len 289.3 kl 0.0175  sps 1680 reach 0.43
upd 2387/5859 step 4,888,576 ret 438.46 len 287.2 kl 0.0231  sps 1680 reach 0.43
upd 2388/5859 step 4,890,624 ret 438.86 len 287.2 kl 0.0195  sps 1680 reach 0.43
upd 2389/5859 step 4,892,672 ret 428.45 len 287.2 kl 0.0234  sps 1681 reach 0.43
upd 2390/5859 step 4,894,720 ret 444.15 len 287.4 kl 0.0236  sps 1681 reach 0.43
upd 2391/5859 step 4,896,768 ret 423.25 len 288.3 kl 0.0217  sps 1681 reach 0.43
upd 2392/5859 step 4,898,816 ret 379.19 len 289.6 kl 0.0218  sps 1681 reach 0.43
upd 2393/5859 step 4,900,864 ret 353.64 len 291.6 kl 0.0219  sps 1681 reach 0.43
upd 2394/5859 step 4,902,912 ret 309.68 len 286.1 kl 0.0316* sps 1682 reach 0.43
upd 2395/5859 step 4,904,960 ret 327.74 len 285.8 kl 0.0213  sps 1682 reach 0.43
upd 2396/5859 step 4,907,008 ret 316.01 len 285.8 kl 0.0267  sps 1682 reach 0.43
upd 2397/5859 step 4,909,056 ret 306.88 len 289.6 kl 0.0215  sps 1682 reach 0.43
upd 2398/5859 step 4,911,104 ret 329.07 len 289.6 kl 0.0237  sps 1682 reach 0.43
upd 2399/5859 step 4,913,152 ret 368.83 len 287.0 kl 0.0269  sps 1682 reach 0.43
upd 2400/5859 step 4,915,200 ret 389.26 len 289.1 kl 0.0275  sps 1683 reach 0.43
upd 2401/5859 step 4,917,248 ret 406.28 len 294.0 kl 0.0242  sps 1683 reach 0.43
upd 2402/5859 step 4,919,296 ret 381.37 len 294.0 kl 0.0224  sps 1683 reach 0.43
upd 2403/5859 step 4,921,344 ret 429.25 len 289.6 kl 0.0240  sps 1683 reach 0.43
upd 2404/5859 step 4,923,392 ret 352.47 len 289.6 kl 0.0173  sps 1683 reach 0.43
upd 2405/5859 step 4,925,440 ret 373.95 len 292.1 kl 0.0273  sps 1683 reach 0.43
upd 2406/5859 step 4,927,488 ret 361.01 len 293.6 kl 0.0208  sps 1684 reach 0.43
upd 2407/5859 step 4,929,536 ret 364.15 len 293.5 kl 0.0224  sps 1684 reach 0.43
upd 2408/5859 step 4,931,584 ret 369.69 len 294.6 kl 0.0245  sps 1684 reach 0.43
upd 2409/5859 step 4,933,632 ret 382.68 len 297.9 kl 0.0201  sps 1684 reach 0.43
upd 2410/5859 step 4,935,680 ret 425.02 len 295.5 kl 0.0245  sps 1684 reach 0.44
upd 2411/5859 step 4,937,728 ret 396.54 len 295.5 kl 0.0204  sps 1685 reach 0.44
upd 2412/5859 step 4,939,776 ret 408.72 len 288.9 kl 0.0241  sps 1685 reach 0.44
upd 2413/5859 step 4,941,824 ret 433.45 len 288.9 kl 0.0221  sps 1685 reach 0.44
upd 2414/5859 step 4,943,872 ret 406.04 len 288.9 kl 0.0246  sps 1685 reach 0.44
upd 2415/5859 step 4,945,920 ret 420.62 len 288.9 kl 0.0217  sps 1685 reach 0.44
upd 2416/5859 step 4,947,968 ret 415.86 len 291.4 kl 0.0244  sps 1685 reach 0.44
upd 2417/5859 step 4,950,016 ret 427.33 len 291.2 kl 0.0168  sps 1686 reach 0.44
upd 2418/5859 step 4,952,064 ret 403.8 len 293.8 kl 0.0242  sps 1686 reach 0.44
upd 2419/5859 step 4,954,112 ret 388.1 len 293.8 kl 0.0226  sps 1686 reach 0.44
upd 2420/5859 step 4,956,160 ret 377.08 len 293.8 kl 0.0237  sps 1686 reach 0.44
upd 2421/5859 step 4,958,208 ret 353.8 len 293.8 kl 0.0279  sps 1686 reach 0.44
upd 2422/5859 step 4,960,256 ret 359.03 len 300.0 kl 0.0233  sps 1686 reach 0.44
upd 2423/5859 step 4,962,304 ret 353.46 len 295.4 kl 0.0246  sps 1686 reach 0.44
upd 2424/5859 step 4,964,352 ret 378.62 len 295.4 kl 0.0226  sps 1687 reach 0.44
upd 2425/5859 step 4,966,400 ret 372.9 len 295.4 kl 0.0237  sps 1687 reach 0.44
upd 2426/5859 step 4,968,448 ret 390.77 len 290.5 kl 0.0265  sps 1687 reach 0.44
upd 2427/5859 step 4,970,496 ret 378.66 len 285.6 kl 0.0205  sps 1687 reach 0.44
upd 2428/5859 step 4,972,544 ret 416.14 len 285.6 kl 0.0241  sps 1687 reach 0.44
upd 2429/5859 step 4,974,592 ret 389.71 len 284.4 kl 0.0217  sps 1688 reach 0.44
upd 2430/5859 step 4,976,640 ret 376.7 len 284.4 kl 0.0241  sps 1688 reach 0.44
upd 2431/5859 step 4,978,688 ret 436.72 len 284.4 kl 0.0234  sps 1688 reach 0.44
upd 2432/5859 step 4,980,736 ret 422.26 len 286.7 kl 0.0263  sps 1688 reach 0.44
upd 2433/5859 step 4,982,784 ret 423.51 len 291.6 kl 0.0322* sps 1688 reach 0.44
upd 2434/5859 step 4,984,832 ret 431.49 len 290.6 kl 0.0240  sps 1689 reach 0.44
upd 2435/5859 step 4,986,880 ret 441.59 len 293.9 kl 0.0313* sps 1689 reach 0.44
upd 2436/5859 step 4,988,928 ret 407.94 len 293.9 kl 0.0254  sps 1689 reach 0.44
upd 2437/5859 step 4,990,976 ret 359.85 len 296.4 kl 0.0244  sps 1689 reach 0.44
upd 2438/5859 step 4,993,024 ret 369.73 len 296.4 kl 0.0282  sps 1689 reach 0.44
upd 2439/5859 step 4,995,072 ret 383.85 len 290.7 kl 0.0200  sps 1690 reach 0.44
upd 2440/5859 step 4,997,120 ret 362.47 len 294.3 kl 0.0251  sps 1690 reach 0.44
upd 2441/5859 step 4,999,168 ret 406.23 len 288.4 kl 0.0264  sps 1690 reach 0.44
upd 2442/5859 step 5,001,216 ret 443.3 len 288.4 kl 0.0178  sps 1690 reach 0.44
upd 2443/5859 step 5,003,264 ret 480.0 len 284.9 kl 0.0215  sps 1690 reach 0.44
upd 2444/5859 step 5,005,312 ret 460.8 len 284.9 kl 0.0252  sps 1691 reach 0.44
upd 2445/5859 step 5,007,360 ret 471.1 len 290.6 kl 0.0257  sps 1691 reach 0.45
upd 2446/5859 step 5,009,408 ret 494.28 len 290.9 kl 0.0329* sps 1691 reach 0.45
upd 2447/5859 step 5,011,456 ret 499.29 len 290.8 kl 0.0252  sps 1691 reach 0.45
upd 2448/5859 step 5,013,504 ret 466.12 len 288.2 kl 0.0207  sps 1691 reach 0.45
upd 2449/5859 step 5,015,552 ret 507.31 len 291.7 kl 0.0282  sps 1691 reach 0.45
upd 2450/5859 step 5,017,600 ret 483.26 len 284.1 kl 0.0261  sps 1691 reach 0.45
upd 2451/5859 step 5,019,648 ret 425.55 len 284.1 kl 0.0198  sps 1692 reach 0.45
upd 2452/5859 step 5,021,696 ret 408.11 len 289.9 kl 0.0244  sps 1692 reach 0.45
upd 2453/5859 step 5,023,744 ret 377.41 len 287.9 kl 0.0248  sps 1692 reach 0.45
upd 2454/5859 step 5,025,792 ret 413.17 len 287.9 kl 0.0225  sps 1692 reach 0.45
upd 2455/5859 step 5,027,840 ret 405.23 len 288.8 kl 0.0268  sps 1693 reach 0.45
upd 2456/5859 step 5,029,888 ret 435.03 len 290.4 kl 0.0203  sps 1693 reach 0.45
upd 2457/5859 step 5,031,936 ret 493.86 len 290.4 kl 0.0229  sps 1693 reach 0.45
upd 2458/5859 step 5,033,984 ret 537.43 len 294.9 kl 0.0191  sps 1693 reach 0.45
upd 2459/5859 step 5,036,032 ret 518.27 len 290.6 kl 0.0299  sps 1693 reach 0.45
upd 2460/5859 step 5,038,080 ret 504.69 len 290.6 kl 0.0226  sps 1694 reach 0.45
upd 2461/5859 step 5,040,128 ret 493.76 len 290.2 kl 0.0219  sps 1694 reach 0.45
upd 2462/5859 step 5,042,176 ret 459.76 len 290.2 kl 0.0244  sps 1694 reach 0.45
upd 2463/5859 step 5,044,224 ret 474.23 len 290.2 kl 0.0211  sps 1694 reach 0.45
upd 2464/5859 step 5,046,272 ret 462.03 len 294.5 kl 0.0262  sps 1694 reach 0.45
upd 2465/5859 step 5,048,320 ret 472.62 len 294.5 kl 0.0216  sps 1695 reach 0.45
upd 2466/5859 step 5,050,368 ret 509.57 len 300.0 kl 0.0259  sps 1695 reach 0.45
upd 2467/5859 step 5,052,416 ret 493.47 len 298.6 kl 0.0288  sps 1695 reach 0.45
upd 2468/5859 step 5,054,464 ret 491.67 len 298.6 kl 0.0246  sps 1695 reach 0.45
upd 2469/5859 step 5,056,512 ret 453.85 len 295.9 kl 0.0275  sps 1695 reach 0.45
upd 2470/5859 step 5,058,560 ret 451.8 len 295.9 kl 0.0231  sps 1696 reach 0.45
upd 2471/5859 step 5,060,608 ret 468.8 len 295.9 kl 0.0261  sps 1696 reach 0.45
upd 2472/5859 step 5,062,656 ret 456.52 len 295.9 kl 0.0261  sps 1696 reach 0.45
upd 2473/5859 step 5,064,704 ret 463.69 len 294.2 kl 0.0311* sps 1696 reach 0.45
upd 2474/5859 step 5,066,752 ret 455.79 len 294.1 kl 0.0180  sps 1696 reach 0.45
upd 2475/5859 step 5,068,800 ret 424.23 len 291.3 kl 0.0195  sps 1696 reach 0.45
upd 2476/5859 step 5,070,848 ret 405.35 len 291.3 kl 0.0286  sps 1696 reach 0.45
upd 2477/5859 step 5,072,896 ret 394.04 len 291.3 kl 0.0213  sps 1697 reach 0.45
upd 2478/5859 step 5,074,944 ret 383.93 len 291.3 kl 0.0255  sps 1697 reach 0.45
upd 2479/5859 step 5,076,992 ret 361.22 len 294.5 kl 0.0265  sps 1697 reach 0.45
upd 2480/5859 step 5,079,040 ret 393.16 len 289.5 kl 0.0247  sps 1697 reach 0.46
upd 2481/5859 step 5,081,088 ret 390.15 len 294.9 kl 0.0255  sps 1697 reach 0.46
upd 2482/5859 step 5,083,136 ret 382.46 len 294.9 kl 0.0193  sps 1697 reach 0.46
upd 2483/5859 step 5,085,184 ret 399.6 len 286.2 kl 0.0202  sps 1698 reach 0.46
upd 2484/5859 step 5,087,232 ret 405.54 len 286.2 kl 0.0266  sps 1698 reach 0.46
upd 2485/5859 step 5,089,280 ret 408.68 len 286.2 kl 0.0226  sps 1698 reach 0.46
upd 2486/5859 step 5,091,328 ret 402.74 len 290.7 kl 0.0239  sps 1698 reach 0.46
upd 2487/5859 step 5,093,376 ret 420.67 len 289.9 kl 0.0212  sps 1698 reach 0.46
upd 2488/5859 step 5,095,424 ret 451.29 len 289.4 kl 0.0248  sps 1699 reach 0.46
upd 2489/5859 step 5,097,472 ret 468.51 len 298.2 kl 0.0250  sps 1699 reach 0.46
upd 2490/5859 step 5,099,520 ret 482.15 len 298.2 kl 0.0215  sps 1699 reach 0.46
upd 2491/5859 step 5,101,568 ret 490.45 len 298.2 kl 0.0246  sps 1699 reach 0.46
upd 2492/5859 step 5,103,616 ret 473.42 len 294.4 kl 0.0208  sps 1699 reach 0.46
upd 2493/5859 step 5,105,664 ret 442.05 len 295.3 kl 0.0193  sps 1699 reach 0.46
upd 2494/5859 step 5,107,712 ret 376.28 len 295.7 kl 0.0242  sps 1700 reach 0.46
upd 2495/5859 step 5,109,760 ret 358.83 len 295.7 kl 0.0180  sps 1700 reach 0.46
upd 2496/5859 step 5,111,808 ret 335.89 len 295.7 kl 0.0260  sps 1700 reach 0.46
upd 2497/5859 step 5,113,856 ret 305.14 len 297.6 kl 0.0285  sps 1700 reach 0.46
upd 2498/5859 step 5,115,904 ret 302.46 len 297.6 kl 0.0213  sps 1700 reach 0.46
upd 2499/5859 step 5,117,952 ret 312.03 len 293.8 kl 0.0296  sps 1701 reach 0.46
upd 2500/5859 step 5,120,000 ret 330.97 len 293.8 kl 0.0249  sps 1701 reach 0.46
upd 2501/5859 step 5,122,048 ret 343.44 len 291.8 kl 0.0240  sps 1701 reach 0.46
upd 2502/5859 step 5,124,096 ret 359.25 len 284.9 kl 0.0246  sps 1701 reach 0.46
upd 2503/5859 step 5,126,144 ret 377.61 len 287.2 kl 0.0209  sps 1702 reach 0.46
upd 2504/5859 step 5,128,192 ret 416.13 len 289.3 kl 0.0204  sps 1702 reach 0.46
upd 2505/5859 step 5,130,240 ret 428.65 len 289.3 kl 0.0227  sps 1702 reach 0.46
upd 2506/5859 step 5,132,288 ret 435.19 len 291.3 kl 0.0261  sps 1702 reach 0.46
upd 2507/5859 step 5,134,336 ret 440.24 len 294.3 kl 0.0237  sps 1702 reach 0.46
upd 2508/5859 step 5,136,384 ret 427.82 len 298.2 kl 0.0262  sps 1702 reach 0.46
upd 2509/5859 step 5,138,432 ret 440.85 len 298.2 kl 0.0224  sps 1702 reach 0.46
upd 2510/5859 step 5,140,480 ret 416.04 len 295.3 kl 0.0245  sps 1702 reach 0.46
upd 2511/5859 step 5,142,528 ret 377.16 len 295.3 kl 0.0294  sps 1702 reach 0.46
upd 2512/5859 step 5,144,576 ret 393.89 len 294.7 kl 0.0215  sps 1703 reach 0.46
upd 2513/5859 step 5,146,624 ret 404.9 len 294.7 kl 0.0312* sps 1703 reach 0.46
upd 2514/5859 step 5,148,672 ret 419.17 len 294.7 kl 0.0207  sps 1703 reach 0.46
upd 2515/5859 step 5,150,720 ret 401.89 len 289.1 kl 0.0242  sps 1703 reach 0.47
upd 2516/5859 step 5,152,768 ret 409.19 len 293.4 kl 0.0210  sps 1703 reach 0.47
upd 2517/5859 step 5,154,816 ret 432.34 len 292.4 kl 0.0195  sps 1703 reach 0.47
upd 2518/5859 step 5,156,864 ret 395.64 len 293.0 kl 0.0226  sps 1704 reach 0.47
upd 2519/5859 step 5,158,912 ret 410.2 len 293.0 kl 0.0214  sps 1704 reach 0.47
upd 2520/5859 step 5,160,960 ret 386.03 len 293.0 kl 0.0234  sps 1704 reach 0.47
upd 2521/5859 step 5,163,008 ret 417.79 len 299.0 kl 0.0243  sps 1704 reach 0.47
upd 2522/5859 step 5,165,056 ret 432.09 len 299.6 kl 0.0211  sps 1704 reach 0.47
upd 2523/5859 step 5,167,104 ret 413.57 len 299.6 kl 0.0207  sps 1704 reach 0.47
upd 2524/5859 step 5,169,152 ret 423.43 len 294.0 kl 0.0211  sps 1705 reach 0.47
upd 2525/5859 step 5,171,200 ret 384.85 len 294.0 kl 0.0296  sps 1705 reach 0.47
upd 2526/5859 step 5,173,248 ret 375.48 len 294.0 kl 0.0244  sps 1705 reach 0.47
upd 2527/5859 step 5,175,296 ret 362.56 len 294.0 kl 0.0234  sps 1705 reach 0.47
upd 2528/5859 step 5,177,344 ret 364.37 len 290.1 kl 0.0212  sps 1705 reach 0.47
upd 2529/5859 step 5,179,392 ret 378.22 len 286.9 kl 0.0251  sps 1706 reach 0.47
upd 2530/5859 step 5,181,440 ret 372.47 len 292.4 kl 0.0207  sps 1706 reach 0.47
upd 2531/5859 step 5,183,488 ret 387.11 len 292.4 kl 0.0277  sps 1706 reach 0.47
upd 2532/5859 step 5,185,536 ret 399.14 len 292.4 kl 0.0221  sps 1706 reach 0.47
upd 2533/5859 step 5,187,584 ret 386.72 len 286.6 kl 0.0209  sps 1706 reach 0.47
upd 2534/5859 step 5,189,632 ret 399.38 len 291.0 kl 0.0279  sps 1706 reach 0.47
upd 2535/5859 step 5,191,680 ret 389.0 len 294.3 kl 0.0205  sps 1707 reach 0.47
upd 2536/5859 step 5,193,728 ret 408.23 len 286.8 kl 0.0216  sps 1707 reach 0.47
upd 2537/5859 step 5,195,776 ret 423.98 len 286.4 kl 0.0199  sps 1707 reach 0.47
upd 2538/5859 step 5,197,824 ret 420.13 len 286.4 kl 0.0164  sps 1707 reach 0.47
upd 2539/5859 step 5,199,872 ret 390.33 len 292.1 kl 0.0272  sps 1708 reach 0.47
upd 2540/5859 step 5,201,920 ret 370.36 len 292.1 kl 0.0273  sps 1708 reach 0.47
upd 2541/5859 step 5,203,968 ret 387.01 len 292.1 kl 0.0211  sps 1708 reach 0.47
upd 2542/5859 step 5,206,016 ret 376.18 len 299.7 kl 0.0246  sps 1708 reach 0.47
upd 2543/5859 step 5,208,064 ret 398.58 len 294.8 kl 0.0221  sps 1708 reach 0.47
upd 2544/5859 step 5,210,112 ret 397.4 len 294.8 kl 0.0247  sps 1708 reach 0.47
upd 2545/5859 step 5,212,160 ret 417.07 len 294.8 kl 0.0214  sps 1709 reach 0.47
upd 2546/5859 step 5,214,208 ret 389.49 len 291.4 kl 0.0207  sps 1709 reach 0.47
upd 2547/5859 step 5,216,256 ret 395.42 len 289.2 kl 0.0265  sps 1709 reach 0.47
upd 2548/5859 step 5,218,304 ret 383.82 len 287.7 kl 0.0256  sps 1709 reach 0.47
upd 2549/5859 step 5,220,352 ret 365.89 len 292.9 kl 0.0225  sps 1709 reach 0.47
upd 2550/5859 step 5,222,400 ret 411.79 len 292.9 kl 0.0218  sps 1709 reach 0.48
upd 2551/5859 step 5,224,448 ret 405.98 len 288.6 kl 0.0281  sps 1709 reach 0.48
upd 2552/5859 step 5,226,496 ret 448.45 len 291.9 kl 0.0190  sps 1710 reach 0.48
upd 2553/5859 step 5,228,544 ret 440.89 len 294.1 kl 0.0224  sps 1710 reach 0.48
upd 2554/5859 step 5,230,592 ret 425.69 len 294.1 kl 0.0190  sps 1710 reach 0.48
upd 2555/5859 step 5,232,640 ret 437.66 len 292.3 kl 0.0238  sps 1710 reach 0.48
upd 2556/5859 step 5,234,688 ret 401.2 len 289.2 kl 0.0189  sps 1710 reach 0.48
upd 2557/5859 step 5,236,736 ret 415.31 len 293.6 kl 0.0213  sps 1710 reach 0.48
upd 2558/5859 step 5,238,784 ret 414.19 len 293.6 kl 0.0190  sps 1710 reach 0.48
upd 2559/5859 step 5,240,832 ret 441.94 len 295.1 kl 0.0186  sps 1710 reach 0.48
upd 2560/5859 step 5,242,880 ret 482.88 len 295.1 kl 0.0214  sps 1710 reach 0.48
upd 2561/5859 step 5,244,928 ret 503.19 len 297.0 kl 0.0191  sps 1710 reach 0.48
upd 2562/5859 step 5,246,976 ret 510.23 len 300.0 kl 0.0243  sps 1711 reach 0.48
upd 2563/5859 step 5,249,024 ret 476.81 len 300.0 kl 0.0222  sps 1711 reach 0.48
upd 2564/5859 step 5,251,072 ret 464.03 len 300.0 kl 0.0255  sps 1711 reach 0.48
upd 2565/5859 step 5,253,120 ret 427.83 len 300.0 kl 0.0216  sps 1711 reach 0.48
upd 2566/5859 step 5,255,168 ret 397.16 len 300.0 kl 0.0209  sps 1712 reach 0.48
upd 2567/5859 step 5,257,216 ret 347.54 len 295.8 kl 0.0274  sps 1712 reach 0.48
upd 2568/5859 step 5,259,264 ret 363.95 len 290.2 kl 0.0218  sps 1712 reach 0.48
upd 2569/5859 step 5,261,312 ret 385.31 len 290.2 kl 0.0228  sps 1712 reach 0.48
upd 2570/5859 step 5,263,360 ret 426.59 len 290.2 kl 0.0250  sps 1712 reach 0.48
upd 2571/5859 step 5,265,408 ret 398.06 len 287.6 kl 0.0335* sps 1712 reach 0.48
upd 2572/5859 step 5,267,456 ret 423.57 len 291.8 kl 0.0264  sps 1712 reach 0.48
upd 2573/5859 step 5,269,504 ret 429.66 len 289.8 kl 0.0217  sps 1711 reach 0.48
upd 2574/5859 step 5,271,552 ret 433.93 len 286.9 kl 0.0231  sps 1711 reach 0.48
upd 2575/5859 step 5,273,600 ret 397.72 len 286.9 kl 0.0237  sps 1711 reach 0.48
upd 2576/5859 step 5,275,648 ret 414.47 len 286.9 kl 0.0186  sps 1711 reach 0.48
upd 2577/5859 step 5,277,696 ret 403.39 len 288.1 kl 0.0238  sps 1711 reach 0.48
upd 2578/5859 step 5,279,744 ret 373.06 len 288.1 kl 0.0236  sps 1711 reach 0.48
upd 2579/5859 step 5,281,792 ret 410.2 len 294.9 kl 0.0255  sps 1711 reach 0.48
upd 2580/5859 step 5,283,840 ret 391.5 len 298.6 kl 0.0258  sps 1711 reach 0.48
upd 2581/5859 step 5,285,888 ret 392.52 len 298.6 kl 0.0255  sps 1711 reach 0.48
upd 2582/5859 step 5,287,936 ret 382.62 len 294.2 kl 0.0266  sps 1711 reach 0.48
upd 2583/5859 step 5,289,984 ret 393.9 len 295.6 kl 0.0237  sps 1711 reach 0.48
upd 2584/5859 step 5,292,032 ret 409.74 len 295.6 kl 0.0261  sps 1711 reach 0.48
upd 2585/5859 step 5,294,080 ret 395.08 len 295.6 kl 0.0191  sps 1711 reach 0.49
upd 2586/5859 step 5,296,128 ret 401.38 len 295.6 kl 0.0206  sps 1711 reach 0.49
upd 2587/5859 step 5,298,176 ret 384.04 len 295.6 kl 0.0264  sps 1711 reach 0.49
upd 2588/5859 step 5,300,224 ret 367.32 len 296.8 kl 0.0240  sps 1711 reach 0.49
upd 2589/5859 step 5,302,272 ret 348.76 len 293.6 kl 0.0231  sps 1711 reach 0.49
upd 2590/5859 step 5,304,320 ret 398.52 len 288.6 kl 0.0222  sps 1712 reach 0.49
upd 2591/5859 step 5,306,368 ret 391.83 len 278.4 kl 0.0224  sps 1712 reach 0.49
upd 2592/5859 step 5,308,416 ret 403.02 len 278.4 kl 0.0207  sps 1711 reach 0.49
upd 2593/5859 step 5,310,464 ret 440.51 len 278.4 kl 0.0248  sps 1711 reach 0.49
upd 2594/5859 step 5,312,512 ret 439.28 len 278.1 kl 0.0237  sps 1711 reach 0.49
upd 2595/5859 step 5,314,560 ret 408.77 len 286.4 kl 0.0280  sps 1711 reach 0.49
upd 2596/5859 step 5,316,608 ret 388.49 len 286.4 kl 0.0273  sps 1711 reach 0.49
upd 2597/5859 step 5,318,656 ret 440.39 len 292.5 kl 0.0198  sps 1711 reach 0.49
upd 2598/5859 step 5,320,704 ret 429.68 len 290.5 kl 0.0245  sps 1711 reach 0.49
upd 2599/5859 step 5,322,752 ret 408.7 len 290.5 kl 0.0247  sps 1711 reach 0.49
upd 2600/5859 step 5,324,800 ret 444.46 len 290.9 kl 0.0207  sps 1711 reach 0.49
upd 2601/5859 step 5,326,848 ret 419.21 len 290.9 kl 0.0269  sps 1711 reach 0.49
upd 2602/5859 step 5,328,896 ret 417.35 len 288.9 kl 0.0282  sps 1711 reach 0.49
upd 2603/5859 step 5,330,944 ret 375.78 len 293.0 kl 0.0227  sps 1711 reach 0.49
upd 2604/5859 step 5,332,992 ret 392.41 len 295.0 kl 0.0212  sps 1712 reach 0.49
upd 2605/5859 step 5,335,040 ret 417.6 len 294.4 kl 0.0275  sps 1712 reach 0.49
upd 2606/5859 step 5,337,088 ret 382.44 len 297.5 kl 0.0235  sps 1712 reach 0.49
upd 2607/5859 step 5,339,136 ret 403.06 len 295.6 kl 0.0246  sps 1712 reach 0.49
upd 2608/5859 step 5,341,184 ret 392.07 len 297.4 kl 0.0214  sps 1712 reach 0.49
upd 2609/5859 step 5,343,232 ret 395.33 len 297.4 kl 0.0205  sps 1712 reach 0.49
upd 2610/5859 step 5,345,280 ret 356.79 len 297.4 kl 0.0274  sps 1712 reach 0.49
upd 2611/5859 step 5,347,328 ret 326.46 len 298.1 kl 0.0239  sps 1712 reach 0.49
upd 2612/5859 step 5,349,376 ret 367.42 len 298.1 kl 0.0229  sps 1712 reach 0.49
upd 2613/5859 step 5,351,424 ret 343.54 len 300.0 kl 0.0222  sps 1712 reach 0.49
upd 2614/5859 step 5,353,472 ret 376.94 len 299.0 kl 0.0211  sps 1712 reach 0.49
upd 2615/5859 step 5,355,520 ret 374.49 len 299.0 kl 0.0276  sps 1712 reach 0.49
upd 2616/5859 step 5,357,568 ret 381.11 len 299.0 kl 0.0313* sps 1712 reach 0.49
upd 2617/5859 step 5,359,616 ret 383.99 len 299.0 kl 0.0241  sps 1712 reach 0.49
upd 2618/5859 step 5,361,664 ret 374.06 len 299.0 kl 0.0220  sps 1712 reach 0.49
upd 2619/5859 step 5,363,712 ret 402.13 len 299.0 kl 0.0195  sps 1712 reach 0.49
upd 2620/5859 step 5,365,760 ret 404.92 len 295.8 kl 0.0244  sps 1712 reach 0.49
upd 2621/5859 step 5,367,808 ret 439.43 len 291.1 kl 0.0249  sps 1712 reach 0.50
upd 2622/5859 step 5,369,856 ret 405.3 len 291.1 kl 0.0231  sps 1712 reach 0.50
upd 2623/5859 step 5,371,904 ret 386.59 len 288.4 kl 0.0244  sps 1712 reach 0.50
upd 2624/5859 step 5,373,952 ret 390.57 len 288.4 kl 0.0217  sps 1712 reach 0.50
upd 2625/5859 step 5,376,000 ret 386.37 len 288.4 kl 0.0214  sps 1712 reach 0.50
upd 2626/5859 step 5,378,048 ret 369.09 len 297.4 kl 0.0229  sps 1712 reach 0.50
upd 2627/5859 step 5,380,096 ret 341.02 len 297.4 kl 0.0222  sps 1712 reach 0.50
upd 2628/5859 step 5,382,144 ret 362.96 len 297.4 kl 0.0223  sps 1712 reach 0.50
upd 2629/5859 step 5,384,192 ret 372.5 len 296.7 kl 0.0189  sps 1712 reach 0.50
upd 2630/5859 step 5,386,240 ret 373.37 len 296.7 kl 0.0248  sps 1713 reach 0.50
upd 2631/5859 step 5,388,288 ret 406.96 len 296.7 kl 0.0229  sps 1713 reach 0.50
upd 2632/5859 step 5,390,336 ret 409.91 len 296.7 kl 0.0179  sps 1713 reach 0.50
upd 2633/5859 step 5,392,384 ret 410.03 len 294.5 kl 0.0213  sps 1713 reach 0.50
upd 2634/5859 step 5,394,432 ret 444.86 len 296.1 kl 0.0230  sps 1713 reach 0.50
upd 2635/5859 step 5,396,480 ret 445.22 len 296.1 kl 0.0274  sps 1713 reach 0.50
upd 2636/5859 step 5,398,528 ret 455.24 len 296.1 kl 0.0197  sps 1713 reach 0.50
upd 2637/5859 step 5,400,576 ret 453.84 len 296.1 kl 0.0338* sps 1713 reach 0.50
upd 2638/5859 step 5,402,624 ret 439.92 len 296.1 kl 0.0250  sps 1713 reach 0.50
upd 2639/5859 step 5,404,672 ret 450.06 len 292.6 kl 0.0218  sps 1713 reach 0.50
upd 2640/5859 step 5,406,720 ret 438.56 len 292.8 kl 0.0237  sps 1713 reach 0.50
upd 2641/5859 step 5,408,768 ret 467.63 len 292.8 kl 0.0226  sps 1712 reach 0.50
upd 2642/5859 step 5,410,816 ret 448.8 len 290.0 kl 0.0176  sps 1713 reach 0.50
upd 2643/5859 step 5,412,864 ret 444.56 len 290.0 kl 0.0254  sps 1713 reach 0.50
upd 2644/5859 step 5,414,912 ret 460.2 len 289.7 kl 0.0184  sps 1713 reach 0.50
upd 2645/5859 step 5,416,960 ret 430.39 len 295.3 kl 0.0202  sps 1713 reach 0.50
upd 2646/5859 step 5,419,008 ret 405.65 len 296.8 kl 0.0282  sps 1713 reach 0.50
upd 2647/5859 step 5,421,056 ret 352.15 len 294.2 kl 0.0247  sps 1713 reach 0.50
upd 2648/5859 step 5,423,104 ret 366.72 len 297.1 kl 0.0230  sps 1713 reach 0.50
upd 2649/5859 step 5,425,152 ret 352.7 len 294.2 kl 0.0218  sps 1713 reach 0.50
upd 2650/5859 step 5,427,200 ret 409.5 len 294.5 kl 0.0210  sps 1713 reach 0.50
upd 2651/5859 step 5,429,248 ret 444.83 len 294.5 kl 0.0258  sps 1714 reach 0.50
upd 2652/5859 step 5,431,296 ret 458.68 len 294.5 kl 0.0180  sps 1714 reach 0.50
upd 2653/5859 step 5,433,344 ret 501.66 len 297.1 kl 0.0209  sps 1714 reach 0.50
upd 2654/5859 step 5,435,392 ret 478.04 len 297.1 kl 0.0262  sps 1714 reach 0.50
upd 2655/5859 step 5,437,440 ret 512.39 len 300.0 kl 0.0189  sps 1714 reach 0.50
upd 2656/5859 step 5,439,488 ret 480.04 len 294.4 kl 0.0236  sps 1714 reach 0.51
upd 2657/5859 step 5,441,536 ret 466.42 len 292.8 kl 0.0258  sps 1714 reach 0.51
upd 2658/5859 step 5,443,584 ret 459.21 len 292.8 kl 0.0266  sps 1714 reach 0.51
upd 2659/5859 step 5,445,632 ret 442.27 len 287.9 kl 0.0277  sps 1715 reach 0.51
upd 2660/5859 step 5,447,680 ret 458.29 len 282.2 kl 0.0222  sps 1715 reach 0.51
upd 2661/5859 step 5,449,728 ret 478.23 len 282.8 kl 0.0220  sps 1715 reach 0.51
upd 2662/5859 step 5,451,776 ret 413.39 len 281.8 kl 0.0252  sps 1715 reach 0.51
upd 2663/5859 step 5,453,824 ret 392.84 len 283.5 kl 0.0204  sps 1715 reach 0.51
upd 2664/5859 step 5,455,872 ret 366.22 len 282.3 kl 0.0238  sps 1715 reach 0.51
upd 2665/5859 step 5,457,920 ret 368.15 len 282.9 kl 0.0232  sps 1715 reach 0.51
upd 2666/5859 step 5,459,968 ret 322.31 len 282.9 kl 0.0244  sps 1716 reach 0.51
upd 2667/5859 step 5,462,016 ret 320.9 len 288.9 kl 0.0198  sps 1716 reach 0.51
upd 2668/5859 step 5,464,064 ret 322.16 len 288.9 kl 0.0240  sps 1716 reach 0.51
upd 2669/5859 step 5,466,112 ret 351.56 len 293.7 kl 0.0230  sps 1716 reach 0.51
upd 2670/5859 step 5,468,160 ret 356.37 len 274.6 kl 0.0152  sps 1716 reach 0.51
upd 2671/5859 step 5,470,208 ret 368.23 len 279.7 kl 0.0234  sps 1717 reach 0.51
upd 2672/5859 step 5,472,256 ret 386.03 len 279.5 kl 0.0217  sps 1717 reach 0.51
upd 2673/5859 step 5,474,304 ret 392.28 len 279.5 kl 0.0197  sps 1717 reach 0.51
upd 2674/5859 step 5,476,352 ret 414.35 len 279.5 kl 0.0283  sps 1717 reach 0.51
upd 2675/5859 step 5,478,400 ret 432.77 len 287.7 kl 0.0181  sps 1717 reach 0.51
upd 2676/5859 step 5,480,448 ret 444.15 len 293.2 kl 0.0189  sps 1717 reach 0.51
upd 2677/5859 step 5,482,496 ret 474.53 len 293.2 kl 0.0226  sps 1717 reach 0.51
upd 2678/5859 step 5,484,544 ret 470.46 len 287.4 kl 0.0215  sps 1717 reach 0.51
upd 2679/5859 step 5,486,592 ret 468.82 len 287.4 kl 0.0246  sps 1718 reach 0.51
upd 2680/5859 step 5,488,640 ret 451.06 len 281.1 kl 0.0275  sps 1718 reach 0.51
upd 2681/5859 step 5,490,688 ret 419.77 len 287.6 kl 0.0254  sps 1718 reach 0.51
upd 2682/5859 step 5,492,736 ret 406.66 len 287.6 kl 0.0241  sps 1718 reach 0.51
upd 2683/5859 step 5,494,784 ret 393.24 len 290.0 kl 0.0223  sps 1718 reach 0.51
upd 2684/5859 step 5,496,832 ret 415.3 len 290.4 kl 0.0194  sps 1718 reach 0.51
upd 2685/5859 step 5,498,880 ret 438.69 len 290.4 kl 0.0201  sps 1718 reach 0.51
upd 2686/5859 step 5,500,928 ret 468.61 len 291.1 kl 0.0206  sps 1718 reach 0.51
upd 2687/5859 step 5,502,976 ret 441.54 len 288.5 kl 0.0191  sps 1718 reach 0.51
upd 2688/5859 step 5,505,024 ret 405.15 len 291.2 kl 0.0180  sps 1718 reach 0.51
upd 2689/5859 step 5,507,072 ret 421.1 len 290.7 kl 0.0234  sps 1719 reach 0.51
upd 2690/5859 step 5,509,120 ret 396.52 len 291.3 kl 0.0256  sps 1719 reach 0.51
upd 2691/5859 step 5,511,168 ret 384.5 len 291.3 kl 0.0256  sps 1719 reach 0.52
upd 2692/5859 step 5,513,216 ret 371.54 len 296.9 kl 0.0244  sps 1719 reach 0.52
upd 2693/5859 step 5,515,264 ret 367.14 len 297.4 kl 0.0242  sps 1719 reach 0.52
upd 2694/5859 step 5,517,312 ret 357.38 len 297.4 kl 0.0270  sps 1719 reach 0.52
upd 2695/5859 step 5,519,360 ret 344.8 len 297.9 kl 0.0179  sps 1720 reach 0.52
upd 2696/5859 step 5,521,408 ret 369.65 len 292.1 kl 0.0199  sps 1720 reach 0.52
upd 2697/5859 step 5,523,456 ret 366.75 len 290.1 kl 0.0238  sps 1720 reach 0.52
upd 2698/5859 step 5,525,504 ret 364.27 len 290.1 kl 0.0219  sps 1720 reach 0.52
upd 2699/5859 step 5,527,552 ret 380.77 len 282.1 kl 0.0213  sps 1720 reach 0.52
upd 2700/5859 step 5,529,600 ret 364.53 len 282.1 kl 0.0223  sps 1720 reach 0.52
upd 2701/5859 step 5,531,648 ret 380.72 len 287.9 kl 0.0204  sps 1721 reach 0.52
upd 2702/5859 step 5,533,696 ret 394.28 len 287.9 kl 0.0249  sps 1721 reach 0.52
upd 2703/5859 step 5,535,744 ret 420.56 len 289.9 kl 0.0209  sps 1721 reach 0.52
upd 2704/5859 step 5,537,792 ret 420.89 len 289.9 kl 0.0233  sps 1721 reach 0.52
upd 2705/5859 step 5,539,840 ret 408.16 len 299.5 kl 0.0258  sps 1721 reach 0.52
upd 2706/5859 step 5,541,888 ret 450.69 len 298.4 kl 0.0221  sps 1721 reach 0.52
upd 2707/5859 step 5,543,936 ret 434.9 len 297.3 kl 0.0198  sps 1721 reach 0.52
upd 2708/5859 step 5,545,984 ret 417.42 len 297.3 kl 0.0260  sps 1721 reach 0.52
upd 2709/5859 step 5,548,032 ret 403.84 len 297.3 kl 0.0187  sps 1721 reach 0.52
upd 2710/5859 step 5,550,080 ret 407.63 len 297.3 kl 0.0203  sps 1721 reach 0.52
upd 2711/5859 step 5,552,128 ret 414.64 len 297.8 kl 0.0157  sps 1722 reach 0.52
upd 2712/5859 step 5,554,176 ret 382.97 len 294.6 kl 0.0232  sps 1722 reach 0.52
upd 2713/5859 step 5,556,224 ret 351.91 len 291.2 kl 0.0203  sps 1722 reach 0.52
upd 2714/5859 step 5,558,272 ret 365.14 len 291.2 kl 0.0198  sps 1722 reach 0.52
upd 2715/5859 step 5,560,320 ret 399.6 len 291.2 kl 0.0261  sps 1722 reach 0.52
upd 2716/5859 step 5,562,368 ret 387.81 len 288.1 kl 0.0284  sps 1722 reach 0.52
upd 2717/5859 step 5,564,416 ret 403.04 len 288.1 kl 0.0226  sps 1722 reach 0.52
upd 2718/5859 step 5,566,464 ret 420.76 len 292.4 kl 0.0199  sps 1722 reach 0.52
upd 2719/5859 step 5,568,512 ret 416.38 len 296.9 kl 0.0256  sps 1722 reach 0.52
upd 2720/5859 step 5,570,560 ret 386.19 len 296.9 kl 0.0171  sps 1722 reach 0.52
upd 2721/5859 step 5,572,608 ret 381.7 len 290.2 kl 0.0207  sps 1722 reach 0.52
upd 2722/5859 step 5,574,656 ret 396.91 len 289.1 kl 0.0209  sps 1722 reach 0.52
upd 2723/5859 step 5,576,704 ret 388.58 len 284.9 kl 0.0245  sps 1722 reach 0.52
upd 2724/5859 step 5,578,752 ret 404.13 len 280.1 kl 0.0261  sps 1722 reach 0.52
upd 2725/5859 step 5,580,800 ret 416.12 len 271.8 kl 0.0247  sps 1722 reach 0.52
upd 2726/5859 step 5,582,848 ret 423.94 len 276.3 kl 0.0255  sps 1722 reach 0.53
upd 2727/5859 step 5,584,896 ret 401.53 len 281.6 kl 0.0232  sps 1722 reach 0.53
upd 2728/5859 step 5,586,944 ret 394.45 len 282.7 kl 0.0229  sps 1723 reach 0.53
upd 2729/5859 step 5,588,992 ret 410.6 len 286.9 kl 0.0201  sps 1723 reach 0.53
upd 2730/5859 step 5,591,040 ret 407.81 len 287.0 kl 0.0254  sps 1723 reach 0.53
upd 2731/5859 step 5,593,088 ret 404.7 len 290.2 kl 0.0259  sps 1723 reach 0.53
upd 2732/5859 step 5,595,136 ret 374.59 len 290.2 kl 0.0235  sps 1723 reach 0.53
upd 2733/5859 step 5,597,184 ret 372.86 len 290.2 kl 0.0206  sps 1723 reach 0.53
upd 2734/5859 step 5,599,232 ret 397.23 len 288.8 kl 0.0212  sps 1723 reach 0.53
upd 2735/5859 step 5,601,280 ret 401.42 len 284.4 kl 0.0268  sps 1723 reach 0.53
upd 2736/5859 step 5,603,328 ret 426.88 len 284.6 kl 0.0246  sps 1722 reach 0.53
upd 2737/5859 step 5,605,376 ret 381.79 len 289.7 kl 0.0226  sps 1722 reach 0.53
upd 2738/5859 step 5,607,424 ret 412.63 len 289.7 kl 0.0193  sps 1722 reach 0.53
upd 2739/5859 step 5,609,472 ret 401.16 len 291.1 kl 0.0266  sps 1723 reach 0.53
upd 2740/5859 step 5,611,520 ret 370.27 len 291.1 kl 0.0257  sps 1723 reach 0.53
upd 2741/5859 step 5,613,568 ret 346.29 len 295.5 kl 0.0169  sps 1723 reach 0.53
upd 2742/5859 step 5,615,616 ret 353.26 len 297.4 kl 0.0179  sps 1723 reach 0.53
upd 2743/5859 step 5,617,664 ret 343.81 len 292.1 kl 0.0188  sps 1723 reach 0.53
upd 2744/5859 step 5,619,712 ret 363.62 len 292.1 kl 0.0183  sps 1723 reach 0.53
upd 2745/5859 step 5,621,760 ret 349.09 len 287.2 kl 0.0177  sps 1723 reach 0.53
upd 2746/5859 step 5,623,808 ret 321.63 len 287.2 kl 0.0280  sps 1723 reach 0.53
upd 2747/5859 step 5,625,856 ret 310.17 len 282.1 kl 0.0225  sps 1723 reach 0.53
upd 2748/5859 step 5,627,904 ret 325.94 len 284.7 kl 0.0316* sps 1723 reach 0.53
upd 2749/5859 step 5,629,952 ret 280.95 len 284.3 kl 0.0246  sps 1723 reach 0.53
upd 2750/5859 step 5,632,000 ret 300.45 len 289.2 kl 0.0228  sps 1723 reach 0.53
upd 2751/5859 step 5,634,048 ret 306.53 len 289.2 kl 0.0214  sps 1723 reach 0.53
upd 2752/5859 step 5,636,096 ret 311.49 len 286.1 kl 0.0233  sps 1723 reach 0.53
upd 2753/5859 step 5,638,144 ret 326.36 len 286.8 kl 0.0207  sps 1723 reach 0.53
upd 2754/5859 step 5,640,192 ret 366.46 len 287.3 kl 0.0231  sps 1723 reach 0.53
upd 2755/5859 step 5,642,240 ret 381.93 len 285.4 kl 0.0235  sps 1723 reach 0.53
upd 2756/5859 step 5,644,288 ret 405.83 len 282.9 kl 0.0221  sps 1723 reach 0.53
upd 2757/5859 step 5,646,336 ret 459.29 len 277.2 kl 0.0285  sps 1723 reach 0.53
upd 2758/5859 step 5,648,384 ret 472.31 len 275.3 kl 0.0260  sps 1723 reach 0.53
upd 2759/5859 step 5,650,432 ret 458.01 len 275.3 kl 0.0211  sps 1723 reach 0.53
upd 2760/5859 step 5,652,480 ret 436.65 len 272.9 kl 0.0238  sps 1723 reach 0.53
upd 2761/5859 step 5,654,528 ret 382.62 len 275.5 kl 0.0225  sps 1723 reach 0.54
upd 2762/5859 step 5,656,576 ret 377.54 len 276.4 kl 0.0199  sps 1723 reach 0.54
upd 2763/5859 step 5,658,624 ret 365.99 len 285.6 kl 0.0241  sps 1723 reach 0.54
upd 2764/5859 step 5,660,672 ret 342.39 len 280.6 kl 0.0205  sps 1724 reach 0.54
upd 2765/5859 step 5,662,720 ret 365.2 len 280.6 kl 0.0205  sps 1724 reach 0.54
upd 2766/5859 step 5,664,768 ret 444.17 len 289.9 kl 0.0181  sps 1724 reach 0.54
upd 2767/5859 step 5,666,816 ret 446.49 len 286.2 kl 0.0263  sps 1724 reach 0.54
upd 2768/5859 step 5,668,864 ret 406.1 len 282.0 kl 0.0279  sps 1724 reach 0.54
upd 2769/5859 step 5,670,912 ret 437.56 len 287.1 kl 0.0241  sps 1724 reach 0.54
upd 2770/5859 step 5,672,960 ret 427.41 len 292.1 kl 0.0184  sps 1723 reach 0.54
upd 2771/5859 step 5,675,008 ret 395.78 len 288.2 kl 0.0216  sps 1723 reach 0.54
upd 2772/5859 step 5,677,056 ret 386.96 len 288.2 kl 0.0252  sps 1723 reach 0.54
upd 2773/5859 step 5,679,104 ret 451.33 len 293.4 kl 0.0190  sps 1723 reach 0.54
upd 2774/5859 step 5,681,152 ret 447.91 len 288.4 kl 0.0208  sps 1723 reach 0.54
upd 2775/5859 step 5,683,200 ret 458.78 len 286.0 kl 0.0200  sps 1723 reach 0.54
upd 2776/5859 step 5,685,248 ret 484.4 len 285.2 kl 0.0193  sps 1723 reach 0.54
upd 2777/5859 step 5,687,296 ret 422.43 len 283.4 kl 0.0244  sps 1724 reach 0.54
upd 2778/5859 step 5,689,344 ret 390.28 len 272.4 kl 0.0189  sps 1724 reach 0.54
upd 2779/5859 step 5,691,392 ret 374.56 len 274.4 kl 0.0194  sps 1724 reach 0.54
upd 2780/5859 step 5,693,440 ret 369.89 len 276.8 kl 0.0249  sps 1724 reach 0.54
upd 2781/5859 step 5,695,488 ret 339.89 len 280.4 kl 0.0149  sps 1724 reach 0.54
upd 2782/5859 step 5,697,536 ret 358.85 len 282.2 kl 0.0205  sps 1724 reach 0.54
upd 2783/5859 step 5,699,584 ret 387.71 len 282.2 kl 0.0235  sps 1724 reach 0.54
upd 2784/5859 step 5,701,632 ret 395.16 len 285.4 kl 0.0210  sps 1724 reach 0.54
upd 2785/5859 step 5,703,680 ret 435.47 len 291.1 kl 0.0196  sps 1724 reach 0.54
upd 2786/5859 step 5,705,728 ret 434.95 len 292.1 kl 0.0222  sps 1724 reach 0.54
upd 2787/5859 step 5,707,776 ret 457.23 len 292.1 kl 0.0228  sps 1724 reach 0.54
upd 2788/5859 step 5,709,824 ret 417.57 len 292.1 kl 0.0242  sps 1724 reach 0.54
upd 2789/5859 step 5,711,872 ret 480.36 len 298.1 kl 0.0208  sps 1724 reach 0.54
upd 2790/5859 step 5,713,920 ret 470.83 len 300.0 kl 0.0210  sps 1724 reach 0.54
upd 2791/5859 step 5,715,968 ret 392.22 len 300.0 kl 0.0209  sps 1724 reach 0.54
upd 2792/5859 step 5,718,016 ret 378.73 len 300.0 kl 0.0203  sps 1724 reach 0.54
upd 2793/5859 step 5,720,064 ret 372.12 len 294.4 kl 0.0208  sps 1724 reach 0.54
upd 2794/5859 step 5,722,112 ret 390.92 len 290.7 kl 0.0215  sps 1724 reach 0.54
upd 2795/5859 step 5,724,160 ret 343.99 len 290.7 kl 0.0268  sps 1724 reach 0.54
upd 2796/5859 step 5,726,208 ret 331.5 len 285.9 kl 0.0177  sps 1724 reach 0.55
upd 2797/5859 step 5,728,256 ret 320.82 len 285.9 kl 0.0329* sps 1724 reach 0.55
upd 2798/5859 step 5,730,304 ret 352.53 len 281.6 kl 0.0178  sps 1724 reach 0.55
upd 2799/5859 step 5,732,352 ret 359.79 len 285.5 kl 0.0241  sps 1724 reach 0.55
upd 2800/5859 step 5,734,400 ret 357.52 len 272.1 kl 0.0192  sps 1724 reach 0.55
upd 2801/5859 step 5,736,448 ret 344.06 len 276.9 kl 0.0207  sps 1724 reach 0.55
upd 2802/5859 step 5,738,496 ret 401.43 len 271.4 kl 0.0187  sps 1724 reach 0.55
upd 2803/5859 step 5,740,544 ret 406.29 len 271.4 kl 0.0217  sps 1724 reach 0.55
upd 2804/5859 step 5,742,592 ret 432.79 len 279.8 kl 0.0194  sps 1724 reach 0.55
upd 2805/5859 step 5,744,640 ret 433.61 len 278.2 kl 0.0215  sps 1724 reach 0.55
upd 2806/5859 step 5,746,688 ret 438.97 len 293.0 kl 0.0313* sps 1724 reach 0.55
upd 2807/5859 step 5,748,736 ret 433.48 len 290.3 kl 0.0233  sps 1724 reach 0.55
upd 2808/5859 step 5,750,784 ret 410.92 len 287.4 kl 0.0211  sps 1724 reach 0.55
upd 2809/5859 step 5,752,832 ret 419.57 len 287.4 kl 0.0220  sps 1724 reach 0.55
upd 2810/5859 step 5,754,880 ret 406.71 len 281.0 kl 0.0221  sps 1725 reach 0.55
upd 2811/5859 step 5,756,928 ret 411.86 len 282.6 kl 0.0200  sps 1724 reach 0.55
upd 2812/5859 step 5,758,976 ret 436.16 len 282.6 kl 0.0225  sps 1725 reach 0.55
upd 2813/5859 step 5,761,024 ret 432.86 len 290.7 kl 0.0180  sps 1725 reach 0.55
upd 2814/5859 step 5,763,072 ret 410.6 len 287.8 kl 0.0200  sps 1725 reach 0.55
upd 2815/5859 step 5,765,120 ret 406.96 len 288.7 kl 0.0280  sps 1725 reach 0.55
upd 2816/5859 step 5,767,168 ret 441.38 len 294.2 kl 0.0227  sps 1725 reach 0.55
upd 2817/5859 step 5,769,216 ret 410.77 len 280.0 kl 0.0231  sps 1725 reach 0.55
upd 2818/5859 step 5,771,264 ret 429.64 len 280.0 kl 0.0215  sps 1725 reach 0.55
upd 2819/5859 step 5,773,312 ret 425.41 len 284.0 kl 0.0178  sps 1725 reach 0.55
upd 2820/5859 step 5,775,360 ret 433.34 len 284.0 kl 0.0160  sps 1726 reach 0.55
upd 2821/5859 step 5,777,408 ret 409.16 len 284.0 kl 0.0267  sps 1726 reach 0.55
upd 2822/5859 step 5,779,456 ret 424.21 len 289.9 kl 0.0220  sps 1726 reach 0.55
upd 2823/5859 step 5,781,504 ret 397.66 len 298.2 kl 0.0232  sps 1726 reach 0.55
upd 2824/5859 step 5,783,552 ret 378.16 len 294.2 kl 0.0192  sps 1726 reach 0.55
upd 2825/5859 step 5,785,600 ret 349.27 len 292.8 kl 0.0287  sps 1726 reach 0.55
upd 2826/5859 step 5,787,648 ret 343.4 len 292.8 kl 0.0222  sps 1726 reach 0.55
upd 2827/5859 step 5,789,696 ret 312.55 len 288.1 kl 0.0227  sps 1726 reach 0.55
upd 2828/5859 step 5,791,744 ret 322.86 len 285.8 kl 0.0204  sps 1726 reach 0.55
upd 2829/5859 step 5,793,792 ret 344.38 len 276.1 kl 0.0187  sps 1727 reach 0.55
upd 2830/5859 step 5,795,840 ret 338.82 len 275.9 kl 0.0241  sps 1727 reach 0.55
upd 2831/5859 step 5,797,888 ret 339.27 len 269.6 kl 0.0237  sps 1727 reach 0.55
upd 2832/5859 step 5,799,936 ret 376.94 len 268.9 kl 0.0215  sps 1727 reach 0.56
upd 2833/5859 step 5,801,984 ret 348.6 len 271.1 kl 0.0223  sps 1727 reach 0.56
upd 2834/5859 step 5,804,032 ret 355.36 len 275.6 kl 0.0259  sps 1727 reach 0.56
upd 2835/5859 step 5,806,080 ret 394.65 len 280.9 kl 0.0261  sps 1727 reach 0.56
upd 2836/5859 step 5,808,128 ret 409.42 len 283.9 kl 0.0237  sps 1727 reach 0.56
upd 2837/5859 step 5,810,176 ret 447.88 len 293.9 kl 0.0211  sps 1727 reach 0.56
upd 2838/5859 step 5,812,224 ret 417.79 len 293.9 kl 0.0219  sps 1727 reach 0.56
upd 2839/5859 step 5,814,272 ret 412.32 len 287.2 kl 0.0193  sps 1727 reach 0.56
upd 2840/5859 step 5,816,320 ret 409.21 len 286.5 kl 0.0232  sps 1727 reach 0.56
upd 2841/5859 step 5,818,368 ret 410.67 len 288.4 kl 0.0245  sps 1727 reach 0.56
upd 2842/5859 step 5,820,416 ret 394.19 len 288.4 kl 0.0193  sps 1727 reach 0.56
upd 2843/5859 step 5,822,464 ret 398.34 len 283.2 kl 0.0231  sps 1727 reach 0.56
upd 2844/5859 step 5,824,512 ret 408.46 len 282.9 kl 0.0142  sps 1727 reach 0.56
upd 2845/5859 step 5,826,560 ret 384.14 len 289.1 kl 0.0249  sps 1727 reach 0.56
upd 2846/5859 step 5,828,608 ret 367.92 len 282.0 kl 0.0231  sps 1727 reach 0.56
upd 2847/5859 step 5,830,656 ret 338.22 len 282.0 kl 0.0269  sps 1728 reach 0.56
upd 2848/5859 step 5,832,704 ret 356.74 len 278.8 kl 0.0215  sps 1727 reach 0.56
upd 2849/5859 step 5,834,752 ret 336.5 len 284.3 kl 0.0228  sps 1727 reach 0.56
upd 2850/5859 step 5,836,800 ret 351.75 len 280.1 kl 0.0178  sps 1727 reach 0.56
upd 2851/5859 step 5,838,848 ret 359.36 len 285.0 kl 0.0276  sps 1727 reach 0.56
upd 2852/5859 step 5,840,896 ret 366.9 len 289.4 kl 0.0277  sps 1727 reach 0.56
upd 2853/5859 step 5,842,944 ret 382.72 len 289.4 kl 0.0238  sps 1727 reach 0.56
upd 2854/5859 step 5,844,992 ret 382.13 len 292.6 kl 0.0236  sps 1727 reach 0.56
upd 2855/5859 step 5,847,040 ret 379.53 len 286.7 kl 0.0244  sps 1727 reach 0.56
upd 2856/5859 step 5,849,088 ret 365.7 len 283.4 kl 0.0220  sps 1727 reach 0.56
upd 2857/5859 step 5,851,136 ret 367.02 len 286.6 kl 0.0247  sps 1727 reach 0.56
upd 2858/5859 step 5,853,184 ret 369.45 len 286.6 kl 0.0199  sps 1727 reach 0.56
upd 2859/5859 step 5,855,232 ret 381.17 len 286.6 kl 0.0223  sps 1727 reach 0.56
upd 2860/5859 step 5,857,280 ret 321.3 len 292.5 kl 0.0220  sps 1727 reach 0.56
upd 2861/5859 step 5,859,328 ret 330.38 len 291.0 kl 0.0264  sps 1727 reach 0.56
upd 2862/5859 step 5,861,376 ret 323.56 len 294.4 kl 0.0300* sps 1727 reach 0.56
upd 2863/5859 step 5,863,424 ret 301.08 len 294.4 kl 0.0302* sps 1727 reach 0.56
upd 2864/5859 step 5,865,472 ret 295.18 len 287.4 kl 0.0199  sps 1727 reach 0.56
upd 2865/5859 step 5,867,520 ret 329.84 len 287.4 kl 0.0208  sps 1727 reach 0.56
upd 2866/5859 step 5,869,568 ret 386.5 len 287.4 kl 0.0219  sps 1727 reach 0.56
upd 2867/5859 step 5,871,616 ret 393.84 len 293.1 kl 0.0256  sps 1727 reach 0.57
upd 2868/5859 step 5,873,664 ret 373.3 len 293.1 kl 0.0225  sps 1727 reach 0.57
upd 2869/5859 step 5,875,712 ret 389.48 len 298.7 kl 0.0216  sps 1727 reach 0.57
upd 2870/5859 step 5,877,760 ret 402.63 len 295.3 kl 0.0267  sps 1727 reach 0.57
upd 2871/5859 step 5,879,808 ret 412.09 len 295.3 kl 0.0178  sps 1727 reach 0.57
upd 2872/5859 step 5,881,856 ret 430.15 len 295.3 kl 0.0210  sps 1727 reach 0.57
upd 2873/5859 step 5,883,904 ret 421.97 len 292.6 kl 0.0245  sps 1727 reach 0.57
upd 2874/5859 step 5,885,952 ret 430.04 len 284.1 kl 0.0255  sps 1727 reach 0.57
upd 2875/5859 step 5,888,000 ret 437.68 len 273.4 kl 0.0183  sps 1727 reach 0.57
upd 2876/5859 step 5,890,048 ret 417.64 len 278.1 kl 0.0258  sps 1727 reach 0.57
upd 2877/5859 step 5,892,096 ret 389.46 len 278.1 kl 0.0239  sps 1727 reach 0.57
upd 2878/5859 step 5,894,144 ret 366.09 len 274.5 kl 0.0216  sps 1727 reach 0.57
upd 2879/5859 step 5,896,192 ret 382.9 len 274.5 kl 0.0203  sps 1727 reach 0.57
upd 2880/5859 step 5,898,240 ret 403.68 len 284.5 kl 0.0249  sps 1727 reach 0.57
upd 2881/5859 step 5,900,288 ret 392.3 len 284.9 kl 0.0217  sps 1727 reach 0.57
upd 2882/5859 step 5,902,336 ret 418.32 len 284.9 kl 0.0183  sps 1727 reach 0.57
upd 2883/5859 step 5,904,384 ret 414.56 len 286.6 kl 0.0205  sps 1727 reach 0.57
upd 2884/5859 step 5,906,432 ret 399.07 len 291.2 kl 0.0216  sps 1727 reach 0.57
upd 2885/5859 step 5,908,480 ret 390.28 len 289.6 kl 0.0215  sps 1727 reach 0.57
upd 2886/5859 step 5,910,528 ret 359.97 len 290.5 kl 0.0264  sps 1727 reach 0.57
upd 2887/5859 step 5,912,576 ret 357.06 len 284.5 kl 0.0208  sps 1727 reach 0.57
upd 2888/5859 step 5,914,624 ret 356.62 len 283.9 kl 0.0191  sps 1727 reach 0.57
upd 2889/5859 step 5,916,672 ret 343.63 len 283.9 kl 0.0241  sps 1727 reach 0.57
upd 2890/5859 step 5,918,720 ret 359.39 len 283.9 kl 0.0238  sps 1727 reach 0.57
upd 2891/5859 step 5,920,768 ret 416.53 len 287.6 kl 0.0225  sps 1727 reach 0.57
upd 2892/5859 step 5,922,816 ret 391.66 len 277.6 kl 0.0206  sps 1727 reach 0.57
upd 2893/5859 step 5,924,864 ret 421.71 len 283.6 kl 0.0196  sps 1727 reach 0.57
upd 2894/5859 step 5,926,912 ret 393.11 len 282.2 kl 0.0270  sps 1727 reach 0.57
upd 2895/5859 step 5,928,960 ret 419.87 len 282.2 kl 0.0222  sps 1727 reach 0.57
upd 2896/5859 step 5,931,008 ret 391.57 len 276.4 kl 0.0173  sps 1727 reach 0.57
upd 2897/5859 step 5,933,056 ret 402.85 len 276.6 kl 0.0220  sps 1727 reach 0.57
upd 2898/5859 step 5,935,104 ret 458.65 len 282.9 kl 0.0194  sps 1727 reach 0.57
upd 2899/5859 step 5,937,152 ret 441.62 len 282.9 kl 0.0225  sps 1727 reach 0.57
upd 2900/5859 step 5,939,200 ret 426.89 len 284.9 kl 0.0198  sps 1727 reach 0.57
upd 2901/5859 step 5,941,248 ret 385.2 len 284.9 kl 0.0199  sps 1728 reach 0.57
upd 2902/5859 step 5,943,296 ret 399.54 len 290.7 kl 0.0180  sps 1728 reach 0.58
upd 2903/5859 step 5,945,344 ret 356.1 len 290.0 kl 0.0157  sps 1728 reach 0.58
upd 2904/5859 step 5,947,392 ret 332.16 len 296.4 kl 0.0207  sps 1728 reach 0.58
upd 2905/5859 step 5,949,440 ret 301.64 len 292.8 kl 0.0160  sps 1728 reach 0.58
upd 2906/5859 step 5,951,488 ret 320.17 len 292.8 kl 0.0238  sps 1728 reach 0.58
upd 2907/5859 step 5,953,536 ret 363.79 len 292.8 kl 0.0234  sps 1728 reach 0.58
upd 2908/5859 step 5,955,584 ret 349.3 len 292.8 kl 0.0263  sps 1728 reach 0.58
upd 2909/5859 step 5,957,632 ret 312.07 len 296.4 kl 0.0221  sps 1728 reach 0.58
upd 2910/5859 step 5,959,680 ret 302.72 len 300.0 kl 0.0208  sps 1728 reach 0.58
upd 2911/5859 step 5,961,728 ret 304.22 len 300.0 kl 0.0257  sps 1728 reach 0.58
upd 2912/5859 step 5,963,776 ret 292.58 len 300.0 kl 0.0199  sps 1728 reach 0.58
upd 2913/5859 step 5,965,824 ret 307.59 len 300.0 kl 0.0166  sps 1728 reach 0.58
upd 2914/5859 step 5,967,872 ret 323.14 len 296.1 kl 0.0187  sps 1728 reach 0.58
upd 2915/5859 step 5,969,920 ret 370.4 len 296.1 kl 0.0214  sps 1728 reach 0.58
upd 2916/5859 step 5,971,968 ret 358.17 len 296.1 kl 0.0194  sps 1728 reach 0.58
upd 2917/5859 step 5,974,016 ret 345.75 len 296.1 kl 0.0255  sps 1729 reach 0.58
upd 2918/5859 step 5,976,064 ret 399.95 len 291.4 kl 0.0229  sps 1729 reach 0.58
upd 2919/5859 step 5,978,112 ret 362.98 len 286.2 kl 0.0289  sps 1729 reach 0.58
upd 2920/5859 step 5,980,160 ret 372.98 len 288.0 kl 0.0187  sps 1729 reach 0.58
upd 2921/5859 step 5,982,208 ret 391.3 len 288.0 kl 0.0234  sps 1729 reach 0.58
upd 2922/5859 step 5,984,256 ret 403.39 len 288.0 kl 0.0217  sps 1729 reach 0.58
upd 2923/5859 step 5,986,304 ret 408.14 len 288.0 kl 0.0254  sps 1729 reach 0.58
upd 2924/5859 step 5,988,352 ret 345.41 len 281.9 kl 0.0223  sps 1729 reach 0.58
upd 2925/5859 step 5,990,400 ret 362.02 len 287.0 kl 0.0254  sps 1729 reach 0.58
upd 2926/5859 step 5,992,448 ret 338.51 len 289.0 kl 0.0184  sps 1729 reach 0.58
upd 2927/5859 step 5,994,496 ret 363.47 len 289.0 kl 0.0186  sps 1729 reach 0.58
upd 2928/5859 step 5,996,544 ret 346.97 len 279.6 kl 0.0202  sps 1729 reach 0.58
upd 2929/5859 step 5,998,592 ret 377.61 len 276.4 kl 0.0205  sps 1729 reach 0.58
upd 2930/5859 step 6,000,640 ret 384.04 len 287.4 kl 0.0199  sps 1729 reach 0.58
upd 2931/5859 step 6,002,688 ret 453.67 len 287.4 kl 0.0217  sps 1729 reach 0.58
upd 2932/5859 step 6,004,736 ret 436.33 len 287.4 kl 0.0209  sps 1729 reach 0.58
upd 2933/5859 step 6,006,784 ret 379.9 len 281.1 kl 0.0196  sps 1729 reach 0.58
upd 2934/5859 step 6,008,832 ret 408.4 len 285.2 kl 0.0210  sps 1729 reach 0.58
upd 2935/5859 step 6,010,880 ret 385.42 len 288.4 kl 0.0185  sps 1729 reach 0.58
upd 2936/5859 step 6,012,928 ret 364.5 len 288.4 kl 0.0185  sps 1729 reach 0.58
upd 2937/5859 step 6,014,976 ret 332.97 len 288.4 kl 0.0241  sps 1729 reach 0.59
upd 2938/5859 step 6,017,024 ret 343.18 len 284.5 kl 0.0279  sps 1730 reach 0.59
upd 2939/5859 step 6,019,072 ret 346.59 len 296.1 kl 0.0151  sps 1730 reach 0.59
upd 2940/5859 step 6,021,120 ret 301.68 len 296.1 kl 0.0234  sps 1730 reach 0.59
upd 2941/5859 step 6,023,168 ret 307.22 len 296.1 kl 0.0207  sps 1730 reach 0.59
upd 2942/5859 step 6,025,216 ret 336.51 len 292.6 kl 0.0181  sps 1730 reach 0.59
upd 2943/5859 step 6,027,264 ret 326.3 len 295.6 kl 0.0215  sps 1730 reach 0.59
upd 2944/5859 step 6,029,312 ret 339.95 len 295.6 kl 0.0270  sps 1731 reach 0.59
upd 2945/5859 step 6,031,360 ret 377.44 len 291.6 kl 0.0191  sps 1731 reach 0.59
upd 2946/5859 step 6,033,408 ret 365.4 len 285.9 kl 0.0247  sps 1731 reach 0.59
upd 2947/5859 step 6,035,456 ret 359.67 len 285.9 kl 0.0233  sps 1731 reach 0.59
upd 2948/5859 step 6,037,504 ret 346.67 len 287.0 kl 0.0187  sps 1731 reach 0.59
upd 2949/5859 step 6,039,552 ret 391.59 len 282.7 kl 0.0184  sps 1731 reach 0.59
upd 2950/5859 step 6,041,600 ret 342.77 len 282.7 kl 0.0236  sps 1731 reach 0.59
upd 2951/5859 step 6,043,648 ret 364.37 len 283.1 kl 0.0190  sps 1731 reach 0.59
upd 2952/5859 step 6,045,696 ret 350.43 len 288.8 kl 0.0273  sps 1731 reach 0.59
upd 2953/5859 step 6,047,744 ret 359.44 len 288.8 kl 0.0235  sps 1731 reach 0.59
upd 2954/5859 step 6,049,792 ret 332.26 len 292.1 kl 0.0205  sps 1731 reach 0.59
upd 2955/5859 step 6,051,840 ret 308.27 len 292.4 kl 0.0235  sps 1732 reach 0.59
upd 2956/5859 step 6,053,888 ret 324.15 len 288.4 kl 0.0244  sps 1732 reach 0.59
upd 2957/5859 step 6,055,936 ret 363.4 len 290.5 kl 0.0204  sps 1732 reach 0.59
upd 2958/5859 step 6,057,984 ret 386.59 len 275.4 kl 0.0226  sps 1732 reach 0.59
upd 2959/5859 step 6,060,032 ret 366.96 len 275.4 kl 0.0184  sps 1732 reach 0.59
upd 2960/5859 step 6,062,080 ret 422.36 len 279.3 kl 0.0209  sps 1732 reach 0.59
upd 2961/5859 step 6,064,128 ret 459.0 len 284.3 kl 0.0189  sps 1732 reach 0.59
upd 2962/5859 step 6,066,176 ret 458.06 len 284.3 kl 0.0187  sps 1732 reach 0.59
upd 2963/5859 step 6,068,224 ret 467.53 len 284.3 kl 0.0189  sps 1732 reach 0.59
upd 2964/5859 step 6,070,272 ret 462.5 len 299.4 kl 0.0152  sps 1733 reach 0.59
upd 2965/5859 step 6,072,320 ret 433.1 len 294.3 kl 0.0238  sps 1733 reach 0.59
upd 2966/5859 step 6,074,368 ret 417.86 len 294.9 kl 0.0201  sps 1733 reach 0.59
upd 2967/5859 step 6,076,416 ret 406.76 len 290.9 kl 0.0225  sps 1733 reach 0.59
upd 2968/5859 step 6,078,464 ret 424.19 len 290.9 kl 0.0215  sps 1733 reach 0.59
upd 2969/5859 step 6,080,512 ret 418.63 len 282.2 kl 0.0235  sps 1733 reach 0.59
upd 2970/5859 step 6,082,560 ret 428.75 len 287.4 kl 0.0178  sps 1733 reach 0.59
upd 2971/5859 step 6,084,608 ret 417.14 len 287.4 kl 0.0190  sps 1733 reach 0.59
upd 2972/5859 step 6,086,656 ret 408.93 len 284.9 kl 0.0164  sps 1733 reach 0.60
upd 2973/5859 step 6,088,704 ret 358.14 len 273.0 kl 0.0233  sps 1733 reach 0.60
upd 2974/5859 step 6,090,752 ret 326.38 len 278.1 kl 0.0225  sps 1733 reach 0.60
upd 2975/5859 step 6,092,800 ret 272.0 len 281.7 kl 0.0204  sps 1734 reach 0.60
upd 2976/5859 step 6,094,848 ret 286.25 len 281.7 kl 0.0201  sps 1734 reach 0.60
upd 2977/5859 step 6,096,896 ret 284.43 len 281.7 kl 0.0228  sps 1734 reach 0.60
upd 2978/5859 step 6,098,944 ret 303.8 len 290.2 kl 0.0194  sps 1734 reach 0.60
upd 2979/5859 step 6,100,992 ret 337.04 len 293.1 kl 0.0194  sps 1734 reach 0.60
upd 2980/5859 step 6,103,040 ret 373.81 len 293.1 kl 0.0234  sps 1734 reach 0.60
upd 2981/5859 step 6,105,088 ret 382.35 len 293.1 kl 0.0226  sps 1734 reach 0.60
upd 2982/5859 step 6,107,136 ret 367.92 len 293.1 kl 0.0205  sps 1734 reach 0.60
upd 2983/5859 step 6,109,184 ret 383.3 len 291.0 kl 0.0237  sps 1735 reach 0.60
upd 2984/5859 step 6,111,232 ret 391.06 len 294.9 kl 0.0180  sps 1735 reach 0.60
upd 2985/5859 step 6,113,280 ret 351.75 len 297.9 kl 0.0192  sps 1735 reach 0.60
upd 2986/5859 step 6,115,328 ret 390.76 len 283.7 kl 0.0185  sps 1735 reach 0.60
upd 2987/5859 step 6,117,376 ret 383.89 len 283.7 kl 0.0223  sps 1735 reach 0.60
upd 2988/5859 step 6,119,424 ret 338.48 len 278.9 kl 0.0259  sps 1735 reach 0.60
upd 2989/5859 step 6,121,472 ret 301.64 len 276.2 kl 0.0182  sps 1736 reach 0.60
upd 2990/5859 step 6,123,520 ret 297.83 len 267.7 kl 0.0210  sps 1736 reach 0.60
upd 2991/5859 step 6,125,568 ret 291.85 len 272.0 kl 0.0227  sps 1736 reach 0.60
upd 2992/5859 step 6,127,616 ret 288.21 len 272.9 kl 0.0287  sps 1736 reach 0.60
upd 2993/5859 step 6,129,664 ret 315.44 len 262.7 kl 0.0241  sps 1736 reach 0.60
upd 2994/5859 step 6,131,712 ret 322.15 len 272.4 kl 0.0196  sps 1736 reach 0.60
upd 2995/5859 step 6,133,760 ret 340.38 len 272.4 kl 0.0343* sps 1736 reach 0.60
upd 2996/5859 step 6,135,808 ret 309.61 len 280.9 kl 0.0225  sps 1736 reach 0.60
upd 2997/5859 step 6,137,856 ret 342.21 len 285.4 kl 0.0212  sps 1737 reach 0.60
upd 2998/5859 step 6,139,904 ret 327.43 len 295.5 kl 0.0256  sps 1737 reach 0.60
upd 2999/5859 step 6,141,952 ret 313.84 len 286.6 kl 0.0201  sps 1737 reach 0.60
upd 3000/5859 step 6,144,000 ret 304.32 len 283.7 kl 0.0294  sps 1737 reach 0.60
upd 3001/5859 step 6,146,048 ret 315.08 len 283.7 kl 0.0234  sps 1738 reach 0.60
upd 3002/5859 step 6,148,096 ret 300.37 len 281.4 kl 0.0226  sps 1738 reach 0.60
upd 3003/5859 step 6,150,144 ret 326.36 len 282.8 kl 0.0180  sps 1738 reach 0.60
upd 3004/5859 step 6,152,192 ret 366.83 len 282.0 kl 0.0159  sps 1738 reach 0.60
upd 3005/5859 step 6,154,240 ret 413.43 len 286.1 kl 0.0227  sps 1738 reach 0.60
upd 3006/5859 step 6,156,288 ret 442.78 len 289.0 kl 0.0193  sps 1738 reach 0.60
upd 3007/5859 step 6,158,336 ret 411.72 len 287.0 kl 0.0239  sps 1739 reach 0.61
upd 3008/5859 step 6,160,384 ret 392.01 len 284.4 kl 0.0260  sps 1739 reach 0.61
upd 3009/5859 step 6,162,432 ret 374.38 len 275.3 kl 0.0154  sps 1739 reach 0.61
upd 3010/5859 step 6,164,480 ret 359.74 len 280.6 kl 0.0188  sps 1739 reach 0.61
upd 3011/5859 step 6,166,528 ret 339.8 len 274.9 kl 0.0171  sps 1739 reach 0.61
upd 3012/5859 step 6,168,576 ret 362.91 len 274.9 kl 0.0201  sps 1740 reach 0.61
upd 3013/5859 step 6,170,624 ret 363.59 len 270.2 kl 0.0172  sps 1740 reach 0.61
upd 3014/5859 step 6,172,672 ret 354.08 len 279.7 kl 0.0238  sps 1740 reach 0.61
upd 3015/5859 step 6,174,720 ret 341.65 len 279.7 kl 0.0213  sps 1740 reach 0.61
upd 3016/5859 step 6,176,768 ret 330.48 len 281.7 kl 0.0238  sps 1740 reach 0.61
upd 3017/5859 step 6,178,816 ret 327.01 len 285.4 kl 0.0194  sps 1740 reach 0.61
upd 3018/5859 step 6,180,864 ret 330.31 len 285.4 kl 0.0261  sps 1740 reach 0.61
upd 3019/5859 step 6,182,912 ret 363.27 len 300.0 kl 0.0221  sps 1741 reach 0.61
upd 3020/5859 step 6,184,960 ret 373.38 len 300.0 kl 0.0188  sps 1741 reach 0.61
upd 3021/5859 step 6,187,008 ret 374.76 len 295.9 kl 0.0245  sps 1741 reach 0.61
upd 3022/5859 step 6,189,056 ret 367.19 len 286.7 kl 0.0199  sps 1741 reach 0.61
upd 3023/5859 step 6,191,104 ret 365.64 len 286.7 kl 0.0227  sps 1741 reach 0.61
upd 3024/5859 step 6,193,152 ret 354.17 len 281.3 kl 0.0192  sps 1741 reach 0.61
upd 3025/5859 step 6,195,200 ret 320.23 len 277.4 kl 0.0243  sps 1741 reach 0.61
upd 3026/5859 step 6,197,248 ret 312.77 len 275.3 kl 0.0183  sps 1742 reach 0.61
upd 3027/5859 step 6,199,296 ret 324.88 len 280.4 kl 0.0158  sps 1742 reach 0.61
upd 3028/5859 step 6,201,344 ret 319.41 len 284.5 kl 0.0226  sps 1742 reach 0.61
upd 3029/5859 step 6,203,392 ret 282.16 len 285.4 kl 0.0238  sps 1742 reach 0.61
upd 3030/5859 step 6,205,440 ret 324.6 len 284.1 kl 0.0203  sps 1742 reach 0.61
upd 3031/5859 step 6,207,488 ret 346.95 len 288.0 kl 0.0229  sps 1742 reach 0.61
upd 3032/5859 step 6,209,536 ret 359.19 len 294.2 kl 0.0240  sps 1742 reach 0.61
upd 3033/5859 step 6,211,584 ret 330.09 len 294.2 kl 0.0251  sps 1742 reach 0.61
upd 3034/5859 step 6,213,632 ret 359.27 len 294.2 kl 0.0235  sps 1743 reach 0.61
upd 3035/5859 step 6,215,680 ret 376.79 len 300.0 kl 0.0210  sps 1743 reach 0.61
upd 3036/5859 step 6,217,728 ret 415.77 len 298.3 kl 0.0149  sps 1743 reach 0.61
upd 3037/5859 step 6,219,776 ret 429.51 len 298.3 kl 0.0225  sps 1743 reach 0.61
upd 3038/5859 step 6,221,824 ret 449.56 len 298.3 kl 0.0182  sps 1743 reach 0.61
upd 3039/5859 step 6,223,872 ret 499.25 len 298.3 kl 0.0192  sps 1743 reach 0.61
upd 3040/5859 step 6,225,920 ret 479.81 len 298.3 kl 0.0166  sps 1743 reach 0.61
upd 3041/5859 step 6,227,968 ret 451.84 len 286.6 kl 0.0193  sps 1743 reach 0.61
upd 3042/5859 step 6,230,016 ret 425.1 len 287.8 kl 0.0191  sps 1743 reach 0.61
upd 3043/5859 step 6,232,064 ret 392.66 len 282.6 kl 0.0200  sps 1744 reach 0.62
upd 3044/5859 step 6,234,112 ret 343.59 len 282.6 kl 0.0186  sps 1744 reach 0.62
upd 3045/5859 step 6,236,160 ret 369.44 len 282.6 kl 0.0164  sps 1744 reach 0.62
upd 3046/5859 step 6,238,208 ret 348.67 len 285.9 kl 0.0195  sps 1744 reach 0.62
upd 3047/5859 step 6,240,256 ret 380.66 len 293.5 kl 0.0214  sps 1745 reach 0.62
upd 3048/5859 step 6,242,304 ret 395.38 len 293.5 kl 0.0170  sps 1745 reach 0.62
upd 3049/5859 step 6,244,352 ret 424.49 len 298.7 kl 0.0178  sps 1745 reach 0.62
upd 3050/5859 step 6,246,400 ret 422.46 len 298.7 kl 0.0243  sps 1745 reach 0.62
upd 3051/5859 step 6,248,448 ret 394.05 len 298.7 kl 0.0182  sps 1745 reach 0.62
upd 3052/5859 step 6,250,496 ret 396.62 len 298.7 kl 0.0235  sps 1746 reach 0.62
upd 3053/5859 step 6,252,544 ret 354.74 len 295.7 kl 0.0198  sps 1746 reach 0.62
upd 3054/5859 step 6,254,592 ret 348.18 len 295.7 kl 0.0198  sps 1746 reach 0.62
upd 3055/5859 step 6,256,640 ret 332.41 len 295.7 kl 0.0191  sps 1746 reach 0.62
upd 3056/5859 step 6,258,688 ret 342.18 len 285.9 kl 0.0184  sps 1746 reach 0.62
upd 3057/5859 step 6,260,736 ret 357.91 len 285.9 kl 0.0289  sps 1746 reach 0.62
upd 3058/5859 step 6,262,784 ret 348.81 len 280.5 kl 0.0215  sps 1746 reach 0.62
upd 3059/5859 step 6,264,832 ret 348.58 len 280.6 kl 0.0162  sps 1747 reach 0.62
upd 3060/5859 step 6,266,880 ret 359.44 len 280.6 kl 0.0209  sps 1747 reach 0.62
upd 3061/5859 step 6,268,928 ret 358.55 len 286.1 kl 0.0195  sps 1747 reach 0.62
upd 3062/5859 step 6,270,976 ret 355.8 len 290.4 kl 0.0187  sps 1747 reach 0.62
upd 3063/5859 step 6,273,024 ret 367.29 len 290.4 kl 0.0223  sps 1747 reach 0.62
upd 3064/5859 step 6,275,072 ret 377.63 len 295.8 kl 0.0225  sps 1747 reach 0.62
upd 3065/5859 step 6,277,120 ret 339.64 len 295.9 kl 0.0197  sps 1747 reach 0.62
upd 3066/5859 step 6,279,168 ret 348.28 len 295.9 kl 0.0175  sps 1747 reach 0.62
upd 3067/5859 step 6,281,216 ret 359.53 len 295.9 kl 0.0221  sps 1747 reach 0.62
upd 3068/5859 step 6,283,264 ret 348.89 len 293.4 kl 0.0201  sps 1748 reach 0.62
upd 3069/5859 step 6,285,312 ret 319.81 len 281.7 kl 0.0205  sps 1748 reach 0.62
upd 3070/5859 step 6,287,360 ret 343.21 len 281.7 kl 0.0162  sps 1748 reach 0.62
upd 3071/5859 step 6,289,408 ret 361.47 len 281.7 kl 0.0193  sps 1748 reach 0.62
upd 3072/5859 step 6,291,456 ret 337.69 len 277.6 kl 0.0208  sps 1748 reach 0.62
upd 3073/5859 step 6,293,504 ret 351.24 len 277.6 kl 0.0199  sps 1748 reach 0.62
upd 3074/5859 step 6,295,552 ret 344.18 len 279.9 kl 0.0204  sps 1749 reach 0.62
upd 3075/5859 step 6,297,600 ret 394.71 len 291.6 kl 0.0195  sps 1749 reach 0.62
upd 3076/5859 step 6,299,648 ret 369.06 len 293.0 kl 0.0203  sps 1749 reach 0.62
upd 3077/5859 step 6,301,696 ret 349.68 len 284.1 kl 0.0215  sps 1749 reach 0.62
upd 3078/5859 step 6,303,744 ret 363.08 len 287.7 kl 0.0229  sps 1749 reach 0.63
upd 3079/5859 step 6,305,792 ret 382.06 len 287.7 kl 0.0221  sps 1749 reach 0.63
upd 3080/5859 step 6,307,840 ret 401.18 len 287.9 kl 0.0219  sps 1750 reach 0.63
upd 3081/5859 step 6,309,888 ret 356.33 len 282.2 kl 0.0181  sps 1750 reach 0.63
upd 3082/5859 step 6,311,936 ret 380.82 len 288.1 kl 0.0234  sps 1750 reach 0.63
upd 3083/5859 step 6,313,984 ret 383.18 len 294.3 kl 0.0213  sps 1750 reach 0.63
upd 3084/5859 step 6,316,032 ret 393.34 len 294.3 kl 0.0234  sps 1750 reach 0.63
upd 3085/5859 step 6,318,080 ret 368.63 len 288.9 kl 0.0306* sps 1750 reach 0.63
upd 3086/5859 step 6,320,128 ret 344.67 len 288.9 kl 0.0200  sps 1750 reach 0.63
upd 3087/5859 step 6,322,176 ret 363.29 len 294.6 kl 0.0192  sps 1750 reach 0.63
upd 3088/5859 step 6,324,224 ret 349.01 len 294.6 kl 0.0345* sps 1751 reach 0.63
upd 3089/5859 step 6,326,272 ret 323.09 len 294.6 kl 0.0183  sps 1751 reach 0.63
upd 3090/5859 step 6,328,320 ret 358.42 len 290.7 kl 0.0218  sps 1751 reach 0.63
upd 3091/5859 step 6,330,368 ret 368.31 len 294.0 kl 0.0198  sps 1751 reach 0.63
upd 3092/5859 step 6,332,416 ret 356.12 len 294.0 kl 0.0203  sps 1751 reach 0.63
upd 3093/5859 step 6,334,464 ret 293.66 len 294.0 kl 0.0209  sps 1751 reach 0.63
upd 3094/5859 step 6,336,512 ret 305.66 len 294.0 kl 0.0243  sps 1752 reach 0.63
upd 3095/5859 step 6,338,560 ret 289.37 len 282.1 kl 0.0185  sps 1752 reach 0.63
upd 3096/5859 step 6,340,608 ret 295.38 len 288.1 kl 0.0170  sps 1752 reach 0.63
upd 3097/5859 step 6,342,656 ret 253.44 len 288.1 kl 0.0183  sps 1752 reach 0.63
upd 3098/5859 step 6,344,704 ret 276.93 len 288.1 kl 0.0216  sps 1752 reach 0.63
upd 3099/5859 step 6,346,752 ret 289.57 len 279.3 kl 0.0207  sps 1752 reach 0.63
upd 3100/5859 step 6,348,800 ret 309.89 len 288.9 kl 0.0211  sps 1752 reach 0.63
upd 3101/5859 step 6,350,848 ret 338.41 len 287.2 kl 0.0220  sps 1753 reach 0.63
upd 3102/5859 step 6,352,896 ret 340.16 len 281.2 kl 0.0204  sps 1753 reach 0.63
upd 3103/5859 step 6,354,944 ret 385.93 len 280.8 kl 0.0203  sps 1753 reach 0.63
upd 3104/5859 step 6,356,992 ret 380.28 len 284.1 kl 0.0207  sps 1753 reach 0.63
upd 3105/5859 step 6,359,040 ret 396.58 len 289.6 kl 0.0207  sps 1753 reach 0.63
upd 3106/5859 step 6,361,088 ret 450.98 len 291.1 kl 0.0215  sps 1753 reach 0.63
upd 3107/5859 step 6,363,136 ret 401.8 len 286.8 kl 0.0221  sps 1753 reach 0.63
upd 3108/5859 step 6,365,184 ret 387.2 len 293.2 kl 0.0192  sps 1754 reach 0.63
upd 3109/5859 step 6,367,232 ret 394.98 len 291.2 kl 0.0208  sps 1754 reach 0.63
upd 3110/5859 step 6,369,280 ret 389.67 len 291.2 kl 0.0224  sps 1754 reach 0.63
upd 3111/5859 step 6,371,328 ret 366.52 len 291.5 kl 0.0264  sps 1754 reach 0.63
upd 3112/5859 step 6,373,376 ret 322.34 len 291.1 kl 0.0174  sps 1754 reach 0.63
upd 3113/5859 step 6,375,424 ret 324.49 len 291.1 kl 0.0237  sps 1754 reach 0.64
upd 3114/5859 step 6,377,472 ret 308.85 len 293.1 kl 0.0247  sps 1754 reach 0.64
upd 3115/5859 step 6,379,520 ret 308.53 len 293.1 kl 0.0181  sps 1755 reach 0.64
upd 3116/5859 step 6,381,568 ret 333.26 len 293.1 kl 0.0186  sps 1755 reach 0.64
upd 3117/5859 step 6,383,616 ret 314.06 len 300.0 kl 0.0205  sps 1755 reach 0.64
upd 3118/5859 step 6,385,664 ret 327.25 len 300.0 kl 0.0123  sps 1755 reach 0.64
upd 3119/5859 step 6,387,712 ret 322.42 len 300.0 kl 0.0187  sps 1755 reach 0.64
upd 3120/5859 step 6,389,760 ret 346.04 len 300.0 kl 0.0194  sps 1755 reach 0.64
upd 3121/5859 step 6,391,808 ret 359.26 len 300.0 kl 0.0198  sps 1756 reach 0.64
upd 3122/5859 step 6,393,856 ret 332.38 len 300.0 kl 0.0218  sps 1756 reach 0.64
upd 3123/5859 step 6,395,904 ret 324.91 len 300.0 kl 0.0215  sps 1756 reach 0.64
upd 3124/5859 step 6,397,952 ret 350.43 len 300.0 kl 0.0191  sps 1756 reach 0.64
upd 3125/5859 step 6,400,000 ret 356.52 len 295.5 kl 0.0232  sps 1756 reach 0.64
upd 3126/5859 step 6,402,048 ret 369.41 len 295.5 kl 0.0236  sps 1756 reach 0.64
upd 3127/5859 step 6,404,096 ret 397.59 len 293.5 kl 0.0224  sps 1756 reach 0.64
upd 3128/5859 step 6,406,144 ret 431.17 len 293.5 kl 0.0146  sps 1757 reach 0.64
upd 3129/5859 step 6,408,192 ret 436.05 len 293.5 kl 0.0283  sps 1757 reach 0.64
upd 3130/5859 step 6,410,240 ret 422.51 len 293.5 kl 0.0210  sps 1757 reach 0.64
upd 3131/5859 step 6,412,288 ret 407.43 len 298.0 kl 0.0175  sps 1757 reach 0.64
upd 3132/5859 step 6,414,336 ret 386.51 len 294.6 kl 0.0242  sps 1757 reach 0.64
upd 3133/5859 step 6,416,384 ret 368.75 len 291.1 kl 0.0175  sps 1757 reach 0.64
upd 3134/5859 step 6,418,432 ret 337.07 len 287.4 kl 0.0180  sps 1757 reach 0.64
upd 3135/5859 step 6,420,480 ret 361.6 len 287.4 kl 0.0212  sps 1758 reach 0.64
upd 3136/5859 step 6,422,528 ret 372.4 len 285.4 kl 0.0168  sps 1758 reach 0.64
upd 3137/5859 step 6,424,576 ret 368.83 len 285.6 kl 0.0187  sps 1758 reach 0.64
upd 3138/5859 step 6,426,624 ret 388.57 len 289.1 kl 0.0171  sps 1758 reach 0.64
upd 3139/5859 step 6,428,672 ret 402.46 len 289.1 kl 0.0154  sps 1758 reach 0.64
upd 3140/5859 step 6,430,720 ret 407.93 len 290.7 kl 0.0183  sps 1758 reach 0.64
upd 3141/5859 step 6,432,768 ret 417.31 len 288.4 kl 0.0203  sps 1758 reach 0.64
upd 3142/5859 step 6,434,816 ret 403.11 len 293.6 kl 0.0197  sps 1758 reach 0.64
upd 3143/5859 step 6,436,864 ret 367.73 len 289.9 kl 0.0263  sps 1759 reach 0.64
upd 3144/5859 step 6,438,912 ret 332.67 len 287.3 kl 0.0194  sps 1759 reach 0.64
upd 3145/5859 step 6,440,960 ret 382.56 len 287.3 kl 0.0179  sps 1759 reach 0.64
upd 3146/5859 step 6,443,008 ret 352.57 len 286.7 kl 0.0209  sps 1759 reach 0.64
upd 3147/5859 step 6,445,056 ret 371.71 len 282.1 kl 0.0177  sps 1759 reach 0.64
upd 3148/5859 step 6,447,104 ret 386.43 len 282.1 kl 0.0231  sps 1760 reach 0.65
upd 3149/5859 step 6,449,152 ret 393.25 len 286.1 kl 0.0198  sps 1760 reach 0.65
upd 3150/5859 step 6,451,200 ret 377.55 len 286.1 kl 0.0217  sps 1760 reach 0.65
upd 3151/5859 step 6,453,248 ret 389.11 len 286.1 kl 0.0194  sps 1760 reach 0.65
upd 3152/5859 step 6,455,296 ret 381.94 len 293.1 kl 0.0240  sps 1760 reach 0.65
upd 3153/5859 step 6,457,344 ret 382.16 len 297.8 kl 0.0228  sps 1760 reach 0.65
upd 3154/5859 step 6,459,392 ret 344.1 len 293.8 kl 0.0215  sps 1760 reach 0.65
upd 3155/5859 step 6,461,440 ret 379.11 len 295.4 kl 0.0219  sps 1761 reach 0.65
upd 3156/5859 step 6,463,488 ret 367.88 len 289.8 kl 0.0222  sps 1761 reach 0.65
upd 3157/5859 step 6,465,536 ret 379.48 len 284.8 kl 0.0173  sps 1761 reach 0.65
upd 3158/5859 step 6,467,584 ret 352.22 len 284.8 kl 0.0180  sps 1761 reach 0.65
upd 3159/5859 step 6,469,632 ret 406.26 len 288.6 kl 0.0229  sps 1761 reach 0.65
upd 3160/5859 step 6,471,680 ret 378.95 len 283.8 kl 0.0236  sps 1761 reach 0.65
upd 3161/5859 step 6,473,728 ret 371.21 len 280.5 kl 0.0179  sps 1761 reach 0.65
upd 3162/5859 step 6,475,776 ret 406.45 len 286.0 kl 0.0193  sps 1762 reach 0.65
upd 3163/5859 step 6,477,824 ret 383.25 len 286.7 kl 0.0234  sps 1762 reach 0.65
upd 3164/5859 step 6,479,872 ret 391.38 len 284.3 kl 0.0274  sps 1762 reach 0.65
upd 3165/5859 step 6,481,920 ret 370.45 len 284.4 kl 0.0164  sps 1762 reach 0.65
upd 3166/5859 step 6,483,968 ret 366.17 len 289.9 kl 0.0192  sps 1762 reach 0.65
upd 3167/5859 step 6,486,016 ret 363.22 len 293.2 kl 0.0208  sps 1762 reach 0.65
upd 3168/5859 step 6,488,064 ret 365.39 len 293.2 kl 0.0198  sps 1762 reach 0.65
upd 3169/5859 step 6,490,112 ret 363.13 len 297.6 kl 0.0215  sps 1762 reach 0.65
upd 3170/5859 step 6,492,160 ret 343.02 len 300.0 kl 0.0199  sps 1763 reach 0.65
upd 3171/5859 step 6,494,208 ret 324.03 len 288.8 kl 0.0139  sps 1763 reach 0.65
upd 3172/5859 step 6,496,256 ret 336.49 len 284.6 kl 0.0181  sps 1763 reach 0.65
upd 3173/5859 step 6,498,304 ret 356.99 len 280.7 kl 0.0206  sps 1763 reach 0.65
upd 3174/5859 step 6,500,352 ret 359.86 len 271.9 kl 0.0212  sps 1763 reach 0.65
upd 3175/5859 step 6,502,400 ret 365.67 len 268.9 kl 0.0170  sps 1763 reach 0.65
upd 3176/5859 step 6,504,448 ret 379.13 len 268.9 kl 0.0206  sps 1763 reach 0.65
upd 3177/5859 step 6,506,496 ret 391.79 len 284.2 kl 0.0195  sps 1763 reach 0.65
upd 3178/5859 step 6,508,544 ret 386.48 len 279.3 kl 0.0184  sps 1764 reach 0.65
upd 3179/5859 step 6,510,592 ret 408.33 len 283.2 kl 0.0187  sps 1764 reach 0.65
upd 3180/5859 step 6,512,640 ret 371.06 len 286.4 kl 0.0201  sps 1764 reach 0.65
upd 3181/5859 step 6,514,688 ret 405.34 len 289.4 kl 0.0199  sps 1764 reach 0.65
upd 3182/5859 step 6,516,736 ret 421.48 len 284.6 kl 0.0164  sps 1764 reach 0.65
upd 3183/5859 step 6,518,784 ret 433.47 len 282.9 kl 0.0175  sps 1764 reach 0.66
upd 3184/5859 step 6,520,832 ret 398.34 len 282.9 kl 0.0185  sps 1764 reach 0.66
upd 3185/5859 step 6,522,880 ret 387.82 len 280.8 kl 0.0189  sps 1764 reach 0.66
upd 3186/5859 step 6,524,928 ret 371.4 len 280.8 kl 0.0201  sps 1764 reach 0.66
upd 3187/5859 step 6,526,976 ret 311.09 len 275.2 kl 0.0242  sps 1765 reach 0.66
upd 3188/5859 step 6,529,024 ret 287.68 len 283.0 kl 0.0187  sps 1765 reach 0.66
upd 3189/5859 step 6,531,072 ret 276.63 len 285.9 kl 0.0258  sps 1765 reach 0.66
upd 3190/5859 step 6,533,120 ret 328.26 len 290.0 kl 0.0187  sps 1765 reach 0.66
upd 3191/5859 step 6,535,168 ret 349.19 len 293.7 kl 0.0184  sps 1765 reach 0.66
upd 3192/5859 step 6,537,216 ret 352.1 len 295.0 kl 0.0170  sps 1765 reach 0.66
upd 3193/5859 step 6,539,264 ret 386.75 len 293.5 kl 0.0203  sps 1765 reach 0.66
upd 3194/5859 step 6,541,312 ret 420.83 len 293.5 kl 0.0176  sps 1765 reach 0.66
upd 3195/5859 step 6,543,360 ret 425.2 len 287.2 kl 0.0180  sps 1766 reach 0.66
upd 3196/5859 step 6,545,408 ret 375.43 len 275.2 kl 0.0184  sps 1766 reach 0.66
upd 3197/5859 step 6,547,456 ret 396.73 len 279.5 kl 0.0217  sps 1766 reach 0.66
upd 3198/5859 step 6,549,504 ret 365.76 len 279.5 kl 0.0191  sps 1766 reach 0.66
upd 3199/5859 step 6,551,552 ret 410.87 len 281.7 kl 0.0216  sps 1766 reach 0.66
upd 3200/5859 step 6,553,600 ret 374.44 len 278.5 kl 0.0187  sps 1766 reach 0.66
upd 3201/5859 step 6,555,648 ret 394.01 len 271.6 kl 0.0225  sps 1767 reach 0.66
upd 3202/5859 step 6,557,696 ret 376.29 len 283.6 kl 0.0187  sps 1767 reach 0.66
upd 3203/5859 step 6,559,744 ret 384.42 len 283.6 kl 0.0187  sps 1767 reach 0.66
upd 3204/5859 step 6,561,792 ret 340.26 len 280.2 kl 0.0220  sps 1767 reach 0.66
upd 3205/5859 step 6,563,840 ret 337.74 len 283.1 kl 0.0192  sps 1767 reach 0.66
upd 3206/5859 step 6,565,888 ret 324.07 len 275.8 kl 0.0220  sps 1767 reach 0.66
upd 3207/5859 step 6,567,936 ret 299.87 len 276.8 kl 0.0193  sps 1767 reach 0.66
upd 3208/5859 step 6,569,984 ret 315.98 len 276.8 kl 0.0213  sps 1768 reach 0.66
upd 3209/5859 step 6,572,032 ret 305.97 len 275.4 kl 0.0211  sps 1768 reach 0.66
upd 3210/5859 step 6,574,080 ret 335.7 len 275.4 kl 0.0166  sps 1768 reach 0.66
upd 3211/5859 step 6,576,128 ret 352.77 len 274.4 kl 0.0201  sps 1768 reach 0.66
upd 3212/5859 step 6,578,176 ret 374.5 len 283.2 kl 0.0228  sps 1768 reach 0.66
upd 3213/5859 step 6,580,224 ret 420.95 len 274.0 kl 0.0164  sps 1768 reach 0.66
upd 3214/5859 step 6,582,272 ret 421.18 len 271.1 kl 0.0186  sps 1768 reach 0.66
upd 3215/5859 step 6,584,320 ret 464.81 len 278.0 kl 0.0176  sps 1768 reach 0.66
upd 3216/5859 step 6,586,368 ret 403.97 len 270.2 kl 0.0167  sps 1768 reach 0.66
upd 3217/5859 step 6,588,416 ret 416.87 len 277.2 kl 0.0157  sps 1769 reach 0.66
upd 3218/5859 step 6,590,464 ret 396.33 len 286.6 kl 0.0178  sps 1769 reach 0.67
upd 3219/5859 step 6,592,512 ret 404.54 len 286.6 kl 0.0198  sps 1769 reach 0.67
upd 3220/5859 step 6,594,560 ret 398.03 len 291.9 kl 0.0188  sps 1769 reach 0.67
upd 3221/5859 step 6,596,608 ret 393.84 len 297.2 kl 0.0198  sps 1769 reach 0.67
upd 3222/5859 step 6,598,656 ret 401.9 len 299.6 kl 0.0233  sps 1770 reach 0.67
upd 3223/5859 step 6,600,704 ret 410.33 len 300.0 kl 0.0229  sps 1770 reach 0.67
upd 3224/5859 step 6,602,752 ret 395.04 len 300.0 kl 0.0190  sps 1770 reach 0.67
upd 3225/5859 step 6,604,800 ret 404.97 len 298.8 kl 0.0131  sps 1770 reach 0.67
upd 3226/5859 step 6,606,848 ret 395.6 len 295.0 kl 0.0259  sps 1770 reach 0.67
upd 3227/5859 step 6,608,896 ret 397.24 len 295.0 kl 0.0267  sps 1770 reach 0.67
upd 3228/5859 step 6,610,944 ret 410.14 len 295.0 kl 0.0225  sps 1770 reach 0.67
upd 3229/5859 step 6,612,992 ret 364.18 len 295.0 kl 0.0246  sps 1771 reach 0.67
upd 3230/5859 step 6,615,040 ret 346.04 len 295.0 kl 0.0227  sps 1771 reach 0.67
upd 3231/5859 step 6,617,088 ret 316.87 len 293.4 kl 0.0188  sps 1771 reach 0.67
upd 3232/5859 step 6,619,136 ret 282.54 len 297.2 kl 0.0235  sps 1771 reach 0.67
upd 3233/5859 step 6,621,184 ret 270.36 len 297.2 kl 0.0185  sps 1771 reach 0.67
upd 3234/5859 step 6,623,232 ret 256.87 len 297.2 kl 0.0218  sps 1771 reach 0.67
upd 3235/5859 step 6,625,280 ret 298.16 len 293.7 kl 0.0197  sps 1772 reach 0.67
upd 3236/5859 step 6,627,328 ret 334.65 len 293.7 kl 0.0191  sps 1772 reach 0.67
upd 3237/5859 step 6,629,376 ret 370.87 len 294.6 kl 0.0183  sps 1772 reach 0.67
upd 3238/5859 step 6,631,424 ret 371.15 len 294.6 kl 0.0198  sps 1772 reach 0.67
upd 3239/5859 step 6,633,472 ret 403.9 len 289.5 kl 0.0190  sps 1772 reach 0.67
upd 3240/5859 step 6,635,520 ret 406.01 len 289.7 kl 0.0226  sps 1772 reach 0.67
upd 3241/5859 step 6,637,568 ret 359.29 len 288.0 kl 0.0210  sps 1772 reach 0.67
upd 3242/5859 step 6,639,616 ret 326.36 len 286.4 kl 0.0195  sps 1773 reach 0.67
upd 3243/5859 step 6,641,664 ret 329.72 len 280.0 kl 0.0185  sps 1773 reach 0.67
upd 3244/5859 step 6,643,712 ret 362.01 len 282.3 kl 0.0159  sps 1773 reach 0.67
upd 3245/5859 step 6,645,760 ret 345.23 len 278.8 kl 0.0178  sps 1773 reach 0.67
upd 3246/5859 step 6,647,808 ret 359.01 len 282.1 kl 0.0147  sps 1773 reach 0.67
upd 3247/5859 step 6,649,856 ret 362.53 len 283.4 kl 0.0178  sps 1773 reach 0.67
upd 3248/5859 step 6,651,904 ret 353.0 len 286.2 kl 0.0159  sps 1773 reach 0.67
upd 3249/5859 step 6,653,952 ret 318.77 len 291.0 kl 0.0190  sps 1773 reach 0.67
upd 3250/5859 step 6,656,000 ret 330.89 len 291.0 kl 0.0185  sps 1773 reach 0.67
upd 3251/5859 step 6,658,048 ret 375.31 len 294.6 kl 0.0196  sps 1773 reach 0.67
upd 3252/5859 step 6,660,096 ret 374.02 len 294.6 kl 0.0179  sps 1774 reach 0.67
upd 3253/5859 step 6,662,144 ret 397.94 len 295.0 kl 0.0180  sps 1774 reach 0.68
upd 3254/5859 step 6,664,192 ret 431.91 len 300.0 kl 0.0205  sps 1774 reach 0.68
upd 3255/5859 step 6,666,240 ret 424.74 len 294.5 kl 0.0212  sps 1774 reach 0.68
upd 3256/5859 step 6,668,288 ret 422.04 len 294.5 kl 0.0173  sps 1774 reach 0.68
upd 3257/5859 step 6,670,336 ret 407.9 len 293.1 kl 0.0194  sps 1774 reach 0.68
upd 3258/5859 step 6,672,384 ret 413.45 len 289.1 kl 0.0193  sps 1774 reach 0.68
upd 3259/5859 step 6,674,432 ret 424.09 len 289.1 kl 0.0164  sps 1775 reach 0.68
upd 3260/5859 step 6,676,480 ret 416.94 len 289.1 kl 0.0185  sps 1775 reach 0.68
upd 3261/5859 step 6,678,528 ret 414.34 len 294.6 kl 0.0310* sps 1775 reach 0.68
upd 3262/5859 step 6,680,576 ret 380.9 len 291.8 kl 0.0185  sps 1775 reach 0.68
upd 3263/5859 step 6,682,624 ret 380.75 len 291.8 kl 0.0220  sps 1775 reach 0.68
upd 3264/5859 step 6,684,672 ret 368.49 len 292.9 kl 0.0217  sps 1775 reach 0.68
upd 3265/5859 step 6,686,720 ret 315.87 len 292.9 kl 0.0217  sps 1775 reach 0.68
upd 3266/5859 step 6,688,768 ret 335.8 len 292.9 kl 0.0159  sps 1776 reach 0.68
upd 3267/5859 step 6,690,816 ret 340.37 len 292.2 kl 0.0143  sps 1776 reach 0.68
upd 3268/5859 step 6,692,864 ret 305.83 len 296.5 kl 0.0194  sps 1776 reach 0.68
upd 3269/5859 step 6,694,912 ret 324.5 len 292.1 kl 0.0180  sps 1776 reach 0.68
upd 3270/5859 step 6,696,960 ret 273.08 len 294.9 kl 0.0203  sps 1776 reach 0.68
upd 3271/5859 step 6,699,008 ret 306.06 len 287.6 kl 0.0228  sps 1776 reach 0.68
upd 3272/5859 step 6,701,056 ret 294.35 len 285.8 kl 0.0189  sps 1776 reach 0.68
upd 3273/5859 step 6,703,104 ret 341.11 len 280.9 kl 0.0206  sps 1776 reach 0.68
upd 3274/5859 step 6,705,152 ret 324.94 len 279.9 kl 0.0214  sps 1776 reach 0.68
upd 3275/5859 step 6,707,200 ret 398.46 len 270.5 kl 0.0223  sps 1776 reach 0.68
upd 3276/5859 step 6,709,248 ret 403.46 len 276.4 kl 0.0192  sps 1777 reach 0.68
upd 3277/5859 step 6,711,296 ret 420.9 len 277.7 kl 0.0190  sps 1777 reach 0.68
upd 3278/5859 step 6,713,344 ret 419.9 len 279.2 kl 0.0184  sps 1777 reach 0.68
upd 3279/5859 step 6,715,392 ret 434.37 len 281.3 kl 0.0206  sps 1777 reach 0.68
upd 3280/5859 step 6,717,440 ret 439.28 len 284.4 kl 0.0166  sps 1777 reach 0.68
upd 3281/5859 step 6,719,488 ret 393.24 len 293.8 kl 0.0246  sps 1777 reach 0.68
upd 3282/5859 step 6,721,536 ret 412.2 len 293.8 kl 0.0185  sps 1777 reach 0.68
upd 3283/5859 step 6,723,584 ret 374.4 len 289.5 kl 0.0202  sps 1778 reach 0.68
upd 3284/5859 step 6,725,632 ret 373.19 len 289.5 kl 0.0190  sps 1778 reach 0.68
upd 3285/5859 step 6,727,680 ret 378.32 len 290.8 kl 0.0174  sps 1778 reach 0.68
upd 3286/5859 step 6,729,728 ret 361.28 len 291.2 kl 0.0241  sps 1778 reach 0.68
upd 3287/5859 step 6,731,776 ret 362.76 len 286.6 kl 0.0187  sps 1778 reach 0.68
upd 3288/5859 step 6,733,824 ret 368.68 len 287.2 kl 0.0210  sps 1778 reach 0.68
upd 3289/5859 step 6,735,872 ret 363.98 len 287.2 kl 0.0218  sps 1778 reach 0.69
upd 3290/5859 step 6,737,920 ret 340.75 len 283.6 kl 0.0282  sps 1778 reach 0.69
upd 3291/5859 step 6,739,968 ret 343.52 len 279.7 kl 0.0201  sps 1779 reach 0.69
upd 3292/5859 step 6,742,016 ret 317.18 len 286.1 kl 0.0185  sps 1779 reach 0.69
upd 3293/5859 step 6,744,064 ret 335.33 len 285.9 kl 0.0166  sps 1779 reach 0.69
upd 3294/5859 step 6,746,112 ret 316.13 len 290.0 kl 0.0196  sps 1779 reach 0.69
upd 3295/5859 step 6,748,160 ret 331.24 len 292.4 kl 0.0171  sps 1779 reach 0.69
upd 3296/5859 step 6,750,208 ret 345.49 len 292.4 kl 0.0173  sps 1779 reach 0.69
upd 3297/5859 step 6,752,256 ret 344.18 len 296.9 kl 0.0184  sps 1779 reach 0.69
upd 3298/5859 step 6,754,304 ret 385.72 len 293.4 kl 0.0199  sps 1780 reach 0.69
upd 3299/5859 step 6,756,352 ret 437.27 len 294.9 kl 0.0190  sps 1780 reach 0.69
upd 3300/5859 step 6,758,400 ret 433.53 len 294.0 kl 0.0214  sps 1780 reach 0.69
upd 3301/5859 step 6,760,448 ret 451.26 len 295.2 kl 0.0238  sps 1780 reach 0.69
upd 3302/5859 step 6,762,496 ret 441.73 len 290.6 kl 0.0186  sps 1780 reach 0.69
upd 3303/5859 step 6,764,544 ret 438.69 len 286.9 kl 0.0221  sps 1780 reach 0.69
upd 3304/5859 step 6,766,592 ret 425.86 len 288.8 kl 0.0165  sps 1780 reach 0.69
upd 3305/5859 step 6,768,640 ret 428.13 len 285.6 kl 0.0145  sps 1780 reach 0.69
upd 3306/5859 step 6,770,688 ret 396.63 len 283.0 kl 0.0212  sps 1781 reach 0.69
upd 3307/5859 step 6,772,736 ret 348.44 len 283.0 kl 0.0245  sps 1781 reach 0.69
upd 3308/5859 step 6,774,784 ret 386.24 len 287.5 kl 0.0148  sps 1781 reach 0.69
upd 3309/5859 step 6,776,832 ret 326.26 len 291.2 kl 0.0198  sps 1781 reach 0.69
upd 3310/5859 step 6,778,880 ret 354.82 len 289.3 kl 0.0147  sps 1781 reach 0.69
upd 3311/5859 step 6,780,928 ret 356.42 len 289.2 kl 0.0152  sps 1781 reach 0.69
upd 3312/5859 step 6,782,976 ret 362.15 len 291.8 kl 0.0200  sps 1781 reach 0.69
upd 3313/5859 step 6,785,024 ret 364.85 len 291.8 kl 0.0207  sps 1781 reach 0.69
upd 3314/5859 step 6,787,072 ret 352.55 len 291.8 kl 0.0190  sps 1781 reach 0.69
upd 3315/5859 step 6,789,120 ret 376.23 len 285.7 kl 0.0186  sps 1782 reach 0.69
upd 3316/5859 step 6,791,168 ret 365.49 len 289.7 kl 0.0226  sps 1782 reach 0.69
upd 3317/5859 step 6,793,216 ret 373.85 len 292.7 kl 0.0204  sps 1782 reach 0.69
upd 3318/5859 step 6,795,264 ret 392.09 len 292.7 kl 0.0191  sps 1782 reach 0.69
upd 3319/5859 step 6,797,312 ret 459.07 len 291.9 kl 0.0160  sps 1782 reach 0.69
upd 3320/5859 step 6,799,360 ret 442.97 len 291.9 kl 0.0236  sps 1782 reach 0.69
upd 3321/5859 step 6,801,408 ret 409.36 len 289.4 kl 0.0180  sps 1782 reach 0.69
upd 3322/5859 step 6,803,456 ret 415.48 len 289.4 kl 0.0206  sps 1782 reach 0.69
upd 3323/5859 step 6,805,504 ret 374.59 len 290.7 kl 0.0152  sps 1783 reach 0.69
upd 3324/5859 step 6,807,552 ret 343.5 len 290.7 kl 0.0185  sps 1783 reach 0.70
upd 3325/5859 step 6,809,600 ret 286.82 len 291.6 kl 0.0199  sps 1783 reach 0.70
upd 3326/5859 step 6,811,648 ret 291.82 len 289.7 kl 0.0175  sps 1783 reach 0.70
upd 3327/5859 step 6,813,696 ret 316.72 len 292.6 kl 0.0177  sps 1783 reach 0.70
upd 3328/5859 step 6,815,744 ret 353.13 len 292.6 kl 0.0214  sps 1783 reach 0.70
upd 3329/5859 step 6,817,792 ret 353.15 len 292.6 kl 0.0223  sps 1783 reach 0.70
upd 3330/5859 step 6,819,840 ret 355.38 len 281.9 kl 0.0206  sps 1783 reach 0.70
upd 3331/5859 step 6,821,888 ret 376.15 len 283.7 kl 0.0212  sps 1783 reach 0.70
upd 3332/5859 step 6,823,936 ret 378.55 len 283.7 kl 0.0226  sps 1784 reach 0.70
upd 3333/5859 step 6,825,984 ret 357.4 len 289.3 kl 0.0199  sps 1784 reach 0.70
upd 3334/5859 step 6,828,032 ret 355.13 len 289.3 kl 0.0170  sps 1784 reach 0.70
upd 3335/5859 step 6,830,080 ret 333.04 len 283.8 kl 0.0198  sps 1784 reach 0.70
upd 3336/5859 step 6,832,128 ret 367.65 len 288.0 kl 0.0188  sps 1784 reach 0.70
upd 3337/5859 step 6,834,176 ret 385.98 len 288.0 kl 0.0204  sps 1784 reach 0.70
upd 3338/5859 step 6,836,224 ret 380.67 len 284.7 kl 0.0185  sps 1784 reach 0.70
upd 3339/5859 step 6,838,272 ret 335.29 len 284.7 kl 0.0153  sps 1784 reach 0.70
upd 3340/5859 step 6,840,320 ret 408.05 len 281.7 kl 0.0134  sps 1785 reach 0.70
upd 3341/5859 step 6,842,368 ret 406.71 len 287.2 kl 0.0163  sps 1785 reach 0.70
upd 3342/5859 step 6,844,416 ret 407.64 len 292.2 kl 0.0201  sps 1785 reach 0.70
upd 3343/5859 step 6,846,464 ret 398.43 len 289.6 kl 0.0197  sps 1785 reach 0.70
upd 3344/5859 step 6,848,512 ret 393.66 len 281.1 kl 0.0196  sps 1785 reach 0.70
upd 3345/5859 step 6,850,560 ret 347.24 len 280.6 kl 0.0199  sps 1785 reach 0.70
upd 3346/5859 step 6,852,608 ret 341.88 len 279.7 kl 0.0219  sps 1785 reach 0.70
upd 3347/5859 step 6,854,656 ret 331.4 len 276.3 kl 0.0176  sps 1786 reach 0.70
upd 3348/5859 step 6,856,704 ret 293.36 len 275.9 kl 0.0246  sps 1786 reach 0.70
upd 3349/5859 step 6,858,752 ret 304.48 len 281.6 kl 0.0133  sps 1786 reach 0.70
upd 3350/5859 step 6,860,800 ret 318.27 len 287.6 kl 0.0192  sps 1786 reach 0.70
upd 3351/5859 step 6,862,848 ret 319.35 len 291.1 kl 0.0168  sps 1786 reach 0.70
upd 3352/5859 step 6,864,896 ret 337.55 len 288.8 kl 0.0210  sps 1786 reach 0.70
upd 3353/5859 step 6,866,944 ret 325.29 len 283.0 kl 0.0178  sps 1786 reach 0.70
upd 3354/5859 step 6,868,992 ret 399.62 len 285.2 kl 0.0140  sps 1786 reach 0.70
upd 3355/5859 step 6,871,040 ret 390.92 len 285.2 kl 0.0146  sps 1786 reach 0.70
upd 3356/5859 step 6,873,088 ret 410.96 len 278.1 kl 0.0163  sps 1786 reach 0.70
upd 3357/5859 step 6,875,136 ret 369.64 len 269.9 kl 0.0205  sps 1787 reach 0.70
upd 3358/5859 step 6,877,184 ret 342.87 len 269.9 kl 0.0215  sps 1786 reach 0.70
upd 3359/5859 step 6,879,232 ret 303.78 len 273.5 kl 0.0187  sps 1786 reach 0.71
upd 3360/5859 step 6,881,280 ret 292.13 len 275.8 kl 0.0220  sps 1786 reach 0.71
upd 3361/5859 step 6,883,328 ret 276.14 len 270.2 kl 0.0191  sps 1786 reach 0.71
upd 3362/5859 step 6,885,376 ret 262.75 len 282.9 kl 0.0164  sps 1786 reach 0.71
upd 3363/5859 step 6,887,424 ret 310.11 len 283.6 kl 0.0140  sps 1787 reach 0.71
upd 3364/5859 step 6,889,472 ret 312.22 len 285.6 kl 0.0139  sps 1787 reach 0.71
upd 3365/5859 step 6,891,520 ret 291.84 len 277.6 kl 0.0180  sps 1787 reach 0.71
upd 3366/5859 step 6,893,568 ret 331.88 len 283.2 kl 0.0186  sps 1787 reach 0.71
upd 3367/5859 step 6,895,616 ret 334.07 len 279.8 kl 0.0142  sps 1787 reach 0.71
upd 3368/5859 step 6,897,664 ret 372.41 len 279.5 kl 0.0157  sps 1787 reach 0.71
upd 3369/5859 step 6,899,712 ret 344.36 len 277.4 kl 0.0326* sps 1787 reach 0.71
upd 3370/5859 step 6,901,760 ret 404.31 len 283.0 kl 0.0150  sps 1787 reach 0.71
upd 3371/5859 step 6,903,808 ret 381.14 len 288.9 kl 0.0131  sps 1787 reach 0.71
upd 3372/5859 step 6,905,856 ret 384.87 len 288.9 kl 0.0198  sps 1787 reach 0.71
upd 3373/5859 step 6,907,904 ret 331.33 len 278.5 kl 0.0150  sps 1787 reach 0.71
upd 3374/5859 step 6,909,952 ret 359.38 len 280.4 kl 0.0150  sps 1787 reach 0.71
upd 3375/5859 step 6,912,000 ret 393.72 len 280.8 kl 0.0148  sps 1787 reach 0.71
upd 3376/5859 step 6,914,048 ret 389.87 len 280.8 kl 0.0191  sps 1787 reach 0.71
upd 3377/5859 step 6,916,096 ret 401.72 len 280.8 kl 0.0136  sps 1787 reach 0.71
upd 3378/5859 step 6,918,144 ret 435.96 len 274.5 kl 0.0239  sps 1787 reach 0.71
upd 3379/5859 step 6,920,192 ret 414.61 len 284.3 kl 0.0175  sps 1787 reach 0.71
upd 3380/5859 step 6,922,240 ret 398.01 len 284.5 kl 0.0208  sps 1787 reach 0.71
upd 3381/5859 step 6,924,288 ret 378.04 len 283.2 kl 0.0172  sps 1787 reach 0.71
upd 3382/5859 step 6,926,336 ret 341.95 len 278.6 kl 0.0172  sps 1788 reach 0.71
upd 3383/5859 step 6,928,384 ret 320.63 len 275.5 kl 0.0222  sps 1788 reach 0.71
upd 3384/5859 step 6,930,432 ret 327.05 len 265.2 kl 0.0156  sps 1788 reach 0.71
upd 3385/5859 step 6,932,480 ret 341.04 len 263.6 kl 0.0185  sps 1788 reach 0.71
upd 3386/5859 step 6,934,528 ret 325.45 len 246.2 kl 0.0140  sps 1788 reach 0.71
upd 3387/5859 step 6,936,576 ret 331.84 len 250.4 kl 0.0187  sps 1788 reach 0.71
upd 3388/5859 step 6,938,624 ret 349.0 len 257.5 kl 0.0149  sps 1788 reach 0.71
upd 3389/5859 step 6,940,672 ret 350.55 len 254.4 kl 0.0123  sps 1788 reach 0.71
upd 3390/5859 step 6,942,720 ret 344.2 len 258.2 kl 0.0166  sps 1788 reach 0.71
upd 3391/5859 step 6,944,768 ret 331.9 len 271.1 kl 0.0166  sps 1788 reach 0.71
upd 3392/5859 step 6,946,816 ret 365.18 len 276.7 kl 0.0364* sps 1788 reach 0.71
upd 3393/5859 step 6,948,864 ret 352.7 len 278.5 kl 0.0212  sps 1788 reach 0.71
upd 3394/5859 step 6,950,912 ret 338.54 len 278.5 kl 0.0186  sps 1788 reach 0.72
upd 3395/5859 step 6,952,960 ret 342.64 len 287.5 kl 0.0216  sps 1788 reach 0.72
upd 3396/5859 step 6,955,008 ret 344.3 len 288.6 kl 0.0207  sps 1788 reach 0.72
upd 3397/5859 step 6,957,056 ret 312.92 len 294.5 kl 0.0179  sps 1788 reach 0.72
upd 3398/5859 step 6,959,104 ret 358.67 len 294.1 kl 0.0163  sps 1788 reach 0.72
upd 3399/5859 step 6,961,152 ret 443.14 len 287.4 kl 0.0184  sps 1788 reach 0.72
upd 3400/5859 step 6,963,200 ret 441.71 len 287.4 kl 0.0164  sps 1788 reach 0.72
upd 3401/5859 step 6,965,248 ret 456.77 len 291.9 kl 0.0185  sps 1789 reach 0.72
upd 3402/5859 step 6,967,296 ret 439.56 len 291.9 kl 0.0136  sps 1789 reach 0.72
upd 3403/5859 step 6,969,344 ret 430.21 len 286.6 kl 0.0198  sps 1789 reach 0.72
upd 3404/5859 step 6,971,392 ret 399.29 len 285.8 kl 0.0168  sps 1789 reach 0.72
upd 3405/5859 step 6,973,440 ret 350.85 len 286.3 kl 0.0166  sps 1789 reach 0.72
upd 3406/5859 step 6,975,488 ret 334.78 len 285.9 kl 0.0137  sps 1789 reach 0.72
upd 3407/5859 step 6,977,536 ret 388.57 len 282.9 kl 0.0186  sps 1789 reach 0.72
upd 3408/5859 step 6,979,584 ret 404.48 len 283.8 kl 0.0152  sps 1789 reach 0.72
upd 3409/5859 step 6,981,632 ret 389.56 len 285.5 kl 0.0186  sps 1789 reach 0.72
upd 3410/5859 step 6,983,680 ret 392.52 len 288.4 kl 0.0196  sps 1789 reach 0.72
upd 3411/5859 step 6,985,728 ret 402.62 len 288.4 kl 0.0146  sps 1789 reach 0.72
upd 3412/5859 step 6,987,776 ret 456.71 len 283.4 kl 0.0191  sps 1789 reach 0.72
upd 3413/5859 step 6,989,824 ret 440.25 len 286.4 kl 0.0190  sps 1789 reach 0.72
upd 3414/5859 step 6,991,872 ret 466.19 len 285.6 kl 0.0149  sps 1789 reach 0.72
upd 3415/5859 step 6,993,920 ret 501.21 len 284.8 kl 0.0135  sps 1789 reach 0.72
upd 3416/5859 step 6,995,968 ret 479.4 len 289.4 kl 0.0181  sps 1790 reach 0.72
upd 3417/5859 step 6,998,016 ret 453.38 len 288.7 kl 0.0129  sps 1790 reach 0.72
upd 3418/5859 step 7,000,064 ret 417.04 len 288.4 kl 0.0241  sps 1790 reach 0.72
upd 3419/5859 step 7,002,112 ret 377.08 len 286.1 kl 0.0211  sps 1790 reach 0.72
upd 3420/5859 step 7,004,160 ret 338.12 len 289.4 kl 0.0247  sps 1790 reach 0.72
upd 3421/5859 step 7,006,208 ret 336.9 len 290.2 kl 0.0129  sps 1790 reach 0.72
upd 3422/5859 step 7,008,256 ret 326.28 len 285.2 kl 0.0222  sps 1790 reach 0.72
upd 3423/5859 step 7,010,304 ret 310.74 len 290.9 kl 0.0155  sps 1790 reach 0.72
upd 3424/5859 step 7,012,352 ret 302.44 len 286.9 kl 0.0204  sps 1790 reach 0.72
upd 3425/5859 step 7,014,400 ret 351.43 len 282.5 kl 0.0194  sps 1791 reach 0.72
upd 3426/5859 step 7,016,448 ret 350.94 len 282.5 kl 0.0169  sps 1790 reach 0.72
upd 3427/5859 step 7,018,496 ret 330.37 len 287.5 kl 0.0177  sps 1791 reach 0.72
upd 3428/5859 step 7,020,544 ret 312.11 len 281.5 kl 0.0191  sps 1791 reach 0.72
upd 3429/5859 step 7,022,592 ret 366.98 len 277.8 kl 0.0195  sps 1791 reach 0.73
upd 3430/5859 step 7,024,640 ret 337.25 len 283.3 kl 0.0170  sps 1791 reach 0.73
upd 3431/5859 step 7,026,688 ret 341.17 len 272.9 kl 0.0158  sps 1791 reach 0.73
upd 3432/5859 step 7,028,736 ret 360.89 len 266.4 kl 0.0143  sps 1791 reach 0.73
upd 3433/5859 step 7,030,784 ret 362.54 len 268.8 kl 0.0172  sps 1791 reach 0.73
upd 3434/5859 step 7,032,832 ret 344.36 len 267.6 kl 0.0156  sps 1791 reach 0.73
upd 3435/5859 step 7,034,880 ret 330.0 len 268.5 kl 0.0176  sps 1791 reach 0.73
upd 3436/5859 step 7,036,928 ret 313.29 len 274.4 kl 0.0157  sps 1792 reach 0.73
upd 3437/5859 step 7,038,976 ret 342.53 len 274.1 kl 0.0167  sps 1792 reach 0.73
upd 3438/5859 step 7,041,024 ret 328.86 len 276.6 kl 0.0171  sps 1792 reach 0.73
upd 3439/5859 step 7,043,072 ret 344.67 len 267.6 kl 0.0182  sps 1792 reach 0.73
upd 3440/5859 step 7,045,120 ret 319.4 len 277.8 kl 0.0182  sps 1792 reach 0.73
upd 3441/5859 step 7,047,168 ret 328.29 len 282.2 kl 0.0137  sps 1792 reach 0.73
upd 3442/5859 step 7,049,216 ret 328.72 len 284.6 kl 0.0237  sps 1793 reach 0.73
upd 3443/5859 step 7,051,264 ret 320.1 len 283.7 kl 0.0193  sps 1793 reach 0.73
upd 3444/5859 step 7,053,312 ret 299.17 len 276.9 kl 0.0129  sps 1793 reach 0.73
upd 3445/5859 step 7,055,360 ret 314.17 len 287.1 kl 0.0145  sps 1793 reach 0.73
upd 3446/5859 step 7,057,408 ret 304.87 len 284.2 kl 0.0150  sps 1793 reach 0.73
upd 3447/5859 step 7,059,456 ret 368.9 len 278.3 kl 0.0147  sps 1793 reach 0.73
upd 3448/5859 step 7,061,504 ret 336.07 len 282.2 kl 0.0190  sps 1793 reach 0.73
upd 3449/5859 step 7,063,552 ret 346.9 len 282.2 kl 0.0130  sps 1793 reach 0.73
upd 3450/5859 step 7,065,600 ret 334.6 len 287.6 kl 0.0160  sps 1793 reach 0.73
upd 3451/5859 step 7,067,648 ret 335.6 len 284.9 kl 0.0167  sps 1794 reach 0.73
upd 3452/5859 step 7,069,696 ret 331.69 len 287.7 kl 0.0162  sps 1794 reach 0.73
upd 3453/5859 step 7,071,744 ret 378.3 len 274.0 kl 0.0154  sps 1794 reach 0.73
upd 3454/5859 step 7,073,792 ret 373.63 len 269.1 kl 0.0155  sps 1794 reach 0.73
upd 3455/5859 step 7,075,840 ret 391.57 len 270.5 kl 0.0349* sps 1794 reach 0.73
upd 3456/5859 step 7,077,888 ret 401.93 len 273.3 kl 0.0213  sps 1794 reach 0.73
upd 3457/5859 step 7,079,936 ret 377.46 len 267.2 kl 0.0178  sps 1794 reach 0.73
upd 3458/5859 step 7,081,984 ret 314.37 len 269.6 kl 0.0176  sps 1794 reach 0.73
upd 3459/5859 step 7,084,032 ret 318.02 len 283.8 kl 0.0195  sps 1794 reach 0.73
upd 3460/5859 step 7,086,080 ret 294.78 len 274.4 kl 0.0149  sps 1795 reach 0.73
upd 3461/5859 step 7,088,128 ret 324.29 len 274.4 kl 0.0217  sps 1795 reach 0.73
upd 3462/5859 step 7,090,176 ret 380.21 len 278.7 kl 0.0166  sps 1795 reach 0.73
upd 3463/5859 step 7,092,224 ret 386.08 len 269.1 kl 0.0176  sps 1795 reach 0.73
upd 3464/5859 step 7,094,272 ret 416.88 len 274.1 kl 0.0193  sps 1795 reach 0.74
upd 3465/5859 step 7,096,320 ret 433.11 len 280.9 kl 0.0161  sps 1795 reach 0.74
upd 3466/5859 step 7,098,368 ret 401.57 len 277.8 kl 0.0198  sps 1795 reach 0.74
upd 3467/5859 step 7,100,416 ret 409.65 len 279.5 kl 0.0189  sps 1795 reach 0.74
upd 3468/5859 step 7,102,464 ret 405.4 len 275.4 kl 0.0180  sps 1795 reach 0.74
upd 3469/5859 step 7,104,512 ret 376.43 len 264.6 kl 0.0164  sps 1795 reach 0.74
upd 3470/5859 step 7,106,560 ret 352.36 len 252.3 kl 0.0158  sps 1796 reach 0.74
upd 3471/5859 step 7,108,608 ret 384.25 len 253.7 kl 0.0152  sps 1796 reach 0.74
upd 3472/5859 step 7,110,656 ret 390.52 len 250.0 kl 0.0218  sps 1796 reach 0.74
upd 3473/5859 step 7,112,704 ret 335.2 len 259.8 kl 0.0179  sps 1796 reach 0.74
upd 3474/5859 step 7,114,752 ret 382.07 len 274.4 kl 0.0168  sps 1796 reach 0.74
upd 3475/5859 step 7,116,800 ret 394.11 len 278.2 kl 0.0153  sps 1796 reach 0.74
upd 3476/5859 step 7,118,848 ret 383.03 len 287.9 kl 0.0179  sps 1796 reach 0.74
upd 3477/5859 step 7,120,896 ret 334.16 len 291.7 kl 0.0205  sps 1797 reach 0.74
upd 3478/5859 step 7,122,944 ret 339.26 len 297.3 kl 0.0254  sps 1797 reach 0.74
upd 3479/5859 step 7,124,992 ret 331.92 len 292.4 kl 0.0259  sps 1797 reach 0.74
upd 3480/5859 step 7,127,040 ret 269.55 len 292.4 kl 0.0179  sps 1797 reach 0.74
upd 3481/5859 step 7,129,088 ret 239.11 len 286.6 kl 0.0166  sps 1797 reach 0.74
upd 3482/5859 step 7,131,136 ret 255.02 len 277.2 kl 0.0155  sps 1798 reach 0.74
upd 3483/5859 step 7,133,184 ret 244.96 len 267.9 kl 0.0190  sps 1798 reach 0.74
upd 3484/5859 step 7,135,232 ret 262.76 len 268.3 kl 0.0203  sps 1798 reach 0.74
upd 3485/5859 step 7,137,280 ret 273.68 len 256.9 kl 0.0154  sps 1798 reach 0.74
upd 3486/5859 step 7,139,328 ret 288.86 len 262.7 kl 0.0206  sps 1798 reach 0.74
upd 3487/5859 step 7,141,376 ret 290.81 len 266.6 kl 0.0225  sps 1798 reach 0.74
upd 3488/5859 step 7,143,424 ret 320.89 len 278.8 kl 0.0167  sps 1798 reach 0.74
upd 3489/5859 step 7,145,472 ret 334.98 len 273.2 kl 0.0204  sps 1798 reach 0.74
upd 3490/5859 step 7,147,520 ret 342.14 len 282.9 kl 0.0160  sps 1798 reach 0.74
upd 3491/5859 step 7,149,568 ret 375.99 len 288.9 kl 0.0133  sps 1799 reach 0.74
upd 3492/5859 step 7,151,616 ret 353.29 len 288.4 kl 0.0165  sps 1799 reach 0.74
upd 3493/5859 step 7,153,664 ret 342.76 len 279.6 kl 0.0156  sps 1799 reach 0.74
upd 3494/5859 step 7,155,712 ret 354.07 len 285.2 kl 0.0179  sps 1799 reach 0.74
upd 3495/5859 step 7,157,760 ret 343.52 len 285.6 kl 0.0207  sps 1799 reach 0.74
upd 3496/5859 step 7,159,808 ret 312.76 len 285.6 kl 0.0226  sps 1799 reach 0.74
upd 3497/5859 step 7,161,856 ret 308.1 len 285.6 kl 0.0140  sps 1799 reach 0.74
upd 3498/5859 step 7,163,904 ret 307.77 len 291.2 kl 0.0188  sps 1799 reach 0.74
upd 3499/5859 step 7,165,952 ret 311.18 len 300.0 kl 0.0152  sps 1800 reach 0.74
upd 3500/5859 step 7,168,000 ret 281.85 len 300.0 kl 0.0219  sps 1800 reach 0.75
upd 3501/5859 step 7,170,048 ret 274.67 len 296.4 kl 0.0232  sps 1800 reach 0.75
upd 3502/5859 step 7,172,096 ret 289.33 len 296.4 kl 0.0172  sps 1800 reach 0.75
upd 3503/5859 step 7,174,144 ret 291.02 len 296.4 kl 0.0170  sps 1800 reach 0.75
upd 3504/5859 step 7,176,192 ret 300.09 len 296.4 kl 0.0185  sps 1800 reach 0.75
upd 3505/5859 step 7,178,240 ret 296.97 len 285.7 kl 0.0139  sps 1800 reach 0.75
upd 3506/5859 step 7,180,288 ret 340.21 len 285.7 kl 0.0183  sps 1800 reach 0.75
upd 3507/5859 step 7,182,336 ret 334.74 len 289.2 kl 0.0245  sps 1800 reach 0.75
upd 3508/5859 step 7,184,384 ret 322.85 len 289.2 kl 0.0173  sps 1801 reach 0.75
upd 3509/5859 step 7,186,432 ret 362.76 len 289.2 kl 0.0146  sps 1801 reach 0.75
upd 3510/5859 step 7,188,480 ret 371.33 len 289.5 kl 0.0143  sps 1801 reach 0.75
upd 3511/5859 step 7,190,528 ret 350.08 len 300.0 kl 0.0188  sps 1801 reach 0.75
upd 3512/5859 step 7,192,576 ret 338.26 len 300.0 kl 0.0178  sps 1801 reach 0.75
upd 3513/5859 step 7,194,624 ret 351.69 len 300.0 kl 0.0167  sps 1801 reach 0.75
upd 3514/5859 step 7,196,672 ret 394.2 len 300.0 kl 0.0216  sps 1802 reach 0.75
upd 3515/5859 step 7,198,720 ret 371.72 len 300.0 kl 0.0156  sps 1802 reach 0.75
upd 3516/5859 step 7,200,768 ret 333.08 len 300.0 kl 0.0199  sps 1802 reach 0.75
upd 3517/5859 step 7,202,816 ret 372.11 len 290.1 kl 0.0145  sps 1802 reach 0.75
upd 3518/5859 step 7,204,864 ret 341.9 len 290.1 kl 0.0156  sps 1802 reach 0.75
upd 3519/5859 step 7,206,912 ret 362.15 len 290.1 kl 0.0188  sps 1802 reach 0.75
upd 3520/5859 step 7,208,960 ret 300.56 len 290.1 kl 0.0233  sps 1803 reach 0.75
upd 3521/5859 step 7,211,008 ret 323.18 len 286.1 kl 0.0162  sps 1803 reach 0.75
upd 3522/5859 step 7,213,056 ret 354.15 len 288.6 kl 0.0222  sps 1803 reach 0.75
upd 3523/5859 step 7,215,104 ret 349.77 len 292.8 kl 0.0170  sps 1803 reach 0.75
upd 3524/5859 step 7,217,152 ret 333.58 len 292.8 kl 0.0202  sps 1803 reach 0.75
upd 3525/5859 step 7,219,200 ret 334.57 len 289.4 kl 0.0178  sps 1803 reach 0.75
upd 3526/5859 step 7,221,248 ret 325.18 len 289.4 kl 0.0166  sps 1803 reach 0.75
upd 3527/5859 step 7,223,296 ret 301.93 len 287.6 kl 0.0153  sps 1803 reach 0.75
upd 3528/5859 step 7,225,344 ret 298.25 len 290.9 kl 0.0135  sps 1803 reach 0.75
upd 3529/5859 step 7,227,392 ret 338.36 len 277.2 kl 0.0240  sps 1803 reach 0.75
upd 3530/5859 step 7,229,440 ret 361.73 len 277.2 kl 0.0195  sps 1804 reach 0.75
upd 3531/5859 step 7,231,488 ret 378.53 len 273.6 kl 0.0160  sps 1804 reach 0.75
upd 3532/5859 step 7,233,536 ret 376.63 len 279.4 kl 0.0138  sps 1804 reach 0.75
upd 3533/5859 step 7,235,584 ret 452.57 len 279.4 kl 0.0202  sps 1804 reach 0.75
upd 3534/5859 step 7,237,632 ret 434.03 len 285.3 kl 0.0187  sps 1804 reach 0.75
upd 3535/5859 step 7,239,680 ret 389.04 len 287.6 kl 0.0187  sps 1804 reach 0.76
upd 3536/5859 step 7,241,728 ret 384.58 len 287.4 kl 0.0167  sps 1804 reach 0.76
upd 3537/5859 step 7,243,776 ret 426.11 len 290.1 kl 0.0146  sps 1804 reach 0.76
upd 3538/5859 step 7,245,824 ret 405.94 len 284.9 kl 0.0157  sps 1804 reach 0.76
upd 3539/5859 step 7,247,872 ret 363.88 len 284.9 kl 0.0148  sps 1804 reach 0.76
upd 3540/5859 step 7,249,920 ret 399.67 len 274.6 kl 0.0179  sps 1805 reach 0.76
upd 3541/5859 step 7,251,968 ret 435.23 len 278.6 kl 0.0151  sps 1805 reach 0.76
upd 3542/5859 step 7,254,016 ret 349.93 len 277.0 kl 0.0180  sps 1805 reach 0.76
upd 3543/5859 step 7,256,064 ret 365.91 len 271.7 kl 0.0212  sps 1805 reach 0.76
upd 3544/5859 step 7,258,112 ret 368.38 len 268.5 kl 0.0137  sps 1805 reach 0.76
upd 3545/5859 step 7,260,160 ret 359.06 len 265.4 kl 0.0151  sps 1805 reach 0.76
upd 3546/5859 step 7,262,208 ret 353.99 len 267.6 kl 0.0160  sps 1805 reach 0.76
upd 3547/5859 step 7,264,256 ret 348.65 len 264.1 kl 0.0193  sps 1805 reach 0.76
upd 3548/5859 step 7,266,304 ret 367.36 len 269.4 kl 0.0187  sps 1805 reach 0.76
upd 3549/5859 step 7,268,352 ret 356.31 len 277.8 kl 0.0168  sps 1806 reach 0.76
upd 3550/5859 step 7,270,400 ret 361.6 len 280.6 kl 0.0179  sps 1806 reach 0.76
upd 3551/5859 step 7,272,448 ret 352.73 len 287.1 kl 0.0187  sps 1806 reach 0.76
upd 3552/5859 step 7,274,496 ret 366.53 len 296.1 kl 0.0145  sps 1806 reach 0.76
upd 3553/5859 step 7,276,544 ret 369.94 len 291.4 kl 0.0192  sps 1806 reach 0.76
upd 3554/5859 step 7,278,592 ret 346.0 len 289.6 kl 0.0227  sps 1806 reach 0.76
upd 3555/5859 step 7,280,640 ret 351.21 len 284.6 kl 0.0194  sps 1806 reach 0.76
upd 3556/5859 step 7,282,688 ret 328.84 len 284.6 kl 0.0193  sps 1807 reach 0.76
upd 3557/5859 step 7,284,736 ret 321.95 len 279.1 kl 0.0196  sps 1807 reach 0.76
upd 3558/5859 step 7,286,784 ret 328.1 len 282.7 kl 0.0185  sps 1807 reach 0.76
upd 3559/5859 step 7,288,832 ret 347.06 len 282.7 kl 0.0195  sps 1807 reach 0.76
upd 3560/5859 step 7,290,880 ret 348.23 len 276.0 kl 0.0162  sps 1807 reach 0.76
upd 3561/5859 step 7,292,928 ret 347.28 len 275.9 kl 0.0183  sps 1807 reach 0.76
upd 3562/5859 step 7,294,976 ret 378.61 len 281.3 kl 0.0178  sps 1807 reach 0.76
upd 3563/5859 step 7,297,024 ret 357.69 len 286.3 kl 0.0169  sps 1807 reach 0.76
upd 3564/5859 step 7,299,072 ret 343.56 len 286.3 kl 0.0186  sps 1807 reach 0.76
upd 3565/5859 step 7,301,120 ret 303.43 len 280.0 kl 0.0228  sps 1807 reach 0.76
upd 3566/5859 step 7,303,168 ret 310.57 len 288.1 kl 0.0160  sps 1808 reach 0.76
upd 3567/5859 step 7,305,216 ret 296.98 len 292.1 kl 0.0157  sps 1808 reach 0.76
upd 3568/5859 step 7,307,264 ret 264.1 len 292.1 kl 0.0163  sps 1808 reach 0.76
upd 3569/5859 step 7,309,312 ret 313.57 len 288.7 kl 0.0195  sps 1808 reach 0.76
upd 3570/5859 step 7,311,360 ret 307.21 len 281.4 kl 0.0210  sps 1808 reach 0.77
upd 3571/5859 step 7,313,408 ret 290.39 len 288.2 kl 0.0175  sps 1808 reach 0.77
upd 3572/5859 step 7,315,456 ret 284.97 len 287.0 kl 0.0161  sps 1808 reach 0.77
upd 3573/5859 step 7,317,504 ret 298.03 len 287.0 kl 0.0162  sps 1809 reach 0.77
upd 3574/5859 step 7,319,552 ret 279.21 len 287.0 kl 0.0169  sps 1809 reach 0.77
upd 3575/5859 step 7,321,600 ret 237.77 len 289.9 kl 0.0135  sps 1809 reach 0.77
upd 3576/5859 step 7,323,648 ret 271.63 len 285.6 kl 0.0179  sps 1809 reach 0.77
upd 3577/5859 step 7,325,696 ret 292.3 len 282.3 kl 0.0189  sps 1809 reach 0.77
upd 3578/5859 step 7,327,744 ret 293.22 len 284.6 kl 0.0168  sps 1809 reach 0.77
upd 3579/5859 step 7,329,792 ret 269.53 len 274.7 kl 0.0160  sps 1809 reach 0.77
upd 3580/5859 step 7,331,840 ret 270.02 len 274.7 kl 0.0183  sps 1810 reach 0.77
upd 3581/5859 step 7,333,888 ret 308.08 len 277.8 kl 0.0188  sps 1810 reach 0.77
upd 3582/5859 step 7,335,936 ret 277.61 len 287.5 kl 0.0168  sps 1810 reach 0.77
upd 3583/5859 step 7,337,984 ret 327.83 len 283.3 kl 0.0155  sps 1810 reach 0.77
upd 3584/5859 step 7,340,032 ret 351.74 len 286.8 kl 0.0165  sps 1810 reach 0.77
upd 3585/5859 step 7,342,080 ret 367.51 len 290.8 kl 0.0171  sps 1810 reach 0.77
upd 3586/5859 step 7,344,128 ret 365.13 len 290.8 kl 0.0136  sps 1810 reach 0.77
upd 3587/5859 step 7,346,176 ret 377.21 len 290.8 kl 0.0181  sps 1810 reach 0.77
upd 3588/5859 step 7,348,224 ret 361.27 len 287.4 kl 0.0175  sps 1810 reach 0.77
upd 3589/5859 step 7,350,272 ret 337.05 len 289.1 kl 0.0211  sps 1810 reach 0.77
upd 3590/5859 step 7,352,320 ret 328.94 len 290.4 kl 0.0198  sps 1810 reach 0.77
upd 3591/5859 step 7,354,368 ret 300.47 len 280.8 kl 0.0148  sps 1810 reach 0.77
upd 3592/5859 step 7,356,416 ret 301.23 len 280.8 kl 0.0196  sps 1810 reach 0.77
upd 3593/5859 step 7,358,464 ret 316.32 len 280.8 kl 0.0160  sps 1810 reach 0.77
upd 3594/5859 step 7,360,512 ret 326.03 len 289.2 kl 0.0159  sps 1810 reach 0.77
upd 3595/5859 step 7,362,560 ret 335.99 len 288.2 kl 0.0191  sps 1810 reach 0.77
upd 3596/5859 step 7,364,608 ret 315.08 len 293.4 kl 0.0188  sps 1810 reach 0.77
upd 3597/5859 step 7,366,656 ret 345.6 len 298.9 kl 0.0150  sps 1810 reach 0.77
upd 3598/5859 step 7,368,704 ret 322.67 len 294.4 kl 0.0230  sps 1810 reach 0.77
upd 3599/5859 step 7,370,752 ret 288.58 len 294.4 kl 0.0232  sps 1810 reach 0.77
upd 3600/5859 step 7,372,800 ret 300.96 len 294.4 kl 0.0193  sps 1810 reach 0.77
upd 3601/5859 step 7,374,848 ret 287.14 len 295.4 kl 0.0159  sps 1810 reach 0.77
upd 3602/5859 step 7,376,896 ret 323.25 len 292.0 kl 0.0181  sps 1810 reach 0.77
upd 3603/5859 step 7,378,944 ret 294.57 len 288.7 kl 0.0182  sps 1810 reach 0.77
upd 3604/5859 step 7,380,992 ret 270.94 len 293.3 kl 0.0192  sps 1810 reach 0.77
upd 3605/5859 step 7,383,040 ret 271.44 len 287.5 kl 0.0150  sps 1810 reach 0.78
upd 3606/5859 step 7,385,088 ret 311.75 len 279.6 kl 0.0156  sps 1810 reach 0.78
upd 3607/5859 step 7,387,136 ret 311.39 len 279.6 kl 0.0191  sps 1810 reach 0.78
upd 3608/5859 step 7,389,184 ret 304.29 len 277.9 kl 0.0154  sps 1810 reach 0.78
upd 3609/5859 step 7,391,232 ret 304.48 len 269.6 kl 0.0191  sps 1810 reach 0.78
upd 3610/5859 step 7,393,280 ret 289.81 len 262.1 kl 0.0190  sps 1811 reach 0.78
upd 3611/5859 step 7,395,328 ret 300.68 len 271.4 kl 0.0154  sps 1811 reach 0.78
upd 3612/5859 step 7,397,376 ret 277.24 len 273.4 kl 0.0226  sps 1811 reach 0.78
upd 3613/5859 step 7,399,424 ret 273.79 len 271.1 kl 0.0177  sps 1811 reach 0.78
upd 3614/5859 step 7,401,472 ret 319.88 len 276.4 kl 0.0162  sps 1811 reach 0.78
upd 3615/5859 step 7,403,520 ret 384.34 len 290.2 kl 0.0177  sps 1811 reach 0.78
upd 3616/5859 step 7,405,568 ret 370.82 len 290.6 kl 0.0189  sps 1811 reach 0.78
upd 3617/5859 step 7,407,616 ret 396.84 len 283.0 kl 0.0146  sps 1811 reach 0.78
upd 3618/5859 step 7,409,664 ret 428.42 len 282.6 kl 0.0136  sps 1811 reach 0.78
upd 3619/5859 step 7,411,712 ret 426.59 len 282.6 kl 0.0179  sps 1811 reach 0.78
upd 3620/5859 step 7,413,760 ret 472.79 len 282.6 kl 0.0232  sps 1811 reach 0.78
upd 3621/5859 step 7,415,808 ret 428.92 len 282.6 kl 0.0189  sps 1811 reach 0.78
upd 3622/5859 step 7,417,856 ret 414.2 len 293.5 kl 0.0142  sps 1811 reach 0.78
upd 3623/5859 step 7,419,904 ret 384.4 len 294.5 kl 0.0142  sps 1811 reach 0.78
upd 3624/5859 step 7,421,952 ret 354.32 len 294.5 kl 0.0139  sps 1812 reach 0.78
upd 3625/5859 step 7,424,000 ret 308.68 len 294.5 kl 0.0148  sps 1812 reach 0.78
upd 3626/5859 step 7,426,048 ret 230.39 len 294.5 kl 0.0184  sps 1812 reach 0.78
upd 3627/5859 step 7,428,096 ret 292.53 len 292.7 kl 0.0149  sps 1812 reach 0.78
upd 3628/5859 step 7,430,144 ret 260.75 len 292.7 kl 0.0210  sps 1812 reach 0.78
upd 3629/5859 step 7,432,192 ret 325.35 len 298.2 kl 0.0175  sps 1812 reach 0.78
upd 3630/5859 step 7,434,240 ret 346.31 len 294.2 kl 0.0187  sps 1812 reach 0.78
upd 3631/5859 step 7,436,288 ret 372.58 len 294.2 kl 0.0127  sps 1812 reach 0.78
upd 3632/5859 step 7,438,336 ret 403.08 len 294.2 kl 0.0203  sps 1812 reach 0.78
upd 3633/5859 step 7,440,384 ret 359.79 len 291.4 kl 0.0221  sps 1812 reach 0.78
upd 3634/5859 step 7,442,432 ret 395.58 len 291.4 kl 0.0172  sps 1812 reach 0.78
upd 3635/5859 step 7,444,480 ret 362.67 len 288.6 kl 0.0166  sps 1812 reach 0.78
upd 3636/5859 step 7,446,528 ret 343.4 len 292.6 kl 0.0220  sps 1812 reach 0.78
upd 3637/5859 step 7,448,576 ret 342.8 len 292.6 kl 0.0170  sps 1812 reach 0.78
upd 3638/5859 step 7,450,624 ret 301.15 len 288.3 kl 0.0126  sps 1812 reach 0.78
upd 3639/5859 step 7,452,672 ret 317.13 len 289.6 kl 0.0171  sps 1812 reach 0.78
upd 3640/5859 step 7,454,720 ret 319.48 len 292.4 kl 0.0150  sps 1812 reach 0.79
upd 3641/5859 step 7,456,768 ret 336.83 len 292.4 kl 0.0182  sps 1812 reach 0.79
upd 3642/5859 step 7,458,816 ret 334.59 len 292.4 kl 0.0156  sps 1812 reach 0.79
upd 3643/5859 step 7,460,864 ret 333.59 len 286.9 kl 0.0176  sps 1812 reach 0.79
upd 3644/5859 step 7,462,912 ret 379.69 len 288.6 kl 0.0163  sps 1812 reach 0.79
upd 3645/5859 step 7,464,960 ret 391.53 len 291.9 kl 0.0165  sps 1812 reach 0.79
upd 3646/5859 step 7,467,008 ret 363.27 len 291.9 kl 0.0176  sps 1812 reach 0.79
upd 3647/5859 step 7,469,056 ret 369.86 len 291.9 kl 0.0182  sps 1812 reach 0.79
upd 3648/5859 step 7,471,104 ret 399.16 len 291.9 kl 0.0218  sps 1812 reach 0.79
upd 3649/5859 step 7,473,152 ret 410.39 len 300.0 kl 0.0175  sps 1812 reach 0.79
upd 3650/5859 step 7,475,200 ret 393.87 len 293.5 kl 0.0209  sps 1812 reach 0.79
upd 3651/5859 step 7,477,248 ret 392.65 len 289.1 kl 0.0145  sps 1812 reach 0.79
upd 3652/5859 step 7,479,296 ret 400.75 len 289.1 kl 0.0140  sps 1812 reach 0.79
upd 3653/5859 step 7,481,344 ret 406.51 len 287.1 kl 0.0156  sps 1812 reach 0.79
upd 3654/5859 step 7,483,392 ret 426.65 len 284.7 kl 0.0141  sps 1812 reach 0.79
upd 3655/5859 step 7,485,440 ret 443.58 len 290.5 kl 0.0163  sps 1812 reach 0.79
upd 3656/5859 step 7,487,488 ret 432.69 len 284.6 kl 0.0152  sps 1812 reach 0.79
upd 3657/5859 step 7,489,536 ret 491.13 len 288.1 kl 0.0207  sps 1813 reach 0.79
upd 3658/5859 step 7,491,584 ret 462.31 len 279.1 kl 0.0148  sps 1813 reach 0.79
upd 3659/5859 step 7,493,632 ret 460.08 len 283.6 kl 0.0170  sps 1813 reach 0.79
upd 3660/5859 step 7,495,680 ret 380.18 len 283.6 kl 0.0144  sps 1813 reach 0.79
upd 3661/5859 step 7,497,728 ret 349.95 len 283.6 kl 0.0160  sps 1813 reach 0.79
upd 3662/5859 step 7,499,776 ret 360.64 len 291.0 kl 0.0155  sps 1813 reach 0.79
upd 3663/5859 step 7,501,824 ret 340.3 len 297.3 kl 0.0156  sps 1813 reach 0.79
upd 3664/5859 step 7,503,872 ret 386.24 len 294.3 kl 0.0162  sps 1813 reach 0.79
upd 3665/5859 step 7,505,920 ret 387.13 len 294.3 kl 0.0195  sps 1813 reach 0.79
upd 3666/5859 step 7,507,968 ret 425.16 len 294.3 kl 0.0201  sps 1813 reach 0.79
upd 3667/5859 step 7,510,016 ret 411.13 len 294.3 kl 0.0172  sps 1813 reach 0.79
upd 3668/5859 step 7,512,064 ret 367.47 len 294.3 kl 0.0185  sps 1813 reach 0.79
upd 3669/5859 step 7,514,112 ret 373.55 len 288.2 kl 0.0187  sps 1813 reach 0.79
upd 3670/5859 step 7,516,160 ret 323.55 len 281.8 kl 0.0176  sps 1813 reach 0.79
upd 3671/5859 step 7,518,208 ret 315.12 len 270.2 kl 0.0159  sps 1813 reach 0.79
upd 3672/5859 step 7,520,256 ret 324.3 len 268.0 kl 0.0160  sps 1813 reach 0.79
upd 3673/5859 step 7,522,304 ret 387.95 len 268.0 kl 0.0150  sps 1813 reach 0.79
upd 3674/5859 step 7,524,352 ret 373.31 len 267.8 kl 0.0172  sps 1813 reach 0.79
upd 3675/5859 step 7,526,400 ret 393.86 len 276.2 kl 0.0165  sps 1813 reach 0.80
upd 3676/5859 step 7,528,448 ret 404.36 len 286.1 kl 0.0160  sps 1813 reach 0.80
upd 3677/5859 step 7,530,496 ret 386.86 len 293.0 kl 0.0189  sps 1813 reach 0.80
upd 3678/5859 step 7,532,544 ret 373.36 len 286.9 kl 0.0140  sps 1813 reach 0.80
upd 3679/5859 step 7,534,592 ret 345.75 len 282.7 kl 0.0146  sps 1813 reach 0.80
upd 3680/5859 step 7,536,640 ret 344.08 len 287.5 kl 0.0153  sps 1813 reach 0.80
upd 3681/5859 step 7,538,688 ret 305.59 len 283.8 kl 0.0149  sps 1813 reach 0.80
upd 3682/5859 step 7,540,736 ret 344.96 len 279.1 kl 0.0175  sps 1813 reach 0.80
upd 3683/5859 step 7,542,784 ret 339.09 len 278.7 kl 0.0159  sps 1813 reach 0.80
upd 3684/5859 step 7,544,832 ret 335.33 len 284.3 kl 0.0164  sps 1813 reach 0.80
upd 3685/5859 step 7,546,880 ret 331.54 len 283.5 kl 0.0208  sps 1813 reach 0.80
upd 3686/5859 step 7,548,928 ret 368.36 len 280.7 kl 0.0189  sps 1813 reach 0.80
upd 3687/5859 step 7,550,976 ret 408.26 len 286.6 kl 0.0192  sps 1813 reach 0.80
upd 3688/5859 step 7,553,024 ret 370.55 len 280.5 kl 0.0112  sps 1813 reach 0.80
upd 3689/5859 step 7,555,072 ret 408.41 len 283.6 kl 0.0134  sps 1813 reach 0.80
upd 3690/5859 step 7,557,120 ret 415.56 len 281.2 kl 0.0152  sps 1813 reach 0.80
upd 3691/5859 step 7,559,168 ret 388.04 len 281.5 kl 0.0167  sps 1813 reach 0.80
upd 3692/5859 step 7,561,216 ret 339.1 len 285.4 kl 0.0189  sps 1813 reach 0.80
upd 3693/5859 step 7,563,264 ret 353.1 len 285.4 kl 0.0169  sps 1813 reach 0.80
upd 3694/5859 step 7,565,312 ret 367.31 len 284.9 kl 0.0152  sps 1813 reach 0.80
upd 3695/5859 step 7,567,360 ret 333.13 len 284.9 kl 0.0188  sps 1813 reach 0.80
upd 3696/5859 step 7,569,408 ret 360.16 len 281.8 kl 0.0185  sps 1813 reach 0.80
upd 3697/5859 step 7,571,456 ret 356.19 len 286.6 kl 0.0189  sps 1813 reach 0.80
upd 3698/5859 step 7,573,504 ret 326.18 len 286.6 kl 0.0189  sps 1813 reach 0.80
upd 3699/5859 step 7,575,552 ret 326.7 len 286.6 kl 0.0144  sps 1813 reach 0.80
upd 3700/5859 step 7,577,600 ret 330.32 len 293.3 kl 0.0148  sps 1813 reach 0.80
upd 3701/5859 step 7,579,648 ret 327.28 len 281.9 kl 0.0170  sps 1813 reach 0.80
upd 3702/5859 step 7,581,696 ret 316.82 len 284.3 kl 0.0156  sps 1813 reach 0.80
upd 3703/5859 step 7,583,744 ret 325.6 len 282.6 kl 0.0171  sps 1813 reach 0.80
upd 3704/5859 step 7,585,792 ret 341.28 len 282.6 kl 0.0213  sps 1813 reach 0.80
upd 3705/5859 step 7,587,840 ret 358.45 len 282.6 kl 0.0215  sps 1813 reach 0.80
upd 3706/5859 step 7,589,888 ret 353.44 len 287.8 kl 0.0127  sps 1813 reach 0.80
upd 3707/5859 step 7,591,936 ret 388.42 len 297.1 kl 0.0150  sps 1813 reach 0.80
upd 3708/5859 step 7,593,984 ret 365.73 len 295.8 kl 0.0150  sps 1814 reach 0.80
upd 3709/5859 step 7,596,032 ret 413.81 len 295.8 kl 0.0146  sps 1814 reach 0.80
upd 3710/5859 step 7,598,080 ret 372.93 len 289.9 kl 0.0156  sps 1814 reach 0.81
upd 3711/5859 step 7,600,128 ret 361.3 len 283.9 kl 0.0202  sps 1814 reach 0.81
upd 3712/5859 step 7,602,176 ret 329.36 len 283.7 kl 0.0230  sps 1814 reach 0.81
upd 3713/5859 step 7,604,224 ret 357.37 len 274.6 kl 0.0122  sps 1814 reach 0.81
upd 3714/5859 step 7,606,272 ret 339.9 len 272.4 kl 0.0175  sps 1814 reach 0.81
upd 3715/5859 step 7,608,320 ret 352.29 len 278.4 kl 0.0145  sps 1814 reach 0.81
upd 3716/5859 step 7,610,368 ret 389.9 len 278.4 kl 0.0147  sps 1814 reach 0.81
upd 3717/5859 step 7,612,416 ret 352.3 len 284.5 kl 0.0201  sps 1814 reach 0.81
upd 3718/5859 step 7,614,464 ret 340.03 len 284.5 kl 0.0182  sps 1814 reach 0.81
upd 3719/5859 step 7,616,512 ret 301.45 len 288.2 kl 0.0177  sps 1814 reach 0.81
upd 3720/5859 step 7,618,560 ret 304.18 len 269.1 kl 0.0190  sps 1814 reach 0.81
upd 3721/5859 step 7,620,608 ret 288.12 len 265.2 kl 0.0186  sps 1814 reach 0.81
upd 3722/5859 step 7,622,656 ret 321.25 len 265.2 kl 0.0138  sps 1814 reach 0.81
upd 3723/5859 step 7,624,704 ret 356.77 len 265.2 kl 0.0198  sps 1814 reach 0.81
upd 3724/5859 step 7,626,752 ret 405.78 len 265.2 kl 0.0179  sps 1814 reach 0.81
upd 3725/5859 step 7,628,800 ret 414.99 len 287.4 kl 0.0142  sps 1814 reach 0.81
upd 3726/5859 step 7,630,848 ret 379.17 len 290.4 kl 0.0139  sps 1814 reach 0.81
upd 3727/5859 step 7,632,896 ret 382.48 len 286.0 kl 0.0176  sps 1814 reach 0.81
upd 3728/5859 step 7,634,944 ret 389.94 len 286.0 kl 0.0170  sps 1814 reach 0.81
upd 3729/5859 step 7,636,992 ret 387.56 len 282.4 kl 0.0177  sps 1814 reach 0.81
upd 3730/5859 step 7,639,040 ret 362.37 len 278.2 kl 0.0200  sps 1814 reach 0.81
upd 3731/5859 step 7,641,088 ret 363.96 len 283.9 kl 0.0174  sps 1814 reach 0.81
upd 3732/5859 step 7,643,136 ret 380.8 len 286.8 kl 0.0129  sps 1814 reach 0.81
upd 3733/5859 step 7,645,184 ret 365.23 len 281.3 kl 0.0173  sps 1814 reach 0.81
upd 3734/5859 step 7,647,232 ret 374.56 len 284.9 kl 0.0163  sps 1814 reach 0.81
upd 3735/5859 step 7,649,280 ret 364.42 len 284.9 kl 0.0181  sps 1814 reach 0.81
upd 3736/5859 step 7,651,328 ret 357.05 len 289.0 kl 0.0197  sps 1814 reach 0.81
upd 3737/5859 step 7,653,376 ret 355.97 len 289.0 kl 0.0183  sps 1814 reach 0.81
upd 3738/5859 step 7,655,424 ret 378.98 len 300.0 kl 0.0163  sps 1814 reach 0.81
upd 3739/5859 step 7,657,472 ret 420.13 len 300.0 kl 0.0155  sps 1814 reach 0.81
upd 3740/5859 step 7,659,520 ret 408.24 len 298.5 kl 0.0221  sps 1814 reach 0.81
upd 3741/5859 step 7,661,568 ret 412.15 len 298.5 kl 0.0143  sps 1814 reach 0.81
upd 3742/5859 step 7,663,616 ret 414.68 len 298.5 kl 0.0176  sps 1814 reach 0.81
upd 3743/5859 step 7,665,664 ret 352.0 len 296.2 kl 0.0203  sps 1814 reach 0.81
upd 3744/5859 step 7,667,712 ret 337.59 len 296.2 kl 0.0205  sps 1814 reach 0.81
upd 3745/5859 step 7,669,760 ret 329.64 len 297.7 kl 0.0177  sps 1814 reach 0.81
upd 3746/5859 step 7,671,808 ret 349.17 len 294.9 kl 0.0163  sps 1814 reach 0.82
upd 3747/5859 step 7,673,856 ret 318.37 len 289.3 kl 0.0173  sps 1814 reach 0.82
upd 3748/5859 step 7,675,904 ret 294.76 len 291.6 kl 0.0160  sps 1814 reach 0.82
upd 3749/5859 step 7,677,952 ret 345.92 len 288.6 kl 0.0178  sps 1814 reach 0.82
upd 3750/5859 step 7,680,000 ret 326.2 len 288.6 kl 0.0222  sps 1814 reach 0.82
upd 3751/5859 step 7,682,048 ret 303.25 len 291.4 kl 0.0247  sps 1814 reach 0.82
upd 3752/5859 step 7,684,096 ret 311.52 len 292.1 kl 0.0161  sps 1814 reach 0.82
upd 3753/5859 step 7,686,144 ret 325.67 len 285.4 kl 0.0141  sps 1814 reach 0.82
upd 3754/5859 step 7,688,192 ret 316.42 len 282.4 kl 0.0229  sps 1814 reach 0.82
upd 3755/5859 step 7,690,240 ret 319.94 len 281.1 kl 0.0150  sps 1814 reach 0.82
upd 3756/5859 step 7,692,288 ret 335.21 len 281.1 kl 0.0123  sps 1814 reach 0.82
upd 3757/5859 step 7,694,336 ret 354.72 len 277.9 kl 0.0155  sps 1815 reach 0.82
upd 3758/5859 step 7,696,384 ret 348.23 len 277.9 kl 0.0146  sps 1815 reach 0.82
upd 3759/5859 step 7,698,432 ret 317.96 len 284.6 kl 0.0184  sps 1815 reach 0.82
upd 3760/5859 step 7,700,480 ret 312.62 len 289.9 kl 0.0191  sps 1815 reach 0.82
upd 3761/5859 step 7,702,528 ret 337.3 len 287.8 kl 0.0188  sps 1815 reach 0.82
upd 3762/5859 step 7,704,576 ret 322.31 len 295.9 kl 0.0142  sps 1815 reach 0.82
upd 3763/5859 step 7,706,624 ret 338.14 len 293.4 kl 0.0148  sps 1815 reach 0.82
upd 3764/5859 step 7,708,672 ret 349.99 len 291.6 kl 0.0111  sps 1815 reach 0.82
upd 3765/5859 step 7,710,720 ret 371.03 len 270.4 kl 0.0141  sps 1815 reach 0.82
upd 3766/5859 step 7,712,768 ret 368.76 len 270.4 kl 0.0163  sps 1815 reach 0.82
upd 3767/5859 step 7,714,816 ret 350.63 len 269.6 kl 0.0175  sps 1815 reach 0.82
upd 3768/5859 step 7,716,864 ret 340.48 len 270.6 kl 0.0164  sps 1815 reach 0.82
upd 3769/5859 step 7,718,912 ret 335.85 len 268.0 kl 0.0155  sps 1815 reach 0.82
upd 3770/5859 step 7,720,960 ret 335.01 len 280.0 kl 0.0159  sps 1815 reach 0.82
upd 3771/5859 step 7,723,008 ret 374.85 len 288.9 kl 0.0175  sps 1815 reach 0.82
upd 3772/5859 step 7,725,056 ret 366.1 len 283.2 kl 0.0172  sps 1815 reach 0.82
upd 3773/5859 step 7,727,104 ret 364.87 len 288.1 kl 0.0162  sps 1815 reach 0.82
upd 3774/5859 step 7,729,152 ret 364.04 len 288.1 kl 0.0151  sps 1815 reach 0.82
upd 3775/5859 step 7,731,200 ret 327.56 len 292.2 kl 0.0145  sps 1815 reach 0.82
upd 3776/5859 step 7,733,248 ret 303.31 len 290.2 kl 0.0117  sps 1815 reach 0.82
upd 3777/5859 step 7,735,296 ret 288.74 len 288.5 kl 0.0174  sps 1815 reach 0.82
upd 3778/5859 step 7,737,344 ret 272.29 len 294.2 kl 0.0179  sps 1815 reach 0.82
upd 3779/5859 step 7,739,392 ret 293.75 len 289.7 kl 0.0165  sps 1815 reach 0.82
upd 3780/5859 step 7,741,440 ret 354.65 len 289.7 kl 0.0145  sps 1815 reach 0.82
upd 3781/5859 step 7,743,488 ret 333.96 len 293.8 kl 0.0152  sps 1815 reach 0.83
upd 3782/5859 step 7,745,536 ret 340.85 len 294.5 kl 0.0140  sps 1815 reach 0.83
upd 3783/5859 step 7,747,584 ret 375.15 len 294.5 kl 0.0144  sps 1815 reach 0.83
upd 3784/5859 step 7,749,632 ret 387.2 len 294.5 kl 0.0153  sps 1815 reach 0.83
upd 3785/5859 step 7,751,680 ret 354.56 len 299.0 kl 0.0135  sps 1815 reach 0.83
upd 3786/5859 step 7,753,728 ret 342.42 len 294.5 kl 0.0208  sps 1815 reach 0.83
upd 3787/5859 step 7,755,776 ret 356.72 len 289.3 kl 0.0166  sps 1815 reach 0.83
upd 3788/5859 step 7,757,824 ret 372.21 len 286.6 kl 0.0140  sps 1815 reach 0.83
upd 3789/5859 step 7,759,872 ret 345.71 len 283.1 kl 0.0152  sps 1815 reach 0.83
upd 3790/5859 step 7,761,920 ret 347.91 len 283.1 kl 0.0179  sps 1815 reach 0.83
upd 3791/5859 step 7,763,968 ret 346.41 len 275.4 kl 0.0157  sps 1815 reach 0.83
upd 3792/5859 step 7,766,016 ret 362.58 len 285.1 kl 0.0165  sps 1815 reach 0.83
upd 3793/5859 step 7,768,064 ret 299.54 len 285.1 kl 0.0213  sps 1815 reach 0.83
upd 3794/5859 step 7,770,112 ret 310.76 len 292.4 kl 0.0154  sps 1815 reach 0.83
upd 3795/5859 step 7,772,160 ret 340.9 len 292.1 kl 0.0147  sps 1815 reach 0.83
upd 3796/5859 step 7,774,208 ret 372.41 len 292.1 kl 0.0193  sps 1815 reach 0.83
upd 3797/5859 step 7,776,256 ret 412.54 len 299.8 kl 0.0121  sps 1815 reach 0.83
upd 3798/5859 step 7,778,304 ret 394.03 len 295.5 kl 0.0171  sps 1816 reach 0.83
upd 3799/5859 step 7,780,352 ret 418.62 len 294.4 kl 0.0136  sps 1816 reach 0.83
upd 3800/5859 step 7,782,400 ret 447.71 len 294.6 kl 0.0185  sps 1816 reach 0.83
upd 3801/5859 step 7,784,448 ret 418.21 len 294.6 kl 0.0142  sps 1816 reach 0.83
upd 3802/5859 step 7,786,496 ret 389.41 len 294.6 kl 0.0197  sps 1816 reach 0.83
upd 3803/5859 step 7,788,544 ret 341.54 len 290.0 kl 0.0136  sps 1816 reach 0.83
upd 3804/5859 step 7,790,592 ret 322.29 len 294.3 kl 0.0159  sps 1816 reach 0.83
upd 3805/5859 step 7,792,640 ret 295.32 len 294.3 kl 0.0175  sps 1816 reach 0.83
upd 3806/5859 step 7,794,688 ret 264.68 len 294.3 kl 0.0149  sps 1816 reach 0.83
upd 3807/5859 step 7,796,736 ret 280.11 len 294.3 kl 0.0191  sps 1817 reach 0.83
upd 3808/5859 step 7,798,784 ret 280.43 len 294.3 kl 0.0125  sps 1817 reach 0.83
upd 3809/5859 step 7,800,832 ret 278.28 len 298.9 kl 0.0158  sps 1817 reach 0.83
upd 3810/5859 step 7,802,880 ret 264.83 len 294.2 kl 0.0171  sps 1817 reach 0.83
upd 3811/5859 step 7,804,928 ret 262.35 len 290.9 kl 0.0162  sps 1817 reach 0.83
upd 3812/5859 step 7,806,976 ret 283.0 len 279.9 kl 0.0153  sps 1817 reach 0.83
upd 3813/5859 step 7,809,024 ret 294.59 len 279.5 kl 0.0185  sps 1817 reach 0.83
upd 3814/5859 step 7,811,072 ret 320.46 len 279.5 kl 0.0159  sps 1817 reach 0.83
upd 3815/5859 step 7,813,120 ret 345.35 len 275.1 kl 0.0182  sps 1818 reach 0.83
upd 3816/5859 step 7,815,168 ret 340.19 len 284.2 kl 0.0183  sps 1818 reach 0.84
upd 3817/5859 step 7,817,216 ret 337.02 len 288.6 kl 0.0149  sps 1818 reach 0.84
upd 3818/5859 step 7,819,264 ret 305.99 len 289.8 kl 0.0169  sps 1818 reach 0.84
upd 3819/5859 step 7,821,312 ret 324.5 len 290.1 kl 0.0193  sps 1818 reach 0.84
upd 3820/5859 step 7,823,360 ret 326.54 len 290.1 kl 0.0151  sps 1818 reach 0.84
upd 3821/5859 step 7,825,408 ret 317.9 len 290.1 kl 0.0168  sps 1818 reach 0.84
upd 3822/5859 step 7,827,456 ret 369.53 len 281.8 kl 0.0173  sps 1818 reach 0.84
upd 3823/5859 step 7,829,504 ret 394.41 len 273.8 kl 0.0142  sps 1818 reach 0.84
upd 3824/5859 step 7,831,552 ret 427.65 len 279.2 kl 0.0112  sps 1819 reach 0.84
upd 3825/5859 step 7,833,600 ret 392.99 len 279.2 kl 0.0172  sps 1819 reach 0.84
upd 3826/5859 step 7,835,648 ret 397.92 len 275.1 kl 0.0178  sps 1819 reach 0.84
upd 3827/5859 step 7,837,696 ret 377.82 len 279.5 kl 0.0165  sps 1819 reach 0.84
upd 3828/5859 step 7,839,744 ret 368.51 len 286.9 kl 0.0168  sps 1819 reach 0.84
upd 3829/5859 step 7,841,792 ret 360.07 len 294.9 kl 0.0205  sps 1819 reach 0.84
upd 3830/5859 step 7,843,840 ret 360.52 len 294.9 kl 0.0160  sps 1819 reach 0.84
upd 3831/5859 step 7,845,888 ret 374.5 len 290.3 kl 0.0171  sps 1819 reach 0.84
upd 3832/5859 step 7,847,936 ret 390.84 len 294.4 kl 0.0173  sps 1819 reach 0.84
upd 3833/5859 step 7,849,984 ret 409.78 len 285.9 kl 0.0163  sps 1819 reach 0.84
upd 3834/5859 step 7,852,032 ret 363.99 len 285.9 kl 0.0163  sps 1819 reach 0.84
upd 3835/5859 step 7,854,080 ret 370.31 len 281.9 kl 0.0154  sps 1819 reach 0.84
upd 3836/5859 step 7,856,128 ret 389.97 len 278.9 kl 0.0160  sps 1820 reach 0.84
upd 3837/5859 step 7,858,176 ret 381.79 len 280.6 kl 0.0182  sps 1820 reach 0.84
upd 3838/5859 step 7,860,224 ret 364.31 len 279.2 kl 0.0178  sps 1820 reach 0.84
upd 3839/5859 step 7,862,272 ret 340.77 len 278.7 kl 0.0174  sps 1820 reach 0.84
upd 3840/5859 step 7,864,320 ret 336.71 len 279.5 kl 0.0138  sps 1820 reach 0.84
upd 3841/5859 step 7,866,368 ret 356.76 len 280.6 kl 0.0186  sps 1820 reach 0.84
upd 3842/5859 step 7,868,416 ret 349.15 len 284.7 kl 0.0182  sps 1820 reach 0.84
upd 3843/5859 step 7,870,464 ret 346.58 len 290.2 kl 0.0160  sps 1820 reach 0.84
upd 3844/5859 step 7,872,512 ret 372.39 len 289.5 kl 0.0211  sps 1820 reach 0.84
upd 3845/5859 step 7,874,560 ret 369.85 len 295.4 kl 0.0173  sps 1820 reach 0.84
upd 3846/5859 step 7,876,608 ret 341.52 len 291.6 kl 0.0160  sps 1820 reach 0.84
upd 3847/5859 step 7,878,656 ret 329.74 len 294.1 kl 0.0121  sps 1820 reach 0.84
upd 3848/5859 step 7,880,704 ret 313.48 len 294.1 kl 0.0204  sps 1820 reach 0.84
upd 3849/5859 step 7,882,752 ret 309.66 len 294.1 kl 0.0146  sps 1820 reach 0.84
upd 3850/5859 step 7,884,800 ret 293.65 len 287.6 kl 0.0163  sps 1820 reach 0.84
upd 3851/5859 step 7,886,848 ret 296.05 len 284.4 kl 0.0149  sps 1821 reach 0.85
upd 3852/5859 step 7,888,896 ret 309.23 len 289.5 kl 0.0171  sps 1821 reach 0.85
upd 3853/5859 step 7,890,944 ret 310.4 len 285.3 kl 0.0159  sps 1821 reach 0.85
upd 3854/5859 step 7,892,992 ret 299.85 len 279.1 kl 0.0146  sps 1821 reach 0.85
upd 3855/5859 step 7,895,040 ret 327.84 len 286.2 kl 0.0164  sps 1821 reach 0.85
upd 3856/5859 step 7,897,088 ret 312.51 len 282.7 kl 0.0158  sps 1821 reach 0.85
upd 3857/5859 step 7,899,136 ret 313.5 len 286.0 kl 0.0119  sps 1821 reach 0.85
upd 3858/5859 step 7,901,184 ret 313.13 len 280.5 kl 0.0136  sps 1821 reach 0.85
upd 3859/5859 step 7,903,232 ret 316.61 len 280.7 kl 0.0133  sps 1821 reach 0.85
upd 3860/5859 step 7,905,280 ret 355.24 len 286.4 kl 0.0125  sps 1821 reach 0.85
upd 3861/5859 step 7,907,328 ret 353.5 len 285.4 kl 0.0145  sps 1821 reach 0.85
upd 3862/5859 step 7,909,376 ret 354.08 len 285.4 kl 0.0150  sps 1821 reach 0.85
upd 3863/5859 step 7,911,424 ret 384.56 len 283.5 kl 0.0149  sps 1822 reach 0.85
upd 3864/5859 step 7,913,472 ret 388.57 len 293.3 kl 0.0165  sps 1822 reach 0.85
upd 3865/5859 step 7,915,520 ret 381.93 len 293.3 kl 0.0123  sps 1822 reach 0.85
upd 3866/5859 step 7,917,568 ret 353.67 len 291.1 kl 0.0130  sps 1822 reach 0.85
upd 3867/5859 step 7,919,616 ret 362.25 len 287.9 kl 0.0135  sps 1822 reach 0.85
upd 3868/5859 step 7,921,664 ret 345.99 len 287.9 kl 0.0160  sps 1822 reach 0.85
upd 3869/5859 step 7,923,712 ret 357.12 len 289.8 kl 0.0162  sps 1822 reach 0.85
upd 3870/5859 step 7,925,760 ret 305.72 len 285.4 kl 0.0172  sps 1822 reach 0.85
upd 3871/5859 step 7,927,808 ret 311.5 len 287.2 kl 0.0128  sps 1822 reach 0.85
upd 3872/5859 step 7,929,856 ret 329.85 len 292.0 kl 0.0209  sps 1822 reach 0.85
upd 3873/5859 step 7,931,904 ret 300.52 len 292.0 kl 0.0142  sps 1822 reach 0.85
upd 3874/5859 step 7,933,952 ret 322.96 len 287.5 kl 0.0167  sps 1822 reach 0.85
upd 3875/5859 step 7,936,000 ret 341.84 len 287.5 kl 0.0185  sps 1822 reach 0.85
upd 3876/5859 step 7,938,048 ret 347.36 len 289.6 kl 0.0151  sps 1822 reach 0.85
upd 3877/5859 step 7,940,096 ret 331.23 len 291.9 kl 0.0132  sps 1822 reach 0.85
upd 3878/5859 step 7,942,144 ret 322.22 len 290.4 kl 0.0142  sps 1822 reach 0.85
upd 3879/5859 step 7,944,192 ret 321.89 len 292.4 kl 0.0205  sps 1822 reach 0.85
upd 3880/5859 step 7,946,240 ret 333.32 len 285.3 kl 0.0145  sps 1822 reach 0.85
upd 3881/5859 step 7,948,288 ret 348.84 len 287.6 kl 0.0144  sps 1822 reach 0.85
upd 3882/5859 step 7,950,336 ret 347.2 len 285.4 kl 0.0148  sps 1822 reach 0.85
upd 3883/5859 step 7,952,384 ret 385.02 len 285.4 kl 0.0144  sps 1823 reach 0.85
upd 3884/5859 step 7,954,432 ret 372.98 len 284.5 kl 0.0133  sps 1822 reach 0.85
upd 3885/5859 step 7,956,480 ret 376.96 len 283.9 kl 0.0136  sps 1823 reach 0.85
upd 3886/5859 step 7,958,528 ret 357.81 len 289.2 kl 0.0178  sps 1823 reach 0.86
upd 3887/5859 step 7,960,576 ret 354.39 len 289.2 kl 0.0134  sps 1823 reach 0.86
upd 3888/5859 step 7,962,624 ret 326.42 len 291.4 kl 0.0180  sps 1823 reach 0.86
upd 3889/5859 step 7,964,672 ret 337.06 len 292.3 kl 0.0157  sps 1823 reach 0.86
upd 3890/5859 step 7,966,720 ret 338.42 len 290.7 kl 0.0192  sps 1823 reach 0.86
upd 3891/5859 step 7,968,768 ret 355.9 len 291.4 kl 0.0178  sps 1823 reach 0.86
upd 3892/5859 step 7,970,816 ret 380.71 len 295.6 kl 0.0186  sps 1823 reach 0.86
upd 3893/5859 step 7,972,864 ret 329.18 len 295.6 kl 0.0169  sps 1823 reach 0.86
upd 3894/5859 step 7,974,912 ret 345.97 len 295.6 kl 0.0135  sps 1823 reach 0.86
upd 3895/5859 step 7,976,960 ret 307.93 len 295.2 kl 0.0148  sps 1823 reach 0.86
upd 3896/5859 step 7,979,008 ret 268.36 len 294.8 kl 0.0197  sps 1824 reach 0.86
upd 3897/5859 step 7,981,056 ret 251.08 len 294.8 kl 0.0143  sps 1824 reach 0.86
upd 3898/5859 step 7,983,104 ret 281.49 len 294.8 kl 0.0195  sps 1824 reach 0.86
upd 3899/5859 step 7,985,152 ret 282.69 len 289.7 kl 0.0141  sps 1824 reach 0.86
upd 3900/5859 step 7,987,200 ret 284.3 len 289.7 kl 0.0124  sps 1824 reach 0.86
upd 3901/5859 step 7,989,248 ret 255.11 len 294.9 kl 0.0196  sps 1824 reach 0.86
upd 3902/5859 step 7,991,296 ret 262.46 len 294.9 kl 0.0180  sps 1824 reach 0.86
upd 3903/5859 step 7,993,344 ret 265.5 len 294.9 kl 0.0170  sps 1825 reach 0.86
upd 3904/5859 step 7,995,392 ret 249.13 len 294.9 kl 0.0195  sps 1825 reach 0.86
upd 3905/5859 step 7,997,440 ret 267.12 len 295.5 kl 0.0147  sps 1825 reach 0.86
upd 3906/5859 step 7,999,488 ret 303.3 len 290.1 kl 0.0154  sps 1825 reach 0.86
upd 3907/5859 step 8,001,536 ret 296.14 len 287.1 kl 0.0162  sps 1825 reach 0.86
upd 3908/5859 step 8,003,584 ret 314.87 len 283.3 kl 0.0162  sps 1825 reach 0.86
upd 3909/5859 step 8,005,632 ret 302.44 len 283.3 kl 0.0179  sps 1825 reach 0.86
upd 3910/5859 step 8,007,680 ret 290.15 len 279.1 kl 0.0184  sps 1825 reach 0.86
upd 3911/5859 step 8,009,728 ret 258.47 len 281.1 kl 0.0181  sps 1825 reach 0.86
upd 3912/5859 step 8,011,776 ret 255.35 len 285.1 kl 0.0132  sps 1825 reach 0.86
upd 3913/5859 step 8,013,824 ret 277.16 len 288.9 kl 0.0181  sps 1825 reach 0.86
upd 3914/5859 step 8,015,872 ret 293.14 len 284.7 kl 0.0177  sps 1826 reach 0.86
upd 3915/5859 step 8,017,920 ret 273.29 len 288.9 kl 0.0143  sps 1826 reach 0.86
upd 3916/5859 step 8,019,968 ret 328.6 len 288.9 kl 0.0138  sps 1826 reach 0.86
upd 3917/5859 step 8,022,016 ret 338.16 len 288.0 kl 0.0169  sps 1826 reach 0.86
upd 3918/5859 step 8,024,064 ret 358.46 len 292.5 kl 0.0134  sps 1826 reach 0.86
upd 3919/5859 step 8,026,112 ret 345.8 len 292.5 kl 0.0138  sps 1826 reach 0.86
upd 3920/5859 step 8,028,160 ret 324.08 len 292.2 kl 0.0166  sps 1826 reach 0.86
upd 3921/5859 step 8,030,208 ret 348.37 len 290.3 kl 0.0177  sps 1826 reach 0.87
upd 3922/5859 step 8,032,256 ret 351.68 len 290.3 kl 0.0164  sps 1827 reach 0.87
upd 3923/5859 step 8,034,304 ret 314.91 len 285.8 kl 0.0157  sps 1827 reach 0.87
upd 3924/5859 step 8,036,352 ret 300.08 len 285.8 kl 0.0171  sps 1827 reach 0.87
upd 3925/5859 step 8,038,400 ret 304.16 len 286.8 kl 0.0152  sps 1827 reach 0.87
upd 3926/5859 step 8,040,448 ret 319.14 len 288.7 kl 0.0148  sps 1827 reach 0.87
upd 3927/5859 step 8,042,496 ret 282.97 len 285.0 kl 0.0147  sps 1827 reach 0.87
upd 3928/5859 step 8,044,544 ret 285.93 len 274.7 kl 0.0127  sps 1827 reach 0.87
upd 3929/5859 step 8,046,592 ret 307.48 len 273.4 kl 0.0158  sps 1827 reach 0.87
upd 3930/5859 step 8,048,640 ret 319.74 len 272.9 kl 0.0148  sps 1827 reach 0.87
upd 3931/5859 step 8,050,688 ret 317.64 len 271.1 kl 0.0145  sps 1827 reach 0.87
upd 3932/5859 step 8,052,736 ret 364.43 len 273.4 kl 0.0180  sps 1828 reach 0.87
upd 3933/5859 step 8,054,784 ret 380.04 len 274.7 kl 0.0138  sps 1828 reach 0.87
upd 3934/5859 step 8,056,832 ret 388.36 len 284.4 kl 0.0168  sps 1828 reach 0.87
upd 3935/5859 step 8,058,880 ret 376.34 len 288.4 kl 0.0148  sps 1828 reach 0.87
upd 3936/5859 step 8,060,928 ret 384.1 len 290.2 kl 0.0132  sps 1828 reach 0.87
upd 3937/5859 step 8,062,976 ret 380.88 len 291.6 kl 0.0183  sps 1828 reach 0.87
upd 3938/5859 step 8,065,024 ret 326.84 len 289.7 kl 0.0132  sps 1828 reach 0.87
upd 3939/5859 step 8,067,072 ret 319.66 len 292.4 kl 0.0186  sps 1828 reach 0.87
upd 3940/5859 step 8,069,120 ret 302.43 len 287.2 kl 0.0119  sps 1828 reach 0.87
upd 3941/5859 step 8,071,168 ret 300.1 len 281.6 kl 0.0147  sps 1828 reach 0.87
upd 3942/5859 step 8,073,216 ret 312.49 len 281.6 kl 0.0188  sps 1828 reach 0.87
upd 3943/5859 step 8,075,264 ret 332.74 len 281.6 kl 0.0156  sps 1829 reach 0.87
upd 3944/5859 step 8,077,312 ret 331.26 len 280.1 kl 0.0123  sps 1829 reach 0.87
upd 3945/5859 step 8,079,360 ret 339.59 len 276.2 kl 0.0126  sps 1829 reach 0.87
upd 3946/5859 step 8,081,408 ret 320.26 len 274.5 kl 0.0152  sps 1829 reach 0.87
upd 3947/5859 step 8,083,456 ret 307.72 len 280.1 kl 0.0152  sps 1829 reach 0.87
upd 3948/5859 step 8,085,504 ret 282.22 len 278.1 kl 0.0158  sps 1829 reach 0.87
upd 3949/5859 step 8,087,552 ret 277.25 len 277.4 kl 0.0169  sps 1829 reach 0.87
upd 3950/5859 step 8,089,600 ret 282.88 len 273.3 kl 0.0117  sps 1829 reach 0.87
upd 3951/5859 step 8,091,648 ret 345.62 len 277.5 kl 0.0156  sps 1829 reach 0.87
upd 3952/5859 step 8,093,696 ret 360.17 len 277.1 kl 0.0142  sps 1829 reach 0.87
upd 3953/5859 step 8,095,744 ret 340.22 len 279.1 kl 0.0106  sps 1829 reach 0.87
upd 3954/5859 step 8,097,792 ret 358.62 len 279.5 kl 0.0147  sps 1829 reach 0.87
upd 3955/5859 step 8,099,840 ret 369.04 len 290.3 kl 0.0176  sps 1829 reach 0.87
upd 3956/5859 step 8,101,888 ret 325.07 len 284.1 kl 0.0147  sps 1829 reach 0.87
upd 3957/5859 step 8,103,936 ret 307.58 len 284.1 kl 0.0173  sps 1829 reach 0.88
upd 3958/5859 step 8,105,984 ret 332.21 len 287.6 kl 0.0149  sps 1829 reach 0.88
upd 3959/5859 step 8,108,032 ret 308.49 len 285.6 kl 0.0198  sps 1829 reach 0.88
upd 3960/5859 step 8,110,080 ret 312.69 len 286.4 kl 0.0129  sps 1829 reach 0.88
upd 3961/5859 step 8,112,128 ret 325.24 len 283.2 kl 0.0144  sps 1829 reach 0.88
upd 3962/5859 step 8,114,176 ret 320.73 len 285.2 kl 0.0131  sps 1829 reach 0.88
upd 3963/5859 step 8,116,224 ret 323.86 len 282.7 kl 0.0127  sps 1829 reach 0.88
upd 3964/5859 step 8,118,272 ret 343.61 len 279.6 kl 0.0161  sps 1829 reach 0.88
upd 3965/5859 step 8,120,320 ret 319.07 len 276.4 kl 0.0172  sps 1829 reach 0.88
upd 3966/5859 step 8,122,368 ret 336.0 len 272.1 kl 0.0150  sps 1829 reach 0.88
upd 3967/5859 step 8,124,416 ret 356.02 len 278.2 kl 0.0166  sps 1829 reach 0.88
upd 3968/5859 step 8,126,464 ret 344.61 len 283.1 kl 0.0152  sps 1829 reach 0.88
upd 3969/5859 step 8,128,512 ret 319.56 len 286.2 kl 0.0127  sps 1829 reach 0.88
upd 3970/5859 step 8,130,560 ret 303.72 len 291.3 kl 0.0172  sps 1829 reach 0.88
upd 3971/5859 step 8,132,608 ret 353.0 len 293.4 kl 0.0160  sps 1830 reach 0.88
upd 3972/5859 step 8,134,656 ret 351.7 len 293.6 kl 0.0167  sps 1830 reach 0.88
upd 3973/5859 step 8,136,704 ret 342.47 len 290.1 kl 0.0149  sps 1830 reach 0.88
upd 3974/5859 step 8,138,752 ret 338.17 len 289.1 kl 0.0157  sps 1830 reach 0.88
upd 3975/5859 step 8,140,800 ret 347.23 len 289.1 kl 0.0152  sps 1830 reach 0.88
upd 3976/5859 step 8,142,848 ret 342.7 len 286.7 kl 0.0186  sps 1830 reach 0.88
upd 3977/5859 step 8,144,896 ret 349.85 len 292.0 kl 0.0154  sps 1830 reach 0.88
upd 3978/5859 step 8,146,944 ret 313.4 len 293.0 kl 0.0141  sps 1830 reach 0.88
upd 3979/5859 step 8,148,992 ret 304.82 len 296.6 kl 0.0129  sps 1830 reach 0.88
upd 3980/5859 step 8,151,040 ret 327.23 len 297.6 kl 0.0158  sps 1830 reach 0.88
upd 3981/5859 step 8,153,088 ret 323.83 len 289.6 kl 0.0174  sps 1830 reach 0.88
upd 3982/5859 step 8,155,136 ret 354.91 len 291.9 kl 0.0143  sps 1830 reach 0.88
upd 3983/5859 step 8,157,184 ret 397.41 len 291.9 kl 0.0180  sps 1830 reach 0.88
upd 3984/5859 step 8,159,232 ret 422.28 len 285.9 kl 0.0175  sps 1830 reach 0.88
upd 3985/5859 step 8,161,280 ret 424.85 len 283.1 kl 0.0144  sps 1830 reach 0.88
upd 3986/5859 step 8,163,328 ret 392.31 len 288.4 kl 0.0184  sps 1830 reach 0.88
upd 3987/5859 step 8,165,376 ret 367.88 len 291.1 kl 0.0162  sps 1830 reach 0.88
upd 3988/5859 step 8,167,424 ret 353.94 len 291.1 kl 0.0133  sps 1830 reach 0.88
upd 3989/5859 step 8,169,472 ret 320.64 len 291.1 kl 0.0153  sps 1830 reach 0.88
upd 3990/5859 step 8,171,520 ret 352.55 len 297.2 kl 0.0138  sps 1830 reach 0.88
upd 3991/5859 step 8,173,568 ret 356.06 len 300.0 kl 0.0156  sps 1830 reach 0.88
upd 3992/5859 step 8,175,616 ret 393.46 len 300.0 kl 0.0144  sps 1830 reach 0.89
upd 3993/5859 step 8,177,664 ret 405.98 len 300.0 kl 0.0145  sps 1830 reach 0.89
upd 3994/5859 step 8,179,712 ret 390.65 len 300.0 kl 0.0165  sps 1830 reach 0.89
upd 3995/5859 step 8,181,760 ret 372.52 len 300.0 kl 0.0161  sps 1830 reach 0.89
upd 3996/5859 step 8,183,808 ret 336.34 len 296.6 kl 0.0119  sps 1830 reach 0.89
upd 3997/5859 step 8,185,856 ret 319.35 len 296.6 kl 0.0200  sps 1830 reach 0.89
upd 3998/5859 step 8,187,904 ret 260.9 len 296.6 kl 0.0191  sps 1830 reach 0.89
upd 3999/5859 step 8,189,952 ret 276.37 len 296.1 kl 0.0148  sps 1831 reach 0.89
upd 4000/5859 step 8,192,000 ret 307.0 len 293.4 kl 0.0138  sps 1831 reach 0.89
upd 4001/5859 step 8,194,048 ret 321.63 len 288.6 kl 0.0166  sps 1831 reach 0.89
upd 4002/5859 step 8,196,096 ret 328.16 len 290.7 kl 0.0180  sps 1831 reach 0.89
upd 4003/5859 step 8,198,144 ret 325.56 len 290.7 kl 0.0170  sps 1831 reach 0.89
upd 4004/5859 step 8,200,192 ret 351.98 len 290.7 kl 0.0181  sps 1831 reach 0.89
upd 4005/5859 step 8,202,240 ret 321.52 len 291.2 kl 0.0099  sps 1831 reach 0.89
upd 4006/5859 step 8,204,288 ret 286.43 len 290.6 kl 0.0160  sps 1831 reach 0.89
upd 4007/5859 step 8,206,336 ret 274.08 len 291.9 kl 0.0162  sps 1831 reach 0.89
upd 4008/5859 step 8,208,384 ret 276.59 len 292.1 kl 0.0153  sps 1831 reach 0.89
upd 4009/5859 step 8,210,432 ret 300.76 len 292.1 kl 0.0136  sps 1831 reach 0.89
upd 4010/5859 step 8,212,480 ret 288.1 len 292.1 kl 0.0153  sps 1831 reach 0.89
upd 4011/5859 step 8,214,528 ret 290.48 len 288.0 kl 0.0150  sps 1831 reach 0.89
upd 4012/5859 step 8,216,576 ret 341.68 len 291.3 kl 0.0174  sps 1831 reach 0.89
upd 4013/5859 step 8,218,624 ret 374.23 len 291.8 kl 0.0158  sps 1831 reach 0.89
upd 4014/5859 step 8,220,672 ret 416.66 len 292.9 kl 0.0120  sps 1831 reach 0.89
upd 4015/5859 step 8,222,720 ret 396.29 len 292.9 kl 0.0168  sps 1831 reach 0.89
upd 4016/5859 step 8,224,768 ret 425.92 len 292.5 kl 0.0147  sps 1831 reach 0.89
upd 4017/5859 step 8,226,816 ret 408.37 len 296.6 kl 0.0153  sps 1831 reach 0.89
upd 4018/5859 step 8,228,864 ret 395.98 len 296.6 kl 0.0149  sps 1831 reach 0.89
upd 4019/5859 step 8,230,912 ret 364.42 len 294.7 kl 0.0134  sps 1831 reach 0.89
upd 4020/5859 step 8,232,960 ret 352.93 len 294.7 kl 0.0158  sps 1831 reach 0.89
upd 4021/5859 step 8,235,008 ret 343.57 len 295.1 kl 0.0161  sps 1831 reach 0.89
upd 4022/5859 step 8,237,056 ret 332.72 len 284.6 kl 0.0170  sps 1831 reach 0.89
upd 4023/5859 step 8,239,104 ret 326.01 len 284.6 kl 0.0146  sps 1831 reach 0.89
upd 4024/5859 step 8,241,152 ret 293.16 len 284.6 kl 0.0167  sps 1831 reach 0.89
upd 4025/5859 step 8,243,200 ret 301.11 len 278.9 kl 0.0172  sps 1831 reach 0.89
upd 4026/5859 step 8,245,248 ret 291.52 len 278.9 kl 0.0154  sps 1831 reach 0.89
upd 4027/5859 step 8,247,296 ret 283.53 len 289.6 kl 0.0136  sps 1831 reach 0.90
upd 4028/5859 step 8,249,344 ret 302.46 len 285.3 kl 0.0133  sps 1831 reach 0.90
upd 4029/5859 step 8,251,392 ret 309.79 len 270.1 kl 0.0133  sps 1831 reach 0.90
upd 4030/5859 step 8,253,440 ret 294.27 len 271.3 kl 0.0139  sps 1831 reach 0.90
upd 4031/5859 step 8,255,488 ret 304.13 len 275.5 kl 0.0161  sps 1831 reach 0.90
upd 4032/5859 step 8,257,536 ret 307.49 len 270.2 kl 0.0114  sps 1831 reach 0.90
upd 4033/5859 step 8,259,584 ret 266.56 len 268.8 kl 0.0135  sps 1831 reach 0.90
upd 4034/5859 step 8,261,632 ret 231.2 len 277.7 kl 0.0139  sps 1831 reach 0.90
upd 4035/5859 step 8,263,680 ret 242.82 len 289.0 kl 0.0125  sps 1831 reach 0.90
upd 4036/5859 step 8,265,728 ret 237.91 len 285.7 kl 0.0183  sps 1831 reach 0.90
upd 4037/5859 step 8,267,776 ret 246.03 len 286.9 kl 0.0158  sps 1831 reach 0.90
upd 4038/5859 step 8,269,824 ret 290.32 len 287.6 kl 0.0121  sps 1831 reach 0.90
upd 4039/5859 step 8,271,872 ret 306.38 len 287.6 kl 0.0149  sps 1831 reach 0.90
upd 4040/5859 step 8,273,920 ret 336.97 len 287.6 kl 0.0149  sps 1830 reach 0.90
upd 4041/5859 step 8,275,968 ret 327.03 len 279.0 kl 0.0141  sps 1830 reach 0.90
upd 4042/5859 step 8,278,016 ret 362.16 len 282.8 kl 0.0121  sps 1830 reach 0.90
upd 4043/5859 step 8,280,064 ret 345.14 len 288.2 kl 0.0178  sps 1830 reach 0.90
upd 4044/5859 step 8,282,112 ret 331.69 len 282.1 kl 0.0121  sps 1830 reach 0.90
upd 4045/5859 step 8,284,160 ret 283.97 len 271.9 kl 0.0182  sps 1830 reach 0.90
upd 4046/5859 step 8,286,208 ret 268.46 len 278.1 kl 0.0144  sps 1831 reach 0.90
upd 4047/5859 step 8,288,256 ret 295.14 len 283.7 kl 0.0132  sps 1831 reach 0.90
upd 4048/5859 step 8,290,304 ret 266.98 len 283.7 kl 0.0136  sps 1830 reach 0.90
upd 4049/5859 step 8,292,352 ret 282.95 len 286.4 kl 0.0154  sps 1830 reach 0.90
upd 4050/5859 step 8,294,400 ret 311.48 len 289.8 kl 0.0120  sps 1831 reach 0.90
upd 4051/5859 step 8,296,448 ret 338.61 len 298.8 kl 0.0152  sps 1830 reach 0.90
upd 4052/5859 step 8,298,496 ret 383.1 len 294.9 kl 0.0109  sps 1830 reach 0.90
upd 4053/5859 step 8,300,544 ret 351.77 len 294.9 kl 0.0123  sps 1830 reach 0.90
upd 4054/5859 step 8,302,592 ret 378.96 len 294.9 kl 0.0177  sps 1830 reach 0.90
upd 4055/5859 step 8,304,640 ret 385.4 len 294.9 kl 0.0165  sps 1830 reach 0.90
upd 4056/5859 step 8,306,688 ret 396.88 len 291.6 kl 0.0175  sps 1830 reach 0.90
upd 4057/5859 step 8,308,736 ret 349.09 len 292.8 kl 0.0152  sps 1830 reach 0.90
upd 4058/5859 step 8,310,784 ret 350.0 len 294.8 kl 0.0120  sps 1830 reach 0.90
upd 4059/5859 step 8,312,832 ret 384.13 len 294.8 kl 0.0135  sps 1830 reach 0.90
upd 4060/5859 step 8,314,880 ret 340.22 len 294.8 kl 0.0169  sps 1830 reach 0.90
upd 4061/5859 step 8,316,928 ret 309.97 len 292.6 kl 0.0129  sps 1831 reach 0.90
upd 4062/5859 step 8,318,976 ret 318.87 len 283.9 kl 0.0203  sps 1831 reach 0.91
upd 4063/5859 step 8,321,024 ret 315.26 len 285.8 kl 0.0152  sps 1831 reach 0.91
upd 4064/5859 step 8,323,072 ret 334.93 len 285.8 kl 0.0155  sps 1831 reach 0.91
upd 4065/5859 step 8,325,120 ret 325.76 len 281.3 kl 0.0152  sps 1830 reach 0.91
upd 4066/5859 step 8,327,168 ret 360.53 len 282.2 kl 0.0117  sps 1830 reach 0.91
upd 4067/5859 step 8,329,216 ret 362.0 len 283.5 kl 0.0135  sps 1830 reach 0.91
upd 4068/5859 step 8,331,264 ret 384.22 len 279.7 kl 0.0164  sps 1830 reach 0.91
upd 4069/5859 step 8,333,312 ret 347.89 len 275.0 kl 0.0130  sps 1830 reach 0.91
upd 4070/5859 step 8,335,360 ret 371.53 len 272.3 kl 0.0126  sps 1830 reach 0.91
upd 4071/5859 step 8,337,408 ret 349.65 len 277.4 kl 0.0144  sps 1830 reach 0.91
upd 4072/5859 step 8,339,456 ret 359.85 len 271.3 kl 0.0138  sps 1830 reach 0.91
upd 4073/5859 step 8,341,504 ret 352.36 len 280.1 kl 0.0197  sps 1830 reach 0.91
upd 4074/5859 step 8,343,552 ret 323.15 len 280.1 kl 0.0150  sps 1830 reach 0.91
upd 4075/5859 step 8,345,600 ret 329.03 len 285.6 kl 0.0108  sps 1830 reach 0.91
upd 4076/5859 step 8,347,648 ret 305.5 len 282.4 kl 0.0149  sps 1830 reach 0.91
upd 4077/5859 step 8,349,696 ret 292.73 len 289.6 kl 0.0197  sps 1830 reach 0.91
upd 4078/5859 step 8,351,744 ret 273.32 len 294.9 kl 0.0153  sps 1830 reach 0.91
upd 4079/5859 step 8,353,792 ret 287.97 len 285.9 kl 0.0132  sps 1830 reach 0.91
upd 4080/5859 step 8,355,840 ret 290.29 len 287.7 kl 0.0128  sps 1830 reach 0.91
upd 4081/5859 step 8,357,888 ret 267.68 len 287.7 kl 0.0168  sps 1830 reach 0.91
upd 4082/5859 step 8,359,936 ret 289.81 len 290.9 kl 0.0118  sps 1830 reach 0.91
upd 4083/5859 step 8,361,984 ret 306.48 len 290.9 kl 0.0154  sps 1830 reach 0.91
upd 4084/5859 step 8,364,032 ret 312.87 len 288.2 kl 0.0170  sps 1830 reach 0.91
upd 4085/5859 step 8,366,080 ret 321.58 len 293.8 kl 0.0131  sps 1830 reach 0.91
upd 4086/5859 step 8,368,128 ret 321.83 len 293.8 kl 0.0149  sps 1830 reach 0.91
upd 4087/5859 step 8,370,176 ret 329.45 len 293.4 kl 0.0132  sps 1830 reach 0.91
upd 4088/5859 step 8,372,224 ret 373.59 len 293.2 kl 0.0127  sps 1830 reach 0.91
upd 4089/5859 step 8,374,272 ret 360.4 len 293.2 kl 0.0116  sps 1830 reach 0.91
upd 4090/5859 step 8,376,320 ret 360.18 len 299.4 kl 0.0149  sps 1830 reach 0.91
upd 4091/5859 step 8,378,368 ret 358.46 len 294.4 kl 0.0140  sps 1830 reach 0.91
upd 4092/5859 step 8,380,416 ret 342.32 len 294.8 kl 0.0163  sps 1830 reach 0.91
upd 4093/5859 step 8,382,464 ret 300.69 len 290.1 kl 0.0127  sps 1830 reach 0.91
upd 4094/5859 step 8,384,512 ret 271.71 len 284.8 kl 0.0153  sps 1830 reach 0.91
upd 4095/5859 step 8,386,560 ret 293.11 len 276.6 kl 0.0175  sps 1830 reach 0.91
upd 4096/5859 step 8,388,608 ret 288.7 len 274.5 kl 0.0136  sps 1830 reach 0.91
upd 4097/5859 step 8,390,656 ret 315.96 len 274.2 kl 0.0197  sps 1830 reach 0.92
upd 4098/5859 step 8,392,704 ret 293.9 len 268.9 kl 0.0142  sps 1830 reach 0.92
upd 4099/5859 step 8,394,752 ret 343.06 len 270.9 kl 0.0135  sps 1830 reach 0.92
upd 4100/5859 step 8,396,800 ret 340.33 len 270.9 kl 0.0148  sps 1830 reach 0.92
upd 4101/5859 step 8,398,848 ret 372.67 len 284.3 kl 0.0143  sps 1830 reach 0.92
upd 4102/5859 step 8,400,896 ret 347.4 len 285.2 kl 0.0152  sps 1830 reach 0.92
upd 4103/5859 step 8,402,944 ret 363.75 len 286.4 kl 0.0114  sps 1831 reach 0.92
upd 4104/5859 step 8,404,992 ret 347.85 len 294.3 kl 0.0175  sps 1831 reach 0.92
upd 4105/5859 step 8,407,040 ret 352.42 len 296.4 kl 0.0139  sps 1831 reach 0.92
upd 4106/5859 step 8,409,088 ret 358.25 len 290.8 kl 0.0134  sps 1830 reach 0.92
upd 4107/5859 step 8,411,136 ret 375.56 len 290.8 kl 0.0148  sps 1830 reach 0.92
upd 4108/5859 step 8,413,184 ret 335.92 len 285.6 kl 0.0147  sps 1830 reach 0.92
upd 4109/5859 step 8,415,232 ret 323.43 len 285.6 kl 0.0136  sps 1830 reach 0.92
upd 4110/5859 step 8,417,280 ret 287.2 len 285.6 kl 0.0124  sps 1830 reach 0.92
upd 4111/5859 step 8,419,328 ret 276.5 len 292.1 kl 0.0128  sps 1830 reach 0.92
upd 4112/5859 step 8,421,376 ret 277.85 len 292.1 kl 0.0204  sps 1830 reach 0.92
upd 4113/5859 step 8,423,424 ret 292.9 len 286.3 kl 0.0140  sps 1830 reach 0.92
upd 4114/5859 step 8,425,472 ret 319.9 len 291.5 kl 0.0153  sps 1830 reach 0.92
upd 4115/5859 step 8,427,520 ret 333.18 len 291.5 kl 0.0195  sps 1830 reach 0.92
upd 4116/5859 step 8,429,568 ret 360.06 len 285.8 kl 0.0152  sps 1830 reach 0.92
upd 4117/5859 step 8,431,616 ret 368.05 len 284.2 kl 0.0133  sps 1830 reach 0.92
upd 4118/5859 step 8,433,664 ret 332.33 len 287.2 kl 0.0161  sps 1830 reach 0.92
upd 4119/5859 step 8,435,712 ret 321.4 len 289.9 kl 0.0127  sps 1830 reach 0.92
upd 4120/5859 step 8,437,760 ret 311.75 len 289.9 kl 0.0128  sps 1830 reach 0.92
upd 4121/5859 step 8,439,808 ret 325.84 len 289.9 kl 0.0133  sps 1830 reach 0.92
upd 4122/5859 step 8,441,856 ret 321.81 len 292.9 kl 0.0110  sps 1830 reach 0.92
upd 4123/5859 step 8,443,904 ret 339.25 len 293.2 kl 0.0155  sps 1830 reach 0.92
upd 4124/5859 step 8,445,952 ret 380.9 len 293.2 kl 0.0150  sps 1831 reach 0.92
upd 4125/5859 step 8,448,000 ret 363.69 len 293.2 kl 0.0146  sps 1830 reach 0.92
upd 4126/5859 step 8,450,048 ret 393.6 len 293.2 kl 0.0149  sps 1831 reach 0.92
upd 4127/5859 step 8,452,096 ret 365.77 len 282.2 kl 0.0199  sps 1831 reach 0.92
upd 4128/5859 step 8,454,144 ret 375.73 len 286.7 kl 0.0121  sps 1830 reach 0.92
upd 4129/5859 step 8,456,192 ret 349.7 len 285.4 kl 0.0132  sps 1831 reach 0.92
upd 4130/5859 step 8,458,240 ret 338.06 len 285.4 kl 0.0156  sps 1831 reach 0.92
upd 4131/5859 step 8,460,288 ret 349.3 len 282.6 kl 0.0166  sps 1831 reach 0.92
upd 4132/5859 step 8,462,336 ret 314.32 len 286.7 kl 0.0147  sps 1831 reach 0.93
upd 4133/5859 step 8,464,384 ret 291.66 len 294.6 kl 0.0135  sps 1831 reach 0.93
upd 4134/5859 step 8,466,432 ret 314.48 len 290.5 kl 0.0164  sps 1831 reach 0.93
upd 4135/5859 step 8,468,480 ret 300.95 len 291.6 kl 0.0164  sps 1831 reach 0.93
upd 4136/5859 step 8,470,528 ret 345.16 len 291.6 kl 0.0157  sps 1831 reach 0.93
upd 4137/5859 step 8,472,576 ret 321.78 len 286.7 kl 0.0147  sps 1831 reach 0.93
upd 4138/5859 step 8,474,624 ret 361.6 len 286.7 kl 0.0155  sps 1831 reach 0.93
upd 4139/5859 step 8,476,672 ret 344.18 len 272.0 kl 0.0147  sps 1831 reach 0.93
upd 4140/5859 step 8,478,720 ret 330.74 len 260.9 kl 0.0188  sps 1831 reach 0.93
upd 4141/5859 step 8,480,768 ret 331.22 len 260.9 kl 0.0110  sps 1831 reach 0.93
upd 4142/5859 step 8,482,816 ret 337.5 len 267.0 kl 0.0136  sps 1831 reach 0.93
upd 4143/5859 step 8,484,864 ret 352.15 len 264.8 kl 0.0127  sps 1831 reach 0.93
upd 4144/5859 step 8,486,912 ret 336.7 len 269.3 kl 0.0141  sps 1831 reach 0.93
upd 4145/5859 step 8,488,960 ret 349.3 len 272.4 kl 0.0104  sps 1831 reach 0.93
upd 4146/5859 step 8,491,008 ret 358.71 len 264.4 kl 0.0142  sps 1831 reach 0.93
upd 4147/5859 step 8,493,056 ret 332.09 len 245.3 kl 0.0119  sps 1831 reach 0.93
upd 4148/5859 step 8,495,104 ret 318.13 len 244.8 kl 0.0109  sps 1831 reach 0.93
upd 4149/5859 step 8,497,152 ret 332.2 len 222.1 kl 0.0102  sps 1831 reach 0.93
upd 4150/5859 step 8,499,200 ret 335.76 len 227.6 kl 0.0121  sps 1832 reach 0.93
upd 4151/5859 step 8,501,248 ret 317.86 len 236.5 kl 0.0142  sps 1831 reach 0.93
upd 4152/5859 step 8,503,296 ret 350.45 len 249.8 kl 0.0154  sps 1832 reach 0.93
upd 4153/5859 step 8,505,344 ret 320.66 len 250.9 kl 0.0167  sps 1832 reach 0.93
upd 4154/5859 step 8,507,392 ret 325.05 len 263.1 kl 0.0157  sps 1832 reach 0.93
upd 4155/5859 step 8,509,440 ret 313.01 len 284.6 kl 0.0150  sps 1832 reach 0.93
upd 4156/5859 step 8,511,488 ret 326.33 len 286.3 kl 0.0198  sps 1832 reach 0.93
upd 4157/5859 step 8,513,536 ret 324.38 len 286.3 kl 0.0136  sps 1832 reach 0.93
upd 4158/5859 step 8,515,584 ret 299.48 len 289.5 kl 0.0144  sps 1832 reach 0.93
upd 4159/5859 step 8,517,632 ret 260.44 len 281.0 kl 0.0093  sps 1832 reach 0.93
upd 4160/5859 step 8,519,680 ret 250.31 len 276.7 kl 0.0136  sps 1832 reach 0.93
upd 4161/5859 step 8,521,728 ret 229.11 len 274.3 kl 0.0167  sps 1832 reach 0.93
upd 4162/5859 step 8,523,776 ret 207.21 len 265.0 kl 0.0119  sps 1832 reach 0.93
upd 4163/5859 step 8,525,824 ret 235.81 len 265.0 kl 0.0134  sps 1832 reach 0.93
upd 4164/5859 step 8,527,872 ret 266.79 len 273.1 kl 0.0197  sps 1832 reach 0.93
upd 4165/5859 step 8,529,920 ret 275.94 len 277.9 kl 0.0146  sps 1832 reach 0.93
upd 4166/5859 step 8,531,968 ret 300.02 len 275.1 kl 0.0093  sps 1832 reach 0.93
upd 4167/5859 step 8,534,016 ret 288.39 len 281.2 kl 0.0172  sps 1833 reach 0.93
upd 4168/5859 step 8,536,064 ret 301.35 len 285.5 kl 0.0139  sps 1833 reach 0.94
upd 4169/5859 step 8,538,112 ret 307.64 len 287.8 kl 0.0137  sps 1833 reach 0.94
upd 4170/5859 step 8,540,160 ret 321.08 len 287.8 kl 0.0154  sps 1833 reach 0.94
upd 4171/5859 step 8,542,208 ret 308.89 len 293.9 kl 0.0154  sps 1833 reach 0.94
upd 4172/5859 step 8,544,256 ret 299.4 len 294.9 kl 0.0129  sps 1833 reach 0.94
upd 4173/5859 step 8,546,304 ret 294.96 len 280.3 kl 0.0142  sps 1833 reach 0.94
upd 4174/5859 step 8,548,352 ret 283.09 len 270.9 kl 0.0111  sps 1833 reach 0.94
upd 4175/5859 step 8,550,400 ret 272.46 len 269.5 kl 0.0126  sps 1833 reach 0.94
upd 4176/5859 step 8,552,448 ret 298.38 len 271.0 kl 0.0138  sps 1833 reach 0.94
upd 4177/5859 step 8,554,496 ret 307.73 len 274.6 kl 0.0158  sps 1834 reach 0.94
upd 4178/5859 step 8,556,544 ret 311.02 len 276.4 kl 0.0127  sps 1834 reach 0.94
upd 4179/5859 step 8,558,592 ret 308.53 len 286.8 kl 0.0131  sps 1834 reach 0.94
upd 4180/5859 step 8,560,640 ret 327.19 len 277.5 kl 0.0136  sps 1834 reach 0.94
upd 4181/5859 step 8,562,688 ret 288.67 len 272.0 kl 0.0151  sps 1834 reach 0.94
upd 4182/5859 step 8,564,736 ret 316.1 len 272.0 kl 0.0117  sps 1834 reach 0.94
upd 4183/5859 step 8,566,784 ret 320.75 len 275.4 kl 0.0150  sps 1834 reach 0.94
upd 4184/5859 step 8,568,832 ret 327.08 len 274.2 kl 0.0121  sps 1834 reach 0.94
upd 4185/5859 step 8,570,880 ret 355.06 len 273.9 kl 0.0147  sps 1834 reach 0.94
upd 4186/5859 step 8,572,928 ret 378.66 len 281.0 kl 0.0136  sps 1835 reach 0.94
upd 4187/5859 step 8,574,976 ret 379.43 len 286.5 kl 0.0129  sps 1835 reach 0.94
upd 4188/5859 step 8,577,024 ret 361.79 len 286.5 kl 0.0145  sps 1835 reach 0.94
upd 4189/5859 step 8,579,072 ret 372.83 len 284.4 kl 0.0109  sps 1835 reach 0.94
upd 4190/5859 step 8,581,120 ret 337.9 len 279.6 kl 0.0124  sps 1835 reach 0.94
upd 4191/5859 step 8,583,168 ret 284.48 len 271.6 kl 0.0141  sps 1835 reach 0.94
upd 4192/5859 step 8,585,216 ret 242.81 len 272.7 kl 0.0128  sps 1835 reach 0.94
upd 4193/5859 step 8,587,264 ret 269.57 len 272.7 kl 0.0178  sps 1836 reach 0.94
upd 4194/5859 step 8,589,312 ret 258.72 len 272.8 kl 0.0136  sps 1836 reach 0.94
upd 4195/5859 step 8,591,360 ret 311.06 len 276.5 kl 0.0127  sps 1836 reach 0.94
upd 4196/5859 step 8,593,408 ret 315.68 len 279.7 kl 0.0075  sps 1836 reach 0.94
upd 4197/5859 step 8,595,456 ret 360.88 len 283.9 kl 0.0120  sps 1836 reach 0.94
upd 4198/5859 step 8,597,504 ret 361.63 len 278.6 kl 0.0155  sps 1836 reach 0.94
upd 4199/5859 step 8,599,552 ret 333.25 len 274.9 kl 0.0172  sps 1836 reach 0.94
upd 4200/5859 step 8,601,600 ret 292.27 len 279.1 kl 0.0185  sps 1837 reach 0.94
upd 4201/5859 step 8,603,648 ret 294.88 len 281.3 kl 0.0105  sps 1837 reach 0.94
upd 4202/5859 step 8,605,696 ret 320.63 len 279.5 kl 0.0137  sps 1837 reach 0.94
upd 4203/5859 step 8,607,744 ret 284.84 len 276.6 kl 0.0098  sps 1837 reach 0.95
upd 4204/5859 step 8,609,792 ret 289.87 len 282.5 kl 0.0136  sps 1837 reach 0.95
upd 4205/5859 step 8,611,840 ret 269.27 len 277.5 kl 0.0150  sps 1837 reach 0.95
upd 4206/5859 step 8,613,888 ret 320.16 len 277.5 kl 0.0125  sps 1837 reach 0.95
upd 4207/5859 step 8,615,936 ret 305.14 len 269.9 kl 0.0135  sps 1838 reach 0.95
upd 4208/5859 step 8,617,984 ret 330.65 len 273.2 kl 0.0126  sps 1838 reach 0.95
upd 4209/5859 step 8,620,032 ret 342.87 len 275.5 kl 0.0147  sps 1838 reach 0.95
upd 4210/5859 step 8,622,080 ret 391.04 len 278.4 kl 0.0134  sps 1838 reach 0.95
upd 4211/5859 step 8,624,128 ret 364.84 len 278.4 kl 0.0178  sps 1838 reach 0.95
upd 4212/5859 step 8,626,176 ret 367.43 len 274.1 kl 0.0133  sps 1838 reach 0.95
upd 4213/5859 step 8,628,224 ret 343.03 len 272.4 kl 0.0119  sps 1838 reach 0.95
upd 4214/5859 step 8,630,272 ret 340.27 len 259.8 kl 0.0124  sps 1838 reach 0.95
upd 4215/5859 step 8,632,320 ret 308.55 len 261.9 kl 0.0171  sps 1839 reach 0.95
upd 4216/5859 step 8,634,368 ret 272.2 len 261.9 kl 0.0099  sps 1839 reach 0.95
upd 4217/5859 step 8,636,416 ret 235.19 len 265.3 kl 0.0104  sps 1839 reach 0.95
upd 4218/5859 step 8,638,464 ret 220.76 len 269.9 kl 0.0128  sps 1839 reach 0.95
upd 4219/5859 step 8,640,512 ret 227.47 len 282.7 kl 0.0137  sps 1839 reach 0.95
upd 4220/5859 step 8,642,560 ret 225.98 len 279.0 kl 0.0111  sps 1839 reach 0.95
upd 4221/5859 step 8,644,608 ret 205.76 len 279.0 kl 0.0132  sps 1839 reach 0.95
upd 4222/5859 step 8,646,656 ret 232.22 len 282.8 kl 0.0131  sps 1840 reach 0.95
upd 4223/5859 step 8,648,704 ret 265.32 len 284.9 kl 0.0122  sps 1840 reach 0.95
upd 4224/5859 step 8,650,752 ret 287.64 len 287.2 kl 0.0140  sps 1840 reach 0.95
upd 4225/5859 step 8,652,800 ret 321.36 len 281.8 kl 0.0080  sps 1840 reach 0.95
upd 4226/5859 step 8,654,848 ret 322.82 len 281.4 kl 0.0121  sps 1840 reach 0.95
upd 4227/5859 step 8,656,896 ret 341.22 len 275.9 kl 0.0161  sps 1840 reach 0.95
upd 4228/5859 step 8,658,944 ret 327.59 len 263.4 kl 0.0100  sps 1840 reach 0.95
upd 4229/5859 step 8,660,992 ret 322.37 len 251.1 kl 0.0125  sps 1841 reach 0.95
upd 4230/5859 step 8,663,040 ret 310.68 len 245.4 kl 0.0143  sps 1841 reach 0.95
upd 4231/5859 step 8,665,088 ret 321.49 len 250.2 kl 0.0124  sps 1841 reach 0.95
upd 4232/5859 step 8,667,136 ret 351.07 len 251.6 kl 0.0155  sps 1841 reach 0.95
upd 4233/5859 step 8,669,184 ret 318.95 len 257.3 kl 0.0171  sps 1841 reach 0.95
upd 4234/5859 step 8,671,232 ret 304.08 len 275.6 kl 0.0118  sps 1841 reach 0.95
upd 4235/5859 step 8,673,280 ret 295.22 len 291.2 kl 0.0113  sps 1841 reach 0.95
upd 4236/5859 step 8,675,328 ret 294.37 len 295.6 kl 0.0107  sps 1841 reach 0.95
upd 4237/5859 step 8,677,376 ret 329.42 len 288.2 kl 0.0093  sps 1842 reach 0.95
upd 4238/5859 step 8,679,424 ret 338.29 len 282.5 kl 0.0148  sps 1842 reach 0.96
upd 4239/5859 step 8,681,472 ret 374.44 len 272.4 kl 0.0114  sps 1842 reach 0.96
upd 4240/5859 step 8,683,520 ret 403.33 len 257.4 kl 0.0156  sps 1842 reach 0.96
upd 4241/5859 step 8,685,568 ret 369.72 len 246.6 kl 0.0129  sps 1842 reach 0.96
upd 4242/5859 step 8,687,616 ret 333.3 len 257.2 kl 0.0166  sps 1842 reach 0.96
upd 4243/5859 step 8,689,664 ret 339.42 len 248.5 kl 0.0132  sps 1842 reach 0.96
upd 4244/5859 step 8,691,712 ret 327.63 len 248.6 kl 0.0175  sps 1842 reach 0.96
upd 4245/5859 step 8,693,760 ret 305.97 len 259.1 kl 0.0142  sps 1842 reach 0.96
upd 4246/5859 step 8,695,808 ret 286.6 len 265.2 kl 0.0095  sps 1842 reach 0.96
upd 4247/5859 step 8,697,856 ret 306.23 len 262.6 kl 0.0124  sps 1843 reach 0.96
upd 4248/5859 step 8,699,904 ret 266.04 len 270.5 kl 0.0118  sps 1843 reach 0.96
upd 4249/5859 step 8,701,952 ret 275.83 len 273.6 kl 0.0137  sps 1843 reach 0.96
upd 4250/5859 step 8,704,000 ret 272.42 len 265.5 kl 0.0100  sps 1843 reach 0.96
upd 4251/5859 step 8,706,048 ret 283.22 len 257.4 kl 0.0097  sps 1843 reach 0.96
upd 4252/5859 step 8,708,096 ret 293.13 len 267.0 kl 0.0138  sps 1843 reach 0.96
upd 4253/5859 step 8,710,144 ret 312.43 len 275.1 kl 0.0132  sps 1843 reach 0.96
upd 4254/5859 step 8,712,192 ret 277.9 len 274.5 kl 0.0134  sps 1843 reach 0.96
upd 4255/5859 step 8,714,240 ret 293.56 len 269.2 kl 0.0110  sps 1843 reach 0.96
upd 4256/5859 step 8,716,288 ret 328.83 len 256.3 kl 0.0087  sps 1843 reach 0.96
upd 4257/5859 step 8,718,336 ret 330.93 len 250.8 kl 0.0097  sps 1843 reach 0.96
upd 4258/5859 step 8,720,384 ret 303.06 len 244.2 kl 0.0111  sps 1843 reach 0.96
upd 4259/5859 step 8,722,432 ret 321.66 len 253.3 kl 0.0154  sps 1844 reach 0.96
upd 4260/5859 step 8,724,480 ret 344.38 len 261.8 kl 0.0111  sps 1844 reach 0.96
upd 4261/5859 step 8,726,528 ret 308.43 len 268.8 kl 0.0132  sps 1844 reach 0.96
upd 4262/5859 step 8,728,576 ret 359.22 len 276.0 kl 0.0090  sps 1844 reach 0.96
upd 4263/5859 step 8,730,624 ret 356.8 len 293.2 kl 0.0150  sps 1844 reach 0.96
upd 4264/5859 step 8,732,672 ret 394.11 len 286.9 kl 0.0167  sps 1844 reach 0.96
upd 4265/5859 step 8,734,720 ret 382.12 len 274.8 kl 0.0099  sps 1844 reach 0.96
upd 4266/5859 step 8,736,768 ret 375.25 len 269.9 kl 0.0121  sps 1845 reach 0.96
upd 4267/5859 step 8,738,816 ret 355.44 len 276.3 kl 0.0111  sps 1845 reach 0.96
upd 4268/5859 step 8,740,864 ret 325.93 len 276.3 kl 0.0148  sps 1845 reach 0.96
upd 4269/5859 step 8,742,912 ret 299.58 len 271.6 kl 0.0115  sps 1845 reach 0.96
upd 4270/5859 step 8,744,960 ret 261.52 len 280.1 kl 0.0103  sps 1845 reach 0.96
upd 4271/5859 step 8,747,008 ret 258.94 len 280.6 kl 0.0133  sps 1845 reach 0.96
upd 4272/5859 step 8,749,056 ret 272.43 len 285.5 kl 0.0135  sps 1845 reach 0.96
upd 4273/5859 step 8,751,104 ret 277.09 len 279.9 kl 0.0103  sps 1845 reach 0.97
upd 4274/5859 step 8,753,152 ret 279.32 len 280.2 kl 0.0144  sps 1846 reach 0.97
upd 4275/5859 step 8,755,200 ret 302.14 len 285.9 kl 0.0128  sps 1846 reach 0.97
upd 4276/5859 step 8,757,248 ret 315.16 len 277.8 kl 0.0128  sps 1846 reach 0.97
upd 4277/5859 step 8,759,296 ret 297.91 len 277.4 kl 0.0110  sps 1846 reach 0.97
upd 4278/5859 step 8,761,344 ret 312.27 len 281.5 kl 0.0135  sps 1846 reach 0.97
upd 4279/5859 step 8,763,392 ret 338.37 len 280.9 kl 0.0127  sps 1846 reach 0.97
upd 4280/5859 step 8,765,440 ret 323.3 len 278.4 kl 0.0129  sps 1846 reach 0.97
upd 4281/5859 step 8,767,488 ret 300.59 len 286.4 kl 0.0166  sps 1847 reach 0.97
upd 4282/5859 step 8,769,536 ret 299.69 len 284.0 kl 0.0136  sps 1847 reach 0.97
upd 4283/5859 step 8,771,584 ret 300.22 len 284.5 kl 0.0153  sps 1847 reach 0.97
upd 4284/5859 step 8,773,632 ret 282.08 len 276.5 kl 0.0134  sps 1847 reach 0.97
upd 4285/5859 step 8,775,680 ret 293.2 len 278.9 kl 0.0132  sps 1847 reach 0.97
upd 4286/5859 step 8,777,728 ret 334.86 len 268.9 kl 0.0127  sps 1847 reach 0.97
upd 4287/5859 step 8,779,776 ret 362.12 len 268.4 kl 0.0109  sps 1847 reach 0.97
upd 4288/5859 step 8,781,824 ret 387.61 len 260.4 kl 0.0105  sps 1847 reach 0.97
upd 4289/5859 step 8,783,872 ret 370.78 len 262.3 kl 0.0150  sps 1848 reach 0.97
upd 4290/5859 step 8,785,920 ret 351.78 len 262.7 kl 0.0153  sps 1848 reach 0.97
upd 4291/5859 step 8,787,968 ret 338.57 len 263.9 kl 0.0119  sps 1848 reach 0.97
upd 4292/5859 step 8,790,016 ret 318.98 len 262.0 kl 0.0114  sps 1848 reach 0.97
upd 4293/5859 step 8,792,064 ret 339.57 len 273.8 kl 0.0171  sps 1848 reach 0.97
upd 4294/5859 step 8,794,112 ret 348.34 len 268.1 kl 0.0133  sps 1848 reach 0.97
upd 4295/5859 step 8,796,160 ret 328.03 len 276.8 kl 0.0140  sps 1848 reach 0.97
upd 4296/5859 step 8,798,208 ret 347.22 len 279.4 kl 0.0144  sps 1848 reach 0.97
upd 4297/5859 step 8,800,256 ret 392.72 len 282.8 kl 0.0170  sps 1848 reach 0.97
upd 4298/5859 step 8,802,304 ret 369.7 len 287.5 kl 0.0135  sps 1848 reach 0.97
upd 4299/5859 step 8,804,352 ret 354.0 len 289.6 kl 0.0162  sps 1849 reach 0.97
upd 4300/5859 step 8,806,400 ret 353.36 len 289.6 kl 0.0127  sps 1849 reach 0.97
upd 4301/5859 step 8,808,448 ret 385.14 len 290.9 kl 0.0126  sps 1849 reach 0.97
upd 4302/5859 step 8,810,496 ret 336.36 len 296.4 kl 0.0143  sps 1849 reach 0.97
upd 4303/5859 step 8,812,544 ret 323.15 len 296.4 kl 0.0129  sps 1849 reach 0.97
upd 4304/5859 step 8,814,592 ret 313.17 len 296.4 kl 0.0150  sps 1849 reach 0.97
upd 4305/5859 step 8,816,640 ret 317.92 len 299.1 kl 0.0114  sps 1849 reach 0.97
upd 4306/5859 step 8,818,688 ret 333.44 len 299.1 kl 0.0122  sps 1850 reach 0.97
upd 4307/5859 step 8,820,736 ret 327.82 len 292.4 kl 0.0103  sps 1850 reach 0.97
upd 4308/5859 step 8,822,784 ret 354.23 len 292.4 kl 0.0120  sps 1850 reach 0.98
upd 4309/5859 step 8,824,832 ret 355.99 len 292.4 kl 0.0123  sps 1850 reach 0.98
upd 4310/5859 step 8,826,880 ret 365.25 len 283.3 kl 0.0112  sps 1850 reach 0.98
upd 4311/5859 step 8,828,928 ret 306.93 len 284.2 kl 0.0171  sps 1850 reach 0.98
upd 4312/5859 step 8,830,976 ret 308.92 len 284.2 kl 0.0175  sps 1850 reach 0.98
upd 4313/5859 step 8,833,024 ret 276.86 len 290.9 kl 0.0132  sps 1851 reach 0.98
upd 4314/5859 step 8,835,072 ret 263.34 len 278.9 kl 0.0137  sps 1851 reach 0.98
upd 4315/5859 step 8,837,120 ret 247.51 len 278.9 kl 0.0144  sps 1851 reach 0.98
upd 4316/5859 step 8,839,168 ret 278.95 len 285.6 kl 0.0118  sps 1851 reach 0.98
upd 4317/5859 step 8,841,216 ret 306.73 len 278.1 kl 0.0099  sps 1851 reach 0.98
upd 4318/5859 step 8,843,264 ret 368.65 len 271.1 kl 0.0109  sps 1851 reach 0.98
upd 4319/5859 step 8,845,312 ret 346.98 len 274.6 kl 0.0149  sps 1851 reach 0.98
upd 4320/5859 step 8,847,360 ret 326.62 len 280.6 kl 0.0131  sps 1851 reach 0.98
upd 4321/5859 step 8,849,408 ret 320.95 len 278.6 kl 0.0103  sps 1852 reach 0.98
upd 4322/5859 step 8,851,456 ret 342.0 len 268.5 kl 0.0138  sps 1852 reach 0.98
upd 4323/5859 step 8,853,504 ret 334.23 len 275.4 kl 0.0135  sps 1852 reach 0.98
upd 4324/5859 step 8,855,552 ret 358.7 len 259.5 kl 0.0122  sps 1852 reach 0.98
upd 4325/5859 step 8,857,600 ret 376.47 len 262.1 kl 0.0106  sps 1852 reach 0.98
upd 4326/5859 step 8,859,648 ret 388.76 len 263.7 kl 0.0154  sps 1852 reach 0.98
upd 4327/5859 step 8,861,696 ret 353.16 len 273.4 kl 0.0130  sps 1852 reach 0.98
upd 4328/5859 step 8,863,744 ret 339.48 len 281.4 kl 0.0146  sps 1852 reach 0.98
upd 4329/5859 step 8,865,792 ret 343.15 len 283.9 kl 0.0126  sps 1853 reach 0.98
upd 4330/5859 step 8,867,840 ret 354.46 len 295.4 kl 0.0090  sps 1853 reach 0.98
upd 4331/5859 step 8,869,888 ret 332.58 len 295.4 kl 0.0169  sps 1853 reach 0.98
upd 4332/5859 step 8,871,936 ret 315.4 len 298.1 kl 0.0120  sps 1853 reach 0.98
upd 4333/5859 step 8,873,984 ret 319.85 len 298.1 kl 0.0175  sps 1853 reach 0.98
upd 4334/5859 step 8,876,032 ret 335.29 len 292.4 kl 0.0103  sps 1853 reach 0.98
upd 4335/5859 step 8,878,080 ret 305.31 len 291.1 kl 0.0104  sps 1853 reach 0.98
upd 4336/5859 step 8,880,128 ret 328.58 len 291.1 kl 0.0124  sps 1853 reach 0.98
upd 4337/5859 step 8,882,176 ret 329.8 len 284.8 kl 0.0138  sps 1853 reach 0.98
upd 4338/5859 step 8,884,224 ret 322.05 len 284.8 kl 0.0156  sps 1854 reach 0.98
upd 4339/5859 step 8,886,272 ret 336.97 len 278.2 kl 0.0108  sps 1854 reach 0.98
upd 4340/5859 step 8,888,320 ret 332.88 len 275.6 kl 0.0157  sps 1854 reach 0.98
upd 4341/5859 step 8,890,368 ret 278.86 len 278.8 kl 0.0131  sps 1854 reach 0.98
upd 4342/5859 step 8,892,416 ret 302.09 len 283.4 kl 0.0132  sps 1854 reach 0.98
upd 4343/5859 step 8,894,464 ret 288.17 len 285.1 kl 0.0136  sps 1854 reach 0.99
upd 4344/5859 step 8,896,512 ret 308.04 len 291.7 kl 0.0125  sps 1854 reach 0.99
upd 4345/5859 step 8,898,560 ret 295.99 len 292.1 kl 0.0134  sps 1854 reach 0.99
upd 4346/5859 step 8,900,608 ret 312.53 len 295.3 kl 0.0121  sps 1854 reach 0.99
upd 4347/5859 step 8,902,656 ret 370.02 len 289.4 kl 0.0155  sps 1855 reach 0.99
upd 4348/5859 step 8,904,704 ret 366.03 len 287.6 kl 0.0102  sps 1855 reach 0.99
upd 4349/5859 step 8,906,752 ret 362.2 len 285.9 kl 0.0132  sps 1855 reach 0.99
upd 4350/5859 step 8,908,800 ret 372.35 len 286.7 kl 0.0135  sps 1855 reach 0.99
upd 4351/5859 step 8,910,848 ret 401.92 len 286.7 kl 0.0138  sps 1855 reach 0.99
upd 4352/5859 step 8,912,896 ret 398.07 len 288.3 kl 0.0098  sps 1855 reach 0.99
upd 4353/5859 step 8,914,944 ret 336.52 len 294.2 kl 0.0113  sps 1855 reach 0.99
upd 4354/5859 step 8,916,992 ret 372.02 len 296.1 kl 0.0125  sps 1855 reach 0.99
upd 4355/5859 step 8,919,040 ret 375.42 len 295.8 kl 0.0121  sps 1855 reach 0.99
upd 4356/5859 step 8,921,088 ret 351.1 len 295.8 kl 0.0083  sps 1855 reach 0.99
upd 4357/5859 step 8,923,136 ret 371.4 len 295.8 kl 0.0138  sps 1856 reach 0.99
upd 4358/5859 step 8,925,184 ret 341.5 len 296.4 kl 0.0120  sps 1856 reach 0.99
upd 4359/5859 step 8,927,232 ret 358.01 len 295.0 kl 0.0140  sps 1856 reach 0.99
upd 4360/5859 step 8,929,280 ret 326.8 len 285.0 kl 0.0106  sps 1856 reach 0.99
upd 4361/5859 step 8,931,328 ret 316.5 len 286.9 kl 0.0112  sps 1856 reach 0.99
upd 4362/5859 step 8,933,376 ret 313.29 len 276.0 kl 0.0117  sps 1856 reach 0.99
upd 4363/5859 step 8,935,424 ret 317.04 len 276.0 kl 0.0095  sps 1856 reach 0.99
upd 4364/5859 step 8,937,472 ret 291.22 len 277.7 kl 0.0113  sps 1856 reach 0.99
upd 4365/5859 step 8,939,520 ret 297.01 len 274.2 kl 0.0110  sps 1857 reach 0.99
upd 4366/5859 step 8,941,568 ret 313.57 len 279.3 kl 0.0113  sps 1857 reach 0.99
upd 4367/5859 step 8,943,616 ret 337.58 len 290.2 kl 0.0131  sps 1857 reach 0.99
upd 4368/5859 step 8,945,664 ret 362.52 len 280.6 kl 0.0118  sps 1857 reach 0.99
upd 4369/5859 step 8,947,712 ret 364.04 len 280.6 kl 0.0124  sps 1857 reach 0.99
upd 4370/5859 step 8,949,760 ret 353.52 len 290.4 kl 0.0134  sps 1857 reach 0.99
upd 4371/5859 step 8,951,808 ret 352.56 len 290.4 kl 0.0101  sps 1857 reach 0.99
upd 4372/5859 step 8,953,856 ret 324.46 len 290.4 kl 0.0144  sps 1857 reach 0.99
upd 4373/5859 step 8,955,904 ret 285.11 len 290.4 kl 0.0089  sps 1858 reach 0.99
upd 4374/5859 step 8,957,952 ret 282.01 len 300.0 kl 0.0119  sps 1858 reach 0.99
upd 4375/5859 step 8,960,000 ret 270.26 len 300.0 kl 0.0092  sps 1858 reach 0.99
upd 4376/5859 step 8,962,048 ret 243.39 len 300.0 kl 0.0106  sps 1858 reach 0.99
upd 4377/5859 step 8,964,096 ret 266.34 len 300.0 kl 0.0089  sps 1858 reach 0.99
upd 4378/5859 step 8,966,144 ret 267.3 len 300.0 kl 0.0092  sps 1858 reach 1.00
upd 4379/5859 step 8,968,192 ret 250.95 len 300.0 kl 0.0110  sps 1858 reach 1.00
upd 4380/5859 step 8,970,240 ret 277.28 len 293.8 kl 0.0100  sps 1859 reach 1.00
upd 4381/5859 step 8,972,288 ret 325.17 len 283.1 kl 0.0100  sps 1859 reach 1.00
upd 4382/5859 step 8,974,336 ret 340.2 len 283.1 kl 0.0135  sps 1859 reach 1.00
upd 4383/5859 step 8,976,384 ret 337.57 len 283.1 kl 0.0124  sps 1859 reach 1.00
upd 4384/5859 step 8,978,432 ret 324.3 len 283.1 kl 0.0091  sps 1859 reach 1.00
upd 4385/5859 step 8,980,480 ret 294.7 len 283.1 kl 0.0129  sps 1859 reach 1.00
upd 4386/5859 step 8,982,528 ret 353.44 len 290.8 kl 0.0107  sps 1859 reach 1.00
upd 4387/5859 step 8,984,576 ret 307.48 len 291.1 kl 0.0141  sps 1859 reach 1.00
upd 4388/5859 step 8,986,624 ret 327.16 len 291.1 kl 0.0182  sps 1859 reach 1.00
upd 4389/5859 step 8,988,672 ret 347.78 len 291.1 kl 0.0113  sps 1860 reach 1.00
upd 4390/5859 step 8,990,720 ret 385.26 len 289.0 kl 0.0127  sps 1860 reach 1.00
upd 4391/5859 step 8,992,768 ret 383.57 len 284.1 kl 0.0143  sps 1860 reach 1.00
upd 4392/5859 step 8,994,816 ret 354.86 len 292.1 kl 0.0169  sps 1860 reach 1.00
upd 4393/5859 step 8,996,864 ret 385.71 len 293.1 kl 0.0109  sps 1860 reach 1.00
upd 4394/5859 step 8,998,912 ret 407.06 len 289.8 kl 0.0088  sps 1860 reach 1.00
upd 4395/5859 step 9,000,960 ret 415.22 len 291.9 kl 0.0143  sps 1860 reach 1.00
upd 4396/5859 step 9,003,008 ret 426.5 len 288.7 kl 0.0098  sps 1860 reach 1.00
upd 4397/5859 step 9,005,056 ret 409.32 len 293.6 kl 0.0131  sps 1861 reach 1.00
upd 4398/5859 step 9,007,104 ret 382.87 len 293.6 kl 0.0168  sps 1861 reach 1.00
upd 4399/5859 step 9,009,152 ret 387.01 len 289.9 kl 0.0136  sps 1861 reach 1.00
upd 4400/5859 step 9,011,200 ret 380.21 len 293.1 kl 0.0131  sps 1861 reach 1.00
upd 4401/5859 step 9,013,248 ret 367.99 len 287.9 kl 0.0132  sps 1861 reach 1.00
upd 4402/5859 step 9,015,296 ret 307.62 len 289.4 kl 0.0134  sps 1861 reach 1.00
upd 4403/5859 step 9,017,344 ret 308.44 len 284.0 kl 0.0115  sps 1861 reach 1.00
upd 4404/5859 step 9,019,392 ret 286.83 len 287.7 kl 0.0151  sps 1861 reach 1.00
upd 4405/5859 step 9,021,440 ret 270.97 len 281.8 kl 0.0120  sps 1862 reach 1.00
upd 4406/5859 step 9,023,488 ret 222.95 len 286.9 kl 0.0112  sps 1862 reach 1.00
upd 4407/5859 step 9,025,536 ret 257.57 len 282.2 kl 0.0126  sps 1862 reach 1.00
upd 4408/5859 step 9,027,584 ret 305.66 len 282.2 kl 0.0122  sps 1862 reach 1.00
upd 4409/5859 step 9,029,632 ret 320.51 len 287.5 kl 0.0119  sps 1862 reach 1.00
upd 4410/5859 step 9,031,680 ret 354.48 len 287.5 kl 0.0132  sps 1862 reach 1.00
upd 4411/5859 step 9,033,728 ret 416.73 len 293.5 kl 0.0099  sps 1862 reach 1.00
upd 4412/5859 step 9,035,776 ret 427.68 len 280.7 kl 0.0125  sps 1862 reach 1.00
upd 4413/5859 step 9,037,824 ret 427.61 len 287.2 kl 0.0129  sps 1862 reach 1.00
upd 4414/5859 step 9,039,872 ret 401.51 len 283.6 kl 0.0128  sps 1863 reach 1.00
upd 4415/5859 step 9,041,920 ret 395.34 len 278.4 kl 0.0139  sps 1863 reach 1.00
upd 4416/5859 step 9,043,968 ret 388.42 len 276.7 kl 0.0099  sps 1863 reach 1.00
upd 4417/5859 step 9,046,016 ret 346.65 len 276.7 kl 0.0137  sps 1863 reach 1.00
upd 4418/5859 step 9,048,064 ret 302.36 len 282.6 kl 0.0116  sps 1863 reach 1.00
upd 4419/5859 step 9,050,112 ret 313.75 len 282.6 kl 0.0135  sps 1863 reach 1.00
upd 4420/5859 step 9,052,160 ret 297.28 len 276.0 kl 0.0116  sps 1863 reach 1.00
upd 4421/5859 step 9,054,208 ret 288.48 len 272.7 kl 0.0142  sps 1863 reach 1.00
upd 4422/5859 step 9,056,256 ret 289.67 len 271.9 kl 0.0110  sps 1863 reach 1.00
upd 4423/5859 step 9,058,304 ret 299.88 len 276.1 kl 0.0126  sps 1864 reach 1.00
upd 4424/5859 step 9,060,352 ret 294.62 len 278.8 kl 0.0122  sps 1864 reach 1.00
upd 4425/5859 step 9,062,400 ret 334.03 len 280.6 kl 0.0098  sps 1864 reach 1.00
upd 4426/5859 step 9,064,448 ret 353.74 len 285.9 kl 0.0128  sps 1864 reach 1.00
upd 4427/5859 step 9,066,496 ret 393.48 len 294.8 kl 0.0118  sps 1864 reach 1.00
upd 4428/5859 step 9,068,544 ret 377.45 len 286.9 kl 0.0155  sps 1864 reach 1.00
upd 4429/5859 step 9,070,592 ret 346.81 len 280.6 kl 0.0156  sps 1864 reach 1.00
upd 4430/5859 step 9,072,640 ret 311.82 len 268.0 kl 0.0107  sps 1864 reach 1.00
upd 4431/5859 step 9,074,688 ret 327.17 len 266.0 kl 0.0136  sps 1865 reach 1.00
upd 4432/5859 step 9,076,736 ret 279.43 len 266.0 kl 0.0129  sps 1865 reach 1.00
upd 4433/5859 step 9,078,784 ret 268.82 len 269.9 kl 0.0104  sps 1865 reach 1.00
upd 4434/5859 step 9,080,832 ret 259.82 len 276.1 kl 0.0125  sps 1865 reach 1.00
upd 4435/5859 step 9,082,880 ret 256.83 len 282.6 kl 0.0120  sps 1865 reach 1.00
upd 4436/5859 step 9,084,928 ret 264.39 len 291.8 kl 0.0128  sps 1865 reach 1.00
upd 4437/5859 step 9,086,976 ret 256.98 len 289.7 kl 0.0117  sps 1865 reach 1.00
upd 4438/5859 step 9,089,024 ret 285.31 len 289.7 kl 0.0135  sps 1865 reach 1.00
upd 4439/5859 step 9,091,072 ret 278.91 len 291.6 kl 0.0137  sps 1866 reach 1.00
upd 4440/5859 step 9,093,120 ret 293.96 len 285.7 kl 0.0093  sps 1866 reach 1.00
upd 4441/5859 step 9,095,168 ret 303.66 len 275.2 kl 0.0120  sps 1866 reach 1.00
upd 4442/5859 step 9,097,216 ret 291.86 len 276.4 kl 0.0124  sps 1866 reach 1.00
upd 4443/5859 step 9,099,264 ret 286.66 len 273.6 kl 0.0095  sps 1866 reach 1.00
upd 4444/5859 step 9,101,312 ret 328.69 len 273.6 kl 0.0088  sps 1866 reach 1.00
upd 4445/5859 step 9,103,360 ret 340.17 len 283.2 kl 0.0103  sps 1866 reach 1.00
upd 4446/5859 step 9,105,408 ret 358.79 len 286.2 kl 0.0093  sps 1866 reach 1.00
upd 4447/5859 step 9,107,456 ret 353.94 len 282.8 kl 0.0104  sps 1867 reach 1.00
upd 4448/5859 step 9,109,504 ret 392.14 len 285.8 kl 0.0138  sps 1867 reach 1.00
upd 4449/5859 step 9,111,552 ret 375.65 len 283.8 kl 0.0115  sps 1867 reach 1.00
upd 4450/5859 step 9,113,600 ret 369.57 len 276.7 kl 0.0132  sps 1867 reach 1.00
upd 4451/5859 step 9,115,648 ret 305.71 len 277.2 kl 0.0124  sps 1867 reach 1.00
upd 4452/5859 step 9,117,696 ret 281.07 len 278.9 kl 0.0106  sps 1867 reach 1.00
upd 4453/5859 step 9,119,744 ret 325.81 len 284.5 kl 0.0087  sps 1867 reach 1.00
upd 4454/5859 step 9,121,792 ret 281.83 len 284.5 kl 0.0143  sps 1867 reach 1.00
upd 4455/5859 step 9,123,840 ret 255.88 len 292.4 kl 0.0135  sps 1867 reach 1.00
upd 4456/5859 step 9,125,888 ret 270.94 len 296.4 kl 0.0103  sps 1868 reach 1.00
upd 4457/5859 step 9,127,936 ret 327.76 len 294.4 kl 0.0124  sps 1868 reach 1.00
upd 4458/5859 step 9,129,984 ret 293.69 len 288.8 kl 0.0078  sps 1868 reach 1.00
upd 4459/5859 step 9,132,032 ret 310.28 len 276.6 kl 0.0122  sps 1868 reach 1.00
upd 4460/5859 step 9,134,080 ret 317.06 len 269.9 kl 0.0122  sps 1868 reach 1.00
upd 4461/5859 step 9,136,128 ret 309.51 len 263.1 kl 0.0125  sps 1868 reach 1.00
upd 4462/5859 step 9,138,176 ret 270.29 len 248.0 kl 0.0102  sps 1868 reach 1.00
upd 4463/5859 step 9,140,224 ret 264.11 len 251.4 kl 0.0162  sps 1868 reach 1.00
upd 4464/5859 step 9,142,272 ret 270.52 len 254.5 kl 0.0111  sps 1868 reach 1.00
upd 4465/5859 step 9,144,320 ret 326.8 len 261.2 kl 0.0120  sps 1869 reach 1.00
upd 4466/5859 step 9,146,368 ret 321.13 len 268.1 kl 0.0138  sps 1869 reach 1.00
upd 4467/5859 step 9,148,416 ret 378.91 len 270.7 kl 0.0102  sps 1869 reach 1.00
upd 4468/5859 step 9,150,464 ret 346.99 len 282.8 kl 0.0104  sps 1869 reach 1.00
upd 4469/5859 step 9,152,512 ret 370.13 len 279.8 kl 0.0130  sps 1869 reach 1.00
upd 4470/5859 step 9,154,560 ret 291.17 len 273.5 kl 0.0161  sps 1869 reach 1.00
upd 4471/5859 step 9,156,608 ret 284.39 len 267.3 kl 0.0079  sps 1869 reach 1.00
upd 4472/5859 step 9,158,656 ret 231.83 len 267.4 kl 0.0126  sps 1869 reach 1.00
upd 4473/5859 step 9,160,704 ret 227.43 len 265.6 kl 0.0100  sps 1870 reach 1.00
upd 4474/5859 step 9,162,752 ret 215.78 len 266.3 kl 0.0103  sps 1870 reach 1.00
upd 4475/5859 step 9,164,800 ret 240.8 len 267.4 kl 0.0101  sps 1870 reach 1.00
upd 4476/5859 step 9,166,848 ret 248.38 len 263.4 kl 0.0122  sps 1870 reach 1.00
upd 4477/5859 step 9,168,896 ret 359.48 len 269.0 kl 0.0104  sps 1870 reach 1.00
upd 4478/5859 step 9,170,944 ret 372.65 len 268.0 kl 0.0117  sps 1870 reach 1.00
upd 4479/5859 step 9,172,992 ret 357.3 len 268.0 kl 0.0114  sps 1870 reach 1.00
upd 4480/5859 step 9,175,040 ret 379.32 len 274.9 kl 0.0121  sps 1870 reach 1.00
upd 4481/5859 step 9,177,088 ret 391.56 len 276.7 kl 0.0126  sps 1870 reach 1.00
upd 4482/5859 step 9,179,136 ret 369.67 len 273.6 kl 0.0115  sps 1871 reach 1.00
upd 4483/5859 step 9,181,184 ret 324.12 len 271.9 kl 0.0083  sps 1871 reach 1.00
upd 4484/5859 step 9,183,232 ret 325.76 len 271.9 kl 0.0112  sps 1871 reach 1.00
upd 4485/5859 step 9,185,280 ret 305.68 len 272.5 kl 0.0113  sps 1871 reach 1.00
upd 4486/5859 step 9,187,328 ret 298.86 len 275.2 kl 0.0112  sps 1871 reach 1.00
upd 4487/5859 step 9,189,376 ret 280.0 len 275.8 kl 0.0156  sps 1871 reach 1.00
upd 4488/5859 step 9,191,424 ret 303.46 len 292.8 kl 0.0081  sps 1871 reach 1.00
upd 4489/5859 step 9,193,472 ret 355.14 len 292.8 kl 0.0106  sps 1872 reach 1.00
upd 4490/5859 step 9,195,520 ret 370.34 len 292.8 kl 0.0101  sps 1872 reach 1.00
upd 4491/5859 step 9,197,568 ret 403.71 len 293.3 kl 0.0117  sps 1872 reach 1.00
upd 4492/5859 step 9,199,616 ret 359.96 len 294.6 kl 0.0090  sps 1872 reach 1.00
upd 4493/5859 step 9,201,664 ret 357.55 len 291.6 kl 0.0092  sps 1872 reach 1.00
upd 4494/5859 step 9,203,712 ret 346.16 len 292.9 kl 0.0092  sps 1872 reach 1.00
upd 4495/5859 step 9,205,760 ret 344.32 len 289.9 kl 0.0073  sps 1872 reach 1.00
upd 4496/5859 step 9,207,808 ret 326.74 len 289.9 kl 0.0096  sps 1872 reach 1.00
upd 4497/5859 step 9,209,856 ret 313.63 len 291.1 kl 0.0085  sps 1872 reach 1.00
upd 4498/5859 step 9,211,904 ret 297.34 len 291.1 kl 0.0122  sps 1873 reach 1.00
upd 4499/5859 step 9,213,952 ret 243.49 len 290.3 kl 0.0106  sps 1873 reach 1.00
upd 4500/5859 step 9,216,000 ret 261.49 len 284.4 kl 0.0116  sps 1873 reach 1.00
upd 4501/5859 step 9,218,048 ret 268.41 len 286.2 kl 0.0108  sps 1873 reach 1.00
upd 4502/5859 step 9,220,096 ret 297.35 len 279.0 kl 0.0101  sps 1873 reach 1.00
upd 4503/5859 step 9,222,144 ret 297.52 len 278.2 kl 0.0132  sps 1873 reach 1.00
upd 4504/5859 step 9,224,192 ret 301.17 len 278.8 kl 0.0104  sps 1873 reach 1.00
upd 4505/5859 step 9,226,240 ret 287.89 len 274.1 kl 0.0139  sps 1873 reach 1.00
upd 4506/5859 step 9,228,288 ret 343.57 len 279.2 kl 0.0095  sps 1873 reach 1.00
upd 4507/5859 step 9,230,336 ret 330.82 len 280.3 kl 0.0108  sps 1873 reach 1.00
upd 4508/5859 step 9,232,384 ret 359.11 len 291.4 kl 0.0108  sps 1873 reach 1.00
upd 4509/5859 step 9,234,432 ret 360.83 len 291.4 kl 0.0153  sps 1873 reach 1.00
upd 4510/5859 step 9,236,480 ret 370.39 len 288.8 kl 0.0097  sps 1873 reach 1.00
upd 4511/5859 step 9,238,528 ret 367.42 len 287.1 kl 0.0102  sps 1874 reach 1.00
upd 4512/5859 step 9,240,576 ret 361.42 len 284.2 kl 0.0113  sps 1874 reach 1.00
upd 4513/5859 step 9,242,624 ret 339.4 len 280.4 kl 0.0102  sps 1874 reach 1.00
upd 4514/5859 step 9,244,672 ret 340.4 len 279.7 kl 0.0128  sps 1874 reach 1.00
upd 4515/5859 step 9,246,720 ret 355.11 len 279.4 kl 0.0094  sps 1874 reach 1.00
upd 4516/5859 step 9,248,768 ret 345.43 len 281.4 kl 0.0118  sps 1874 reach 1.00
upd 4517/5859 step 9,250,816 ret 310.15 len 282.5 kl 0.0089  sps 1874 reach 1.00
upd 4518/5859 step 9,252,864 ret 259.58 len 285.4 kl 0.0129  sps 1874 reach 1.00
upd 4519/5859 step 9,254,912 ret 261.05 len 283.6 kl 0.0101  sps 1874 reach 1.00
upd 4520/5859 step 9,256,960 ret 270.47 len 275.2 kl 0.0103  sps 1874 reach 1.00
upd 4521/5859 step 9,259,008 ret 276.0 len 285.4 kl 0.0084  sps 1874 reach 1.00
upd 4522/5859 step 9,261,056 ret 298.43 len 285.4 kl 0.0115  sps 1874 reach 1.00
upd 4523/5859 step 9,263,104 ret 314.44 len 274.8 kl 0.0090  sps 1874 reach 1.00
upd 4524/5859 step 9,265,152 ret 339.94 len 270.8 kl 0.0099  sps 1874 reach 1.00
upd 4525/5859 step 9,267,200 ret 336.05 len 280.8 kl 0.0086  sps 1874 reach 1.00
upd 4526/5859 step 9,269,248 ret 341.2 len 280.8 kl 0.0101  sps 1875 reach 1.00
upd 4527/5859 step 9,271,296 ret 356.86 len 270.2 kl 0.0123  sps 1875 reach 1.00
upd 4528/5859 step 9,273,344 ret 379.86 len 265.0 kl 0.0087  sps 1875 reach 1.00
upd 4529/5859 step 9,275,392 ret 338.78 len 269.0 kl 0.0122  sps 1875 reach 1.00
upd 4530/5859 step 9,277,440 ret 356.72 len 269.0 kl 0.0100  sps 1875 reach 1.00
upd 4531/5859 step 9,279,488 ret 365.38 len 273.6 kl 0.0088  sps 1875 reach 1.00
upd 4532/5859 step 9,281,536 ret 368.5 len 269.0 kl 0.0144  sps 1875 reach 1.00
upd 4533/5859 step 9,283,584 ret 361.67 len 284.5 kl 0.0123  sps 1875 reach 1.00
upd 4534/5859 step 9,285,632 ret 356.88 len 289.9 kl 0.0147  sps 1875 reach 1.00
upd 4535/5859 step 9,287,680 ret 323.96 len 289.9 kl 0.0144  sps 1875 reach 1.00
upd 4536/5859 step 9,289,728 ret 307.78 len 284.4 kl 0.0115  sps 1876 reach 1.00
upd 4537/5859 step 9,291,776 ret 251.36 len 287.9 kl 0.0125  sps 1876 reach 1.00
upd 4538/5859 step 9,293,824 ret 269.66 len 288.9 kl 0.0095  sps 1876 reach 1.00
upd 4539/5859 step 9,295,872 ret 270.65 len 288.9 kl 0.0082  sps 1876 reach 1.00
upd 4540/5859 step 9,297,920 ret 286.18 len 283.7 kl 0.0088  sps 1876 reach 1.00
upd 4541/5859 step 9,299,968 ret 287.88 len 283.7 kl 0.0146  sps 1876 reach 1.00
upd 4542/5859 step 9,302,016 ret 307.4 len 289.3 kl 0.0082  sps 1876 reach 1.00
upd 4543/5859 step 9,304,064 ret 294.1 len 283.7 kl 0.0091  sps 1876 reach 1.00
upd 4544/5859 step 9,306,112 ret 275.83 len 281.6 kl 0.0076  sps 1876 reach 1.00
upd 4545/5859 step 9,308,160 ret 259.39 len 286.8 kl 0.0117  sps 1876 reach 1.00
upd 4546/5859 step 9,310,208 ret 260.02 len 286.8 kl 0.0101  sps 1876 reach 1.00
upd 4547/5859 step 9,312,256 ret 272.68 len 286.0 kl 0.0129  sps 1876 reach 1.00
upd 4548/5859 step 9,314,304 ret 287.04 len 280.7 kl 0.0084  sps 1876 reach 1.00
upd 4549/5859 step 9,316,352 ret 307.71 len 288.8 kl 0.0107  sps 1876 reach 1.00
upd 4550/5859 step 9,318,400 ret 350.12 len 285.4 kl 0.0080  sps 1876 reach 1.00
upd 4551/5859 step 9,320,448 ret 399.12 len 285.4 kl 0.0087  sps 1876 reach 1.00
upd 4552/5859 step 9,322,496 ret 446.58 len 277.8 kl 0.0083  sps 1876 reach 1.00
upd 4553/5859 step 9,324,544 ret 446.61 len 283.1 kl 0.0085  sps 1876 reach 1.00
upd 4554/5859 step 9,326,592 ret 434.68 len 278.3 kl 0.0103  sps 1877 reach 1.00
upd 4555/5859 step 9,328,640 ret 408.78 len 274.7 kl 0.0118  sps 1877 reach 1.00
upd 4556/5859 step 9,330,688 ret 394.83 len 275.6 kl 0.0074  sps 1877 reach 1.00
upd 4557/5859 step 9,332,736 ret 362.34 len 275.6 kl 0.0172  sps 1877 reach 1.00
upd 4558/5859 step 9,334,784 ret 323.13 len 277.4 kl 0.0096  sps 1877 reach 1.00
upd 4559/5859 step 9,336,832 ret 321.96 len 275.1 kl 0.0096  sps 1877 reach 1.00
upd 4560/5859 step 9,338,880 ret 329.27 len 273.1 kl 0.0105  sps 1877 reach 1.00
upd 4561/5859 step 9,340,928 ret 326.54 len 272.9 kl 0.0105  sps 1877 reach 1.00
upd 4562/5859 step 9,342,976 ret 310.62 len 272.9 kl 0.0136  sps 1877 reach 1.00
upd 4563/5859 step 9,345,024 ret 310.2 len 278.6 kl 0.0071  sps 1877 reach 1.00
upd 4564/5859 step 9,347,072 ret 334.4 len 275.6 kl 0.0122  sps 1877 reach 1.00
upd 4565/5859 step 9,349,120 ret 313.1 len 286.3 kl 0.0109  sps 1877 reach 1.00
upd 4566/5859 step 9,351,168 ret 324.89 len 281.6 kl 0.0087  sps 1878 reach 1.00
upd 4567/5859 step 9,353,216 ret 331.75 len 290.2 kl 0.0088  sps 1878 reach 1.00
upd 4568/5859 step 9,355,264 ret 355.79 len 281.1 kl 0.0110  sps 1878 reach 1.00
upd 4569/5859 step 9,357,312 ret 316.25 len 276.4 kl 0.0079  sps 1878 reach 1.00
upd 4570/5859 step 9,359,360 ret 310.42 len 274.1 kl 0.0132  sps 1878 reach 1.00
upd 4571/5859 step 9,361,408 ret 304.91 len 272.5 kl 0.0124  sps 1878 reach 1.00
upd 4572/5859 step 9,363,456 ret 298.6 len 264.6 kl 0.0112  sps 1878 reach 1.00
upd 4573/5859 step 9,365,504 ret 328.41 len 267.6 kl 0.0093  sps 1878 reach 1.00
upd 4574/5859 step 9,367,552 ret 342.26 len 262.6 kl 0.0135  sps 1878 reach 1.00
upd 4575/5859 step 9,369,600 ret 366.65 len 266.1 kl 0.0104  sps 1878 reach 1.00
upd 4576/5859 step 9,371,648 ret 381.95 len 272.2 kl 0.0112  sps 1878 reach 1.00
upd 4577/5859 step 9,373,696 ret 364.35 len 271.7 kl 0.0121  sps 1879 reach 1.00
upd 4578/5859 step 9,375,744 ret 328.09 len 270.5 kl 0.0075  sps 1879 reach 1.00
upd 4579/5859 step 9,377,792 ret 345.92 len 277.0 kl 0.0116  sps 1879 reach 1.00
upd 4580/5859 step 9,379,840 ret 299.49 len 276.2 kl 0.0083  sps 1879 reach 1.00
upd 4581/5859 step 9,381,888 ret 268.89 len 271.1 kl 0.0092  sps 1879 reach 1.00
upd 4582/5859 step 9,383,936 ret 256.5 len 273.1 kl 0.0105  sps 1879 reach 1.00
upd 4583/5859 step 9,385,984 ret 299.33 len 277.3 kl 0.0133  sps 1879 reach 1.00
upd 4584/5859 step 9,388,032 ret 257.78 len 279.6 kl 0.0111  sps 1879 reach 1.00
upd 4585/5859 step 9,390,080 ret 256.63 len 279.8 kl 0.0177  sps 1879 reach 1.00
upd 4586/5859 step 9,392,128 ret 272.82 len 279.8 kl 0.0124  sps 1879 reach 1.00
upd 4587/5859 step 9,394,176 ret 329.53 len 283.0 kl 0.0119  sps 1880 reach 1.00
upd 4588/5859 step 9,396,224 ret 371.03 len 280.3 kl 0.0084  sps 1880 reach 1.00
upd 4589/5859 step 9,398,272 ret 382.09 len 278.6 kl 0.0097  sps 1880 reach 1.00
upd 4590/5859 step 9,400,320 ret 383.99 len 276.7 kl 0.0147  sps 1880 reach 1.00
upd 4591/5859 step 9,402,368 ret 420.99 len 275.0 kl 0.0071  sps 1880 reach 1.00
upd 4592/5859 step 9,404,416 ret 365.93 len 272.7 kl 0.0134  sps 1880 reach 1.00
upd 4593/5859 step 9,406,464 ret 327.05 len 270.1 kl 0.0122  sps 1880 reach 1.00
upd 4594/5859 step 9,408,512 ret 328.87 len 276.1 kl 0.0075  sps 1880 reach 1.00
upd 4595/5859 step 9,410,560 ret 327.79 len 282.8 kl 0.0074  sps 1880 reach 1.00
upd 4596/5859 step 9,412,608 ret 314.66 len 282.8 kl 0.0110  sps 1880 reach 1.00
upd 4597/5859 step 9,414,656 ret 282.15 len 287.7 kl 0.0110  sps 1880 reach 1.00
upd 4598/5859 step 9,416,704 ret 286.86 len 290.4 kl 0.0102  sps 1881 reach 1.00
upd 4599/5859 step 9,418,752 ret 296.88 len 288.1 kl 0.0091  sps 1881 reach 1.00
upd 4600/5859 step 9,420,800 ret 236.48 len 284.8 kl 0.0106  sps 1881 reach 1.00
upd 4601/5859 step 9,422,848 ret 248.29 len 281.2 kl 0.0095  sps 1881 reach 1.00
upd 4602/5859 step 9,424,896 ret 299.13 len 273.7 kl 0.0112  sps 1881 reach 1.00
upd 4603/5859 step 9,426,944 ret 308.74 len 277.4 kl 0.0112  sps 1881 reach 1.00
upd 4604/5859 step 9,428,992 ret 331.54 len 278.6 kl 0.0119  sps 1881 reach 1.00
upd 4605/5859 step 9,431,040 ret 340.03 len 276.4 kl 0.0108  sps 1881 reach 1.00
upd 4606/5859 step 9,433,088 ret 386.17 len 271.3 kl 0.0107  sps 1881 reach 1.00
upd 4607/5859 step 9,435,136 ret 339.83 len 278.2 kl 0.0078  sps 1881 reach 1.00
upd 4608/5859 step 9,437,184 ret 319.85 len 282.4 kl 0.0097  sps 1882 reach 1.00
upd 4609/5859 step 9,439,232 ret 317.72 len 274.9 kl 0.0092  sps 1882 reach 1.00
upd 4610/5859 step 9,441,280 ret 292.87 len 284.0 kl 0.0119  sps 1882 reach 1.00
upd 4611/5859 step 9,443,328 ret 290.13 len 282.3 kl 0.0116  sps 1882 reach 1.00
upd 4612/5859 step 9,445,376 ret 290.55 len 287.4 kl 0.0143  sps 1882 reach 1.00
upd 4613/5859 step 9,447,424 ret 299.84 len 278.1 kl 0.0120  sps 1882 reach 1.00
upd 4614/5859 step 9,449,472 ret 296.1 len 269.9 kl 0.0113  sps 1882 reach 1.00
upd 4615/5859 step 9,451,520 ret 322.97 len 268.1 kl 0.0102  sps 1882 reach 1.00
upd 4616/5859 step 9,453,568 ret 327.45 len 265.2 kl 0.0090  sps 1882 reach 1.00
upd 4617/5859 step 9,455,616 ret 345.97 len 260.8 kl 0.0098  sps 1883 reach 1.00
upd 4618/5859 step 9,457,664 ret 387.32 len 270.2 kl 0.0117  sps 1883 reach 1.00
upd 4619/5859 step 9,459,712 ret 357.11 len 285.0 kl 0.0134  sps 1883 reach 1.00
upd 4620/5859 step 9,461,760 ret 348.52 len 283.2 kl 0.0109  sps 1883 reach 1.00
upd 4621/5859 step 9,463,808 ret 309.37 len 274.0 kl 0.0091  sps 1883 reach 1.00
upd 4622/5859 step 9,465,856 ret 301.33 len 278.0 kl 0.0100  sps 1883 reach 1.00
upd 4623/5859 step 9,467,904 ret 322.29 len 281.8 kl 0.0111  sps 1883 reach 1.00
upd 4624/5859 step 9,469,952 ret 316.83 len 281.8 kl 0.0100  sps 1883 reach 1.00
upd 4625/5859 step 9,472,000 ret 363.23 len 281.8 kl 0.0098  sps 1883 reach 1.00
upd 4626/5859 step 9,474,048 ret 340.6 len 289.9 kl 0.0125  sps 1883 reach 1.00
upd 4627/5859 step 9,476,096 ret 343.5 len 290.2 kl 0.0097  sps 1883 reach 1.00
upd 4628/5859 step 9,478,144 ret 317.05 len 287.6 kl 0.0108  sps 1883 reach 1.00
upd 4629/5859 step 9,480,192 ret 336.28 len 274.9 kl 0.0133  sps 1884 reach 1.00
upd 4630/5859 step 9,482,240 ret 326.63 len 271.1 kl 0.0144  sps 1884 reach 1.00
upd 4631/5859 step 9,484,288 ret 345.07 len 266.2 kl 0.0134  sps 1884 reach 1.00
upd 4632/5859 step 9,486,336 ret 353.45 len 268.4 kl 0.0065  sps 1884 reach 1.00
upd 4633/5859 step 9,488,384 ret 345.32 len 260.6 kl 0.0124  sps 1884 reach 1.00
upd 4634/5859 step 9,490,432 ret 399.03 len 271.8 kl 0.0134  sps 1884 reach 1.00
upd 4635/5859 step 9,492,480 ret 381.24 len 270.1 kl 0.0119  sps 1884 reach 1.00
upd 4636/5859 step 9,494,528 ret 361.46 len 274.9 kl 0.0106  sps 1884 reach 1.00
upd 4637/5859 step 9,496,576 ret 377.94 len 279.2 kl 0.0113  sps 1884 reach 1.00
upd 4638/5859 step 9,498,624 ret 367.59 len 281.1 kl 0.0100  sps 1884 reach 1.00
upd 4639/5859 step 9,500,672 ret 359.04 len 288.3 kl 0.0121  sps 1884 reach 1.00
upd 4640/5859 step 9,502,720 ret 343.9 len 293.9 kl 0.0085  sps 1884 reach 1.00
upd 4641/5859 step 9,504,768 ret 318.24 len 290.0 kl 0.0112  sps 1884 reach 1.00
upd 4642/5859 step 9,506,816 ret 315.0 len 284.1 kl 0.0074  sps 1884 reach 1.00
upd 4643/5859 step 9,508,864 ret 321.73 len 288.4 kl 0.0095  sps 1885 reach 1.00
upd 4644/5859 step 9,510,912 ret 288.89 len 288.4 kl 0.0087  sps 1885 reach 1.00
upd 4645/5859 step 9,512,960 ret 250.02 len 273.9 kl 0.0111  sps 1885 reach 1.00
upd 4646/5859 step 9,515,008 ret 272.36 len 277.8 kl 0.0094  sps 1885 reach 1.00
upd 4647/5859 step 9,517,056 ret 268.55 len 274.7 kl 0.0089  sps 1885 reach 1.00
upd 4648/5859 step 9,519,104 ret 264.84 len 280.6 kl 0.0096  sps 1885 reach 1.00
upd 4649/5859 step 9,521,152 ret 252.4 len 271.9 kl 0.0116  sps 1885 reach 1.00
upd 4650/5859 step 9,523,200 ret 280.12 len 270.9 kl 0.0113  sps 1885 reach 1.00
upd 4651/5859 step 9,525,248 ret 235.85 len 271.5 kl 0.0097  sps 1885 reach 1.00
upd 4652/5859 step 9,527,296 ret 289.01 len 269.9 kl 0.0140  sps 1885 reach 1.00
upd 4653/5859 step 9,529,344 ret 302.5 len 269.9 kl 0.0092  sps 1885 reach 1.00
upd 4654/5859 step 9,531,392 ret 282.4 len 273.1 kl 0.0103  sps 1885 reach 1.00
upd 4655/5859 step 9,533,440 ret 286.3 len 278.8 kl 0.0110  sps 1885 reach 1.00
upd 4656/5859 step 9,535,488 ret 300.12 len 278.8 kl 0.0092  sps 1885 reach 1.00
upd 4657/5859 step 9,537,536 ret 291.6 len 287.4 kl 0.0122  sps 1885 reach 1.00
upd 4658/5859 step 9,539,584 ret 276.97 len 290.7 kl 0.0112  sps 1885 reach 1.00
upd 4659/5859 step 9,541,632 ret 287.96 len 290.7 kl 0.0130  sps 1885 reach 1.00
upd 4660/5859 step 9,543,680 ret 285.77 len 289.8 kl 0.0087  sps 1886 reach 1.00
upd 4661/5859 step 9,545,728 ret 286.26 len 283.0 kl 0.0094  sps 1886 reach 1.00
upd 4662/5859 step 9,547,776 ret 303.26 len 283.0 kl 0.0073  sps 1886 reach 1.00
upd 4663/5859 step 9,549,824 ret 309.66 len 286.8 kl 0.0112  sps 1886 reach 1.00
upd 4664/5859 step 9,551,872 ret 319.52 len 286.8 kl 0.0103  sps 1886 reach 1.00
upd 4665/5859 step 9,553,920 ret 350.25 len 285.4 kl 0.0094  sps 1886 reach 1.00
upd 4666/5859 step 9,555,968 ret 356.94 len 280.1 kl 0.0080  sps 1886 reach 1.00
upd 4667/5859 step 9,558,016 ret 370.29 len 290.1 kl 0.0106  sps 1886 reach 1.00
upd 4668/5859 step 9,560,064 ret 386.29 len 290.1 kl 0.0106  sps 1886 reach 1.00
upd 4669/5859 step 9,562,112 ret 394.97 len 286.2 kl 0.0092  sps 1886 reach 1.00
upd 4670/5859 step 9,564,160 ret 405.2 len 289.1 kl 0.0078  sps 1886 reach 1.00
upd 4671/5859 step 9,566,208 ret 346.81 len 279.2 kl 0.0084  sps 1886 reach 1.00
upd 4672/5859 step 9,568,256 ret 339.72 len 283.9 kl 0.0073  sps 1886 reach 1.00
upd 4673/5859 step 9,570,304 ret 319.73 len 283.9 kl 0.0086  sps 1886 reach 1.00
upd 4674/5859 step 9,572,352 ret 316.1 len 277.9 kl 0.0087  sps 1886 reach 1.00
upd 4675/5859 step 9,574,400 ret 349.69 len 283.5 kl 0.0112  sps 1886 reach 1.00
upd 4676/5859 step 9,576,448 ret 334.32 len 283.5 kl 0.0091  sps 1886 reach 1.00
upd 4677/5859 step 9,578,496 ret 334.1 len 289.9 kl 0.0143  sps 1886 reach 1.00
upd 4678/5859 step 9,580,544 ret 341.19 len 286.8 kl 0.0073  sps 1886 reach 1.00
upd 4679/5859 step 9,582,592 ret 385.2 len 289.1 kl 0.0115  sps 1886 reach 1.00
upd 4680/5859 step 9,584,640 ret 372.95 len 291.7 kl 0.0108  sps 1886 reach 1.00
upd 4681/5859 step 9,586,688 ret 350.1 len 289.3 kl 0.0128  sps 1886 reach 1.00
upd 4682/5859 step 9,588,736 ret 354.18 len 288.8 kl 0.0150  sps 1886 reach 1.00
upd 4683/5859 step 9,590,784 ret 319.41 len 288.8 kl 0.0106  sps 1887 reach 1.00
upd 4684/5859 step 9,592,832 ret 348.56 len 291.7 kl 0.0107  sps 1887 reach 1.00
upd 4685/5859 step 9,594,880 ret 360.47 len 283.3 kl 0.0120  sps 1887 reach 1.00
upd 4686/5859 step 9,596,928 ret 366.74 len 280.8 kl 0.0079  sps 1887 reach 1.00
upd 4687/5859 step 9,598,976 ret 365.64 len 280.6 kl 0.0093  sps 1887 reach 1.00
upd 4688/5859 step 9,601,024 ret 378.41 len 278.4 kl 0.0108  sps 1887 reach 1.00
upd 4689/5859 step 9,603,072 ret 362.22 len 276.4 kl 0.0080  sps 1887 reach 1.00
upd 4690/5859 step 9,605,120 ret 352.49 len 272.5 kl 0.0105  sps 1887 reach 1.00
upd 4691/5859 step 9,607,168 ret 326.39 len 279.1 kl 0.0110  sps 1887 reach 1.00
upd 4692/5859 step 9,609,216 ret 339.49 len 279.1 kl 0.0113  sps 1887 reach 1.00
upd 4693/5859 step 9,611,264 ret 346.18 len 281.8 kl 0.0105  sps 1887 reach 1.00
upd 4694/5859 step 9,613,312 ret 363.39 len 280.3 kl 0.0105  sps 1887 reach 1.00
upd 4695/5859 step 9,615,360 ret 344.59 len 288.3 kl 0.0073  sps 1887 reach 1.00
upd 4696/5859 step 9,617,408 ret 318.58 len 285.3 kl 0.0088  sps 1887 reach 1.00
upd 4697/5859 step 9,619,456 ret 314.49 len 281.8 kl 0.0111  sps 1888 reach 1.00
upd 4698/5859 step 9,621,504 ret 334.57 len 277.2 kl 0.0100  sps 1888 reach 1.00
upd 4699/5859 step 9,623,552 ret 347.13 len 276.9 kl 0.0099  sps 1888 reach 1.00
upd 4700/5859 step 9,625,600 ret 356.33 len 282.6 kl 0.0086  sps 1888 reach 1.00
upd 4701/5859 step 9,627,648 ret 356.29 len 278.6 kl 0.0064  sps 1888 reach 1.00
upd 4702/5859 step 9,629,696 ret 381.16 len 275.1 kl 0.0078  sps 1888 reach 1.00
upd 4703/5859 step 9,631,744 ret 350.04 len 283.2 kl 0.0107  sps 1888 reach 1.00
upd 4704/5859 step 9,633,792 ret 286.83 len 283.2 kl 0.0155  sps 1888 reach 1.00
upd 4705/5859 step 9,635,840 ret 291.17 len 282.1 kl 0.0083  sps 1888 reach 1.00
upd 4706/5859 step 9,637,888 ret 302.16 len 277.7 kl 0.0123  sps 1888 reach 1.00
upd 4707/5859 step 9,639,936 ret 328.26 len 279.7 kl 0.0126  sps 1889 reach 1.00
upd 4708/5859 step 9,641,984 ret 319.04 len 272.9 kl 0.0123  sps 1889 reach 1.00
upd 4709/5859 step 9,644,032 ret 334.03 len 272.9 kl 0.0094  sps 1889 reach 1.00
upd 4710/5859 step 9,646,080 ret 340.06 len 279.2 kl 0.0116  sps 1889 reach 1.00
upd 4711/5859 step 9,648,128 ret 330.41 len 275.2 kl 0.0072  sps 1889 reach 1.00
upd 4712/5859 step 9,650,176 ret 306.73 len 283.7 kl 0.0093  sps 1889 reach 1.00
upd 4713/5859 step 9,652,224 ret 331.02 len 286.3 kl 0.0102  sps 1889 reach 1.00
upd 4714/5859 step 9,654,272 ret 307.76 len 293.1 kl 0.0158  sps 1889 reach 1.00
upd 4715/5859 step 9,656,320 ret 325.82 len 293.1 kl 0.0110  sps 1889 reach 1.00
upd 4716/5859 step 9,658,368 ret 322.36 len 293.1 kl 0.0087  sps 1889 reach 1.00
upd 4717/5859 step 9,660,416 ret 320.53 len 292.1 kl 0.0073  sps 1889 reach 1.00
upd 4718/5859 step 9,662,464 ret 334.59 len 288.4 kl 0.0098  sps 1890 reach 1.00
upd 4719/5859 step 9,664,512 ret 340.75 len 286.6 kl 0.0086  sps 1890 reach 1.00
upd 4720/5859 step 9,666,560 ret 336.93 len 286.6 kl 0.0099  sps 1890 reach 1.00
upd 4721/5859 step 9,668,608 ret 344.93 len 279.9 kl 0.0102  sps 1890 reach 1.00
upd 4722/5859 step 9,670,656 ret 367.7 len 279.9 kl 0.0107  sps 1890 reach 1.00
upd 4723/5859 step 9,672,704 ret 343.27 len 284.8 kl 0.0083  sps 1890 reach 1.00
upd 4724/5859 step 9,674,752 ret 313.89 len 291.9 kl 0.0101  sps 1890 reach 1.00
upd 4725/5859 step 9,676,800 ret 325.39 len 287.7 kl 0.0123  sps 1890 reach 1.00
upd 4726/5859 step 9,678,848 ret 327.1 len 290.5 kl 0.0078  sps 1890 reach 1.00
upd 4727/5859 step 9,680,896 ret 320.23 len 294.3 kl 0.0094  sps 1890 reach 1.00
upd 4728/5859 step 9,682,944 ret 307.33 len 282.7 kl 0.0096  sps 1890 reach 1.00
upd 4729/5859 step 9,684,992 ret 325.67 len 272.5 kl 0.0105  sps 1890 reach 1.00
upd 4730/5859 step 9,687,040 ret 307.12 len 278.2 kl 0.0080  sps 1890 reach 1.00
upd 4731/5859 step 9,689,088 ret 314.0 len 278.2 kl 0.0091  sps 1890 reach 1.00
upd 4732/5859 step 9,691,136 ret 327.12 len 276.4 kl 0.0088  sps 1891 reach 1.00
upd 4733/5859 step 9,693,184 ret 331.0 len 277.6 kl 0.0083  sps 1891 reach 1.00
upd 4734/5859 step 9,695,232 ret 324.18 len 291.8 kl 0.0089  sps 1891 reach 1.00
upd 4735/5859 step 9,697,280 ret 384.15 len 296.2 kl 0.0104  sps 1891 reach 1.00
upd 4736/5859 step 9,699,328 ret 405.06 len 292.9 kl 0.0110  sps 1891 reach 1.00
upd 4737/5859 step 9,701,376 ret 414.43 len 294.7 kl 0.0091  sps 1891 reach 1.00
upd 4738/5859 step 9,703,424 ret 372.4 len 295.4 kl 0.0117  sps 1891 reach 1.00
upd 4739/5859 step 9,705,472 ret 357.34 len 296.7 kl 0.0121  sps 1891 reach 1.00
upd 4740/5859 step 9,707,520 ret 321.62 len 296.7 kl 0.0191  sps 1891 reach 1.00
upd 4741/5859 step 9,709,568 ret 300.79 len 294.6 kl 0.0116  sps 1891 reach 1.00
upd 4742/5859 step 9,711,616 ret 273.62 len 297.9 kl 0.0086  sps 1891 reach 1.00
upd 4743/5859 step 9,713,664 ret 259.9 len 297.9 kl 0.0133  sps 1891 reach 1.00
upd 4744/5859 step 9,715,712 ret 257.95 len 290.4 kl 0.0118  sps 1891 reach 1.00
upd 4745/5859 step 9,717,760 ret 295.32 len 290.4 kl 0.0074  sps 1892 reach 1.00
upd 4746/5859 step 9,719,808 ret 299.14 len 284.9 kl 0.0099  sps 1892 reach 1.00
upd 4747/5859 step 9,721,856 ret 315.75 len 287.1 kl 0.0086  sps 1892 reach 1.00
upd 4748/5859 step 9,723,904 ret 306.11 len 282.6 kl 0.0102  sps 1892 reach 1.00
upd 4749/5859 step 9,725,952 ret 381.45 len 280.4 kl 0.0095  sps 1892 reach 1.00
upd 4750/5859 step 9,728,000 ret 390.37 len 283.4 kl 0.0089  sps 1892 reach 1.00
upd 4751/5859 step 9,730,048 ret 342.98 len 284.2 kl 0.0125  sps 1892 reach 1.00
upd 4752/5859 step 9,732,096 ret 364.05 len 284.2 kl 0.0106  sps 1892 reach 1.00
upd 4753/5859 step 9,734,144 ret 390.58 len 279.5 kl 0.0118  sps 1892 reach 1.00
upd 4754/5859 step 9,736,192 ret 353.36 len 288.4 kl 0.0107  sps 1892 reach 1.00
upd 4755/5859 step 9,738,240 ret 337.85 len 278.7 kl 0.0098  sps 1892 reach 1.00
upd 4756/5859 step 9,740,288 ret 348.53 len 283.4 kl 0.0089  sps 1892 reach 1.00
upd 4757/5859 step 9,742,336 ret 363.74 len 278.2 kl 0.0078  sps 1892 reach 1.00
upd 4758/5859 step 9,744,384 ret 335.9 len 272.0 kl 0.0097  sps 1892 reach 1.00
upd 4759/5859 step 9,746,432 ret 334.51 len 272.0 kl 0.0121  sps 1893 reach 1.00
upd 4760/5859 step 9,748,480 ret 311.65 len 281.4 kl 0.0075  sps 1893 reach 1.00
upd 4761/5859 step 9,750,528 ret 353.46 len 271.6 kl 0.0078  sps 1893 reach 1.00
upd 4762/5859 step 9,752,576 ret 311.21 len 276.9 kl 0.0101  sps 1893 reach 1.00
upd 4763/5859 step 9,754,624 ret 316.98 len 273.8 kl 0.0114  sps 1893 reach 1.00
upd 4764/5859 step 9,756,672 ret 321.77 len 281.9 kl 0.0101  sps 1893 reach 1.00
upd 4765/5859 step 9,758,720 ret 336.71 len 276.9 kl 0.0116  sps 1893 reach 1.00
upd 4766/5859 step 9,760,768 ret 292.88 len 279.5 kl 0.0086  sps 1893 reach 1.00
upd 4767/5859 step 9,762,816 ret 303.45 len 278.0 kl 0.0103  sps 1893 reach 1.00
upd 4768/5859 step 9,764,864 ret 346.76 len 281.5 kl 0.0086  sps 1893 reach 1.00
upd 4769/5859 step 9,766,912 ret 384.85 len 283.8 kl 0.0069  sps 1893 reach 1.00
upd 4770/5859 step 9,768,960 ret 371.92 len 283.8 kl 0.0091  sps 1893 reach 1.00
upd 4771/5859 step 9,771,008 ret 377.93 len 296.5 kl 0.0096  sps 1894 reach 1.00
upd 4772/5859 step 9,773,056 ret 383.35 len 298.4 kl 0.0086  sps 1894 reach 1.00
upd 4773/5859 step 9,775,104 ret 383.89 len 300.0 kl 0.0101  sps 1894 reach 1.00
upd 4774/5859 step 9,777,152 ret 384.59 len 294.9 kl 0.0095  sps 1894 reach 1.00
upd 4775/5859 step 9,779,200 ret 389.4 len 283.8 kl 0.0069  sps 1894 reach 1.00
upd 4776/5859 step 9,781,248 ret 389.98 len 283.8 kl 0.0125  sps 1894 reach 1.00
upd 4777/5859 step 9,783,296 ret 377.05 len 278.8 kl 0.0092  sps 1894 reach 1.00
upd 4778/5859 step 9,785,344 ret 370.21 len 277.6 kl 0.0095  sps 1894 reach 1.00
upd 4779/5859 step 9,787,392 ret 367.29 len 277.6 kl 0.0084  sps 1894 reach 1.00
upd 4780/5859 step 9,789,440 ret 331.44 len 288.8 kl 0.0096  sps 1894 reach 1.00
upd 4781/5859 step 9,791,488 ret 294.87 len 293.3 kl 0.0079  sps 1894 reach 1.00
upd 4782/5859 step 9,793,536 ret 310.8 len 292.9 kl 0.0117  sps 1894 reach 1.00
upd 4783/5859 step 9,795,584 ret 306.77 len 297.9 kl 0.0094  sps 1894 reach 1.00
upd 4784/5859 step 9,797,632 ret 276.28 len 295.5 kl 0.0098  sps 1895 reach 1.00
upd 4785/5859 step 9,799,680 ret 281.39 len 290.1 kl 0.0092  sps 1895 reach 1.00
upd 4786/5859 step 9,801,728 ret 309.28 len 289.4 kl 0.0087  sps 1895 reach 1.00
upd 4787/5859 step 9,803,776 ret 295.15 len 290.0 kl 0.0084  sps 1895 reach 1.00
upd 4788/5859 step 9,805,824 ret 263.46 len 290.4 kl 0.0103  sps 1895 reach 1.00
upd 4789/5859 step 9,807,872 ret 272.09 len 286.3 kl 0.0092  sps 1895 reach 1.00
upd 4790/5859 step 9,809,920 ret 322.81 len 289.8 kl 0.0110  sps 1895 reach 1.00
upd 4791/5859 step 9,811,968 ret 316.28 len 292.1 kl 0.0074  sps 1895 reach 1.00
upd 4792/5859 step 9,814,016 ret 302.79 len 278.6 kl 0.0074  sps 1895 reach 1.00
upd 4793/5859 step 9,816,064 ret 379.81 len 266.8 kl 0.0071  sps 1895 reach 1.00
upd 4794/5859 step 9,818,112 ret 373.81 len 269.6 kl 0.0085  sps 1896 reach 1.00
upd 4795/5859 step 9,820,160 ret 326.62 len 269.6 kl 0.0145  sps 1896 reach 1.00
upd 4796/5859 step 9,822,208 ret 325.4 len 267.2 kl 0.0100  sps 1896 reach 1.00
upd 4797/5859 step 9,824,256 ret 320.97 len 278.2 kl 0.0102  sps 1896 reach 1.00
upd 4798/5859 step 9,826,304 ret 334.72 len 286.0 kl 0.0110  sps 1896 reach 1.00
upd 4799/5859 step 9,828,352 ret 292.76 len 293.3 kl 0.0095  sps 1896 reach 1.00
upd 4800/5859 step 9,830,400 ret 299.01 len 284.5 kl 0.0098  sps 1896 reach 1.00
upd 4801/5859 step 9,832,448 ret 319.87 len 289.9 kl 0.0099  sps 1896 reach 1.00
upd 4802/5859 step 9,834,496 ret 322.02 len 286.0 kl 0.0096  sps 1896 reach 1.00
upd 4803/5859 step 9,836,544 ret 313.15 len 286.0 kl 0.0074  sps 1896 reach 1.00
upd 4804/5859 step 9,838,592 ret 318.51 len 286.0 kl 0.0136  sps 1896 reach 1.00
upd 4805/5859 step 9,840,640 ret 304.32 len 286.1 kl 0.0103  sps 1897 reach 1.00
upd 4806/5859 step 9,842,688 ret 266.53 len 290.4 kl 0.0112  sps 1897 reach 1.00
upd 4807/5859 step 9,844,736 ret 284.26 len 286.4 kl 0.0084  sps 1897 reach 1.00
upd 4808/5859 step 9,846,784 ret 272.31 len 283.4 kl 0.0084  sps 1897 reach 1.00
upd 4809/5859 step 9,848,832 ret 267.86 len 273.9 kl 0.0076  sps 1897 reach 1.00
upd 4810/5859 step 9,850,880 ret 281.66 len 279.6 kl 0.0104  sps 1897 reach 1.00
upd 4811/5859 step 9,852,928 ret 316.92 len 279.6 kl 0.0111  sps 1897 reach 1.00
upd 4812/5859 step 9,854,976 ret 327.87 len 275.9 kl 0.0091  sps 1897 reach 1.00
upd 4813/5859 step 9,857,024 ret 306.94 len 268.3 kl 0.0105  sps 1897 reach 1.00
upd 4814/5859 step 9,859,072 ret 291.91 len 272.7 kl 0.0091  sps 1897 reach 1.00
upd 4815/5859 step 9,861,120 ret 309.74 len 268.9 kl 0.0076  sps 1897 reach 1.00
upd 4816/5859 step 9,863,168 ret 264.76 len 266.4 kl 0.0107  sps 1897 reach 1.00
upd 4817/5859 step 9,865,216 ret 267.5 len 264.3 kl 0.0093  sps 1897 reach 1.00
upd 4818/5859 step 9,867,264 ret 257.76 len 272.3 kl 0.0125  sps 1897 reach 1.00
upd 4819/5859 step 9,869,312 ret 287.56 len 276.3 kl 0.0100  sps 1897 reach 1.00
upd 4820/5859 step 9,871,360 ret 299.14 len 281.8 kl 0.0101  sps 1897 reach 1.00
upd 4821/5859 step 9,873,408 ret 316.78 len 274.9 kl 0.0094  sps 1897 reach 1.00
upd 4822/5859 step 9,875,456 ret 329.99 len 277.6 kl 0.0126  sps 1898 reach 1.00
upd 4823/5859 step 9,877,504 ret 336.55 len 273.7 kl 0.0126  sps 1898 reach 1.00
upd 4824/5859 step 9,879,552 ret 322.78 len 275.7 kl 0.0086  sps 1898 reach 1.00
upd 4825/5859 step 9,881,600 ret 305.62 len 273.0 kl 0.0099  sps 1898 reach 1.00
upd 4826/5859 step 9,883,648 ret 271.72 len 266.1 kl 0.0089  sps 1898 reach 1.00
upd 4827/5859 step 9,885,696 ret 288.83 len 268.8 kl 0.0086  sps 1898 reach 1.00
upd 4828/5859 step 9,887,744 ret 278.57 len 269.8 kl 0.0111  sps 1898 reach 1.00
upd 4829/5859 step 9,889,792 ret 309.05 len 269.8 kl 0.0104  sps 1898 reach 1.00
upd 4830/5859 step 9,891,840 ret 345.99 len 277.5 kl 0.0106  sps 1898 reach 1.00
upd 4831/5859 step 9,893,888 ret 342.17 len 277.5 kl 0.0120  sps 1898 reach 1.00
upd 4832/5859 step 9,895,936 ret 357.93 len 284.5 kl 0.0090  sps 1898 reach 1.00
upd 4833/5859 step 9,897,984 ret 343.11 len 284.2 kl 0.0094  sps 1898 reach 1.00
upd 4834/5859 step 9,900,032 ret 311.15 len 284.4 kl 0.0069  sps 1898 reach 1.00
upd 4835/5859 step 9,902,080 ret 297.73 len 283.6 kl 0.0106  sps 1898 reach 1.00
upd 4836/5859 step 9,904,128 ret 296.15 len 279.0 kl 0.0089  sps 1898 reach 1.00
upd 4837/5859 step 9,906,176 ret 306.7 len 282.7 kl 0.0085  sps 1898 reach 1.00
upd 4838/5859 step 9,908,224 ret 283.27 len 279.8 kl 0.0111  sps 1898 reach 1.00
upd 4839/5859 step 9,910,272 ret 268.51 len 280.2 kl 0.0110  sps 1898 reach 1.00
upd 4840/5859 step 9,912,320 ret 282.16 len 280.0 kl 0.0084  sps 1898 reach 1.00
upd 4841/5859 step 9,914,368 ret 311.52 len 284.2 kl 0.0075  sps 1898 reach 1.00
upd 4842/5859 step 9,916,416 ret 277.41 len 275.6 kl 0.0102  sps 1898 reach 1.00
upd 4843/5859 step 9,918,464 ret 307.56 len 275.6 kl 0.0099  sps 1899 reach 1.00
upd 4844/5859 step 9,920,512 ret 309.02 len 276.5 kl 0.0096  sps 1899 reach 1.00
upd 4845/5859 step 9,922,560 ret 307.06 len 281.2 kl 0.0091  sps 1899 reach 1.00
upd 4846/5859 step 9,924,608 ret 299.17 len 286.1 kl 0.0073  sps 1899 reach 1.00
upd 4847/5859 step 9,926,656 ret 294.03 len 286.4 kl 0.0094  sps 1899 reach 1.00
upd 4848/5859 step 9,928,704 ret 323.57 len 289.9 kl 0.0090  sps 1899 reach 1.00
upd 4849/5859 step 9,930,752 ret 349.35 len 285.9 kl 0.0093  sps 1899 reach 1.00
upd 4850/5859 step 9,932,800 ret 340.29 len 282.8 kl 0.0074  sps 1899 reach 1.00
upd 4851/5859 step 9,934,848 ret 341.88 len 276.1 kl 0.0123  sps 1899 reach 1.00
upd 4852/5859 step 9,936,896 ret 356.05 len 274.3 kl 0.0061  sps 1899 reach 1.00
upd 4853/5859 step 9,938,944 ret 384.29 len 279.2 kl 0.0074  sps 1899 reach 1.00
upd 4854/5859 step 9,940,992 ret 303.61 len 257.0 kl 0.0091  sps 1899 reach 1.00
upd 4855/5859 step 9,943,040 ret 282.57 len 257.5 kl 0.0126  sps 1899 reach 1.00
upd 4856/5859 step 9,945,088 ret 292.92 len 261.8 kl 0.0094  sps 1900 reach 1.00
upd 4857/5859 step 9,947,136 ret 307.23 len 253.7 kl 0.0136  sps 1900 reach 1.00
upd 4858/5859 step 9,949,184 ret 278.67 len 259.2 kl 0.0067  sps 1900 reach 1.00
upd 4859/5859 step 9,951,232 ret 287.72 len 270.4 kl 0.0104  sps 1900 reach 1.00
upd 4860/5859 step 9,953,280 ret 333.14 len 264.7 kl 0.0105  sps 1900 reach 1.00
upd 4861/5859 step 9,955,328 ret 325.5 len 261.8 kl 0.0089  sps 1900 reach 1.00
upd 4862/5859 step 9,957,376 ret 327.73 len 269.9 kl 0.0128  sps 1900 reach 1.00
upd 4863/5859 step 9,959,424 ret 345.25 len 271.2 kl 0.0095  sps 1900 reach 1.00
upd 4864/5859 step 9,961,472 ret 403.64 len 261.3 kl 0.0087  sps 1900 reach 1.00
upd 4865/5859 step 9,963,520 ret 379.5 len 272.1 kl 0.0101  sps 1900 reach 1.00
upd 4866/5859 step 9,965,568 ret 396.5 len 280.9 kl 0.0083  sps 1900 reach 1.00
upd 4867/5859 step 9,967,616 ret 369.76 len 275.6 kl 0.0092  sps 1900 reach 1.00
upd 4868/5859 step 9,969,664 ret 352.76 len 271.2 kl 0.0110  sps 1900 reach 1.00
upd 4869/5859 step 9,971,712 ret 328.05 len 274.9 kl 0.0093  sps 1900 reach 1.00
upd 4870/5859 step 9,973,760 ret 321.93 len 274.2 kl 0.0088  sps 1900 reach 1.00
upd 4871/5859 step 9,975,808 ret 293.11 len 261.3 kl 0.0056  sps 1900 reach 1.00
upd 4872/5859 step 9,977,856 ret 325.18 len 260.1 kl 0.0120  sps 1900 reach 1.00
upd 4873/5859 step 9,979,904 ret 312.41 len 253.7 kl 0.0078  sps 1900 reach 1.00
upd 4874/5859 step 9,981,952 ret 288.73 len 257.0 kl 0.0102  sps 1900 reach 1.00
upd 4875/5859 step 9,984,000 ret 287.56 len 255.6 kl 0.0091  sps 1901 reach 1.00
upd 4876/5859 step 9,986,048 ret 286.1 len 260.3 kl 0.0117  sps 1901 reach 1.00
upd 4877/5859 step 9,988,096 ret 256.84 len 268.5 kl 0.0134  sps 1901 reach 1.00
upd 4878/5859 step 9,990,144 ret 280.06 len 268.9 kl 0.0069  sps 1901 reach 1.00
upd 4879/5859 step 9,992,192 ret 275.86 len 285.0 kl 0.0080  sps 1901 reach 1.00
upd 4880/5859 step 9,994,240 ret 282.81 len 282.8 kl 0.0067  sps 1901 reach 1.00
upd 4881/5859 step 9,996,288 ret 268.08 len 283.7 kl 0.0085  sps 1901 reach 1.00
upd 4882/5859 step 9,998,336 ret 295.68 len 288.2 kl 0.0070  sps 1901 reach 1.00
upd 4883/5859 step 10,000,384 ret 310.8 len 282.5 kl 0.0088  sps 1901 reach 1.00
upd 4884/5859 step 10,002,432 ret 291.36 len 284.2 kl 0.0060  sps 1901 reach 1.00
upd 4885/5859 step 10,004,480 ret 309.94 len 284.7 kl 0.0139  sps 1902 reach 1.00
upd 4886/5859 step 10,006,528 ret 322.53 len 289.1 kl 0.0111  sps 1902 reach 1.00
upd 4887/5859 step 10,008,576 ret 363.75 len 279.7 kl 0.0114  sps 1902 reach 1.00
upd 4888/5859 step 10,010,624 ret 368.99 len 285.6 kl 0.0100  sps 1902 reach 1.00
upd 4889/5859 step 10,012,672 ret 364.67 len 267.8 kl 0.0088  sps 1902 reach 1.00
upd 4890/5859 step 10,014,720 ret 354.75 len 252.8 kl 0.0125  sps 1902 reach 1.00
upd 4891/5859 step 10,016,768 ret 365.55 len 247.2 kl 0.0103  sps 1902 reach 1.00
upd 4892/5859 step 10,018,816 ret 343.57 len 251.6 kl 0.0088  sps 1902 reach 1.00
upd 4893/5859 step 10,020,864 ret 312.58 len 251.6 kl 0.0085  sps 1902 reach 1.00
upd 4894/5859 step 10,022,912 ret 290.07 len 267.2 kl 0.0110  sps 1902 reach 1.00
upd 4895/5859 step 10,024,960 ret 340.41 len 281.3 kl 0.0064  sps 1902 reach 1.00
upd 4896/5859 step 10,027,008 ret 332.56 len 289.5 kl 0.0096  sps 1902 reach 1.00
upd 4897/5859 step 10,029,056 ret 352.67 len 295.0 kl 0.0086  sps 1902 reach 1.00
upd 4898/5859 step 10,031,104 ret 350.42 len 295.1 kl 0.0091  sps 1903 reach 1.00
upd 4899/5859 step 10,033,152 ret 356.84 len 295.1 kl 0.0103  sps 1903 reach 1.00
upd 4900/5859 step 10,035,200 ret 372.35 len 295.1 kl 0.0069  sps 1903 reach 1.00
upd 4901/5859 step 10,037,248 ret 359.13 len 286.9 kl 0.0072  sps 1903 reach 1.00
upd 4902/5859 step 10,039,296 ret 354.74 len 285.6 kl 0.0099  sps 1903 reach 1.00
upd 4903/5859 step 10,041,344 ret 327.72 len 280.2 kl 0.0103  sps 1903 reach 1.00
upd 4904/5859 step 10,043,392 ret 341.14 len 282.6 kl 0.0094  sps 1903 reach 1.00
upd 4905/5859 step 10,045,440 ret 321.79 len 278.8 kl 0.0100  sps 1903 reach 1.00
upd 4906/5859 step 10,047,488 ret 308.59 len 282.1 kl 0.0074  sps 1903 reach 1.00
upd 4907/5859 step 10,049,536 ret 319.92 len 286.9 kl 0.0065  sps 1903 reach 1.00
upd 4908/5859 step 10,051,584 ret 340.63 len 289.4 kl 0.0107  sps 1903 reach 1.00
upd 4909/5859 step 10,053,632 ret 329.61 len 292.0 kl 0.0101  sps 1903 reach 1.00
upd 4910/5859 step 10,055,680 ret 325.56 len 292.0 kl 0.0072  sps 1903 reach 1.00
upd 4911/5859 step 10,057,728 ret 367.89 len 295.9 kl 0.0077  sps 1903 reach 1.00
upd 4912/5859 step 10,059,776 ret 366.13 len 289.9 kl 0.0102  sps 1904 reach 1.00
upd 4913/5859 step 10,061,824 ret 335.26 len 284.6 kl 0.0070  sps 1904 reach 1.00
upd 4914/5859 step 10,063,872 ret 365.01 len 288.0 kl 0.0100  sps 1904 reach 1.00
upd 4915/5859 step 10,065,920 ret 381.76 len 283.4 kl 0.0085  sps 1904 reach 1.00
upd 4916/5859 step 10,067,968 ret 393.7 len 283.4 kl 0.0107  sps 1904 reach 1.00
upd 4917/5859 step 10,070,016 ret 350.6 len 276.7 kl 0.0114  sps 1904 reach 1.00
upd 4918/5859 step 10,072,064 ret 344.19 len 273.3 kl 0.0087  sps 1904 reach 1.00
upd 4919/5859 step 10,074,112 ret 313.67 len 275.1 kl 0.0089  sps 1904 reach 1.00
upd 4920/5859 step 10,076,160 ret 298.13 len 275.8 kl 0.0102  sps 1904 reach 1.00
upd 4921/5859 step 10,078,208 ret 347.19 len 280.4 kl 0.0101  sps 1904 reach 1.00
upd 4922/5859 step 10,080,256 ret 356.24 len 277.2 kl 0.0112  sps 1904 reach 1.00
upd 4923/5859 step 10,082,304 ret 378.07 len 278.2 kl 0.0098  sps 1905 reach 1.00
upd 4924/5859 step 10,084,352 ret 406.42 len 291.1 kl 0.0084  sps 1905 reach 1.00
upd 4925/5859 step 10,086,400 ret 391.71 len 291.1 kl 0.0082  sps 1905 reach 1.00
upd 4926/5859 step 10,088,448 ret 348.33 len 285.8 kl 0.0096  sps 1905 reach 1.00
upd 4927/5859 step 10,090,496 ret 336.48 len 283.3 kl 0.0109  sps 1905 reach 1.00
upd 4928/5859 step 10,092,544 ret 343.79 len 284.4 kl 0.0087  sps 1905 reach 1.00
upd 4929/5859 step 10,094,592 ret 354.64 len 284.3 kl 0.0074  sps 1905 reach 1.00
upd 4930/5859 step 10,096,640 ret 324.21 len 279.4 kl 0.0120  sps 1905 reach 1.00
upd 4931/5859 step 10,098,688 ret 341.54 len 284.8 kl 0.0106  sps 1905 reach 1.00
upd 4932/5859 step 10,100,736 ret 362.96 len 284.8 kl 0.0089  sps 1905 reach 1.00
upd 4933/5859 step 10,102,784 ret 347.37 len 283.3 kl 0.0076  sps 1905 reach 1.00
upd 4934/5859 step 10,104,832 ret 347.06 len 283.3 kl 0.0082  sps 1905 reach 1.00
upd 4935/5859 step 10,106,880 ret 335.35 len 278.7 kl 0.0090  sps 1905 reach 1.00
upd 4936/5859 step 10,108,928 ret 315.27 len 274.2 kl 0.0082  sps 1905 reach 1.00
upd 4937/5859 step 10,110,976 ret 316.05 len 267.6 kl 0.0081  sps 1906 reach 1.00
upd 4938/5859 step 10,113,024 ret 301.89 len 268.8 kl 0.0083  sps 1906 reach 1.00
upd 4939/5859 step 10,115,072 ret 300.63 len 274.4 kl 0.0080  sps 1906 reach 1.00
upd 4940/5859 step 10,117,120 ret 286.7 len 279.7 kl 0.0073  sps 1906 reach 1.00
upd 4941/5859 step 10,119,168 ret 284.66 len 279.3 kl 0.0087  sps 1906 reach 1.00
upd 4942/5859 step 10,121,216 ret 323.72 len 286.0 kl 0.0091  sps 1906 reach 1.00
upd 4943/5859 step 10,123,264 ret 301.03 len 289.7 kl 0.0095  sps 1906 reach 1.00
upd 4944/5859 step 10,125,312 ret 308.38 len 285.7 kl 0.0087  sps 1906 reach 1.00
upd 4945/5859 step 10,127,360 ret 331.33 len 281.8 kl 0.0095  sps 1906 reach 1.00
upd 4946/5859 step 10,129,408 ret 331.29 len 287.2 kl 0.0097  sps 1906 reach 1.00
upd 4947/5859 step 10,131,456 ret 318.65 len 282.8 kl 0.0096  sps 1907 reach 1.00
upd 4948/5859 step 10,133,504 ret 346.55 len 277.1 kl 0.0087  sps 1907 reach 1.00
upd 4949/5859 step 10,135,552 ret 323.99 len 274.9 kl 0.0074  sps 1907 reach 1.00
upd 4950/5859 step 10,137,600 ret 332.12 len 284.5 kl 0.0079  sps 1907 reach 1.00
upd 4951/5859 step 10,139,648 ret 342.37 len 284.5 kl 0.0092  sps 1907 reach 1.00
upd 4952/5859 step 10,141,696 ret 343.51 len 279.8 kl 0.0081  sps 1907 reach 1.00
upd 4953/5859 step 10,143,744 ret 318.57 len 287.9 kl 0.0068  sps 1907 reach 1.00
upd 4954/5859 step 10,145,792 ret 324.52 len 289.9 kl 0.0091  sps 1907 reach 1.00
upd 4955/5859 step 10,147,840 ret 310.22 len 291.0 kl 0.0094  sps 1907 reach 1.00
upd 4956/5859 step 10,149,888 ret 280.2 len 291.0 kl 0.0128  sps 1907 reach 1.00
upd 4957/5859 step 10,151,936 ret 264.15 len 285.0 kl 0.0117  sps 1907 reach 1.00
upd 4958/5859 step 10,153,984 ret 246.25 len 289.7 kl 0.0111  sps 1907 reach 1.00
upd 4959/5859 step 10,156,032 ret 278.56 len 289.7 kl 0.0114  sps 1907 reach 1.00
upd 4960/5859 step 10,158,080 ret 293.48 len 292.9 kl 0.0086  sps 1907 reach 1.00
upd 4961/5859 step 10,160,128 ret 330.91 len 290.4 kl 0.0106  sps 1907 reach 1.00
upd 4962/5859 step 10,162,176 ret 342.26 len 282.8 kl 0.0087  sps 1908 reach 1.00
upd 4963/5859 step 10,164,224 ret 370.46 len 281.7 kl 0.0072  sps 1908 reach 1.00
upd 4964/5859 step 10,166,272 ret 348.0 len 277.1 kl 0.0092  sps 1908 reach 1.00
upd 4965/5859 step 10,168,320 ret 356.24 len 273.1 kl 0.0081  sps 1908 reach 1.00
upd 4966/5859 step 10,170,368 ret 343.31 len 262.0 kl 0.0074  sps 1908 reach 1.00
upd 4967/5859 step 10,172,416 ret 355.78 len 266.0 kl 0.0096  sps 1908 reach 1.00
upd 4968/5859 step 10,174,464 ret 380.83 len 273.1 kl 0.0066  sps 1908 reach 1.00
upd 4969/5859 step 10,176,512 ret 386.47 len 265.4 kl 0.0064  sps 1908 reach 1.00
upd 4970/5859 step 10,178,560 ret 394.45 len 274.0 kl 0.0103  sps 1908 reach 1.00
upd 4971/5859 step 10,180,608 ret 348.65 len 276.9 kl 0.0112  sps 1908 reach 1.00
upd 4972/5859 step 10,182,656 ret 332.6 len 282.6 kl 0.0046  sps 1908 reach 1.00
upd 4973/5859 step 10,184,704 ret 330.88 len 286.2 kl 0.0092  sps 1908 reach 1.00
upd 4974/5859 step 10,186,752 ret 329.65 len 289.3 kl 0.0079  sps 1908 reach 1.00
upd 4975/5859 step 10,188,800 ret 320.83 len 291.9 kl 0.0096  sps 1908 reach 1.00
upd 4976/5859 step 10,190,848 ret 302.17 len 296.6 kl 0.0050  sps 1908 reach 1.00
upd 4977/5859 step 10,192,896 ret 301.71 len 296.6 kl 0.0100  sps 1908 reach 1.00
upd 4978/5859 step 10,194,944 ret 320.09 len 293.7 kl 0.0094  sps 1909 reach 1.00
upd 4979/5859 step 10,196,992 ret 284.98 len 293.7 kl 0.0109  sps 1909 reach 1.00
upd 4980/5859 step 10,199,040 ret 223.8 len 295.8 kl 0.0125  sps 1909 reach 1.00
upd 4981/5859 step 10,201,088 ret 253.1 len 295.8 kl 0.0094  sps 1909 reach 1.00
upd 4982/5859 step 10,203,136 ret 287.77 len 297.1 kl 0.0065  sps 1909 reach 1.00
upd 4983/5859 step 10,205,184 ret 340.75 len 284.7 kl 0.0088  sps 1909 reach 1.00
upd 4984/5859 step 10,207,232 ret 320.18 len 275.1 kl 0.0073  sps 1909 reach 1.00
upd 4985/5859 step 10,209,280 ret 342.19 len 269.4 kl 0.0091  sps 1909 reach 1.00
upd 4986/5859 step 10,211,328 ret 327.47 len 267.6 kl 0.0092  sps 1909 reach 1.00
upd 4987/5859 step 10,213,376 ret 311.02 len 267.6 kl 0.0095  sps 1909 reach 1.00
upd 4988/5859 step 10,215,424 ret 308.2 len 272.9 kl 0.0093  sps 1909 reach 1.00
upd 4989/5859 step 10,217,472 ret 319.98 len 288.0 kl 0.0070  sps 1909 reach 1.00
upd 4990/5859 step 10,219,520 ret 319.54 len 284.3 kl 0.0093  sps 1909 reach 1.00
upd 4991/5859 step 10,221,568 ret 354.08 len 290.0 kl 0.0095  sps 1909 reach 1.00
upd 4992/5859 step 10,223,616 ret 366.2 len 282.5 kl 0.0095  sps 1909 reach 1.00
upd 4993/5859 step 10,225,664 ret 369.96 len 279.8 kl 0.0088  sps 1909 reach 1.00
upd 4994/5859 step 10,227,712 ret 357.17 len 280.8 kl 0.0113  sps 1909 reach 1.00
upd 4995/5859 step 10,229,760 ret 333.65 len 280.8 kl 0.0100  sps 1909 reach 1.00
upd 4996/5859 step 10,231,808 ret 330.6 len 284.4 kl 0.0089  sps 1910 reach 1.00
upd 4997/5859 step 10,233,856 ret 325.32 len 288.8 kl 0.0086  sps 1910 reach 1.00
upd 4998/5859 step 10,235,904 ret 275.23 len 290.4 kl 0.0075  sps 1910 reach 1.00
upd 4999/5859 step 10,237,952 ret 291.94 len 288.8 kl 0.0088  sps 1910 reach 1.00
upd 5000/5859 step 10,240,000 ret 288.75 len 292.4 kl 0.0074  sps 1910 reach 1.00
upd 5001/5859 step 10,242,048 ret 319.76 len 292.4 kl 0.0091  sps 1910 reach 1.00
upd 5002/5859 step 10,244,096 ret 323.19 len 289.5 kl 0.0071  sps 1910 reach 1.00
upd 5003/5859 step 10,246,144 ret 340.54 len 290.4 kl 0.0100  sps 1910 reach 1.00
upd 5004/5859 step 10,248,192 ret 352.69 len 294.7 kl 0.0095  sps 1910 reach 1.00
upd 5005/5859 step 10,250,240 ret 332.64 len 290.1 kl 0.0145  sps 1910 reach 1.00
upd 5006/5859 step 10,252,288 ret 331.9 len 290.1 kl 0.0079  sps 1910 reach 1.00
upd 5007/5859 step 10,254,336 ret 301.48 len 283.2 kl 0.0112  sps 1910 reach 1.00
upd 5008/5859 step 10,256,384 ret 270.28 len 279.5 kl 0.0087  sps 1910 reach 1.00
upd 5009/5859 step 10,258,432 ret 288.05 len 272.1 kl 0.0065  sps 1910 reach 1.00
upd 5010/5859 step 10,260,480 ret 278.92 len 276.8 kl 0.0121  sps 1910 reach 1.00
upd 5011/5859 step 10,262,528 ret 290.78 len 264.6 kl 0.0068  sps 1910 reach 1.00
upd 5012/5859 step 10,264,576 ret 311.9 len 263.0 kl 0.0062  sps 1911 reach 1.00
upd 5013/5859 step 10,266,624 ret 334.73 len 260.8 kl 0.0089  sps 1911 reach 1.00
upd 5014/5859 step 10,268,672 ret 337.07 len 263.4 kl 0.0064  sps 1911 reach 1.00
upd 5015/5859 step 10,270,720 ret 319.26 len 258.6 kl 0.0087  sps 1911 reach 1.00
upd 5016/5859 step 10,272,768 ret 299.24 len 262.7 kl 0.0119  sps 1911 reach 1.00
upd 5017/5859 step 10,274,816 ret 315.73 len 271.6 kl 0.0096  sps 1911 reach 1.00
upd 5018/5859 step 10,276,864 ret 323.81 len 275.2 kl 0.0075  sps 1911 reach 1.00
upd 5019/5859 step 10,278,912 ret 320.9 len 274.3 kl 0.0068  sps 1911 reach 1.00
upd 5020/5859 step 10,280,960 ret 319.08 len 274.3 kl 0.0100  sps 1911 reach 1.00
upd 5021/5859 step 10,283,008 ret 331.79 len 279.6 kl 0.0110  sps 1911 reach 1.00
upd 5022/5859 step 10,285,056 ret 308.76 len 267.6 kl 0.0065  sps 1911 reach 1.00
upd 5023/5859 step 10,287,104 ret 298.67 len 268.3 kl 0.0104  sps 1911 reach 1.00
upd 5024/5859 step 10,289,152 ret 300.45 len 273.8 kl 0.0086  sps 1911 reach 1.00
upd 5025/5859 step 10,291,200 ret 300.11 len 279.1 kl 0.0124  sps 1911 reach 1.00
upd 5026/5859 step 10,293,248 ret 299.34 len 279.6 kl 0.0110  sps 1911 reach 1.00
upd 5027/5859 step 10,295,296 ret 300.54 len 279.6 kl 0.0098  sps 1911 reach 1.00
upd 5028/5859 step 10,297,344 ret 334.91 len 280.2 kl 0.0061  sps 1912 reach 1.00
upd 5029/5859 step 10,299,392 ret 304.16 len 276.0 kl 0.0108  sps 1912 reach 1.00
upd 5030/5859 step 10,301,440 ret 286.78 len 276.0 kl 0.0118  sps 1912 reach 1.00
upd 5031/5859 step 10,303,488 ret 311.43 len 271.2 kl 0.0067  sps 1912 reach 1.00
upd 5032/5859 step 10,305,536 ret 309.48 len 264.0 kl 0.0074  sps 1912 reach 1.00
upd 5033/5859 step 10,307,584 ret 281.75 len 259.6 kl 0.0067  sps 1912 reach 1.00
upd 5034/5859 step 10,309,632 ret 322.61 len 256.9 kl 0.0090  sps 1912 reach 1.00
upd 5035/5859 step 10,311,680 ret 328.91 len 248.8 kl 0.0110  sps 1912 reach 1.00
upd 5036/5859 step 10,313,728 ret 338.03 len 250.4 kl 0.0057  sps 1912 reach 1.00
upd 5037/5859 step 10,315,776 ret 335.79 len 258.2 kl 0.0078  sps 1912 reach 1.00
upd 5038/5859 step 10,317,824 ret 314.56 len 267.6 kl 0.0071  sps 1912 reach 1.00
upd 5039/5859 step 10,319,872 ret 308.1 len 269.4 kl 0.0080  sps 1912 reach 1.00
upd 5040/5859 step 10,321,920 ret 320.98 len 279.8 kl 0.0066  sps 1912 reach 1.00
upd 5041/5859 step 10,323,968 ret 349.65 len 283.6 kl 0.0071  sps 1912 reach 1.00
upd 5042/5859 step 10,326,016 ret 312.72 len 285.3 kl 0.0131  sps 1912 reach 1.00
upd 5043/5859 step 10,328,064 ret 344.46 len 284.2 kl 0.0075  sps 1912 reach 1.00
upd 5044/5859 step 10,330,112 ret 336.1 len 281.2 kl 0.0070  sps 1912 reach 1.00
upd 5045/5859 step 10,332,160 ret 293.71 len 272.5 kl 0.0077  sps 1912 reach 1.00
upd 5046/5859 step 10,334,208 ret 253.96 len 262.8 kl 0.0110  sps 1912 reach 1.00
upd 5047/5859 step 10,336,256 ret 265.15 len 265.5 kl 0.0080  sps 1912 reach 1.00
upd 5048/5859 step 10,338,304 ret 281.32 len 258.4 kl 0.0080  sps 1912 reach 1.00
upd 5049/5859 step 10,340,352 ret 354.45 len 262.7 kl 0.0106  sps 1912 reach 1.00
upd 5050/5859 step 10,342,400 ret 375.09 len 263.3 kl 0.0080  sps 1913 reach 1.00
upd 5051/5859 step 10,344,448 ret 386.01 len 272.9 kl 0.0083  sps 1913 reach 1.00
upd 5052/5859 step 10,346,496 ret 404.64 len 264.7 kl 0.0093  sps 1913 reach 1.00
upd 5053/5859 step 10,348,544 ret 330.46 len 273.6 kl 0.0099  sps 1913 reach 1.00
upd 5054/5859 step 10,350,592 ret 279.56 len 272.6 kl 0.0084  sps 1913 reach 1.00
upd 5055/5859 step 10,352,640 ret 313.34 len 283.1 kl 0.0079  sps 1913 reach 1.00
upd 5056/5859 step 10,354,688 ret 337.64 len 274.3 kl 0.0079  sps 1913 reach 1.00
upd 5057/5859 step 10,356,736 ret 361.9 len 273.9 kl 0.0059  sps 1913 reach 1.00
upd 5058/5859 step 10,358,784 ret 368.98 len 260.4 kl 0.0107  sps 1913 reach 1.00
upd 5059/5859 step 10,360,832 ret 369.72 len 260.1 kl 0.0060  sps 1913 reach 1.00
upd 5060/5859 step 10,362,880 ret 356.8 len 250.6 kl 0.0080  sps 1913 reach 1.00
upd 5061/5859 step 10,364,928 ret 368.53 len 260.6 kl 0.0090  sps 1913 reach 1.00
upd 5062/5859 step 10,366,976 ret 369.13 len 256.2 kl 0.0078  sps 1913 reach 1.00
upd 5063/5859 step 10,369,024 ret 429.33 len 266.1 kl 0.0096  sps 1913 reach 1.00
upd 5064/5859 step 10,371,072 ret 428.6 len 261.7 kl 0.0118  sps 1913 reach 1.00
upd 5065/5859 step 10,373,120 ret 398.41 len 268.6 kl 0.0087  sps 1913 reach 1.00
upd 5066/5859 step 10,375,168 ret 353.57 len 264.5 kl 0.0066  sps 1913 reach 1.00
upd 5067/5859 step 10,377,216 ret 333.07 len 270.6 kl 0.0076  sps 1914 reach 1.00
upd 5068/5859 step 10,379,264 ret 299.68 len 275.4 kl 0.0095  sps 1914 reach 1.00
upd 5069/5859 step 10,381,312 ret 313.8 len 280.6 kl 0.0075  sps 1914 reach 1.00
upd 5070/5859 step 10,383,360 ret 312.68 len 283.3 kl 0.0072  sps 1914 reach 1.00
upd 5071/5859 step 10,385,408 ret 318.63 len 281.5 kl 0.0110  sps 1914 reach 1.00
upd 5072/5859 step 10,387,456 ret 328.16 len 278.0 kl 0.0079  sps 1914 reach 1.00
upd 5073/5859 step 10,389,504 ret 365.71 len 278.0 kl 0.0151  sps 1914 reach 1.00
upd 5074/5859 step 10,391,552 ret 354.72 len 274.4 kl 0.0087  sps 1914 reach 1.00
upd 5075/5859 step 10,393,600 ret 375.14 len 276.0 kl 0.0060  sps 1914 reach 1.00
upd 5076/5859 step 10,395,648 ret 373.67 len 267.9 kl 0.0083  sps 1914 reach 1.00
upd 5077/5859 step 10,397,696 ret 400.07 len 271.8 kl 0.0073  sps 1914 reach 1.00
upd 5078/5859 step 10,399,744 ret 368.71 len 271.8 kl 0.0121  sps 1914 reach 1.00
upd 5079/5859 step 10,401,792 ret 357.21 len 276.4 kl 0.0075  sps 1914 reach 1.00
upd 5080/5859 step 10,403,840 ret 340.3 len 276.2 kl 0.0179  sps 1914 reach 1.00
upd 5081/5859 step 10,405,888 ret 341.79 len 272.4 kl 0.0079  sps 1914 reach 1.00
upd 5082/5859 step 10,407,936 ret 309.1 len 268.3 kl 0.0081  sps 1914 reach 1.00
upd 5083/5859 step 10,409,984 ret 313.92 len 263.8 kl 0.0105  sps 1914 reach 1.00
upd 5084/5859 step 10,412,032 ret 327.16 len 261.7 kl 0.0081  sps 1914 reach 1.00
upd 5085/5859 step 10,414,080 ret 318.83 len 264.3 kl 0.0100  sps 1914 reach 1.00
upd 5086/5859 step 10,416,128 ret 319.89 len 271.0 kl 0.0052  sps 1914 reach 1.00
upd 5087/5859 step 10,418,176 ret 324.91 len 278.4 kl 0.0076  sps 1914 reach 1.00
upd 5088/5859 step 10,420,224 ret 325.85 len 285.9 kl 0.0109  sps 1914 reach 1.00
upd 5089/5859 step 10,422,272 ret 371.04 len 285.2 kl 0.0063  sps 1914 reach 1.00
upd 5090/5859 step 10,424,320 ret 354.67 len 284.8 kl 0.0062  sps 1914 reach 1.00
upd 5091/5859 step 10,426,368 ret 345.52 len 281.1 kl 0.0093  sps 1914 reach 1.00
upd 5092/5859 step 10,428,416 ret 354.12 len 279.6 kl 0.0077  sps 1914 reach 1.00
upd 5093/5859 step 10,430,464 ret 355.77 len 279.6 kl 0.0096  sps 1914 reach 1.00
upd 5094/5859 step 10,432,512 ret 376.02 len 279.6 kl 0.0084  sps 1914 reach 1.00
upd 5095/5859 step 10,434,560 ret 363.36 len 288.1 kl 0.0081  sps 1914 reach 1.00
upd 5096/5859 step 10,436,608 ret 368.99 len 284.3 kl 0.0102  sps 1914 reach 1.00
upd 5097/5859 step 10,438,656 ret 400.49 len 290.1 kl 0.0073  sps 1914 reach 1.00
upd 5098/5859 step 10,440,704 ret 366.12 len 296.3 kl 0.0092  sps 1915 reach 1.00
upd 5099/5859 step 10,442,752 ret 368.56 len 296.3 kl 0.0089  sps 1915 reach 1.00
upd 5100/5859 step 10,444,800 ret 335.46 len 296.3 kl 0.0078  sps 1915 reach 1.00
upd 5101/5859 step 10,446,848 ret 298.2 len 290.6 kl 0.0085  sps 1915 reach 1.00
upd 5102/5859 step 10,448,896 ret 294.08 len 294.4 kl 0.0073  sps 1915 reach 1.00
upd 5103/5859 step 10,450,944 ret 253.21 len 285.8 kl 0.0080  sps 1915 reach 1.00
upd 5104/5859 step 10,452,992 ret 293.18 len 284.6 kl 0.0057  sps 1915 reach 1.00
upd 5105/5859 step 10,455,040 ret 295.92 len 280.2 kl 0.0096  sps 1915 reach 1.00
upd 5106/5859 step 10,457,088 ret 309.76 len 280.9 kl 0.0099  sps 1915 reach 1.00
upd 5107/5859 step 10,459,136 ret 348.98 len 280.9 kl 0.0074  sps 1915 reach 1.00
upd 5108/5859 step 10,461,184 ret 362.31 len 285.6 kl 0.0087  sps 1915 reach 1.00
upd 5109/5859 step 10,463,232 ret 342.65 len 289.5 kl 0.0071  sps 1915 reach 1.00
upd 5110/5859 step 10,465,280 ret 333.12 len 292.7 kl 0.0073  sps 1915 reach 1.00
upd 5111/5859 step 10,467,328 ret 347.15 len 297.6 kl 0.0097  sps 1915 reach 1.00
upd 5112/5859 step 10,469,376 ret 303.28 len 297.6 kl 0.0087  sps 1915 reach 1.00
upd 5113/5859 step 10,471,424 ret 303.24 len 289.1 kl 0.0050  sps 1916 reach 1.00
upd 5114/5859 step 10,473,472 ret 323.25 len 279.7 kl 0.0104  sps 1916 reach 1.00
upd 5115/5859 step 10,475,520 ret 312.63 len 269.9 kl 0.0049  sps 1916 reach 1.00
upd 5116/5859 step 10,477,568 ret 329.58 len 269.9 kl 0.0080  sps 1916 reach 1.00
upd 5117/5859 step 10,479,616 ret 349.08 len 265.2 kl 0.0080  sps 1916 reach 1.00
upd 5118/5859 step 10,481,664 ret 359.13 len 269.1 kl 0.0086  sps 1916 reach 1.00
upd 5119/5859 step 10,483,712 ret 346.38 len 264.1 kl 0.0089  sps 1916 reach 1.00
upd 5120/5859 step 10,485,760 ret 354.27 len 279.4 kl 0.0059  sps 1916 reach 1.00
upd 5121/5859 step 10,487,808 ret 348.45 len 285.6 kl 0.0068  sps 1916 reach 1.00
upd 5122/5859 step 10,489,856 ret 364.05 len 285.6 kl 0.0085  sps 1916 reach 1.00
upd 5123/5859 step 10,491,904 ret 378.58 len 290.4 kl 0.0083  sps 1916 reach 1.00
upd 5124/5859 step 10,493,952 ret 388.12 len 294.3 kl 0.0066  sps 1916 reach 1.00
upd 5125/5859 step 10,496,000 ret 400.45 len 299.1 kl 0.0044  sps 1916 reach 1.00
upd 5126/5859 step 10,498,048 ret 410.52 len 295.9 kl 0.0077  sps 1916 reach 1.00
upd 5127/5859 step 10,500,096 ret 410.95 len 295.9 kl 0.0059  sps 1916 reach 1.00
upd 5128/5859 step 10,502,144 ret 362.14 len 295.9 kl 0.0082  sps 1916 reach 1.00
upd 5129/5859 step 10,504,192 ret 347.78 len 296.6 kl 0.0063  sps 1916 reach 1.00
upd 5130/5859 step 10,506,240 ret 348.12 len 296.6 kl 0.0113  sps 1916 reach 1.00
upd 5131/5859 step 10,508,288 ret 327.06 len 296.7 kl 0.0055  sps 1917 reach 1.00
upd 5132/5859 step 10,510,336 ret 331.03 len 299.9 kl 0.0100  sps 1917 reach 1.00
upd 5133/5859 step 10,512,384 ret 343.26 len 299.9 kl 0.0083  sps 1917 reach 1.00
upd 5134/5859 step 10,514,432 ret 313.89 len 287.4 kl 0.0104  sps 1917 reach 1.00
upd 5135/5859 step 10,516,480 ret 315.34 len 282.8 kl 0.0078  sps 1917 reach 1.00
upd 5136/5859 step 10,518,528 ret 284.16 len 276.4 kl 0.0073  sps 1917 reach 1.00
upd 5137/5859 step 10,520,576 ret 277.37 len 276.4 kl 0.0090  sps 1917 reach 1.00
upd 5138/5859 step 10,522,624 ret 279.47 len 270.1 kl 0.0081  sps 1917 reach 1.00
upd 5139/5859 step 10,524,672 ret 308.36 len 273.0 kl 0.0051  sps 1917 reach 1.00
upd 5140/5859 step 10,526,720 ret 316.09 len 271.9 kl 0.0090  sps 1917 reach 1.00
upd 5141/5859 step 10,528,768 ret 339.92 len 273.0 kl 0.0058  sps 1917 reach 1.00
upd 5142/5859 step 10,530,816 ret 332.33 len 273.0 kl 0.0068  sps 1918 reach 1.00
upd 5143/5859 step 10,532,864 ret 298.49 len 279.4 kl 0.0068  sps 1918 reach 1.00
upd 5144/5859 step 10,534,912 ret 299.55 len 279.4 kl 0.0103  sps 1918 reach 1.00
upd 5145/5859 step 10,536,960 ret 283.5 len 286.4 kl 0.0089  sps 1918 reach 1.00
upd 5146/5859 step 10,539,008 ret 250.4 len 290.9 kl 0.0065  sps 1918 reach 1.00
upd 5147/5859 step 10,541,056 ret 202.54 len 296.8 kl 0.0077  sps 1918 reach 1.00
upd 5148/5859 step 10,543,104 ret 212.46 len 291.8 kl 0.0058  sps 1918 reach 1.00
upd 5149/5859 step 10,545,152 ret 215.66 len 288.0 kl 0.0100  sps 1918 reach 1.00
upd 5150/5859 step 10,547,200 ret 247.46 len 276.9 kl 0.0078  sps 1918 reach 1.00
upd 5151/5859 step 10,549,248 ret 251.38 len 271.8 kl 0.0091  sps 1918 reach 1.00
upd 5152/5859 step 10,551,296 ret 292.5 len 263.6 kl 0.0088  sps 1918 reach 1.00
upd 5153/5859 step 10,553,344 ret 287.16 len 268.3 kl 0.0082  sps 1918 reach 1.00
upd 5154/5859 step 10,555,392 ret 335.58 len 272.1 kl 0.0085  sps 1919 reach 1.00
upd 5155/5859 step 10,557,440 ret 333.0 len 283.2 kl 0.0081  sps 1919 reach 1.00
upd 5156/5859 step 10,559,488 ret 345.51 len 288.3 kl 0.0073  sps 1919 reach 1.00
upd 5157/5859 step 10,561,536 ret 391.64 len 288.0 kl 0.0085  sps 1919 reach 1.00
upd 5158/5859 step 10,563,584 ret 387.77 len 292.9 kl 0.0073  sps 1919 reach 1.00
upd 5159/5859 step 10,565,632 ret 378.42 len 288.4 kl 0.0068  sps 1919 reach 1.00
upd 5160/5859 step 10,567,680 ret 307.79 len 286.8 kl 0.0164  sps 1919 reach 1.00
upd 5161/5859 step 10,569,728 ret 323.68 len 284.5 kl 0.0056  sps 1919 reach 1.00
upd 5162/5859 step 10,571,776 ret 288.43 len 284.5 kl 0.0072  sps 1919 reach 1.00
upd 5163/5859 step 10,573,824 ret 278.52 len 281.0 kl 0.0084  sps 1919 reach 1.00
upd 5164/5859 step 10,575,872 ret 275.82 len 279.7 kl 0.0063  sps 1919 reach 1.00
upd 5165/5859 step 10,577,920 ret 304.84 len 266.0 kl 0.0072  sps 1919 reach 1.00
upd 5166/5859 step 10,579,968 ret 291.9 len 268.3 kl 0.0093  sps 1919 reach 1.00
upd 5167/5859 step 10,582,016 ret 300.19 len 264.8 kl 0.0074  sps 1919 reach 1.00
upd 5168/5859 step 10,584,064 ret 329.65 len 264.9 kl 0.0085  sps 1919 reach 1.00
upd 5169/5859 step 10,586,112 ret 319.82 len 276.6 kl 0.0056  sps 1919 reach 1.00
upd 5170/5859 step 10,588,160 ret 302.0 len 282.8 kl 0.0099  sps 1919 reach 1.00
upd 5171/5859 step 10,590,208 ret 278.14 len 288.0 kl 0.0073  sps 1919 reach 1.00
upd 5172/5859 step 10,592,256 ret 275.32 len 288.0 kl 0.0076  sps 1919 reach 1.00
upd 5173/5859 step 10,594,304 ret 292.6 len 291.4 kl 0.0103  sps 1920 reach 1.00
upd 5174/5859 step 10,596,352 ret 307.54 len 279.6 kl 0.0066  sps 1920 reach 1.00
upd 5175/5859 step 10,598,400 ret 323.29 len 273.9 kl 0.0126  sps 1920 reach 1.00
upd 5176/5859 step 10,600,448 ret 309.93 len 269.1 kl 0.0071  sps 1920 reach 1.00
upd 5177/5859 step 10,602,496 ret 327.8 len 266.3 kl 0.0078  sps 1920 reach 1.00
upd 5178/5859 step 10,604,544 ret 325.74 len 255.6 kl 0.0087  sps 1920 reach 1.00
upd 5179/5859 step 10,606,592 ret 304.0 len 261.1 kl 0.0078  sps 1920 reach 1.00
upd 5180/5859 step 10,608,640 ret 283.91 len 259.6 kl 0.0079  sps 1920 reach 1.00
upd 5181/5859 step 10,610,688 ret 320.68 len 262.1 kl 0.0100  sps 1920 reach 1.00
upd 5182/5859 step 10,612,736 ret 319.49 len 261.8 kl 0.0084  sps 1920 reach 1.00
upd 5183/5859 step 10,614,784 ret 329.79 len 260.8 kl 0.0081  sps 1920 reach 1.00
upd 5184/5859 step 10,616,832 ret 330.47 len 260.8 kl 0.0075  sps 1920 reach 1.00
upd 5185/5859 step 10,618,880 ret 316.55 len 272.2 kl 0.0103  sps 1920 reach 1.00
upd 5186/5859 step 10,620,928 ret 349.72 len 274.6 kl 0.0087  sps 1921 reach 1.00
upd 5187/5859 step 10,622,976 ret 311.94 len 279.8 kl 0.0067  sps 1921 reach 1.00
upd 5188/5859 step 10,625,024 ret 305.8 len 289.5 kl 0.0084  sps 1921 reach 1.00
upd 5189/5859 step 10,627,072 ret 295.49 len 292.8 kl 0.0090  sps 1921 reach 1.00
upd 5190/5859 step 10,629,120 ret 345.21 len 287.9 kl 0.0098  sps 1921 reach 1.00
upd 5191/5859 step 10,631,168 ret 351.47 len 292.2 kl 0.0096  sps 1921 reach 1.00
upd 5192/5859 step 10,633,216 ret 376.36 len 288.9 kl 0.0090  sps 1921 reach 1.00
upd 5193/5859 step 10,635,264 ret 359.86 len 285.6 kl 0.0092  sps 1921 reach 1.00
upd 5194/5859 step 10,637,312 ret 357.37 len 280.1 kl 0.0080  sps 1921 reach 1.00
upd 5195/5859 step 10,639,360 ret 308.89 len 283.0 kl 0.0077  sps 1921 reach 1.00
upd 5196/5859 step 10,641,408 ret 283.47 len 276.9 kl 0.0072  sps 1922 reach 1.00
upd 5197/5859 step 10,643,456 ret 258.46 len 272.4 kl 0.0080  sps 1922 reach 1.00
upd 5198/5859 step 10,645,504 ret 223.86 len 279.1 kl 0.0078  sps 1922 reach 1.00
upd 5199/5859 step 10,647,552 ret 231.25 len 279.1 kl 0.0069  sps 1922 reach 1.00
upd 5200/5859 step 10,649,600 ret 244.19 len 273.6 kl 0.0105  sps 1922 reach 1.00
upd 5201/5859 step 10,651,648 ret 239.8 len 284.7 kl 0.0091  sps 1922 reach 1.00
upd 5202/5859 step 10,653,696 ret 255.55 len 283.6 kl 0.0094  sps 1922 reach 1.00
upd 5203/5859 step 10,655,744 ret 236.61 len 288.0 kl 0.0096  sps 1922 reach 1.00
upd 5204/5859 step 10,657,792 ret 267.74 len 282.9 kl 0.0067  sps 1922 reach 1.00
upd 5205/5859 step 10,659,840 ret 275.94 len 282.3 kl 0.0075  sps 1922 reach 1.00
upd 5206/5859 step 10,661,888 ret 279.81 len 282.3 kl 0.0071  sps 1922 reach 1.00
upd 5207/5859 step 10,663,936 ret 266.65 len 283.4 kl 0.0063  sps 1922 reach 1.00
upd 5208/5859 step 10,665,984 ret 299.44 len 277.4 kl 0.0070  sps 1922 reach 1.00
upd 5209/5859 step 10,668,032 ret 306.11 len 262.5 kl 0.0066  sps 1922 reach 1.00
upd 5210/5859 step 10,670,080 ret 319.71 len 274.2 kl 0.0087  sps 1922 reach 1.00
upd 5211/5859 step 10,672,128 ret 307.57 len 276.9 kl 0.0096  sps 1922 reach 1.00
upd 5212/5859 step 10,674,176 ret 287.77 len 276.9 kl 0.0096  sps 1923 reach 1.00
upd 5213/5859 step 10,676,224 ret 358.9 len 278.9 kl 0.0069  sps 1923 reach 1.00
upd 5214/5859 step 10,678,272 ret 350.85 len 283.0 kl 0.0080  sps 1923 reach 1.00
upd 5215/5859 step 10,680,320 ret 305.69 len 293.8 kl 0.0129  sps 1923 reach 1.00
upd 5216/5859 step 10,682,368 ret 307.98 len 289.4 kl 0.0068  sps 1923 reach 1.00
upd 5217/5859 step 10,684,416 ret 352.39 len 274.2 kl 0.0081  sps 1923 reach 1.00
upd 5218/5859 step 10,686,464 ret 299.74 len 265.7 kl 0.0094  sps 1923 reach 1.00
upd 5219/5859 step 10,688,512 ret 253.71 len 261.6 kl 0.0071  sps 1923 reach 1.00
upd 5220/5859 step 10,690,560 ret 289.7 len 256.2 kl 0.0066  sps 1923 reach 1.00
upd 5221/5859 step 10,692,608 ret 306.6 len 262.9 kl 0.0065  sps 1923 reach 1.00
upd 5222/5859 step 10,694,656 ret 303.67 len 268.9 kl 0.0067  sps 1923 reach 1.00
upd 5223/5859 step 10,696,704 ret 305.97 len 278.4 kl 0.0075  sps 1923 reach 1.00
upd 5224/5859 step 10,698,752 ret 344.87 len 284.4 kl 0.0088  sps 1923 reach 1.00
upd 5225/5859 step 10,700,800 ret 331.48 len 273.0 kl 0.0067  sps 1923 reach 1.00
upd 5226/5859 step 10,702,848 ret 281.23 len 278.4 kl 0.0087  sps 1924 reach 1.00
upd 5227/5859 step 10,704,896 ret 302.11 len 274.5 kl 0.0088  sps 1924 reach 1.00
upd 5228/5859 step 10,706,944 ret 286.74 len 277.7 kl 0.0067  sps 1924 reach 1.00
upd 5229/5859 step 10,708,992 ret 284.2 len 278.4 kl 0.0075  sps 1924 reach 1.00
upd 5230/5859 step 10,711,040 ret 291.47 len 293.6 kl 0.0082  sps 1924 reach 1.00
upd 5231/5859 step 10,713,088 ret 323.63 len 293.6 kl 0.0080  sps 1924 reach 1.00
upd 5232/5859 step 10,715,136 ret 324.03 len 293.6 kl 0.0107  sps 1924 reach 1.00
upd 5233/5859 step 10,717,184 ret 287.54 len 297.4 kl 0.0079  sps 1924 reach 1.00
upd 5234/5859 step 10,719,232 ret 322.09 len 293.7 kl 0.0064  sps 1924 reach 1.00
upd 5235/5859 step 10,721,280 ret 309.43 len 294.7 kl 0.0107  sps 1924 reach 1.00
upd 5236/5859 step 10,723,328 ret 293.85 len 294.7 kl 0.0076  sps 1924 reach 1.00
upd 5237/5859 step 10,725,376 ret 295.91 len 288.6 kl 0.0109  sps 1925 reach 1.00
upd 5238/5859 step 10,727,424 ret 313.34 len 288.6 kl 0.0075  sps 1925 reach 1.00
upd 5239/5859 step 10,729,472 ret 301.16 len 285.3 kl 0.0093  sps 1925 reach 1.00
upd 5240/5859 step 10,731,520 ret 281.64 len 290.6 kl 0.0069  sps 1925 reach 1.00
upd 5241/5859 step 10,733,568 ret 300.92 len 290.6 kl 0.0077  sps 1925 reach 1.00
upd 5242/5859 step 10,735,616 ret 325.85 len 295.0 kl 0.0085  sps 1925 reach 1.00
upd 5243/5859 step 10,737,664 ret 323.41 len 294.9 kl 0.0062  sps 1925 reach 1.00
upd 5244/5859 step 10,739,712 ret 290.51 len 294.9 kl 0.0086  sps 1925 reach 1.00
upd 5245/5859 step 10,741,760 ret 279.85 len 296.4 kl 0.0047  sps 1925 reach 1.00
upd 5246/5859 step 10,743,808 ret 272.69 len 293.4 kl 0.0075  sps 1925 reach 1.00
upd 5247/5859 step 10,745,856 ret 310.67 len 291.8 kl 0.0071  sps 1925 reach 1.00
upd 5248/5859 step 10,747,904 ret 324.25 len 290.9 kl 0.0089  sps 1925 reach 1.00
upd 5249/5859 step 10,749,952 ret 334.78 len 275.1 kl 0.0110  sps 1925 reach 1.00
upd 5250/5859 step 10,752,000 ret 344.43 len 272.6 kl 0.0073  sps 1925 reach 1.00
upd 5251/5859 step 10,754,048 ret 345.56 len 266.1 kl 0.0074  sps 1925 reach 1.00
upd 5252/5859 step 10,756,096 ret 333.56 len 254.8 kl 0.0086  sps 1925 reach 1.00
upd 5253/5859 step 10,758,144 ret 301.22 len 250.3 kl 0.0106  sps 1925 reach 1.00
upd 5254/5859 step 10,760,192 ret 324.92 len 259.9 kl 0.0054  sps 1925 reach 1.00
upd 5255/5859 step 10,762,240 ret 351.44 len 268.8 kl 0.0050  sps 1925 reach 1.00
upd 5256/5859 step 10,764,288 ret 341.87 len 278.2 kl 0.0072  sps 1925 reach 1.00
upd 5257/5859 step 10,766,336 ret 338.02 len 283.3 kl 0.0085  sps 1925 reach 1.00
upd 5258/5859 step 10,768,384 ret 348.55 len 286.7 kl 0.0073  sps 1925 reach 1.00
upd 5259/5859 step 10,770,432 ret 319.78 len 286.4 kl 0.0072  sps 1925 reach 1.00
upd 5260/5859 step 10,772,480 ret 237.6 len 270.4 kl 0.0095  sps 1925 reach 1.00
upd 5261/5859 step 10,774,528 ret 270.4 len 263.5 kl 0.0084  sps 1925 reach 1.00
upd 5262/5859 step 10,776,576 ret 278.27 len 260.7 kl 0.0112  sps 1925 reach 1.00
upd 5263/5859 step 10,778,624 ret 252.48 len 257.8 kl 0.0072  sps 1925 reach 1.00
upd 5264/5859 step 10,780,672 ret 276.39 len 249.9 kl 0.0097  sps 1925 reach 1.00
upd 5265/5859 step 10,782,720 ret 293.4 len 256.1 kl 0.0073  sps 1925 reach 1.00
upd 5266/5859 step 10,784,768 ret 295.36 len 275.1 kl 0.0074  sps 1925 reach 1.00
upd 5267/5859 step 10,786,816 ret 301.14 len 274.6 kl 0.0080  sps 1925 reach 1.00
upd 5268/5859 step 10,788,864 ret 305.26 len 282.1 kl 0.0084  sps 1925 reach 1.00
upd 5269/5859 step 10,790,912 ret 321.99 len 281.9 kl 0.0105  sps 1925 reach 1.00
upd 5270/5859 step 10,792,960 ret 298.56 len 285.2 kl 0.0105  sps 1925 reach 1.00
upd 5271/5859 step 10,795,008 ret 344.19 len 278.1 kl 0.0113  sps 1925 reach 1.00
upd 5272/5859 step 10,797,056 ret 331.59 len 273.3 kl 0.0079  sps 1925 reach 1.00
upd 5273/5859 step 10,799,104 ret 349.81 len 265.8 kl 0.0080  sps 1926 reach 1.00
upd 5274/5859 step 10,801,152 ret 357.2 len 270.5 kl 0.0102  sps 1926 reach 1.00
upd 5275/5859 step 10,803,200 ret 352.06 len 266.6 kl 0.0083  sps 1926 reach 1.00
upd 5276/5859 step 10,805,248 ret 333.98 len 269.2 kl 0.0101  sps 1926 reach 1.00
upd 5277/5859 step 10,807,296 ret 326.23 len 279.6 kl 0.0062  sps 1926 reach 1.00
upd 5278/5859 step 10,809,344 ret 306.64 len 284.6 kl 0.0147  sps 1926 reach 1.00
upd 5279/5859 step 10,811,392 ret 269.77 len 277.1 kl 0.0059  sps 1926 reach 1.00
upd 5280/5859 step 10,813,440 ret 295.75 len 275.4 kl 0.0075  sps 1926 reach 1.00
upd 5281/5859 step 10,815,488 ret 296.86 len 267.6 kl 0.0070  sps 1926 reach 1.00
upd 5282/5859 step 10,817,536 ret 341.36 len 259.4 kl 0.0084  sps 1926 reach 1.00
upd 5283/5859 step 10,819,584 ret 328.86 len 259.8 kl 0.0059  sps 1926 reach 1.00
upd 5284/5859 step 10,821,632 ret 332.2 len 260.9 kl 0.0084  sps 1926 reach 1.00
upd 5285/5859 step 10,823,680 ret 355.55 len 264.8 kl 0.0108  sps 1926 reach 1.00
upd 5286/5859 step 10,825,728 ret 320.86 len 267.9 kl 0.0097  sps 1926 reach 1.00
upd 5287/5859 step 10,827,776 ret 302.59 len 273.2 kl 0.0080  sps 1926 reach 1.00
upd 5288/5859 step 10,829,824 ret 300.8 len 273.9 kl 0.0070  sps 1926 reach 1.00
upd 5289/5859 step 10,831,872 ret 315.04 len 278.4 kl 0.0076  sps 1926 reach 1.00
upd 5290/5859 step 10,833,920 ret 313.27 len 289.3 kl 0.0068  sps 1927 reach 1.00
upd 5291/5859 step 10,835,968 ret 279.92 len 289.8 kl 0.0096  sps 1927 reach 1.00
upd 5292/5859 step 10,838,016 ret 328.57 len 289.8 kl 0.0069  sps 1927 reach 1.00
upd 5293/5859 step 10,840,064 ret 367.57 len 290.9 kl 0.0066  sps 1927 reach 1.00
upd 5294/5859 step 10,842,112 ret 424.82 len 286.9 kl 0.0083  sps 1927 reach 1.00
upd 5295/5859 step 10,844,160 ret 408.08 len 282.4 kl 0.0073  sps 1927 reach 1.00
upd 5296/5859 step 10,846,208 ret 434.0 len 275.5 kl 0.0085  sps 1927 reach 1.00
upd 5297/5859 step 10,848,256 ret 413.77 len 275.5 kl 0.0107  sps 1927 reach 1.00
upd 5298/5859 step 10,850,304 ret 429.63 len 274.9 kl 0.0051  sps 1927 reach 1.00
upd 5299/5859 step 10,852,352 ret 366.87 len 274.9 kl 0.0100  sps 1927 reach 1.00
upd 5300/5859 step 10,854,400 ret 348.11 len 269.3 kl 0.0078  sps 1927 reach 1.00
upd 5301/5859 step 10,856,448 ret 299.39 len 273.9 kl 0.0089  sps 1927 reach 1.00
upd 5302/5859 step 10,858,496 ret 277.51 len 277.7 kl 0.0116  sps 1927 reach 1.00
upd 5303/5859 step 10,860,544 ret 292.44 len 282.5 kl 0.0112  sps 1927 reach 1.00
upd 5304/5859 step 10,862,592 ret 254.44 len 281.9 kl 0.0086  sps 1928 reach 1.00
upd 5305/5859 step 10,864,640 ret 241.56 len 282.5 kl 0.0083  sps 1928 reach 1.00
upd 5306/5859 step 10,866,688 ret 269.68 len 286.5 kl 0.0092  sps 1928 reach 1.00
upd 5307/5859 step 10,868,736 ret 262.23 len 283.6 kl 0.0111  sps 1928 reach 1.00
upd 5308/5859 step 10,870,784 ret 293.55 len 280.9 kl 0.0068  sps 1928 reach 1.00
upd 5309/5859 step 10,872,832 ret 321.12 len 281.4 kl 0.0075  sps 1928 reach 1.00
upd 5310/5859 step 10,874,880 ret 330.79 len 273.6 kl 0.0097  sps 1928 reach 1.00
upd 5311/5859 step 10,876,928 ret 343.8 len 279.6 kl 0.0093  sps 1928 reach 1.00
upd 5312/5859 step 10,878,976 ret 322.23 len 282.5 kl 0.0086  sps 1928 reach 1.00
upd 5313/5859 step 10,881,024 ret 324.87 len 284.8 kl 0.0089  sps 1928 reach 1.00
upd 5314/5859 step 10,883,072 ret 308.3 len 283.6 kl 0.0081  sps 1928 reach 1.00
upd 5315/5859 step 10,885,120 ret 363.98 len 275.6 kl 0.0058  sps 1928 reach 1.00
upd 5316/5859 step 10,887,168 ret 343.75 len 285.6 kl 0.0088  sps 1928 reach 1.00
upd 5317/5859 step 10,889,216 ret 328.09 len 278.1 kl 0.0074  sps 1928 reach 1.00
upd 5318/5859 step 10,891,264 ret 367.4 len 274.5 kl 0.0073  sps 1928 reach 1.00
upd 5319/5859 step 10,893,312 ret 376.0 len 270.1 kl 0.0074  sps 1929 reach 1.00
upd 5320/5859 step 10,895,360 ret 361.6 len 275.7 kl 0.0078  sps 1929 reach 1.00
upd 5321/5859 step 10,897,408 ret 373.39 len 274.8 kl 0.0090  sps 1929 reach 1.00
upd 5322/5859 step 10,899,456 ret 394.48 len 276.9 kl 0.0075  sps 1929 reach 1.00
upd 5323/5859 step 10,901,504 ret 369.37 len 274.6 kl 0.0065  sps 1929 reach 1.00
upd 5324/5859 step 10,903,552 ret 362.28 len 275.5 kl 0.0072  sps 1929 reach 1.00
upd 5325/5859 step 10,905,600 ret 331.81 len 279.3 kl 0.0102  sps 1929 reach 1.00
upd 5326/5859 step 10,907,648 ret 314.94 len 276.9 kl 0.0077  sps 1929 reach 1.00
upd 5327/5859 step 10,909,696 ret 297.08 len 271.6 kl 0.0075  sps 1929 reach 1.00
upd 5328/5859 step 10,911,744 ret 303.28 len 267.7 kl 0.0084  sps 1929 reach 1.00
upd 5329/5859 step 10,913,792 ret 296.16 len 267.7 kl 0.0079  sps 1929 reach 1.00
upd 5330/5859 step 10,915,840 ret 321.65 len 275.9 kl 0.0060  sps 1929 reach 1.00
upd 5331/5859 step 10,917,888 ret 305.17 len 275.4 kl 0.0060  sps 1930 reach 1.00
upd 5332/5859 step 10,919,936 ret 274.63 len 276.6 kl 0.0082  sps 1930 reach 1.00
upd 5333/5859 step 10,921,984 ret 290.21 len 287.5 kl 0.0066  sps 1930 reach 1.00
upd 5334/5859 step 10,924,032 ret 317.16 len 280.1 kl 0.0074  sps 1930 reach 1.00
upd 5335/5859 step 10,926,080 ret 263.04 len 271.1 kl 0.0146  sps 1930 reach 1.00
upd 5336/5859 step 10,928,128 ret 276.95 len 271.1 kl 0.0076  sps 1930 reach 1.00
upd 5337/5859 step 10,930,176 ret 295.2 len 272.4 kl 0.0077  sps 1930 reach 1.00
upd 5338/5859 step 10,932,224 ret 311.23 len 278.3 kl 0.0071  sps 1930 reach 1.00
upd 5339/5859 step 10,934,272 ret 316.98 len 279.6 kl 0.0083  sps 1930 reach 1.00
upd 5340/5859 step 10,936,320 ret 282.21 len 278.8 kl 0.0062  sps 1930 reach 1.00
upd 5341/5859 step 10,938,368 ret 297.1 len 284.5 kl 0.0081  sps 1930 reach 1.00
upd 5342/5859 step 10,940,416 ret 270.61 len 285.4 kl 0.0080  sps 1930 reach 1.00
upd 5343/5859 step 10,942,464 ret 267.03 len 275.9 kl 0.0064  sps 1930 reach 1.00
upd 5344/5859 step 10,944,512 ret 282.91 len 271.3 kl 0.0087  sps 1930 reach 1.00
upd 5345/5859 step 10,946,560 ret 273.13 len 272.7 kl 0.0091  sps 1930 reach 1.00
upd 5346/5859 step 10,948,608 ret 296.56 len 267.4 kl 0.0060  sps 1930 reach 1.00
upd 5347/5859 step 10,950,656 ret 352.2 len 271.2 kl 0.0086  sps 1930 reach 1.00
upd 5348/5859 step 10,952,704 ret 362.4 len 276.4 kl 0.0066  sps 1930 reach 1.00
upd 5349/5859 step 10,954,752 ret 366.52 len 284.3 kl 0.0087  sps 1930 reach 1.00
upd 5350/5859 step 10,956,800 ret 385.11 len 274.4 kl 0.0088  sps 1931 reach 1.00
upd 5351/5859 step 10,958,848 ret 396.51 len 280.5 kl 0.0075  sps 1931 reach 1.00
upd 5352/5859 step 10,960,896 ret 374.06 len 278.5 kl 0.0113  sps 1931 reach 1.00
upd 5353/5859 step 10,962,944 ret 347.58 len 279.0 kl 0.0087  sps 1931 reach 1.00
upd 5354/5859 step 10,964,992 ret 320.98 len 275.2 kl 0.0078  sps 1931 reach 1.00
upd 5355/5859 step 10,967,040 ret 304.26 len 276.3 kl 0.0074  sps 1931 reach 1.00
upd 5356/5859 step 10,969,088 ret 274.65 len 269.8 kl 0.0116  sps 1931 reach 1.00
upd 5357/5859 step 10,971,136 ret 271.72 len 275.4 kl 0.0063  sps 1931 reach 1.00
upd 5358/5859 step 10,973,184 ret 288.21 len 268.0 kl 0.0060  sps 1931 reach 1.00
upd 5359/5859 step 10,975,232 ret 316.52 len 277.3 kl 0.0061  sps 1931 reach 1.00
upd 5360/5859 step 10,977,280 ret 321.07 len 277.3 kl 0.0100  sps 1931 reach 1.00
upd 5361/5859 step 10,979,328 ret 309.24 len 289.9 kl 0.0070  sps 1931 reach 1.00
upd 5362/5859 step 10,981,376 ret 336.44 len 287.6 kl 0.0121  sps 1931 reach 1.00
upd 5363/5859 step 10,983,424 ret 348.42 len 287.6 kl 0.0078  sps 1931 reach 1.00
upd 5364/5859 step 10,985,472 ret 287.94 len 291.4 kl 0.0107  sps 1931 reach 1.00
upd 5365/5859 step 10,987,520 ret 304.09 len 291.4 kl 0.0091  sps 1931 reach 1.00
upd 5366/5859 step 10,989,568 ret 319.5 len 291.4 kl 0.0109  sps 1931 reach 1.00
upd 5367/5859 step 10,991,616 ret 324.63 len 295.3 kl 0.0073  sps 1932 reach 1.00
upd 5368/5859 step 10,993,664 ret 312.68 len 296.4 kl 0.0070  sps 1932 reach 1.00
upd 5369/5859 step 10,995,712 ret 319.63 len 290.5 kl 0.0071  sps 1932 reach 1.00
upd 5370/5859 step 10,997,760 ret 356.1 len 291.9 kl 0.0080  sps 1932 reach 1.00
upd 5371/5859 step 10,999,808 ret 371.44 len 291.9 kl 0.0067  sps 1932 reach 1.00
upd 5372/5859 step 11,001,856 ret 352.36 len 286.0 kl 0.0097  sps 1932 reach 1.00
upd 5373/5859 step 11,003,904 ret 312.4 len 282.6 kl 0.0076  sps 1932 reach 1.00
upd 5374/5859 step 11,005,952 ret 298.05 len 284.0 kl 0.0062  sps 1932 reach 1.00
upd 5375/5859 step 11,008,000 ret 285.33 len 279.9 kl 0.0080  sps 1932 reach 1.00
upd 5376/5859 step 11,010,048 ret 301.97 len 279.9 kl 0.0117  sps 1932 reach 1.00
upd 5377/5859 step 11,012,096 ret 298.88 len 285.7 kl 0.0084  sps 1932 reach 1.00
upd 5378/5859 step 11,014,144 ret 299.28 len 284.4 kl 0.0070  sps 1932 reach 1.00
upd 5379/5859 step 11,016,192 ret 308.97 len 287.9 kl 0.0086  sps 1932 reach 1.00
upd 5380/5859 step 11,018,240 ret 291.7 len 292.5 kl 0.0072  sps 1932 reach 1.00
upd 5381/5859 step 11,020,288 ret 292.57 len 298.7 kl 0.0066  sps 1932 reach 1.00
upd 5382/5859 step 11,022,336 ret 260.18 len 298.7 kl 0.0086  sps 1932 reach 1.00
upd 5383/5859 step 11,024,384 ret 234.96 len 288.7 kl 0.0119  sps 1932 reach 1.00
upd 5384/5859 step 11,026,432 ret 256.17 len 273.2 kl 0.0078  sps 1932 reach 1.00
upd 5385/5859 step 11,028,480 ret 240.78 len 267.7 kl 0.0064  sps 1933 reach 1.00
upd 5386/5859 step 11,030,528 ret 269.29 len 267.7 kl 0.0087  sps 1933 reach 1.00
upd 5387/5859 step 11,032,576 ret 301.98 len 267.7 kl 0.0087  sps 1933 reach 1.00
upd 5388/5859 step 11,034,624 ret 296.0 len 269.6 kl 0.0085  sps 1933 reach 1.00
upd 5389/5859 step 11,036,672 ret 325.02 len 274.3 kl 0.0086  sps 1933 reach 1.00
upd 5390/5859 step 11,038,720 ret 333.92 len 285.2 kl 0.0083  sps 1933 reach 1.00
upd 5391/5859 step 11,040,768 ret 306.07 len 280.0 kl 0.0067  sps 1933 reach 1.00
upd 5392/5859 step 11,042,816 ret 303.45 len 280.0 kl 0.0124  sps 1933 reach 1.00
upd 5393/5859 step 11,044,864 ret 304.61 len 279.4 kl 0.0090  sps 1933 reach 1.00
upd 5394/5859 step 11,046,912 ret 304.96 len 274.2 kl 0.0078  sps 1933 reach 1.00
upd 5395/5859 step 11,048,960 ret 321.62 len 274.2 kl 0.0066  sps 1933 reach 1.00
upd 5396/5859 step 11,051,008 ret 375.31 len 270.6 kl 0.0066  sps 1933 reach 1.00
upd 5397/5859 step 11,053,056 ret 380.09 len 281.4 kl 0.0069  sps 1934 reach 1.00
upd 5398/5859 step 11,055,104 ret 428.61 len 273.9 kl 0.0071  sps 1934 reach 1.00
upd 5399/5859 step 11,057,152 ret 440.98 len 272.6 kl 0.0083  sps 1934 reach 1.00
upd 5400/5859 step 11,059,200 ret 412.77 len 280.6 kl 0.0057  sps 1934 reach 1.00
upd 5401/5859 step 11,061,248 ret 353.16 len 275.9 kl 0.0101  sps 1934 reach 1.00
upd 5402/5859 step 11,063,296 ret 319.05 len 279.5 kl 0.0111  sps 1934 reach 1.00
upd 5403/5859 step 11,065,344 ret 311.88 len 284.4 kl 0.0067  sps 1934 reach 1.00
upd 5404/5859 step 11,067,392 ret 343.47 len 295.4 kl 0.0069  sps 1934 reach 1.00
upd 5405/5859 step 11,069,440 ret 334.18 len 285.1 kl 0.0095  sps 1934 reach 1.00
upd 5406/5859 step 11,071,488 ret 333.68 len 289.1 kl 0.0090  sps 1934 reach 1.00
upd 5407/5859 step 11,073,536 ret 349.43 len 289.1 kl 0.0086  sps 1934 reach 1.00
upd 5408/5859 step 11,075,584 ret 349.41 len 289.1 kl 0.0079  sps 1934 reach 1.00
upd 5409/5859 step 11,077,632 ret 297.51 len 277.9 kl 0.0081  sps 1934 reach 1.00
upd 5410/5859 step 11,079,680 ret 264.73 len 277.9 kl 0.0085  sps 1934 reach 1.00
upd 5411/5859 step 11,081,728 ret 272.83 len 288.2 kl 0.0097  sps 1934 reach 1.00
upd 5412/5859 step 11,083,776 ret 340.89 len 288.9 kl 0.0082  sps 1934 reach 1.00
upd 5413/5859 step 11,085,824 ret 335.4 len 286.3 kl 0.0069  sps 1934 reach 1.00
upd 5414/5859 step 11,087,872 ret 342.16 len 281.5 kl 0.0064  sps 1934 reach 1.00
upd 5415/5859 step 11,089,920 ret 357.54 len 292.6 kl 0.0081  sps 1934 reach 1.00
upd 5416/5859 step 11,091,968 ret 369.92 len 284.0 kl 0.0071  sps 1934 reach 1.00
upd 5417/5859 step 11,094,016 ret 374.44 len 284.0 kl 0.0082  sps 1934 reach 1.00
upd 5418/5859 step 11,096,064 ret 328.4 len 279.1 kl 0.0054  sps 1934 reach 1.00
upd 5419/5859 step 11,098,112 ret 359.0 len 279.1 kl 0.0110  sps 1935 reach 1.00
upd 5420/5859 step 11,100,160 ret 398.56 len 280.2 kl 0.0095  sps 1935 reach 1.00
upd 5421/5859 step 11,102,208 ret 416.69 len 287.1 kl 0.0096  sps 1935 reach 1.00
upd 5422/5859 step 11,104,256 ret 417.57 len 287.4 kl 0.0082  sps 1935 reach 1.00
upd 5423/5859 step 11,106,304 ret 443.53 len 294.9 kl 0.0081  sps 1935 reach 1.00
upd 5424/5859 step 11,108,352 ret 460.9 len 287.9 kl 0.0081  sps 1935 reach 1.00
upd 5425/5859 step 11,110,400 ret 415.0 len 289.7 kl 0.0090  sps 1935 reach 1.00
upd 5426/5859 step 11,112,448 ret 358.93 len 293.0 kl 0.0069  sps 1935 reach 1.00
upd 5427/5859 step 11,114,496 ret 363.14 len 278.3 kl 0.0067  sps 1935 reach 1.00
upd 5428/5859 step 11,116,544 ret 298.14 len 278.3 kl 0.0071  sps 1935 reach 1.00
upd 5429/5859 step 11,118,592 ret 282.2 len 278.3 kl 0.0069  sps 1935 reach 1.00
upd 5430/5859 step 11,120,640 ret 283.87 len 285.3 kl 0.0082  sps 1935 reach 1.00
upd 5431/5859 step 11,122,688 ret 297.09 len 285.3 kl 0.0088  sps 1935 reach 1.00
upd 5432/5859 step 11,124,736 ret 265.65 len 280.2 kl 0.0111  sps 1936 reach 1.00
upd 5433/5859 step 11,126,784 ret 252.98 len 290.8 kl 0.0069  sps 1936 reach 1.00
upd 5434/5859 step 11,128,832 ret 263.35 len 290.8 kl 0.0111  sps 1936 reach 1.00
upd 5435/5859 step 11,130,880 ret 262.6 len 284.9 kl 0.0112  sps 1936 reach 1.00
upd 5436/5859 step 11,132,928 ret 233.25 len 284.7 kl 0.0086  sps 1936 reach 1.00
upd 5437/5859 step 11,134,976 ret 291.58 len 289.8 kl 0.0070  sps 1936 reach 1.00
upd 5438/5859 step 11,137,024 ret 291.05 len 289.8 kl 0.0105  sps 1936 reach 1.00
upd 5439/5859 step 11,139,072 ret 288.33 len 293.9 kl 0.0095  sps 1936 reach 1.00
upd 5440/5859 step 11,141,120 ret 307.28 len 294.2 kl 0.0103  sps 1936 reach 1.00
upd 5441/5859 step 11,143,168 ret 306.84 len 294.2 kl 0.0067  sps 1936 reach 1.00
upd 5442/5859 step 11,145,216 ret 286.05 len 294.4 kl 0.0099  sps 1936 reach 1.00
upd 5443/5859 step 11,147,264 ret 295.33 len 294.4 kl 0.0093  sps 1936 reach 1.00
upd 5444/5859 step 11,149,312 ret 325.0 len 288.4 kl 0.0061  sps 1936 reach 1.00
upd 5445/5859 step 11,151,360 ret 337.71 len 288.4 kl 0.0065  sps 1936 reach 1.00
upd 5446/5859 step 11,153,408 ret 339.01 len 294.0 kl 0.0058  sps 1937 reach 1.00
upd 5447/5859 step 11,155,456 ret 324.3 len 294.0 kl 0.0098  sps 1937 reach 1.00
upd 5448/5859 step 11,157,504 ret 290.51 len 289.4 kl 0.0054  sps 1937 reach 1.00
upd 5449/5859 step 11,159,552 ret 273.65 len 289.4 kl 0.0080  sps 1937 reach 1.00
upd 5450/5859 step 11,161,600 ret 305.61 len 286.6 kl 0.0085  sps 1937 reach 1.00
upd 5451/5859 step 11,163,648 ret 338.71 len 280.9 kl 0.0068  sps 1937 reach 1.00
upd 5452/5859 step 11,165,696 ret 351.44 len 280.9 kl 0.0073  sps 1937 reach 1.00
upd 5453/5859 step 11,167,744 ret 361.53 len 278.3 kl 0.0077  sps 1937 reach 1.00
upd 5454/5859 step 11,169,792 ret 384.17 len 279.6 kl 0.0060  sps 1937 reach 1.00
upd 5455/5859 step 11,171,840 ret 402.32 len 278.8 kl 0.0084  sps 1937 reach 1.00
upd 5456/5859 step 11,173,888 ret 370.42 len 288.6 kl 0.0059  sps 1937 reach 1.00
upd 5457/5859 step 11,175,936 ret 367.2 len 293.3 kl 0.0082  sps 1937 reach 1.00
upd 5458/5859 step 11,177,984 ret 337.57 len 293.3 kl 0.0067  sps 1937 reach 1.00
upd 5459/5859 step 11,180,032 ret 370.9 len 293.4 kl 0.0086  sps 1937 reach 1.00
upd 5460/5859 step 11,182,080 ret 362.64 len 291.7 kl 0.0061  sps 1937 reach 1.00
upd 5461/5859 step 11,184,128 ret 317.83 len 292.4 kl 0.0088  sps 1938 reach 1.00
upd 5462/5859 step 11,186,176 ret 305.23 len 292.4 kl 0.0083  sps 1938 reach 1.00
upd 5463/5859 step 11,188,224 ret 270.85 len 286.2 kl 0.0079  sps 1938 reach 1.00
upd 5464/5859 step 11,190,272 ret 280.1 len 285.1 kl 0.0097  sps 1938 reach 1.00
upd 5465/5859 step 11,192,320 ret 269.5 len 286.2 kl 0.0104  sps 1938 reach 1.00
upd 5466/5859 step 11,194,368 ret 275.84 len 284.2 kl 0.0080  sps 1938 reach 1.00
upd 5467/5859 step 11,196,416 ret 309.35 len 277.8 kl 0.0072  sps 1938 reach 1.00
upd 5468/5859 step 11,198,464 ret 310.33 len 277.8 kl 0.0100  sps 1938 reach 1.00
upd 5469/5859 step 11,200,512 ret 297.18 len 284.0 kl 0.0081  sps 1938 reach 1.00
upd 5470/5859 step 11,202,560 ret 316.41 len 286.7 kl 0.0053  sps 1938 reach 1.00
upd 5471/5859 step 11,204,608 ret 304.41 len 286.7 kl 0.0067  sps 1938 reach 1.00
upd 5472/5859 step 11,206,656 ret 280.44 len 289.5 kl 0.0065  sps 1938 reach 1.00
upd 5473/5859 step 11,208,704 ret 245.78 len 295.2 kl 0.0079  sps 1938 reach 1.00
upd 5474/5859 step 11,210,752 ret 274.68 len 281.4 kl 0.0069  sps 1938 reach 1.00
upd 5475/5859 step 11,212,800 ret 263.48 len 276.1 kl 0.0072  sps 1938 reach 1.00
upd 5476/5859 step 11,214,848 ret 290.03 len 270.8 kl 0.0114  sps 1938 reach 1.00
upd 5477/5859 step 11,216,896 ret 303.44 len 258.4 kl 0.0089  sps 1938 reach 1.00
upd 5478/5859 step 11,218,944 ret 310.47 len 248.7 kl 0.0064  sps 1938 reach 1.00
upd 5479/5859 step 11,220,992 ret 298.61 len 256.7 kl 0.0058  sps 1939 reach 1.00
upd 5480/5859 step 11,223,040 ret 286.15 len 257.6 kl 0.0047  sps 1939 reach 1.00
upd 5481/5859 step 11,225,088 ret 289.85 len 249.2 kl 0.0104  sps 1939 reach 1.00
upd 5482/5859 step 11,227,136 ret 304.6 len 265.4 kl 0.0086  sps 1939 reach 1.00
upd 5483/5859 step 11,229,184 ret 325.01 len 268.1 kl 0.0069  sps 1939 reach 1.00
upd 5484/5859 step 11,231,232 ret 312.91 len 263.9 kl 0.0061  sps 1939 reach 1.00
upd 5485/5859 step 11,233,280 ret 363.39 len 263.9 kl 0.0092  sps 1939 reach 1.00
upd 5486/5859 step 11,235,328 ret 376.28 len 274.7 kl 0.0095  sps 1939 reach 1.00
upd 5487/5859 step 11,237,376 ret 324.66 len 283.1 kl 0.0100  sps 1939 reach 1.00
upd 5488/5859 step 11,239,424 ret 284.78 len 280.3 kl 0.0067  sps 1939 reach 1.00
upd 5489/5859 step 11,241,472 ret 299.55 len 285.4 kl 0.0096  sps 1939 reach 1.00
upd 5490/5859 step 11,243,520 ret 271.91 len 281.7 kl 0.0091  sps 1939 reach 1.00
upd 5491/5859 step 11,245,568 ret 272.41 len 275.6 kl 0.0090  sps 1939 reach 1.00
upd 5492/5859 step 11,247,616 ret 293.29 len 263.9 kl 0.0057  sps 1939 reach 1.00
upd 5493/5859 step 11,249,664 ret 321.45 len 269.8 kl 0.0097  sps 1939 reach 1.00
upd 5494/5859 step 11,251,712 ret 317.3 len 260.9 kl 0.0084  sps 1939 reach 1.00
upd 5495/5859 step 11,253,760 ret 302.78 len 266.6 kl 0.0072  sps 1940 reach 1.00
upd 5496/5859 step 11,255,808 ret 295.57 len 276.0 kl 0.0070  sps 1940 reach 1.00
upd 5497/5859 step 11,257,856 ret 265.52 len 279.1 kl 0.0076  sps 1940 reach 1.00
upd 5498/5859 step 11,259,904 ret 272.74 len 280.4 kl 0.0105  sps 1940 reach 1.00
upd 5499/5859 step 11,261,952 ret 311.81 len 284.5 kl 0.0098  sps 1940 reach 1.00
upd 5500/5859 step 11,264,000 ret 332.37 len 289.4 kl 0.0112  sps 1940 reach 1.00
upd 5501/5859 step 11,266,048 ret 365.36 len 289.4 kl 0.0062  sps 1940 reach 1.00
upd 5502/5859 step 11,268,096 ret 387.0 len 285.0 kl 0.0093  sps 1940 reach 1.00
upd 5503/5859 step 11,270,144 ret 380.24 len 280.4 kl 0.0075  sps 1940 reach 1.00
upd 5504/5859 step 11,272,192 ret 387.5 len 287.8 kl 0.0097  sps 1940 reach 1.00
upd 5505/5859 step 11,274,240 ret 325.94 len 282.6 kl 0.0085  sps 1940 reach 1.00
upd 5506/5859 step 11,276,288 ret 323.46 len 279.4 kl 0.0076  sps 1940 reach 1.00
upd 5507/5859 step 11,278,336 ret 292.18 len 279.4 kl 0.0088  sps 1940 reach 1.00
upd 5508/5859 step 11,280,384 ret 299.48 len 282.6 kl 0.0075  sps 1940 reach 1.00
upd 5509/5859 step 11,282,432 ret 313.1 len 274.9 kl 0.0057  sps 1941 reach 1.00
upd 5510/5859 step 11,284,480 ret 292.6 len 274.9 kl 0.0049  sps 1941 reach 1.00
upd 5511/5859 step 11,286,528 ret 293.67 len 274.1 kl 0.0066  sps 1941 reach 1.00
upd 5512/5859 step 11,288,576 ret 299.01 len 271.8 kl 0.0048  sps 1941 reach 1.00
upd 5513/5859 step 11,290,624 ret 313.89 len 270.1 kl 0.0048  sps 1941 reach 1.00
upd 5514/5859 step 11,292,672 ret 292.49 len 262.9 kl 0.0086  sps 1941 reach 1.00
upd 5515/5859 step 11,294,720 ret 275.04 len 268.4 kl 0.0089  sps 1941 reach 1.00
upd 5516/5859 step 11,296,768 ret 270.9 len 273.2 kl 0.0108  sps 1941 reach 1.00
upd 5517/5859 step 11,298,816 ret 231.58 len 278.6 kl 0.0081  sps 1941 reach 1.00
upd 5518/5859 step 11,300,864 ret 243.8 len 282.1 kl 0.0091  sps 1941 reach 1.00
upd 5519/5859 step 11,302,912 ret 237.19 len 285.7 kl 0.0059  sps 1941 reach 1.00
upd 5520/5859 step 11,304,960 ret 248.29 len 284.6 kl 0.0099  sps 1941 reach 1.00
upd 5521/5859 step 11,307,008 ret 250.85 len 279.4 kl 0.0092  sps 1941 reach 1.00
upd 5522/5859 step 11,309,056 ret 269.0 len 279.4 kl 0.0074  sps 1941 reach 1.00
upd 5523/5859 step 11,311,104 ret 265.17 len 282.6 kl 0.0098  sps 1941 reach 1.00
upd 5524/5859 step 11,313,152 ret 261.4 len 282.9 kl 0.0123  sps 1941 reach 1.00
upd 5525/5859 step 11,315,200 ret 260.69 len 282.9 kl 0.0094  sps 1941 reach 1.00
upd 5526/5859 step 11,317,248 ret 272.25 len 287.1 kl 0.0075  sps 1942 reach 1.00
upd 5527/5859 step 11,319,296 ret 351.08 len 287.1 kl 0.0080  sps 1942 reach 1.00
upd 5528/5859 step 11,321,344 ret 335.44 len 288.3 kl 0.0068  sps 1942 reach 1.00
upd 5529/5859 step 11,323,392 ret 362.3 len 278.0 kl 0.0087  sps 1942 reach 1.00
upd 5530/5859 step 11,325,440 ret 386.35 len 274.4 kl 0.0062  sps 1942 reach 1.00
upd 5531/5859 step 11,327,488 ret 360.12 len 276.5 kl 0.0119  sps 1942 reach 1.00
upd 5532/5859 step 11,329,536 ret 372.71 len 267.3 kl 0.0076  sps 1942 reach 1.00
upd 5533/5859 step 11,331,584 ret 387.36 len 267.3 kl 0.0095  sps 1942 reach 1.00
upd 5534/5859 step 11,333,632 ret 377.34 len 271.8 kl 0.0075  sps 1942 reach 1.00
upd 5535/5859 step 11,335,680 ret 383.79 len 285.3 kl 0.0055  sps 1942 reach 1.00
upd 5536/5859 step 11,337,728 ret 407.5 len 276.6 kl 0.0060  sps 1942 reach 1.00
upd 5537/5859 step 11,339,776 ret 434.16 len 280.6 kl 0.0062  sps 1942 reach 1.00
upd 5538/5859 step 11,341,824 ret 351.7 len 285.9 kl 0.0061  sps 1942 reach 1.00
upd 5539/5859 step 11,343,872 ret 349.55 len 278.6 kl 0.0078  sps 1943 reach 1.00
upd 5540/5859 step 11,345,920 ret 350.48 len 273.9 kl 0.0101  sps 1943 reach 1.00
upd 5541/5859 step 11,347,968 ret 301.46 len 280.1 kl 0.0097  sps 1943 reach 1.00
upd 5542/5859 step 11,350,016 ret 286.63 len 274.6 kl 0.0081  sps 1943 reach 1.00
upd 5543/5859 step 11,352,064 ret 344.34 len 274.6 kl 0.0074  sps 1943 reach 1.00
upd 5544/5859 step 11,354,112 ret 332.61 len 271.4 kl 0.0065  sps 1943 reach 1.00
upd 5545/5859 step 11,356,160 ret 352.47 len 278.0 kl 0.0061  sps 1943 reach 1.00
upd 5546/5859 step 11,358,208 ret 375.81 len 278.8 kl 0.0102  sps 1943 reach 1.00
upd 5547/5859 step 11,360,256 ret 353.06 len 274.4 kl 0.0095  sps 1943 reach 1.00
upd 5548/5859 step 11,362,304 ret 328.02 len 279.9 kl 0.0081  sps 1943 reach 1.00
upd 5549/5859 step 11,364,352 ret 301.03 len 275.9 kl 0.0066  sps 1943 reach 1.00
upd 5550/5859 step 11,366,400 ret 311.97 len 281.3 kl 0.0040  sps 1943 reach 1.00
upd 5551/5859 step 11,368,448 ret 326.23 len 286.4 kl 0.0048  sps 1943 reach 1.00
upd 5552/5859 step 11,370,496 ret 312.65 len 280.9 kl 0.0120  sps 1943 reach 1.00
upd 5553/5859 step 11,372,544 ret 339.29 len 277.6 kl 0.0060  sps 1943 reach 1.00
upd 5554/5859 step 11,374,592 ret 366.49 len 282.4 kl 0.0073  sps 1944 reach 1.00
upd 5555/5859 step 11,376,640 ret 338.21 len 282.2 kl 0.0069  sps 1944 reach 1.00
upd 5556/5859 step 11,378,688 ret 354.29 len 272.6 kl 0.0064  sps 1944 reach 1.00
upd 5557/5859 step 11,380,736 ret 336.08 len 267.8 kl 0.0090  sps 1944 reach 1.00
upd 5558/5859 step 11,382,784 ret 308.44 len 269.9 kl 0.0098  sps 1944 reach 1.00
upd 5559/5859 step 11,384,832 ret 279.92 len 267.4 kl 0.0082  sps 1944 reach 1.00
upd 5560/5859 step 11,386,880 ret 273.48 len 272.0 kl 0.0070  sps 1944 reach 1.00
upd 5561/5859 step 11,388,928 ret 261.3 len 272.3 kl 0.0057  sps 1944 reach 1.00
upd 5562/5859 step 11,390,976 ret 249.22 len 278.1 kl 0.0062  sps 1944 reach 1.00
upd 5563/5859 step 11,393,024 ret 259.8 len 283.4 kl 0.0081  sps 1944 reach 1.00
upd 5564/5859 step 11,395,072 ret 284.7 len 283.4 kl 0.0080  sps 1944 reach 1.00
upd 5565/5859 step 11,397,120 ret 298.72 len 285.9 kl 0.0060  sps 1944 reach 1.00
upd 5566/5859 step 11,399,168 ret 299.58 len 280.6 kl 0.0099  sps 1944 reach 1.00
upd 5567/5859 step 11,401,216 ret 264.38 len 282.1 kl 0.0123  sps 1944 reach 1.00
upd 5568/5859 step 11,403,264 ret 266.89 len 281.8 kl 0.0082  sps 1944 reach 1.00
upd 5569/5859 step 11,405,312 ret 250.53 len 285.1 kl 0.0077  sps 1944 reach 1.00
upd 5570/5859 step 11,407,360 ret 255.73 len 285.1 kl 0.0084  sps 1944 reach 1.00
upd 5571/5859 step 11,409,408 ret 299.61 len 282.6 kl 0.0089  sps 1944 reach 1.00
upd 5572/5859 step 11,411,456 ret 305.64 len 278.0 kl 0.0073  sps 1945 reach 1.00
upd 5573/5859 step 11,413,504 ret 328.15 len 270.4 kl 0.0049  sps 1945 reach 1.00
upd 5574/5859 step 11,415,552 ret 325.24 len 267.9 kl 0.0086  sps 1945 reach 1.00
upd 5575/5859 step 11,417,600 ret 308.82 len 267.9 kl 0.0089  sps 1945 reach 1.00
upd 5576/5859 step 11,419,648 ret 326.83 len 263.5 kl 0.0051  sps 1945 reach 1.00
upd 5577/5859 step 11,421,696 ret 334.11 len 262.9 kl 0.0079  sps 1945 reach 1.00
upd 5578/5859 step 11,423,744 ret 326.28 len 271.1 kl 0.0097  sps 1945 reach 1.00
upd 5579/5859 step 11,425,792 ret 315.06 len 271.2 kl 0.0085  sps 1945 reach 1.00
upd 5580/5859 step 11,427,840 ret 335.27 len 273.7 kl 0.0065  sps 1945 reach 1.00
upd 5581/5859 step 11,429,888 ret 312.53 len 264.6 kl 0.0071  sps 1945 reach 1.00
upd 5582/5859 step 11,431,936 ret 277.02 len 277.2 kl 0.0095  sps 1945 reach 1.00
upd 5583/5859 step 11,433,984 ret 275.46 len 276.3 kl 0.0060  sps 1945 reach 1.00
upd 5584/5859 step 11,436,032 ret 293.84 len 276.0 kl 0.0067  sps 1946 reach 1.00
upd 5585/5859 step 11,438,080 ret 313.7 len 270.3 kl 0.0059  sps 1946 reach 1.00
upd 5586/5859 step 11,440,128 ret 339.03 len 267.7 kl 0.0062  sps 1946 reach 1.00
upd 5587/5859 step 11,442,176 ret 329.88 len 269.3 kl 0.0063  sps 1946 reach 1.00
upd 5588/5859 step 11,444,224 ret 359.62 len 275.2 kl 0.0083  sps 1946 reach 1.00
upd 5589/5859 step 11,446,272 ret 357.32 len 281.1 kl 0.0074  sps 1946 reach 1.00
upd 5590/5859 step 11,448,320 ret 304.19 len 281.1 kl 0.0051  sps 1946 reach 1.00
upd 5591/5859 step 11,450,368 ret 295.96 len 283.9 kl 0.0080  sps 1946 reach 1.00
upd 5592/5859 step 11,452,416 ret 260.09 len 287.2 kl 0.0079  sps 1946 reach 1.00
upd 5593/5859 step 11,454,464 ret 241.5 len 280.6 kl 0.0064  sps 1946 reach 1.00
upd 5594/5859 step 11,456,512 ret 272.65 len 273.4 kl 0.0078  sps 1946 reach 1.00
upd 5595/5859 step 11,458,560 ret 295.33 len 263.5 kl 0.0101  sps 1946 reach 1.00
upd 5596/5859 step 11,460,608 ret 268.46 len 271.9 kl 0.0046  sps 1946 reach 1.00
upd 5597/5859 step 11,462,656 ret 291.96 len 271.9 kl 0.0077  sps 1946 reach 1.00
upd 5598/5859 step 11,464,704 ret 300.94 len 279.9 kl 0.0114  sps 1946 reach 1.00
upd 5599/5859 step 11,466,752 ret 303.56 len 281.0 kl 0.0072  sps 1946 reach 1.00
upd 5600/5859 step 11,468,800 ret 299.46 len 293.7 kl 0.0054  sps 1947 reach 1.00
upd 5601/5859 step 11,470,848 ret 297.44 len 286.1 kl 0.0103  sps 1947 reach 1.00
upd 5602/5859 step 11,472,896 ret 314.48 len 282.1 kl 0.0060  sps 1947 reach 1.00
upd 5603/5859 step 11,474,944 ret 315.34 len 282.0 kl 0.0074  sps 1947 reach 1.00
upd 5604/5859 step 11,476,992 ret 318.22 len 277.7 kl 0.0085  sps 1947 reach 1.00
upd 5605/5859 step 11,479,040 ret 312.57 len 268.6 kl 0.0045  sps 1947 reach 1.00
upd 5606/5859 step 11,481,088 ret 298.32 len 268.3 kl 0.0061  sps 1947 reach 1.00
upd 5607/5859 step 11,483,136 ret 303.28 len 284.4 kl 0.0095  sps 1947 reach 1.00
upd 5608/5859 step 11,485,184 ret 271.88 len 277.9 kl 0.0075  sps 1947 reach 1.00
upd 5609/5859 step 11,487,232 ret 238.78 len 284.2 kl 0.0053  sps 1947 reach 1.00
upd 5610/5859 step 11,489,280 ret 259.98 len 284.5 kl 0.0087  sps 1947 reach 1.00
upd 5611/5859 step 11,491,328 ret 313.88 len 279.9 kl 0.0108  sps 1947 reach 1.00
upd 5612/5859 step 11,493,376 ret 312.7 len 278.6 kl 0.0093  sps 1947 reach 1.00
upd 5613/5859 step 11,495,424 ret 313.07 len 273.9 kl 0.0049  sps 1947 reach 1.00
upd 5614/5859 step 11,497,472 ret 312.41 len 280.4 kl 0.0054  sps 1947 reach 1.00
upd 5615/5859 step 11,499,520 ret 333.54 len 272.1 kl 0.0048  sps 1947 reach 1.00
upd 5616/5859 step 11,501,568 ret 261.57 len 267.8 kl 0.0067  sps 1947 reach 1.00
upd 5617/5859 step 11,503,616 ret 240.13 len 267.4 kl 0.0094  sps 1947 reach 1.00
upd 5618/5859 step 11,505,664 ret 219.41 len 269.5 kl 0.0042  sps 1947 reach 1.00
upd 5619/5859 step 11,507,712 ret 241.33 len 264.4 kl 0.0060  sps 1947 reach 1.00
upd 5620/5859 step 11,509,760 ret 208.39 len 264.5 kl 0.0063  sps 1947 reach 1.00
upd 5621/5859 step 11,511,808 ret 211.64 len 274.9 kl 0.0098  sps 1947 reach 1.00
upd 5622/5859 step 11,513,856 ret 228.36 len 273.5 kl 0.0086  sps 1948 reach 1.00
upd 5623/5859 step 11,515,904 ret 251.93 len 274.9 kl 0.0061  sps 1948 reach 1.00
upd 5624/5859 step 11,517,952 ret 273.05 len 277.8 kl 0.0064  sps 1948 reach 1.00
upd 5625/5859 step 11,520,000 ret 293.99 len 277.8 kl 0.0091  sps 1948 reach 1.00
upd 5626/5859 step 11,522,048 ret 286.83 len 286.2 kl 0.0055  sps 1948 reach 1.00
upd 5627/5859 step 11,524,096 ret 303.04 len 286.9 kl 0.0061  sps 1948 reach 1.00
upd 5628/5859 step 11,526,144 ret 317.19 len 279.2 kl 0.0048  sps 1948 reach 1.00
upd 5629/5859 step 11,528,192 ret 322.7 len 275.3 kl 0.0081  sps 1948 reach 1.00
upd 5630/5859 step 11,530,240 ret 288.18 len 275.1 kl 0.0055  sps 1948 reach 1.00
upd 5631/5859 step 11,532,288 ret 293.61 len 274.3 kl 0.0079  sps 1948 reach 1.00
upd 5632/5859 step 11,534,336 ret 263.17 len 275.6 kl 0.0066  sps 1948 reach 1.00
upd 5633/5859 step 11,536,384 ret 266.79 len 279.2 kl 0.0075  sps 1948 reach 1.00
upd 5634/5859 step 11,538,432 ret 268.45 len 274.4 kl 0.0060  sps 1948 reach 1.00
upd 5635/5859 step 11,540,480 ret 292.79 len 266.5 kl 0.0052  sps 1948 reach 1.00
upd 5636/5859 step 11,542,528 ret 324.69 len 271.1 kl 0.0061  sps 1948 reach 1.00
upd 5637/5859 step 11,544,576 ret 310.71 len 260.2 kl 0.0054  sps 1948 reach 1.00
upd 5638/5859 step 11,546,624 ret 272.47 len 262.8 kl 0.0059  sps 1948 reach 1.00
upd 5639/5859 step 11,548,672 ret 295.52 len 267.8 kl 0.0070  sps 1948 reach 1.00
upd 5640/5859 step 11,550,720 ret 306.61 len 264.9 kl 0.0047  sps 1949 reach 1.00
upd 5641/5859 step 11,552,768 ret 308.02 len 273.4 kl 0.0032  sps 1949 reach 1.00
upd 5642/5859 step 11,554,816 ret 323.46 len 274.8 kl 0.0060  sps 1949 reach 1.00
upd 5643/5859 step 11,556,864 ret 379.77 len 276.6 kl 0.0060  sps 1949 reach 1.00
upd 5644/5859 step 11,558,912 ret 359.19 len 273.4 kl 0.0037  sps 1949 reach 1.00
upd 5645/5859 step 11,560,960 ret 317.8 len 276.1 kl 0.0061  sps 1949 reach 1.00
upd 5646/5859 step 11,563,008 ret 298.1 len 269.9 kl 0.0088  sps 1949 reach 1.00
upd 5647/5859 step 11,565,056 ret 306.25 len 270.3 kl 0.0071  sps 1949 reach 1.00
upd 5648/5859 step 11,567,104 ret 282.82 len 268.6 kl 0.0047  sps 1949 reach 1.00
upd 5649/5859 step 11,569,152 ret 269.17 len 271.7 kl 0.0048  sps 1949 reach 1.00
upd 5650/5859 step 11,571,200 ret 270.47 len 277.4 kl 0.0034  sps 1949 reach 1.00
upd 5651/5859 step 11,573,248 ret 304.78 len 278.9 kl 0.0074  sps 1949 reach 1.00
upd 5652/5859 step 11,575,296 ret 300.14 len 284.0 kl 0.0045  sps 1949 reach 1.00
upd 5653/5859 step 11,577,344 ret 280.8 len 295.1 kl 0.0046  sps 1949 reach 1.00
upd 5654/5859 step 11,579,392 ret 285.28 len 292.1 kl 0.0037  sps 1949 reach 1.00
upd 5655/5859 step 11,581,440 ret 296.04 len 286.0 kl 0.0057  sps 1949 reach 1.00
upd 5656/5859 step 11,583,488 ret 289.88 len 287.6 kl 0.0047  sps 1949 reach 1.00
upd 5657/5859 step 11,585,536 ret 322.62 len 282.4 kl 0.0058  sps 1950 reach 1.00
upd 5658/5859 step 11,587,584 ret 330.55 len 272.8 kl 0.0051  sps 1950 reach 1.00
upd 5659/5859 step 11,589,632 ret 341.02 len 269.6 kl 0.0077  sps 1950 reach 1.00
upd 5660/5859 step 11,591,680 ret 358.36 len 269.6 kl 0.0081  sps 1950 reach 1.00
upd 5661/5859 step 11,593,728 ret 329.65 len 265.4 kl 0.0054  sps 1950 reach 1.00
upd 5662/5859 step 11,595,776 ret 292.17 len 268.7 kl 0.0058  sps 1950 reach 1.00
upd 5663/5859 step 11,597,824 ret 303.8 len 271.8 kl 0.0039  sps 1950 reach 1.00
upd 5664/5859 step 11,599,872 ret 295.32 len 275.0 kl 0.0062  sps 1950 reach 1.00
upd 5665/5859 step 11,601,920 ret 346.37 len 276.6 kl 0.0074  sps 1950 reach 1.00
upd 5666/5859 step 11,603,968 ret 313.18 len 276.6 kl 0.0059  sps 1950 reach 1.00
upd 5667/5859 step 11,606,016 ret 322.6 len 279.1 kl 0.0063  sps 1950 reach 1.00
upd 5668/5859 step 11,608,064 ret 307.98 len 272.6 kl 0.0043  sps 1950 reach 1.00
upd 5669/5859 step 11,610,112 ret 320.54 len 267.4 kl 0.0073  sps 1950 reach 1.00
upd 5670/5859 step 11,612,160 ret 297.79 len 270.9 kl 0.0064  sps 1950 reach 1.00
upd 5671/5859 step 11,614,208 ret 341.34 len 268.3 kl 0.0088  sps 1950 reach 1.00
upd 5672/5859 step 11,616,256 ret 370.6 len 272.1 kl 0.0102  sps 1951 reach 1.00
upd 5673/5859 step 11,618,304 ret 387.83 len 277.5 kl 0.0045  sps 1951 reach 1.00
upd 5674/5859 step 11,620,352 ret 368.37 len 276.2 kl 0.0046  sps 1951 reach 1.00
upd 5675/5859 step 11,622,400 ret 363.43 len 285.1 kl 0.0038  sps 1951 reach 1.00
upd 5676/5859 step 11,624,448 ret 332.45 len 277.6 kl 0.0039  sps 1951 reach 1.00
upd 5677/5859 step 11,626,496 ret 286.51 len 280.1 kl 0.0028  sps 1951 reach 1.00
upd 5678/5859 step 11,628,544 ret 290.63 len 270.4 kl 0.0064  sps 1951 reach 1.00
upd 5679/5859 step 11,630,592 ret 308.25 len 265.4 kl 0.0051  sps 1951 reach 1.00
upd 5680/5859 step 11,632,640 ret 326.58 len 260.4 kl 0.0067  sps 1951 reach 1.00
upd 5681/5859 step 11,634,688 ret 326.64 len 266.3 kl 0.0060  sps 1951 reach 1.00
upd 5682/5859 step 11,636,736 ret 307.38 len 265.3 kl 0.0025  sps 1951 reach 1.00
upd 5683/5859 step 11,638,784 ret 285.69 len 263.0 kl 0.0029  sps 1951 reach 1.00
upd 5684/5859 step 11,640,832 ret 330.55 len 265.2 kl 0.0044  sps 1951 reach 1.00
upd 5685/5859 step 11,642,880 ret 319.77 len 273.1 kl 0.0054  sps 1951 reach 1.00
upd 5686/5859 step 11,644,928 ret 380.29 len 271.7 kl 0.0041  sps 1951 reach 1.00
upd 5687/5859 step 11,646,976 ret 376.51 len 271.7 kl 0.0042  sps 1951 reach 1.00
upd 5688/5859 step 11,649,024 ret 401.05 len 284.4 kl 0.0072  sps 1951 reach 1.00
upd 5689/5859 step 11,651,072 ret 404.17 len 288.2 kl 0.0034  sps 1951 reach 1.00
upd 5690/5859 step 11,653,120 ret 366.68 len 288.2 kl 0.0050  sps 1951 reach 1.00
upd 5691/5859 step 11,655,168 ret 374.28 len 288.8 kl 0.0063  sps 1952 reach 1.00
upd 5692/5859 step 11,657,216 ret 381.44 len 292.1 kl 0.0083  sps 1952 reach 1.00
upd 5693/5859 step 11,659,264 ret 366.71 len 291.8 kl 0.0028  sps 1952 reach 1.00
upd 5694/5859 step 11,661,312 ret 360.31 len 291.8 kl 0.0033  sps 1952 reach 1.00
upd 5695/5859 step 11,663,360 ret 385.92 len 281.7 kl 0.0047  sps 1952 reach 1.00
upd 5696/5859 step 11,665,408 ret 356.49 len 275.4 kl 0.0031  sps 1952 reach 1.00
upd 5697/5859 step 11,667,456 ret 331.6 len 275.4 kl 0.0048  sps 1952 reach 1.00
upd 5698/5859 step 11,669,504 ret 322.61 len 270.4 kl 0.0033  sps 1952 reach 1.00
upd 5699/5859 step 11,671,552 ret 314.9 len 273.2 kl 0.0058  sps 1952 reach 1.00
upd 5700/5859 step 11,673,600 ret 277.4 len 273.2 kl 0.0033  sps 1952 reach 1.00
upd 5701/5859 step 11,675,648 ret 289.09 len 279.4 kl 0.0016  sps 1952 reach 1.00
upd 5702/5859 step 11,677,696 ret 308.01 len 281.2 kl 0.0077  sps 1952 reach 1.00
upd 5703/5859 step 11,679,744 ret 351.71 len 279.4 kl 0.0039  sps 1952 reach 1.00
upd 5704/5859 step 11,681,792 ret 298.44 len 284.6 kl 0.0057  sps 1952 reach 1.00
upd 5705/5859 step 11,683,840 ret 348.78 len 278.1 kl 0.0027  sps 1952 reach 1.00
upd 5706/5859 step 11,685,888 ret 327.23 len 281.9 kl 0.0036  sps 1953 reach 1.00
upd 5707/5859 step 11,687,936 ret 363.43 len 278.3 kl 0.0034  sps 1953 reach 1.00
upd 5708/5859 step 11,689,984 ret 318.16 len 272.3 kl 0.0033  sps 1953 reach 1.00
upd 5709/5859 step 11,692,032 ret 334.69 len 269.2 kl 0.0032  sps 1953 reach 1.00
upd 5710/5859 step 11,694,080 ret 310.71 len 273.9 kl 0.0060  sps 1953 reach 1.00
upd 5711/5859 step 11,696,128 ret 307.19 len 277.8 kl 0.0044  sps 1953 reach 1.00
upd 5712/5859 step 11,698,176 ret 305.14 len 277.4 kl 0.0046  sps 1953 reach 1.00
upd 5713/5859 step 11,700,224 ret 291.99 len 284.4 kl 0.0014  sps 1953 reach 1.00
upd 5714/5859 step 11,702,272 ret 319.07 len 285.1 kl 0.0018  sps 1953 reach 1.00
upd 5715/5859 step 11,704,320 ret 308.33 len 289.8 kl 0.0021  sps 1953 reach 1.00
upd 5716/5859 step 11,706,368 ret 327.23 len 289.8 kl 0.0047  sps 1953 reach 1.00
upd 5717/5859 step 11,708,416 ret 309.21 len 295.0 kl 0.0023  sps 1953 reach 1.00
upd 5718/5859 step 11,710,464 ret 254.13 len 288.4 kl 0.0019  sps 1953 reach 1.00
upd 5719/5859 step 11,712,512 ret 288.22 len 288.4 kl 0.0045  sps 1953 reach 1.00
upd 5720/5859 step 11,714,560 ret 273.84 len 284.4 kl 0.0019  sps 1953 reach 1.00
upd 5721/5859 step 11,716,608 ret 253.08 len 284.4 kl 0.0074  sps 1954 reach 1.00
upd 5722/5859 step 11,718,656 ret 252.83 len 284.4 kl 0.0028  sps 1954 reach 1.00
upd 5723/5859 step 11,720,704 ret 297.7 len 286.8 kl 0.0050  sps 1954 reach 1.00
upd 5724/5859 step 11,722,752 ret 267.79 len 284.1 kl 0.0016  sps 1954 reach 1.00
upd 5725/5859 step 11,724,800 ret 295.25 len 288.9 kl 0.0020  sps 1954 reach 1.00
upd 5726/5859 step 11,726,848 ret 275.57 len 287.0 kl 0.0024  sps 1954 reach 1.00
upd 5727/5859 step 11,728,896 ret 308.97 len 287.0 kl 0.0031  sps 1954 reach 1.00
upd 5728/5859 step 11,730,944 ret 305.01 len 287.0 kl 0.0057  sps 1954 reach 1.00
upd 5729/5859 step 11,732,992 ret 288.28 len 292.9 kl 0.0041  sps 1954 reach 1.00
upd 5730/5859 step 11,735,040 ret 303.7 len 293.9 kl 0.0040  sps 1954 reach 1.00
upd 5731/5859 step 11,737,088 ret 292.51 len 293.9 kl 0.0009  sps 1954 reach 1.00
upd 5732/5859 step 11,739,136 ret 281.08 len 296.3 kl 0.0040  sps 1954 reach 1.00
upd 5733/5859 step 11,741,184 ret 300.89 len 291.0 kl 0.0035  sps 1954 reach 1.00
upd 5734/5859 step 11,743,232 ret 293.4 len 286.2 kl 0.0033  sps 1954 reach 1.00
upd 5735/5859 step 11,745,280 ret 298.1 len 281.7 kl 0.0022  sps 1954 reach 1.00
upd 5736/5859 step 11,747,328 ret 300.06 len 281.7 kl 0.0019  sps 1954 reach 1.00
upd 5737/5859 step 11,749,376 ret 322.28 len 281.7 kl 0.0022  sps 1955 reach 1.00
upd 5738/5859 step 11,751,424 ret 308.74 len 287.9 kl 0.0008  sps 1955 reach 1.00
upd 5739/5859 step 11,753,472 ret 309.1 len 282.6 kl 0.0032  sps 1955 reach 1.00
upd 5740/5859 step 11,755,520 ret 306.43 len 287.7 kl 0.0014  sps 1955 reach 1.00
upd 5741/5859 step 11,757,568 ret 322.38 len 287.7 kl 0.0028  sps 1955 reach 1.00
upd 5742/5859 step 11,759,616 ret 344.13 len 287.7 kl 0.0022  sps 1955 reach 1.00
upd 5743/5859 step 11,761,664 ret 303.57 len 287.7 kl 0.0055  sps 1955 reach 1.00
upd 5744/5859 step 11,763,712 ret 314.03 len 280.4 kl 0.0024  sps 1955 reach 1.00
upd 5745/5859 step 11,765,760 ret 322.95 len 275.9 kl 0.0037  sps 1955 reach 1.00
upd 5746/5859 step 11,767,808 ret 309.62 len 276.6 kl 0.0021  sps 1955 reach 1.00
upd 5747/5859 step 11,769,856 ret 255.55 len 276.6 kl 0.0026  sps 1955 reach 1.00
upd 5748/5859 step 11,771,904 ret 272.96 len 266.8 kl 0.0012  sps 1955 reach 1.00
upd 5749/5859 step 11,773,952 ret 290.91 len 267.7 kl 0.0013  sps 1955 reach 1.00
upd 5750/5859 step 11,776,000 ret 273.29 len 273.6 kl 0.0019  sps 1955 reach 1.00
upd 5751/5859 step 11,778,048 ret 296.34 len 282.3 kl 0.0015  sps 1955 reach 1.00
upd 5752/5859 step 11,780,096 ret 331.05 len 282.3 kl 0.0017  sps 1955 reach 1.00
upd 5753/5859 step 11,782,144 ret 315.48 len 292.1 kl 0.0036  sps 1956 reach 1.00
upd 5754/5859 step 11,784,192 ret 300.52 len 272.6 kl 0.0035  sps 1956 reach 1.00
upd 5755/5859 step 11,786,240 ret 274.02 len 269.6 kl 0.0017  sps 1956 reach 1.00
upd 5756/5859 step 11,788,288 ret 246.93 len 266.1 kl 0.0013  sps 1956 reach 1.00
upd 5757/5859 step 11,790,336 ret 242.94 len 262.9 kl 0.0017  sps 1956 reach 1.00
upd 5758/5859 step 11,792,384 ret 257.32 len 262.5 kl 0.0047  sps 1956 reach 1.00
upd 5759/5859 step 11,794,432 ret 278.47 len 282.0 kl 0.0018  sps 1956 reach 1.00
upd 5760/5859 step 11,796,480 ret 294.17 len 277.6 kl 0.0016  sps 1956 reach 1.00
upd 5761/5859 step 11,798,528 ret 307.04 len 276.6 kl 0.0018  sps 1956 reach 1.00
upd 5762/5859 step 11,800,576 ret 292.67 len 276.6 kl 0.0028  sps 1956 reach 1.00
upd 5763/5859 step 11,802,624 ret 224.72 len 280.2 kl 0.0023  sps 1956 reach 1.00
upd 5764/5859 step 11,804,672 ret 216.43 len 276.7 kl 0.0030  sps 1956 reach 1.00
upd 5765/5859 step 11,806,720 ret 228.53 len 281.8 kl 0.0030  sps 1956 reach 1.00
upd 5766/5859 step 11,808,768 ret 203.0 len 291.9 kl 0.0008  sps 1956 reach 1.00
upd 5767/5859 step 11,810,816 ret 220.86 len 291.9 kl 0.0015  sps 1956 reach 1.00
upd 5768/5859 step 11,812,864 ret 267.46 len 291.9 kl 0.0020  sps 1956 reach 1.00
upd 5769/5859 step 11,814,912 ret 295.78 len 286.3 kl 0.0012  sps 1956 reach 1.00
upd 5770/5859 step 11,816,960 ret 282.54 len 280.4 kl 0.0019  sps 1956 reach 1.00
upd 5771/5859 step 11,819,008 ret 285.21 len 280.4 kl 0.0011  sps 1956 reach 1.00
upd 5772/5859 step 11,821,056 ret 302.29 len 285.0 kl 0.0011  sps 1956 reach 1.00
upd 5773/5859 step 11,823,104 ret 282.5 len 283.9 kl 0.0026  sps 1956 reach 1.00
upd 5774/5859 step 11,825,152 ret 296.98 len 287.6 kl 0.0017  sps 1956 reach 1.00
upd 5775/5859 step 11,827,200 ret 294.45 len 285.6 kl 0.0006  sps 1956 reach 1.00
upd 5776/5859 step 11,829,248 ret 320.19 len 290.1 kl 0.0012  sps 1956 reach 1.00
upd 5777/5859 step 11,831,296 ret 357.05 len 290.1 kl 0.0017  sps 1956 reach 1.00
upd 5778/5859 step 11,833,344 ret 361.01 len 273.9 kl 0.0015  sps 1956 reach 1.00
upd 5779/5859 step 11,835,392 ret 344.46 len 269.5 kl 0.0019  sps 1956 reach 1.00
upd 5780/5859 step 11,837,440 ret 387.53 len 266.2 kl 0.0032  sps 1956 reach 1.00
upd 5781/5859 step 11,839,488 ret 432.56 len 271.5 kl 0.0012  sps 1956 reach 1.00
upd 5782/5859 step 11,841,536 ret 397.12 len 271.5 kl 0.0014  sps 1957 reach 1.00
upd 5783/5859 step 11,843,584 ret 337.46 len 265.9 kl 0.0008  sps 1957 reach 1.00
upd 5784/5859 step 11,845,632 ret 339.33 len 277.6 kl 0.0012  sps 1957 reach 1.00
upd 5785/5859 step 11,847,680 ret 331.3 len 271.2 kl 0.0011  sps 1957 reach 1.00
upd 5786/5859 step 11,849,728 ret 261.16 len 274.8 kl 0.0009  sps 1957 reach 1.00
upd 5787/5859 step 11,851,776 ret 297.82 len 268.7 kl 0.0013  sps 1957 reach 1.00
upd 5788/5859 step 11,853,824 ret 292.57 len 272.1 kl 0.0030  sps 1957 reach 1.00
upd 5789/5859 step 11,855,872 ret 270.23 len 277.6 kl 0.0016  sps 1957 reach 1.00
upd 5790/5859 step 11,857,920 ret 318.69 len 271.2 kl 0.0007  sps 1957 reach 1.00
upd 5791/5859 step 11,859,968 ret 317.88 len 270.6 kl 0.0007  sps 1957 reach 1.00
upd 5792/5859 step 11,862,016 ret 310.5 len 276.7 kl 0.0006  sps 1957 reach 1.00
upd 5793/5859 step 11,864,064 ret 311.78 len 277.7 kl 0.0008  sps 1957 reach 1.00
upd 5794/5859 step 11,866,112 ret 304.72 len 268.6 kl 0.0012  sps 1957 reach 1.00
upd 5795/5859 step 11,868,160 ret 266.98 len 268.2 kl 0.0007  sps 1957 reach 1.00
upd 5796/5859 step 11,870,208 ret 218.29 len 279.6 kl 0.0004  sps 1957 reach 1.00
upd 5797/5859 step 11,872,256 ret 201.49 len 271.9 kl 0.0006  sps 1957 reach 1.00
upd 5798/5859 step 11,874,304 ret 189.34 len 274.1 kl 0.0007  sps 1957 reach 1.00
upd 5799/5859 step 11,876,352 ret 210.39 len 274.9 kl 0.0004  sps 1958 reach 1.00
upd 5800/5859 step 11,878,400 ret 216.45 len 283.6 kl 0.0018  sps 1958 reach 1.00
upd 5801/5859 step 11,880,448 ret 228.85 len 281.8 kl 0.0004  sps 1958 reach 1.00
upd 5802/5859 step 11,882,496 ret 251.42 len 283.9 kl 0.0007  sps 1958 reach 1.00
upd 5803/5859 step 11,884,544 ret 266.06 len 282.2 kl 0.0006  sps 1958 reach 1.00
upd 5804/5859 step 11,886,592 ret 305.71 len 278.4 kl 0.0006  sps 1958 reach 1.00
upd 5805/5859 step 11,888,640 ret 314.94 len 270.3 kl 0.0005  sps 1958 reach 1.00
upd 5806/5859 step 11,890,688 ret 326.5 len 268.9 kl 0.0006  sps 1958 reach 1.00
upd 5807/5859 step 11,892,736 ret 294.1 len 269.9 kl 0.0004  sps 1958 reach 1.00
upd 5808/5859 step 11,894,784 ret 290.76 len 275.2 kl 0.0003  sps 1958 reach 1.00
upd 5809/5859 step 11,896,832 ret 280.88 len 278.4 kl 0.0002  sps 1958 reach 1.00
upd 5810/5859 step 11,898,880 ret 282.47 len 272.3 kl 0.0010  sps 1958 reach 1.00
upd 5811/5859 step 11,900,928 ret 256.12 len 278.8 kl 0.0004  sps 1958 reach 1.00
upd 5812/5859 step 11,902,976 ret 265.67 len 275.8 kl 0.0006  sps 1958 reach 1.00
upd 5813/5859 step 11,905,024 ret 252.32 len 269.8 kl 0.0004  sps 1958 reach 1.00
upd 5814/5859 step 11,907,072 ret 272.66 len 265.7 kl 0.0006  sps 1958 reach 1.00
upd 5815/5859 step 11,909,120 ret 265.29 len 271.6 kl 0.0005  sps 1958 reach 1.00
upd 5816/5859 step 11,911,168 ret 258.34 len 268.3 kl 0.0004  sps 1958 reach 1.00
upd 5817/5859 step 11,913,216 ret 236.34 len 268.2 kl 0.0002  sps 1958 reach 1.00
upd 5818/5859 step 11,915,264 ret 246.53 len 267.2 kl 0.0004  sps 1958 reach 1.00
upd 5819/5859 step 11,917,312 ret 258.2 len 276.9 kl 0.0003  sps 1958 reach 1.00
upd 5820/5859 step 11,919,360 ret 225.01 len 270.3 kl 0.0002  sps 1958 reach 1.00
upd 5821/5859 step 11,921,408 ret 251.79 len 271.7 kl 0.0005  sps 1959 reach 1.00
upd 5822/5859 step 11,923,456 ret 266.85 len 270.2 kl 0.0002  sps 1959 reach 1.00
upd 5823/5859 step 11,925,504 ret 285.45 len 274.9 kl 0.0003  sps 1959 reach 1.00
upd 5824/5859 step 11,927,552 ret 267.76 len 274.9 kl 0.0002  sps 1959 reach 1.00
upd 5825/5859 step 11,929,600 ret 285.61 len 279.9 kl 0.0001  sps 1959 reach 1.00
upd 5826/5859 step 11,931,648 ret 294.73 len 272.8 kl 0.0002  sps 1959 reach 1.00
upd 5827/5859 step 11,933,696 ret 344.58 len 270.3 kl 0.0003  sps 1959 reach 1.00
upd 5828/5859 step 11,935,744 ret 360.94 len 271.9 kl 0.0002  sps 1959 reach 1.00
upd 5829/5859 step 11,937,792 ret 344.9 len 271.9 kl 0.0003  sps 1959 reach 1.00
upd 5830/5859 step 11,939,840 ret 375.49 len 272.5 kl 0.0001  sps 1959 reach 1.00
upd 5831/5859 step 11,941,888 ret 400.16 len 273.9 kl 0.0003  sps 1959 reach 1.00
upd 5832/5859 step 11,943,936 ret 387.86 len 280.6 kl 0.0001  sps 1959 reach 1.00
upd 5833/5859 step 11,945,984 ret 351.44 len 277.5 kl 0.0001  sps 1959 reach 1.00
upd 5834/5859 step 11,948,032 ret 377.17 len 269.6 kl 0.0001  sps 1959 reach 1.00
upd 5835/5859 step 11,950,080 ret 385.69 len 265.3 kl 0.0001  sps 1959 reach 1.00
upd 5836/5859 step 11,952,128 ret 363.59 len 265.2 kl 0.0001  sps 1959 reach 1.00
upd 5837/5859 step 11,954,176 ret 398.84 len 270.9 kl 0.0001  sps 1959 reach 1.00
upd 5838/5859 step 11,956,224 ret 427.26 len 275.2 kl 0.0001  sps 1959 reach 1.00
upd 5839/5859 step 11,958,272 ret 373.89 len 284.9 kl 0.0001  sps 1959 reach 1.00
upd 5840/5859 step 11,960,320 ret 359.41 len 286.5 kl 0.0001  sps 1959 reach 1.00
upd 5841/5859 step 11,962,368 ret 352.25 len 290.3 kl 0.0000  sps 1959 reach 1.00
upd 5842/5859 step 11,964,416 ret 311.63 len 294.2 kl 0.0001  sps 1959 reach 1.00
upd 5843/5859 step 11,966,464 ret 265.72 len 285.1 kl 0.0000  sps 1959 reach 1.00
upd 5844/5859 step 11,968,512 ret 257.65 len 280.2 kl 0.0000  sps 1959 reach 1.00
upd 5845/5859 step 11,970,560 ret 242.02 len 280.2 kl 0.0000  sps 1959 reach 1.00
upd 5846/5859 step 11,972,608 ret 284.28 len 277.7 kl 0.0000  sps 1959 reach 1.00
upd 5847/5859 step 11,974,656 ret 290.13 len 261.3 kl 0.0000  sps 1959 reach 1.00
upd 5848/5859 step 11,976,704 ret 308.94 len 265.7 kl 0.0000  sps 1959 reach 1.00
upd 5849/5859 step 11,978,752 ret 344.97 len 266.6 kl 0.0000  sps 1959 reach 1.00
upd 5850/5859 step 11,980,800 ret 339.78 len 260.9 kl 0.0000  sps 1959 reach 1.00
upd 5851/5859 step 11,982,848 ret 326.41 len 260.3 kl 0.0000  sps 1959 reach 1.00
upd 5852/5859 step 11,984,896 ret 306.87 len 264.0 kl 0.0000  sps 1959 reach 1.00
upd 5853/5859 step 11,986,944 ret 285.84 len 270.0 kl 0.0000  sps 1960 reach 1.00
upd 5854/5859 step 11,988,992 ret 256.32 len 267.4 kl 0.0000  sps 1960 reach 1.00
upd 5855/5859 step 11,991,040 ret 249.79 len 270.5 kl 0.0000  sps 1960 reach 1.00
upd 5856/5859 step 11,993,088 ret 296.19 len 274.4 kl 0.0000  sps 1960 reach 1.00
upd 5857/5859 step 11,995,136 ret 267.46 len 276.6 kl 0.0000  sps 1960 reach 1.00
upd 5858/5859 step 11,997,184 ret 272.18 len 278.3 kl 0.0000  sps 1960 reach 1.00
upd 5859/5859 step 11,999,232 ret 329.53 len 280.1 kl 0.0000  sps 1960 reach 1.00
done: 11,999,232 steps -> runs/recover7_d063_curriculum/latest.pt
