resumed runs/recover1/latest.pt: update 1953, 1,999,872 steps, 34.1 min trained
device cuda | 8 envs (async) | batch 1024 | 3906 updates to 4,000,000 steps | DR=on push=0.03
upd 1954/3906 step 2,000,896 ret 167.77 len 77.3 kl 0.0309* sps 1007
upd 1955/3906 step 2,001,920 ret 210.1 len 98.5 kl 0.0270  sps 1341
upd 1956/3906 step 2,002,944 ret 351.15 len 179.0 kl 0.0211  sps 1522
upd 1957/3906 step 2,003,968 ret 364.71 len 182.2 kl 0.0310* sps 1603
upd 1958/3906 step 2,004,992 ret 386.98 len 196.0 kl 0.0311* sps 1688
upd 1959/3906 step 2,006,016 ret 404.75 len 204.7 kl 0.0283  sps 1789
upd 1960/3906 step 2,007,040 ret 414.35 len 214.6 kl 0.0277  sps 1797
upd 1961/3906 step 2,008,064 ret 411.72 len 220.8 kl 0.0222  sps 1803
upd 1962/3906 step 2,009,088 ret 405.73 len 216.2 kl 0.0361* sps 1802
upd 1963/3906 step 2,010,112 ret 427.85 len 228.6 kl 0.0227  sps 1801
upd 1964/3906 step 2,011,136 ret 464.46 len 248.3 kl 0.0279  sps 1813
upd 1965/3906 step 2,012,160 ret 463.19 len 247.4 kl 0.0288  sps 1816
upd 1966/3906 step 2,013,184 ret 469.36 len 252.3 kl 0.0249  sps 1807
upd 1967/3906 step 2,014,208 ret 472.23 len 254.1 kl 0.0237  sps 1796
upd 1968/3906 step 2,015,232 ret 475.74 len 258.5 kl 0.0309* sps 1794
upd 1969/3906 step 2,016,256 ret 480.02 len 260.8 kl 0.0252  sps 1798
upd 1970/3906 step 2,017,280 ret 488.21 len 259.8 kl 0.0305* sps 1804
upd 1971/3906 step 2,018,304 ret 484.55 len 257.8 kl 0.0235  sps 1811
upd 1972/3906 step 2,019,328 ret 481.03 len 256.9 kl 0.0234  sps 1817
upd 1973/3906 step 2,020,352 ret 470.06 len 252.5 kl 0.0214  sps 1817
upd 1974/3906 step 2,021,376 ret 456.3 len 246.6 kl 0.0268  sps 1822
upd 1975/3906 step 2,022,400 ret 453.68 len 244.1 kl 0.0180  sps 1823
upd 1976/3906 step 2,023,424 ret 448.51 len 242.6 kl 0.0180  sps 1814
upd 1977/3906 step 2,024,448 ret 452.08 len 240.3 kl 0.0285  sps 1817
upd 1978/3906 step 2,025,472 ret 450.24 len 242.8 kl 0.0303* sps 1819
upd 1979/3906 step 2,026,496 ret 450.14 len 245.1 kl 0.0213  sps 1824
upd 1980/3906 step 2,027,520 ret 435.37 len 242.2 kl 0.0333* sps 1821
upd 1981/3906 step 2,028,544 ret 435.62 len 240.4 kl 0.0323* sps 1826
upd 1982/3906 step 2,029,568 ret 456.79 len 254.1 kl 0.0265  sps 1830
upd 1983/3906 step 2,030,592 ret 459.51 len 254.7 kl 0.0224  sps 1823
upd 1984/3906 step 2,031,616 ret 459.73 len 252.4 kl 0.0151  sps 1816
upd 1985/3906 step 2,032,640 ret 471.53 len 259.9 kl 0.0323* sps 1819
upd 1986/3906 step 2,033,664 ret 472.81 len 261.3 kl 0.0288  sps 1816
upd 1987/3906 step 2,034,688 ret 471.29 len 259.8 kl 0.0283  sps 1809
upd 1988/3906 step 2,035,712 ret 442.89 len 241.8 kl 0.0302* sps 1811
upd 1989/3906 step 2,036,736 ret 438.01 len 234.2 kl 0.0264  sps 1811
upd 1990/3906 step 2,037,760 ret 457.62 len 240.9 kl 0.0226  sps 1814
upd 1991/3906 step 2,038,784 ret 465.31 len 244.2 kl 0.0231  sps 1810
upd 1992/3906 step 2,039,808 ret 455.88 len 242.2 kl 0.0301* sps 1808
upd 1993/3906 step 2,040,832 ret 460.65 len 244.2 kl 0.0192  sps 1810
upd 1994/3906 step 2,041,856 ret 470.05 len 245.8 kl 0.0283  sps 1807
upd 1995/3906 step 2,042,880 ret 474.41 len 246.8 kl 0.0311* sps 1807
upd 1996/3906 step 2,043,904 ret 467.22 len 241.2 kl 0.0246  sps 1805
upd 1997/3906 step 2,044,928 ret 481.27 len 246.9 kl 0.0333* sps 1806
upd 1998/3906 step 2,045,952 ret 494.27 len 257.4 kl 0.0272  sps 1805
upd 1999/3906 step 2,046,976 ret 497.58 len 265.8 kl 0.0238  sps 1805
upd 2000/3906 step 2,048,000 ret 488.27 len 262.0 kl 0.0322* sps 1805
upd 2001/3906 step 2,049,024 ret 463.45 len 247.7 kl 0.0229  sps 1808
upd 2002/3906 step 2,050,048 ret 487.56 len 252.7 kl 0.0216  sps 1809
upd 2003/3906 step 2,051,072 ret 491.14 len 254.3 kl 0.0237  sps 1807
upd 2004/3906 step 2,052,096 ret 497.83 len 253.3 kl 0.0192  sps 1806
upd 2005/3906 step 2,053,120 ret 491.85 len 250.3 kl 0.0276  sps 1806
upd 2006/3906 step 2,054,144 ret 487.99 len 249.3 kl 0.0211  sps 1801
upd 2007/3906 step 2,055,168 ret 482.28 len 248.8 kl 0.0313* sps 1805
upd 2008/3906 step 2,056,192 ret 485.1 len 244.0 kl 0.0212  sps 1804
upd 2009/3906 step 2,057,216 ret 474.89 len 238.3 kl 0.0315* sps 1812
upd 2010/3906 step 2,058,240 ret 480.0 len 238.4 kl 0.0198  sps 1809
upd 2011/3906 step 2,059,264 ret 495.79 len 246.1 kl 0.0269  sps 1802
upd 2012/3906 step 2,060,288 ret 510.38 len 254.0 kl 0.0248  sps 1798
upd 2013/3906 step 2,061,312 ret 508.25 len 252.9 kl 0.0259  sps 1799
upd 2014/3906 step 2,062,336 ret 500.93 len 250.6 kl 0.0272  sps 1794
upd 2015/3906 step 2,063,360 ret 510.36 len 252.7 kl 0.0214  sps 1797
upd 2016/3906 step 2,064,384 ret 503.77 len 252.3 kl 0.0233  sps 1796
upd 2017/3906 step 2,065,408 ret 501.03 len 252.3 kl 0.0283  sps 1797
upd 2018/3906 step 2,066,432 ret 493.43 len 244.1 kl 0.0273  sps 1795
upd 2019/3906 step 2,067,456 ret 496.18 len 246.4 kl 0.0228  sps 1796
upd 2020/3906 step 2,068,480 ret 485.99 len 241.2 kl 0.0223  sps 1799
upd 2021/3906 step 2,069,504 ret 456.56 len 229.4 kl 0.0332* sps 1802
upd 2022/3906 step 2,070,528 ret 445.59 len 223.6 kl 0.0203  sps 1805
upd 2023/3906 step 2,071,552 ret 444.37 len 225.6 kl 0.0332* sps 1810
upd 2024/3906 step 2,072,576 ret 441.98 len 225.1 kl 0.0340* sps 1813
upd 2025/3906 step 2,073,600 ret 434.6 len 215.9 kl 0.0211  sps 1815
upd 2026/3906 step 2,074,624 ret 431.86 len 214.1 kl 0.0208  sps 1815
upd 2027/3906 step 2,075,648 ret 452.04 len 227.4 kl 0.0186  sps 1812
upd 2028/3906 step 2,076,672 ret 447.28 len 227.0 kl 0.0185  sps 1812
upd 2029/3906 step 2,077,696 ret 463.25 len 236.4 kl 0.0340* sps 1808
upd 2030/3906 step 2,078,720 ret 464.93 len 237.2 kl 0.0265  sps 1806
upd 2031/3906 step 2,079,744 ret 475.66 len 243.7 kl 0.0226  sps 1806
upd 2032/3906 step 2,080,768 ret 479.8 len 246.3 kl 0.0224  sps 1808
upd 2033/3906 step 2,081,792 ret 485.71 len 250.3 kl 0.0220  sps 1810
upd 2034/3906 step 2,082,816 ret 495.11 len 256.5 kl 0.0251  sps 1811
upd 2035/3906 step 2,083,840 ret 493.81 len 258.7 kl 0.0171  sps 1810
upd 2036/3906 step 2,084,864 ret 504.16 len 264.9 kl 0.0275  sps 1810
upd 2037/3906 step 2,085,888 ret 493.94 len 256.1 kl 0.0241  sps 1807
upd 2038/3906 step 2,086,912 ret 495.04 len 256.1 kl 0.0304* sps 1808
upd 2039/3906 step 2,087,936 ret 509.78 len 261.1 kl 0.0321* sps 1811
upd 2040/3906 step 2,088,960 ret 514.1 len 262.5 kl 0.0235  sps 1813
upd 2041/3906 step 2,089,984 ret 514.84 len 263.3 kl 0.0251  sps 1815
upd 2042/3906 step 2,091,008 ret 530.42 len 271.7 kl 0.0290  sps 1814
upd 2043/3906 step 2,092,032 ret 509.09 len 260.2 kl 0.0287  sps 1814
upd 2044/3906 step 2,093,056 ret 510.02 len 258.7 kl 0.0205  sps 1815
upd 2045/3906 step 2,094,080 ret 515.53 len 259.8 kl 0.0263  sps 1813
upd 2046/3906 step 2,095,104 ret 518.72 len 264.4 kl 0.0245  sps 1810
upd 2047/3906 step 2,096,128 ret 527.03 len 268.9 kl 0.0289  sps 1810
upd 2048/3906 step 2,097,152 ret 507.98 len 262.8 kl 0.0215  sps 1810
upd 2049/3906 step 2,098,176 ret 486.24 len 259.2 kl 0.0321* sps 1806
upd 2050/3906 step 2,099,200 ret 487.65 len 259.2 kl 0.0207  sps 1804
upd 2051/3906 step 2,100,224 ret 480.47 len 251.3 kl 0.0201  sps 1804
upd 2052/3906 step 2,101,248 ret 483.4 len 251.3 kl 0.0202  sps 1807
upd 2053/3906 step 2,102,272 ret 500.74 len 262.8 kl 0.0262  sps 1807
upd 2054/3906 step 2,103,296 ret 508.25 len 264.4 kl 0.0394* sps 1805
upd 2055/3906 step 2,104,320 ret 508.97 len 265.6 kl 0.0251  sps 1807
upd 2056/3906 step 2,105,344 ret 520.84 len 265.6 kl 0.0300* sps 1805
upd 2057/3906 step 2,106,368 ret 520.39 len 267.1 kl 0.0239  sps 1805
upd 2058/3906 step 2,107,392 ret 540.81 len 275.4 kl 0.0177  sps 1806
upd 2059/3906 step 2,108,416 ret 536.08 len 270.9 kl 0.0253  sps 1806
upd 2060/3906 step 2,109,440 ret 549.06 len 276.2 kl 0.0191  sps 1806
upd 2061/3906 step 2,110,464 ret 552.65 len 276.2 kl 0.0167  sps 1806
upd 2062/3906 step 2,111,488 ret 550.88 len 279.4 kl 0.0229  sps 1806
upd 2063/3906 step 2,112,512 ret 565.44 len 284.9 kl 0.0231  sps 1807
upd 2064/3906 step 2,113,536 ret 559.78 len 280.9 kl 0.0241  sps 1807
upd 2065/3906 step 2,114,560 ret 565.14 len 283.2 kl 0.0217  sps 1806
upd 2066/3906 step 2,115,584 ret 562.97 len 282.9 kl 0.0201  sps 1803
upd 2067/3906 step 2,116,608 ret 552.6 len 280.6 kl 0.0248  sps 1802
upd 2068/3906 step 2,117,632 ret 545.11 len 276.3 kl 0.0196  sps 1801
upd 2069/3906 step 2,118,656 ret 532.82 len 276.0 kl 0.0355* sps 1803
upd 2070/3906 step 2,119,680 ret 544.23 len 280.6 kl 0.0265  sps 1803
upd 2071/3906 step 2,120,704 ret 559.64 len 280.5 kl 0.0269  sps 1804
upd 2072/3906 step 2,121,728 ret 541.94 len 276.1 kl 0.0211  sps 1803
upd 2073/3906 step 2,122,752 ret 527.27 len 265.8 kl 0.0261  sps 1802
upd 2074/3906 step 2,123,776 ret 522.7 len 265.4 kl 0.0206  sps 1803
upd 2075/3906 step 2,124,800 ret 498.42 len 254.5 kl 0.0248  sps 1801
upd 2076/3906 step 2,125,824 ret 464.3 len 240.1 kl 0.0210  sps 1800
upd 2077/3906 step 2,126,848 ret 475.13 len 242.4 kl 0.0167  sps 1803
upd 2078/3906 step 2,127,872 ret 485.04 len 246.7 kl 0.0278  sps 1807
upd 2079/3906 step 2,128,896 ret 489.01 len 244.3 kl 0.0249  sps 1805
upd 2080/3906 step 2,129,920 ret 487.26 len 244.3 kl 0.0257  sps 1804
upd 2081/3906 step 2,130,944 ret 497.0 len 248.8 kl 0.0184  sps 1802
upd 2082/3906 step 2,131,968 ret 497.1 len 248.8 kl 0.0215  sps 1803
upd 2083/3906 step 2,132,992 ret 513.47 len 256.8 kl 0.0250  sps 1802
upd 2084/3906 step 2,134,016 ret 511.78 len 258.5 kl 0.0226  sps 1801
upd 2085/3906 step 2,135,040 ret 518.01 len 261.4 kl 0.0230  sps 1800
upd 2086/3906 step 2,136,064 ret 537.8 len 270.0 kl 0.0265  sps 1800
upd 2087/3906 step 2,137,088 ret 541.99 len 272.0 kl 0.0207  sps 1800
upd 2088/3906 step 2,138,112 ret 517.68 len 264.6 kl 0.0272  sps 1800
upd 2089/3906 step 2,139,136 ret 507.94 len 259.8 kl 0.0229  sps 1799
upd 2090/3906 step 2,140,160 ret 509.19 len 259.8 kl 0.0203  sps 1798
upd 2091/3906 step 2,141,184 ret 481.97 len 248.4 kl 0.0229  sps 1799
upd 2092/3906 step 2,142,208 ret 471.39 len 244.1 kl 0.0233  sps 1800
upd 2093/3906 step 2,143,232 ret 477.87 len 243.3 kl 0.0254  sps 1801
upd 2094/3906 step 2,144,256 ret 462.34 len 242.3 kl 0.0206  sps 1802
upd 2095/3906 step 2,145,280 ret 457.03 len 240.7 kl 0.0216  sps 1802
upd 2096/3906 step 2,146,304 ret 462.4 len 242.8 kl 0.0219  sps 1801
upd 2097/3906 step 2,147,328 ret 482.18 len 247.2 kl 0.0230  sps 1801
upd 2098/3906 step 2,148,352 ret 499.46 len 251.4 kl 0.0167  sps 1800
upd 2099/3906 step 2,149,376 ret 510.97 len 256.6 kl 0.0351* sps 1798
upd 2100/3906 step 2,150,400 ret 509.65 len 256.6 kl 0.0205  sps 1797
upd 2101/3906 step 2,151,424 ret 522.11 len 263.5 kl 0.0198  sps 1796
upd 2102/3906 step 2,152,448 ret 527.45 len 267.8 kl 0.0276  sps 1795
upd 2103/3906 step 2,153,472 ret 518.56 len 261.0 kl 0.0287  sps 1793
upd 2104/3906 step 2,154,496 ret 529.44 len 267.2 kl 0.0246  sps 1793
upd 2105/3906 step 2,155,520 ret 531.79 len 263.0 kl 0.0257  sps 1792
upd 2106/3906 step 2,156,544 ret 529.3 len 264.5 kl 0.0238  sps 1790
upd 2107/3906 step 2,157,568 ret 527.04 len 265.9 kl 0.0211  sps 1791
upd 2108/3906 step 2,158,592 ret 520.16 len 263.7 kl 0.0238  sps 1790
upd 2109/3906 step 2,159,616 ret 510.42 len 259.1 kl 0.0198  sps 1790
upd 2110/3906 step 2,160,640 ret 528.0 len 262.0 kl 0.0245  sps 1789
upd 2111/3906 step 2,161,664 ret 531.53 len 262.0 kl 0.0230  sps 1789
upd 2112/3906 step 2,162,688 ret 535.01 len 263.9 kl 0.0249  sps 1788
upd 2113/3906 step 2,163,712 ret 510.38 len 258.0 kl 0.0257  sps 1789
upd 2114/3906 step 2,164,736 ret 510.49 len 260.9 kl 0.0217  sps 1791
upd 2115/3906 step 2,165,760 ret 498.95 len 255.0 kl 0.0197  sps 1791
upd 2116/3906 step 2,166,784 ret 493.92 len 252.0 kl 0.0214  sps 1791
upd 2117/3906 step 2,167,808 ret 510.42 len 257.5 kl 0.0242  sps 1791
upd 2118/3906 step 2,168,832 ret 487.85 len 251.7 kl 0.0228  sps 1790
upd 2119/3906 step 2,169,856 ret 492.77 len 250.8 kl 0.0199  sps 1790
upd 2120/3906 step 2,170,880 ret 486.05 len 251.3 kl 0.0193  sps 1789
upd 2121/3906 step 2,171,904 ret 482.61 len 251.3 kl 0.0197  sps 1788
upd 2122/3906 step 2,172,928 ret 496.65 len 260.7 kl 0.0234  sps 1786
upd 2123/3906 step 2,173,952 ret 490.85 len 256.4 kl 0.0343* sps 1788
upd 2124/3906 step 2,174,976 ret 516.46 len 259.0 kl 0.0240  sps 1787
upd 2125/3906 step 2,176,000 ret 536.85 len 268.4 kl 0.0205  sps 1788
upd 2126/3906 step 2,177,024 ret 519.27 len 262.0 kl 0.0224  sps 1790
upd 2127/3906 step 2,178,048 ret 509.25 len 249.4 kl 0.0181  sps 1792
upd 2128/3906 step 2,179,072 ret 504.78 len 249.7 kl 0.0218  sps 1793
upd 2129/3906 step 2,180,096 ret 492.72 len 245.2 kl 0.0252  sps 1793
upd 2130/3906 step 2,181,120 ret 484.44 len 237.9 kl 0.0230  sps 1794
upd 2131/3906 step 2,182,144 ret 485.19 len 235.5 kl 0.0275  sps 1793
upd 2132/3906 step 2,183,168 ret 494.59 len 239.8 kl 0.0272  sps 1792
upd 2133/3906 step 2,184,192 ret 474.43 len 235.5 kl 0.0242  sps 1791
upd 2134/3906 step 2,185,216 ret 478.37 len 240.2 kl 0.0238  sps 1792
upd 2135/3906 step 2,186,240 ret 493.68 len 244.1 kl 0.0281  sps 1792
upd 2136/3906 step 2,187,264 ret 503.8 len 250.3 kl 0.0205  sps 1791
upd 2137/3906 step 2,188,288 ret 513.59 len 259.6 kl 0.0259  sps 1791
upd 2138/3906 step 2,189,312 ret 513.59 len 259.6 kl 0.0187  sps 1791
upd 2139/3906 step 2,190,336 ret 531.05 len 270.0 kl 0.0318* sps 1792
upd 2140/3906 step 2,191,360 ret 539.51 len 274.8 kl 0.0303* sps 1792
upd 2141/3906 step 2,192,384 ret 546.37 len 281.9 kl 0.0188  sps 1791
upd 2142/3906 step 2,193,408 ret 555.25 len 284.3 kl 0.0204  sps 1791
upd 2143/3906 step 2,194,432 ret 556.63 len 284.3 kl 0.0184  sps 1791
upd 2144/3906 step 2,195,456 ret 555.23 len 278.1 kl 0.0256  sps 1791
upd 2145/3906 step 2,196,480 ret 555.23 len 278.1 kl 0.0221  sps 1791
upd 2146/3906 step 2,197,504 ret 545.9 len 274.0 kl 0.0231  sps 1790
upd 2147/3906 step 2,198,528 ret 524.62 len 261.7 kl 0.0177  sps 1790
upd 2148/3906 step 2,199,552 ret 524.46 len 261.7 kl 0.0205  sps 1789
upd 2149/3906 step 2,200,576 ret 527.16 len 261.7 kl 0.0261  sps 1788
upd 2150/3906 step 2,201,600 ret 527.7 len 261.5 kl 0.0172  sps 1789
upd 2151/3906 step 2,202,624 ret 539.65 len 261.1 kl 0.0272  sps 1788
upd 2152/3906 step 2,203,648 ret 525.86 len 256.2 kl 0.0238  sps 1790
upd 2153/3906 step 2,204,672 ret 510.07 len 250.1 kl 0.0229  sps 1790
upd 2154/3906 step 2,205,696 ret 535.56 len 263.0 kl 0.0205  sps 1790
upd 2155/3906 step 2,206,720 ret 537.02 len 263.0 kl 0.0215  sps 1790
upd 2156/3906 step 2,207,744 ret 529.32 len 256.9 kl 0.0212  sps 1790
upd 2157/3906 step 2,208,768 ret 530.72 len 258.5 kl 0.0275  sps 1789
upd 2158/3906 step 2,209,792 ret 536.22 len 262.7 kl 0.0267  sps 1791
upd 2159/3906 step 2,210,816 ret 531.11 len 259.0 kl 0.0272  sps 1791
upd 2160/3906 step 2,211,840 ret 544.72 len 265.4 kl 0.0214  sps 1791
upd 2161/3906 step 2,212,864 ret 512.43 len 257.4 kl 0.0278  sps 1791
upd 2162/3906 step 2,213,888 ret 515.62 len 257.7 kl 0.0208  sps 1792
upd 2163/3906 step 2,214,912 ret 520.61 len 263.8 kl 0.0250  sps 1792
upd 2164/3906 step 2,215,936 ret 531.61 len 263.9 kl 0.0202  sps 1792
upd 2165/3906 step 2,216,960 ret 520.78 len 259.0 kl 0.0242  sps 1793
upd 2166/3906 step 2,217,984 ret 535.46 len 268.4 kl 0.0200  sps 1792
upd 2167/3906 step 2,219,008 ret 545.35 len 271.6 kl 0.0232  sps 1791
upd 2168/3906 step 2,220,032 ret 560.01 len 278.1 kl 0.0296  sps 1792
upd 2169/3906 step 2,221,056 ret 559.09 len 278.1 kl 0.0213  sps 1791
upd 2170/3906 step 2,222,080 ret 561.12 len 281.9 kl 0.0226  sps 1792
upd 2171/3906 step 2,223,104 ret 555.29 len 280.8 kl 0.0290  sps 1793
upd 2172/3906 step 2,224,128 ret 568.09 len 284.9 kl 0.0225  sps 1793
upd 2173/3906 step 2,225,152 ret 578.24 len 290.0 kl 0.0306* sps 1793
upd 2174/3906 step 2,226,176 ret 583.55 len 290.0 kl 0.0170  sps 1794
upd 2175/3906 step 2,227,200 ret 576.29 len 290.0 kl 0.0249  sps 1793
upd 2176/3906 step 2,228,224 ret 580.81 len 294.9 kl 0.0228  sps 1793
upd 2177/3906 step 2,229,248 ret 575.17 len 290.1 kl 0.0236  sps 1792
upd 2178/3906 step 2,230,272 ret 553.86 len 278.9 kl 0.0226  sps 1792
upd 2179/3906 step 2,231,296 ret 533.11 len 270.2 kl 0.0226  sps 1791
upd 2180/3906 step 2,232,320 ret 528.05 len 266.2 kl 0.0210  sps 1792
upd 2181/3906 step 2,233,344 ret 514.25 len 262.1 kl 0.0270  sps 1792
upd 2182/3906 step 2,234,368 ret 514.25 len 262.1 kl 0.0224  sps 1792
upd 2183/3906 step 2,235,392 ret 511.69 len 262.1 kl 0.0237  sps 1791
upd 2184/3906 step 2,236,416 ret 509.75 len 261.4 kl 0.0207  sps 1790
upd 2185/3906 step 2,237,440 ret 506.8 len 261.4 kl 0.0168  sps 1789
upd 2186/3906 step 2,238,464 ret 494.1 len 261.4 kl 0.0247  sps 1789
upd 2187/3906 step 2,239,488 ret 495.62 len 265.0 kl 0.0195  sps 1789
upd 2188/3906 step 2,240,512 ret 495.22 len 266.7 kl 0.0243  sps 1789
upd 2189/3906 step 2,241,536 ret 507.64 len 272.1 kl 0.0369* sps 1791
upd 2190/3906 step 2,242,560 ret 511.11 len 274.9 kl 0.0206  sps 1791
upd 2191/3906 step 2,243,584 ret 525.85 len 283.2 kl 0.0260  sps 1791
upd 2192/3906 step 2,244,608 ret 522.28 len 277.2 kl 0.0204  sps 1791
upd 2193/3906 step 2,245,632 ret 516.52 len 277.2 kl 0.0222  sps 1791
upd 2194/3906 step 2,246,656 ret 521.64 len 277.2 kl 0.0237  sps 1790
upd 2195/3906 step 2,247,680 ret 526.2 len 279.0 kl 0.0166  sps 1789
upd 2196/3906 step 2,248,704 ret 538.37 len 277.8 kl 0.0210  sps 1789
upd 2197/3906 step 2,249,728 ret 541.19 len 277.8 kl 0.0252  sps 1790
upd 2198/3906 step 2,250,752 ret 546.67 len 279.0 kl 0.0299  sps 1789
upd 2199/3906 step 2,251,776 ret 558.44 len 283.3 kl 0.0259  sps 1788
upd 2200/3906 step 2,252,800 ret 556.81 len 283.3 kl 0.0250  sps 1787
upd 2201/3906 step 2,253,824 ret 570.08 len 289.1 kl 0.0190  sps 1787
upd 2202/3906 step 2,254,848 ret 567.21 len 289.4 kl 0.0248  sps 1787
upd 2203/3906 step 2,255,872 ret 561.52 len 293.9 kl 0.0217  sps 1787
upd 2204/3906 step 2,256,896 ret 566.81 len 295.9 kl 0.0270  sps 1787
upd 2205/3906 step 2,257,920 ret 556.04 len 289.5 kl 0.0200  sps 1787
upd 2206/3906 step 2,258,944 ret 547.94 len 285.6 kl 0.0204  sps 1786
upd 2207/3906 step 2,259,968 ret 524.47 len 275.6 kl 0.0226  sps 1786
upd 2208/3906 step 2,260,992 ret 522.05 len 275.6 kl 0.0179  sps 1786
upd 2209/3906 step 2,262,016 ret 530.8 len 275.6 kl 0.0214  sps 1785
upd 2210/3906 step 2,263,040 ret 529.75 len 275.6 kl 0.0301* sps 1785
upd 2211/3906 step 2,264,064 ret 530.2 len 275.6 kl 0.0193  sps 1785
upd 2212/3906 step 2,265,088 ret 528.04 len 275.6 kl 0.0230  sps 1785
upd 2213/3906 step 2,266,112 ret 530.01 len 271.1 kl 0.0289  sps 1785
upd 2214/3906 step 2,267,136 ret 543.54 len 271.1 kl 0.0253  sps 1785
upd 2215/3906 step 2,268,160 ret 539.52 len 271.1 kl 0.0294  sps 1784
upd 2216/3906 step 2,269,184 ret 536.21 len 269.2 kl 0.0270  sps 1784
upd 2217/3906 step 2,270,208 ret 545.24 len 276.0 kl 0.0280  sps 1784
upd 2218/3906 step 2,271,232 ret 557.46 len 282.1 kl 0.0223  sps 1784
upd 2219/3906 step 2,272,256 ret 571.1 len 287.2 kl 0.0246  sps 1784
upd 2220/3906 step 2,273,280 ret 561.19 len 282.4 kl 0.0255  sps 1785
upd 2221/3906 step 2,274,304 ret 541.38 len 274.9 kl 0.0250  sps 1784
upd 2222/3906 step 2,275,328 ret 530.76 len 274.9 kl 0.0303* sps 1785
upd 2223/3906 step 2,276,352 ret 532.96 len 274.9 kl 0.0212  sps 1785
upd 2224/3906 step 2,277,376 ret 539.38 len 279.4 kl 0.0190  sps 1784
upd 2225/3906 step 2,278,400 ret 538.08 len 275.9 kl 0.0184  sps 1784
upd 2226/3906 step 2,279,424 ret 542.33 len 275.9 kl 0.0216  sps 1784
upd 2227/3906 step 2,280,448 ret 555.24 len 280.9 kl 0.0231  sps 1784
upd 2228/3906 step 2,281,472 ret 542.57 len 273.4 kl 0.0204  sps 1784
upd 2229/3906 step 2,282,496 ret 542.11 len 273.4 kl 0.0185  sps 1785
upd 2230/3906 step 2,283,520 ret 543.14 len 273.4 kl 0.0189  sps 1785
upd 2231/3906 step 2,284,544 ret 541.12 len 272.8 kl 0.0213  sps 1784
upd 2232/3906 step 2,285,568 ret 537.37 len 269.6 kl 0.0224  sps 1785
upd 2233/3906 step 2,286,592 ret 555.57 len 270.7 kl 0.0187  sps 1784
upd 2234/3906 step 2,287,616 ret 534.29 len 261.2 kl 0.0197  sps 1784
upd 2235/3906 step 2,288,640 ret 542.22 len 264.7 kl 0.0220  sps 1784
upd 2236/3906 step 2,289,664 ret 535.4 len 263.6 kl 0.0173  sps 1784
upd 2237/3906 step 2,290,688 ret 533.52 len 263.3 kl 0.0192  sps 1783
upd 2238/3906 step 2,291,712 ret 536.56 len 264.8 kl 0.0298  sps 1782
upd 2239/3906 step 2,292,736 ret 532.0 len 260.2 kl 0.0218  sps 1782
upd 2240/3906 step 2,293,760 ret 533.79 len 260.2 kl 0.0253  sps 1782
upd 2241/3906 step 2,294,784 ret 554.31 len 270.0 kl 0.0181  sps 1782
upd 2242/3906 step 2,295,808 ret 544.25 len 265.7 kl 0.0217  sps 1782
upd 2243/3906 step 2,296,832 ret 546.95 len 268.9 kl 0.0275  sps 1782
upd 2244/3906 step 2,297,856 ret 533.24 len 269.4 kl 0.0217  sps 1781
upd 2245/3906 step 2,298,880 ret 531.92 len 269.1 kl 0.0218  sps 1781
upd 2246/3906 step 2,299,904 ret 516.35 len 262.8 kl 0.0218  sps 1780
upd 2247/3906 step 2,300,928 ret 522.14 len 263.1 kl 0.0210  sps 1780
upd 2248/3906 step 2,301,952 ret 505.39 len 255.6 kl 0.0250  sps 1781
upd 2249/3906 step 2,302,976 ret 505.52 len 255.6 kl 0.0226  sps 1781
upd 2250/3906 step 2,304,000 ret 523.89 len 263.9 kl 0.0224  sps 1781
upd 2251/3906 step 2,305,024 ret 510.22 len 257.5 kl 0.0260  sps 1781
upd 2252/3906 step 2,306,048 ret 515.06 len 259.6 kl 0.0187  sps 1781
upd 2253/3906 step 2,307,072 ret 494.5 len 247.1 kl 0.0228  sps 1780
upd 2254/3906 step 2,308,096 ret 499.29 len 243.6 kl 0.0263  sps 1781
upd 2255/3906 step 2,309,120 ret 503.71 len 245.3 kl 0.0211  sps 1781
upd 2256/3906 step 2,310,144 ret 481.98 len 235.6 kl 0.0274  sps 1782
upd 2257/3906 step 2,311,168 ret 501.93 len 246.3 kl 0.0189  sps 1781
upd 2258/3906 step 2,312,192 ret 487.51 len 235.0 kl 0.0254  sps 1781
upd 2259/3906 step 2,313,216 ret 476.25 len 230.6 kl 0.0207  sps 1781
upd 2260/3906 step 2,314,240 ret 484.32 len 232.0 kl 0.0232  sps 1781
upd 2261/3906 step 2,315,264 ret 478.23 len 229.2 kl 0.0328* sps 1781
upd 2262/3906 step 2,316,288 ret 495.14 len 236.9 kl 0.0329* sps 1780
upd 2263/3906 step 2,317,312 ret 501.37 len 243.2 kl 0.0190  sps 1780
upd 2264/3906 step 2,318,336 ret 507.62 len 243.4 kl 0.0210  sps 1780
upd 2265/3906 step 2,319,360 ret 514.06 len 246.7 kl 0.0214  sps 1780
upd 2266/3906 step 2,320,384 ret 536.73 len 256.1 kl 0.0201  sps 1780
upd 2267/3906 step 2,321,408 ret 554.0 len 262.8 kl 0.0185  sps 1781
upd 2268/3906 step 2,322,432 ret 564.41 len 269.2 kl 0.0196  sps 1780
upd 2269/3906 step 2,323,456 ret 576.57 len 276.0 kl 0.0160  sps 1780
upd 2270/3906 step 2,324,480 ret 588.83 len 280.4 kl 0.0219  sps 1780
upd 2271/3906 step 2,325,504 ret 590.75 len 283.8 kl 0.0187  sps 1780
upd 2272/3906 step 2,326,528 ret 605.36 len 290.4 kl 0.0167  sps 1780
upd 2273/3906 step 2,327,552 ret 601.53 len 287.9 kl 0.0246  sps 1780
upd 2274/3906 step 2,328,576 ret 609.19 len 290.9 kl 0.0228  sps 1780
upd 2275/3906 step 2,329,600 ret 606.86 len 289.6 kl 0.0227  sps 1780
upd 2276/3906 step 2,330,624 ret 595.84 len 283.1 kl 0.0274  sps 1779
upd 2277/3906 step 2,331,648 ret 588.8 len 281.0 kl 0.0258  sps 1779
upd 2278/3906 step 2,332,672 ret 591.2 len 280.8 kl 0.0196  sps 1779
upd 2279/3906 step 2,333,696 ret 592.13 len 280.8 kl 0.0254  sps 1779
upd 2280/3906 step 2,334,720 ret 593.96 len 280.8 kl 0.0251  sps 1779
upd 2281/3906 step 2,335,744 ret 586.65 len 278.1 kl 0.0179  sps 1779
upd 2282/3906 step 2,336,768 ret 590.33 len 278.1 kl 0.0212  sps 1779
upd 2283/3906 step 2,337,792 ret 595.88 len 278.1 kl 0.0214  sps 1779
upd 2284/3906 step 2,338,816 ret 582.47 len 277.4 kl 0.0203  sps 1779
upd 2285/3906 step 2,339,840 ret 547.59 len 260.1 kl 0.0235  sps 1779
upd 2286/3906 step 2,340,864 ret 553.03 len 262.8 kl 0.0220  sps 1778
upd 2287/3906 step 2,341,888 ret 557.85 len 261.7 kl 0.0271  sps 1779
upd 2288/3906 step 2,342,912 ret 565.78 len 265.4 kl 0.0182  sps 1779
upd 2289/3906 step 2,343,936 ret 542.46 len 257.3 kl 0.0213  sps 1779
upd 2290/3906 step 2,344,960 ret 537.62 len 255.6 kl 0.0224  sps 1779
upd 2291/3906 step 2,345,984 ret 536.67 len 251.5 kl 0.0237  sps 1779
upd 2292/3906 step 2,347,008 ret 502.32 len 235.6 kl 0.0222  sps 1779
upd 2293/3906 step 2,348,032 ret 507.11 len 231.6 kl 0.0178  sps 1779
upd 2294/3906 step 2,349,056 ret 508.41 len 231.6 kl 0.0206  sps 1778
upd 2295/3906 step 2,350,080 ret 508.81 len 234.6 kl 0.0210  sps 1778
upd 2296/3906 step 2,351,104 ret 504.01 len 236.1 kl 0.0167  sps 1778
upd 2297/3906 step 2,352,128 ret 504.72 len 236.1 kl 0.0194  sps 1778
upd 2298/3906 step 2,353,152 ret 505.45 len 236.1 kl 0.0235  sps 1778
upd 2299/3906 step 2,354,176 ret 513.05 len 239.9 kl 0.0320* sps 1778
upd 2300/3906 step 2,355,200 ret 514.92 len 241.6 kl 0.0188  sps 1778
upd 2301/3906 step 2,356,224 ret 534.29 len 254.8 kl 0.0189  sps 1777
upd 2302/3906 step 2,357,248 ret 528.62 len 253.8 kl 0.0198  sps 1776
upd 2303/3906 step 2,358,272 ret 545.53 len 261.9 kl 0.0215  sps 1776
upd 2304/3906 step 2,359,296 ret 555.47 len 267.7 kl 0.0179  sps 1777
upd 2305/3906 step 2,360,320 ret 555.45 len 267.7 kl 0.0192  sps 1777
upd 2306/3906 step 2,361,344 ret 565.94 len 273.3 kl 0.0171  sps 1777
upd 2307/3906 step 2,362,368 ret 558.41 len 267.1 kl 0.0214  sps 1776
upd 2308/3906 step 2,363,392 ret 536.75 len 253.9 kl 0.0216  sps 1776
upd 2309/3906 step 2,364,416 ret 542.38 len 255.3 kl 0.0282  sps 1777
upd 2310/3906 step 2,365,440 ret 492.21 len 230.2 kl 0.0195  sps 1777
upd 2311/3906 step 2,366,464 ret 471.77 len 219.3 kl 0.0156  sps 1777
upd 2312/3906 step 2,367,488 ret 468.24 len 221.5 kl 0.0221  sps 1777
upd 2313/3906 step 2,368,512 ret 450.64 len 214.2 kl 0.0228  sps 1778
upd 2314/3906 step 2,369,536 ret 430.29 len 212.2 kl 0.0258  sps 1778
upd 2315/3906 step 2,370,560 ret 440.52 len 215.9 kl 0.0214  sps 1777
upd 2316/3906 step 2,371,584 ret 428.53 len 211.4 kl 0.0224  sps 1778
upd 2317/3906 step 2,372,608 ret 434.88 len 218.1 kl 0.0215  sps 1778
upd 2318/3906 step 2,373,632 ret 437.4 len 219.6 kl 0.0216  sps 1778
upd 2319/3906 step 2,374,656 ret 452.16 len 227.0 kl 0.0186  sps 1778
upd 2320/3906 step 2,375,680 ret 468.06 len 234.0 kl 0.0159  sps 1778
upd 2321/3906 step 2,376,704 ret 497.04 len 243.7 kl 0.0170  sps 1778
upd 2322/3906 step 2,377,728 ret 486.37 len 240.2 kl 0.0220  sps 1778
upd 2323/3906 step 2,378,752 ret 498.16 len 243.1 kl 0.0165  sps 1778
upd 2324/3906 step 2,379,776 ret 508.16 len 243.1 kl 0.0176  sps 1779
upd 2325/3906 step 2,380,800 ret 511.17 len 245.8 kl 0.0190  sps 1779
upd 2326/3906 step 2,381,824 ret 517.39 len 251.3 kl 0.0182  sps 1779
upd 2327/3906 step 2,382,848 ret 525.91 len 253.8 kl 0.0252  sps 1778
upd 2328/3906 step 2,383,872 ret 510.98 len 247.7 kl 0.0171  sps 1779
upd 2329/3906 step 2,384,896 ret 524.28 len 253.6 kl 0.0226  sps 1779
upd 2330/3906 step 2,385,920 ret 518.49 len 253.3 kl 0.0140  sps 1779
upd 2331/3906 step 2,386,944 ret 506.33 len 253.3 kl 0.0306* sps 1779
upd 2332/3906 step 2,387,968 ret 520.26 len 260.9 kl 0.0203  sps 1779
upd 2333/3906 step 2,388,992 ret 515.11 len 257.8 kl 0.0240  sps 1780
upd 2334/3906 step 2,390,016 ret 511.61 len 256.4 kl 0.0267  sps 1781
upd 2335/3906 step 2,391,040 ret 504.76 len 251.8 kl 0.0278  sps 1780
upd 2336/3906 step 2,392,064 ret 512.45 len 252.8 kl 0.0212  sps 1780
upd 2337/3906 step 2,393,088 ret 499.97 len 251.4 kl 0.0300* sps 1780
upd 2338/3906 step 2,394,112 ret 511.65 len 259.1 kl 0.0217  sps 1780
upd 2339/3906 step 2,395,136 ret 502.51 len 256.5 kl 0.0253  sps 1781
upd 2340/3906 step 2,396,160 ret 516.57 len 261.0 kl 0.0251  sps 1781
upd 2341/3906 step 2,397,184 ret 526.34 len 257.6 kl 0.0264  sps 1781
upd 2342/3906 step 2,398,208 ret 518.18 len 252.0 kl 0.0200  sps 1781
upd 2343/3906 step 2,399,232 ret 523.97 len 255.4 kl 0.0209  sps 1781
upd 2344/3906 step 2,400,256 ret 520.58 len 253.4 kl 0.0207  sps 1780
upd 2345/3906 step 2,401,280 ret 529.08 len 258.4 kl 0.0226  sps 1780
upd 2346/3906 step 2,402,304 ret 526.4 len 257.6 kl 0.0250  sps 1780
upd 2347/3906 step 2,403,328 ret 546.89 len 264.1 kl 0.0259  sps 1779
upd 2348/3906 step 2,404,352 ret 550.87 len 264.3 kl 0.0143  sps 1779
upd 2349/3906 step 2,405,376 ret 558.37 len 268.4 kl 0.0156  sps 1779
upd 2350/3906 step 2,406,400 ret 570.08 len 272.5 kl 0.0194  sps 1780
upd 2351/3906 step 2,407,424 ret 560.02 len 269.5 kl 0.0199  sps 1780
upd 2352/3906 step 2,408,448 ret 553.0 len 265.2 kl 0.0232  sps 1780
upd 2353/3906 step 2,409,472 ret 555.18 len 265.8 kl 0.0148  sps 1779
upd 2354/3906 step 2,410,496 ret 532.7 len 262.9 kl 0.0268  sps 1780
upd 2355/3906 step 2,411,520 ret 532.99 len 264.9 kl 0.0242  sps 1779
upd 2356/3906 step 2,412,544 ret 529.79 len 263.1 kl 0.0200  sps 1779
upd 2357/3906 step 2,413,568 ret 524.76 len 257.7 kl 0.0246  sps 1779
upd 2358/3906 step 2,414,592 ret 517.64 len 257.7 kl 0.0208  sps 1779
upd 2359/3906 step 2,415,616 ret 522.17 len 257.7 kl 0.0153  sps 1779
upd 2360/3906 step 2,416,640 ret 521.15 len 258.3 kl 0.0210  sps 1779
upd 2361/3906 step 2,417,664 ret 503.6 len 249.3 kl 0.0179  sps 1779
upd 2362/3906 step 2,418,688 ret 527.24 len 259.8 kl 0.0181  sps 1779
upd 2363/3906 step 2,419,712 ret 520.03 len 255.8 kl 0.0233  sps 1780
upd 2364/3906 step 2,420,736 ret 540.99 len 261.6 kl 0.0221  sps 1780
upd 2365/3906 step 2,421,760 ret 538.24 len 257.1 kl 0.0239  sps 1780
upd 2366/3906 step 2,422,784 ret 528.56 len 253.1 kl 0.0230  sps 1780
upd 2367/3906 step 2,423,808 ret 549.88 len 262.9 kl 0.0255  sps 1780
upd 2368/3906 step 2,424,832 ret 551.5 len 261.7 kl 0.0279  sps 1781
upd 2369/3906 step 2,425,856 ret 531.76 len 254.6 kl 0.0242  sps 1781
upd 2370/3906 step 2,426,880 ret 534.39 len 254.6 kl 0.0211  sps 1782
upd 2371/3906 step 2,427,904 ret 543.9 len 258.7 kl 0.0223  sps 1783
upd 2372/3906 step 2,428,928 ret 549.26 len 263.8 kl 0.0266  sps 1783
upd 2373/3906 step 2,429,952 ret 555.11 len 264.1 kl 0.0274  sps 1783
upd 2374/3906 step 2,430,976 ret 554.92 len 265.9 kl 0.0275  sps 1784
upd 2375/3906 step 2,432,000 ret 547.8 len 265.1 kl 0.0225  sps 1784
upd 2376/3906 step 2,433,024 ret 555.55 len 272.0 kl 0.0213  sps 1784
upd 2377/3906 step 2,434,048 ret 550.5 len 268.1 kl 0.0172  sps 1784
upd 2378/3906 step 2,435,072 ret 541.21 len 268.1 kl 0.0247  sps 1784
upd 2379/3906 step 2,436,096 ret 549.66 len 270.0 kl 0.0161  sps 1784
upd 2380/3906 step 2,437,120 ret 559.37 len 273.4 kl 0.0269  sps 1784
upd 2381/3906 step 2,438,144 ret 554.15 len 273.4 kl 0.0164  sps 1784
upd 2382/3906 step 2,439,168 ret 559.7 len 273.2 kl 0.0204  sps 1785
upd 2383/3906 step 2,440,192 ret 560.71 len 276.1 kl 0.0317* sps 1785
upd 2384/3906 step 2,441,216 ret 545.59 len 270.0 kl 0.0300* sps 1786
upd 2385/3906 step 2,442,240 ret 551.23 len 270.0 kl 0.0175  sps 1787
upd 2386/3906 step 2,443,264 ret 574.58 len 275.7 kl 0.0150  sps 1787
upd 2387/3906 step 2,444,288 ret 572.05 len 275.7 kl 0.0210  sps 1787
upd 2388/3906 step 2,445,312 ret 574.61 len 275.3 kl 0.0205  sps 1788
upd 2389/3906 step 2,446,336 ret 570.46 len 275.3 kl 0.0158  sps 1788
upd 2390/3906 step 2,447,360 ret 559.46 len 269.6 kl 0.0255  sps 1789
upd 2391/3906 step 2,448,384 ret 558.34 len 272.8 kl 0.0180  sps 1789
upd 2392/3906 step 2,449,408 ret 555.48 len 269.4 kl 0.0198  sps 1789
upd 2393/3906 step 2,450,432 ret 562.82 len 269.4 kl 0.0181  sps 1788
upd 2394/3906 step 2,451,456 ret 557.42 len 266.8 kl 0.0258  sps 1789
upd 2395/3906 step 2,452,480 ret 566.16 len 272.4 kl 0.0171  sps 1789
upd 2396/3906 step 2,453,504 ret 563.97 len 272.4 kl 0.0196  sps 1789
upd 2397/3906 step 2,454,528 ret 558.77 len 272.6 kl 0.0226  sps 1789
upd 2398/3906 step 2,455,552 ret 552.23 len 269.5 kl 0.0131  sps 1790
upd 2399/3906 step 2,456,576 ret 552.36 len 269.5 kl 0.0222  sps 1790
upd 2400/3906 step 2,457,600 ret 563.2 len 274.7 kl 0.0177  sps 1790
upd 2401/3906 step 2,458,624 ret 574.06 len 279.5 kl 0.0269  sps 1791
upd 2402/3906 step 2,459,648 ret 565.49 len 270.9 kl 0.0164  sps 1791
upd 2403/3906 step 2,460,672 ret 568.02 len 274.2 kl 0.0247  sps 1792
upd 2404/3906 step 2,461,696 ret 562.69 len 272.4 kl 0.0198  sps 1793
upd 2405/3906 step 2,462,720 ret 576.03 len 279.4 kl 0.0162  sps 1793
upd 2406/3906 step 2,463,744 ret 586.86 len 284.2 kl 0.0114  sps 1793
upd 2407/3906 step 2,464,768 ret 583.93 len 281.1 kl 0.0185  sps 1793
upd 2408/3906 step 2,465,792 ret 576.8 len 276.7 kl 0.0229  sps 1793
upd 2409/3906 step 2,466,816 ret 583.2 len 275.7 kl 0.0217  sps 1793
upd 2410/3906 step 2,467,840 ret 572.28 len 275.7 kl 0.0191  sps 1793
upd 2411/3906 step 2,468,864 ret 572.01 len 276.5 kl 0.0197  sps 1793
upd 2412/3906 step 2,469,888 ret 563.43 len 272.4 kl 0.0207  sps 1794
upd 2413/3906 step 2,470,912 ret 573.76 len 278.8 kl 0.0189  sps 1794
upd 2414/3906 step 2,471,936 ret 561.93 len 273.9 kl 0.0153  sps 1794
upd 2415/3906 step 2,472,960 ret 561.41 len 274.0 kl 0.0277  sps 1794
upd 2416/3906 step 2,473,984 ret 552.78 len 270.9 kl 0.0234  sps 1793
upd 2417/3906 step 2,475,008 ret 558.92 len 272.9 kl 0.0196  sps 1794
upd 2418/3906 step 2,476,032 ret 555.23 len 271.1 kl 0.0247  sps 1794
upd 2419/3906 step 2,477,056 ret 559.92 len 276.3 kl 0.0176  sps 1794
upd 2420/3906 step 2,478,080 ret 560.24 len 279.1 kl 0.0155  sps 1794
upd 2421/3906 step 2,479,104 ret 570.06 len 279.1 kl 0.0330* sps 1794
upd 2422/3906 step 2,480,128 ret 563.06 len 277.1 kl 0.0246  sps 1794
upd 2423/3906 step 2,481,152 ret 571.96 len 283.4 kl 0.0219  sps 1794
upd 2424/3906 step 2,482,176 ret 571.08 len 283.4 kl 0.0264  sps 1794
upd 2425/3906 step 2,483,200 ret 583.21 len 288.1 kl 0.0250  sps 1794
upd 2426/3906 step 2,484,224 ret 555.42 len 272.0 kl 0.0180  sps 1794
upd 2427/3906 step 2,485,248 ret 543.0 len 265.6 kl 0.0211  sps 1794
upd 2428/3906 step 2,486,272 ret 532.53 len 259.6 kl 0.0197  sps 1794
upd 2429/3906 step 2,487,296 ret 526.04 len 255.1 kl 0.0204  sps 1795
upd 2430/3906 step 2,488,320 ret 505.22 len 248.2 kl 0.0242  sps 1795
upd 2431/3906 step 2,489,344 ret 498.36 len 243.2 kl 0.0201  sps 1794
upd 2432/3906 step 2,490,368 ret 487.7 len 237.1 kl 0.0211  sps 1794
upd 2433/3906 step 2,491,392 ret 468.29 len 226.2 kl 0.0220  sps 1793
upd 2434/3906 step 2,492,416 ret 468.33 len 226.6 kl 0.0222  sps 1794
upd 2435/3906 step 2,493,440 ret 486.17 len 236.8 kl 0.0199  sps 1793
upd 2436/3906 step 2,494,464 ret 501.17 len 245.6 kl 0.0149  sps 1794
upd 2437/3906 step 2,495,488 ret 515.21 len 251.9 kl 0.0187  sps 1793
upd 2438/3906 step 2,496,512 ret 532.42 len 260.8 kl 0.0151  sps 1793
upd 2439/3906 step 2,497,536 ret 532.22 len 260.8 kl 0.0259  sps 1793
upd 2440/3906 step 2,498,560 ret 550.87 len 270.9 kl 0.0216  sps 1792
upd 2441/3906 step 2,499,584 ret 554.36 len 274.1 kl 0.0188  sps 1792
upd 2442/3906 step 2,500,608 ret 590.33 len 284.8 kl 0.0201  sps 1792
upd 2443/3906 step 2,501,632 ret 596.85 len 286.5 kl 0.0235  sps 1792
upd 2444/3906 step 2,502,656 ret 596.36 len 286.5 kl 0.0186  sps 1793
upd 2445/3906 step 2,503,680 ret 611.73 len 292.3 kl 0.0270  sps 1792
upd 2446/3906 step 2,504,704 ret 614.17 len 292.3 kl 0.0204  sps 1793
upd 2447/3906 step 2,505,728 ret 614.85 len 292.3 kl 0.0284  sps 1793
upd 2448/3906 step 2,506,752 ret 590.86 len 287.0 kl 0.0292  sps 1794
upd 2449/3906 step 2,507,776 ret 575.07 len 281.7 kl 0.0212  sps 1794
upd 2450/3906 step 2,508,800 ret 569.19 len 275.3 kl 0.0179  sps 1793
upd 2451/3906 step 2,509,824 ret 572.6 len 275.3 kl 0.0208  sps 1794
upd 2452/3906 step 2,510,848 ret 571.05 len 276.0 kl 0.0155  sps 1793
upd 2453/3906 step 2,511,872 ret 566.73 len 274.6 kl 0.0205  sps 1793
upd 2454/3906 step 2,512,896 ret 558.88 len 271.5 kl 0.0243  sps 1794
upd 2455/3906 step 2,513,920 ret 558.85 len 271.6 kl 0.0169  sps 1794
upd 2456/3906 step 2,514,944 ret 580.71 len 278.2 kl 0.0160  sps 1795
upd 2457/3906 step 2,515,968 ret 546.78 len 264.9 kl 0.0217  sps 1794
upd 2458/3906 step 2,516,992 ret 546.78 len 264.9 kl 0.0168  sps 1794
upd 2459/3906 step 2,518,016 ret 577.19 len 273.4 kl 0.0159  sps 1795
upd 2460/3906 step 2,519,040 ret 582.69 len 273.4 kl 0.0243  sps 1794
upd 2461/3906 step 2,520,064 ret 588.29 len 279.8 kl 0.0241  sps 1794
upd 2462/3906 step 2,521,088 ret 573.84 len 279.8 kl 0.0269  sps 1793
upd 2463/3906 step 2,522,112 ret 555.95 len 269.6 kl 0.0155  sps 1793
upd 2464/3906 step 2,523,136 ret 551.07 len 267.2 kl 0.0204  sps 1792
upd 2465/3906 step 2,524,160 ret 538.99 len 262.1 kl 0.0183  sps 1792
upd 2466/3906 step 2,525,184 ret 510.29 len 247.6 kl 0.0222  sps 1792
upd 2467/3906 step 2,526,208 ret 526.75 len 252.3 kl 0.0267  sps 1792
upd 2468/3906 step 2,527,232 ret 525.91 len 252.0 kl 0.0228  sps 1792
upd 2469/3906 step 2,528,256 ret 527.6 len 250.7 kl 0.0175  sps 1792
upd 2470/3906 step 2,529,280 ret 518.79 len 245.9 kl 0.0243  sps 1792
upd 2471/3906 step 2,530,304 ret 507.78 len 238.7 kl 0.0180  sps 1792
upd 2472/3906 step 2,531,328 ret 512.18 len 237.0 kl 0.0196  sps 1793
upd 2473/3906 step 2,532,352 ret 534.46 len 245.1 kl 0.0197  sps 1793
upd 2474/3906 step 2,533,376 ret 528.71 len 240.7 kl 0.0219  sps 1793
upd 2475/3906 step 2,534,400 ret 529.17 len 244.8 kl 0.0218  sps 1793
upd 2476/3906 step 2,535,424 ret 523.86 len 245.8 kl 0.0254  sps 1793
upd 2477/3906 step 2,536,448 ret 535.95 len 248.1 kl 0.0179  sps 1794
upd 2478/3906 step 2,537,472 ret 538.5 len 248.1 kl 0.0265  sps 1793
upd 2479/3906 step 2,538,496 ret 546.01 len 251.2 kl 0.0212  sps 1794
upd 2480/3906 step 2,539,520 ret 555.26 len 256.7 kl 0.0109  sps 1794
upd 2481/3906 step 2,540,544 ret 560.2 len 258.5 kl 0.0185  sps 1794
upd 2482/3906 step 2,541,568 ret 572.67 len 263.8 kl 0.0183  sps 1794
upd 2483/3906 step 2,542,592 ret 558.35 len 258.1 kl 0.0153  sps 1795
upd 2484/3906 step 2,543,616 ret 575.61 len 264.7 kl 0.0191  sps 1795
upd 2485/3906 step 2,544,640 ret 588.71 len 271.6 kl 0.0215  sps 1795
upd 2486/3906 step 2,545,664 ret 609.95 len 278.9 kl 0.0224  sps 1795
upd 2487/3906 step 2,546,688 ret 608.67 len 277.6 kl 0.0199  sps 1795
upd 2488/3906 step 2,547,712 ret 611.9 len 278.8 kl 0.0215  sps 1795
upd 2489/3906 step 2,548,736 ret 582.45 len 264.6 kl 0.0215  sps 1794
upd 2490/3906 step 2,549,760 ret 572.17 len 260.0 kl 0.0208  sps 1794
upd 2491/3906 step 2,550,784 ret 563.0 len 257.6 kl 0.0169  sps 1794
upd 2492/3906 step 2,551,808 ret 566.48 len 257.6 kl 0.0212  sps 1794
upd 2493/3906 step 2,552,832 ret 580.06 len 263.3 kl 0.0216  sps 1794
upd 2494/3906 step 2,553,856 ret 567.02 len 260.0 kl 0.0136  sps 1794
upd 2495/3906 step 2,554,880 ret 563.75 len 258.3 kl 0.0181  sps 1794
upd 2496/3906 step 2,555,904 ret 563.13 len 256.3 kl 0.0176  sps 1794
upd 2497/3906 step 2,556,928 ret 555.52 len 256.3 kl 0.0197  sps 1793
upd 2498/3906 step 2,557,952 ret 542.58 len 253.1 kl 0.0196  sps 1793
upd 2499/3906 step 2,558,976 ret 558.69 len 259.6 kl 0.0194  sps 1793
upd 2500/3906 step 2,560,000 ret 578.57 len 270.6 kl 0.0208  sps 1793
upd 2501/3906 step 2,561,024 ret 582.69 len 272.9 kl 0.0241  sps 1792
upd 2502/3906 step 2,562,048 ret 581.99 len 270.9 kl 0.0180  sps 1793
upd 2503/3906 step 2,563,072 ret 565.44 len 266.6 kl 0.0192  sps 1792
upd 2504/3906 step 2,564,096 ret 568.71 len 267.1 kl 0.0185  sps 1793
upd 2505/3906 step 2,565,120 ret 561.4 len 259.4 kl 0.0195  sps 1793
upd 2506/3906 step 2,566,144 ret 564.83 len 263.3 kl 0.0278  sps 1794
upd 2507/3906 step 2,567,168 ret 579.8 len 270.1 kl 0.0206  sps 1794
upd 2508/3906 step 2,568,192 ret 586.35 len 273.3 kl 0.0196  sps 1794
upd 2509/3906 step 2,569,216 ret 576.26 len 271.3 kl 0.0202  sps 1794
upd 2510/3906 step 2,570,240 ret 577.35 len 271.3 kl 0.0190  sps 1794
upd 2511/3906 step 2,571,264 ret 573.89 len 271.3 kl 0.0211  sps 1794
upd 2512/3906 step 2,572,288 ret 580.66 len 274.9 kl 0.0270  sps 1793
upd 2513/3906 step 2,573,312 ret 574.53 len 270.9 kl 0.0179  sps 1793
upd 2514/3906 step 2,574,336 ret 570.92 len 275.1 kl 0.0248  sps 1793
upd 2515/3906 step 2,575,360 ret 580.61 len 279.3 kl 0.0167  sps 1793
upd 2516/3906 step 2,576,384 ret 600.66 len 288.7 kl 0.0200  sps 1793
upd 2517/3906 step 2,577,408 ret 595.07 len 286.1 kl 0.0172  sps 1793
upd 2518/3906 step 2,578,432 ret 599.53 len 286.1 kl 0.0174  sps 1793
upd 2519/3906 step 2,579,456 ret 592.35 len 277.2 kl 0.0212  sps 1793
upd 2520/3906 step 2,580,480 ret 540.86 len 254.1 kl 0.0191  sps 1794
upd 2521/3906 step 2,581,504 ret 532.13 len 248.8 kl 0.0129  sps 1794
upd 2522/3906 step 2,582,528 ret 533.13 len 252.7 kl 0.0193  sps 1793
upd 2523/3906 step 2,583,552 ret 527.35 len 247.8 kl 0.0225  sps 1793
upd 2524/3906 step 2,584,576 ret 528.12 len 247.8 kl 0.0217  sps 1793
upd 2525/3906 step 2,585,600 ret 516.96 len 241.0 kl 0.0212  sps 1793
upd 2526/3906 step 2,586,624 ret 509.93 len 238.5 kl 0.0209  sps 1793
upd 2527/3906 step 2,587,648 ret 491.75 len 231.2 kl 0.0229  sps 1793
upd 2528/3906 step 2,588,672 ret 481.69 len 233.3 kl 0.0202  sps 1794
upd 2529/3906 step 2,589,696 ret 488.14 len 237.7 kl 0.0188  sps 1794
upd 2530/3906 step 2,590,720 ret 522.62 len 251.5 kl 0.0227  sps 1794
upd 2531/3906 step 2,591,744 ret 509.28 len 245.2 kl 0.0149  sps 1794
upd 2532/3906 step 2,592,768 ret 504.05 len 242.7 kl 0.0206  sps 1795
upd 2533/3906 step 2,593,792 ret 495.4 len 241.2 kl 0.0199  sps 1795
upd 2534/3906 step 2,594,816 ret 492.68 len 239.3 kl 0.0237  sps 1795
upd 2535/3906 step 2,595,840 ret 490.87 len 237.1 kl 0.0255  sps 1795
upd 2536/3906 step 2,596,864 ret 506.8 len 242.8 kl 0.0212  sps 1795
upd 2537/3906 step 2,597,888 ret 520.37 len 245.7 kl 0.0210  sps 1795
upd 2538/3906 step 2,598,912 ret 506.32 len 238.9 kl 0.0209  sps 1795
upd 2539/3906 step 2,599,936 ret 501.47 len 236.4 kl 0.0202  sps 1795
upd 2540/3906 step 2,600,960 ret 501.86 len 236.4 kl 0.0180  sps 1795
upd 2541/3906 step 2,601,984 ret 514.31 len 244.2 kl 0.0279  sps 1795
upd 2542/3906 step 2,603,008 ret 510.08 len 241.8 kl 0.0124  sps 1795
upd 2543/3906 step 2,604,032 ret 521.87 len 247.7 kl 0.0134  sps 1795
upd 2544/3906 step 2,605,056 ret 526.96 len 248.6 kl 0.0246  sps 1796
upd 2545/3906 step 2,606,080 ret 538.73 len 254.4 kl 0.0221  sps 1795
upd 2546/3906 step 2,607,104 ret 537.83 len 252.6 kl 0.0196  sps 1795
upd 2547/3906 step 2,608,128 ret 534.0 len 249.9 kl 0.0169  sps 1795
upd 2548/3906 step 2,609,152 ret 531.26 len 248.9 kl 0.0135  sps 1796
upd 2549/3906 step 2,610,176 ret 550.13 len 258.1 kl 0.0203  sps 1796
upd 2550/3906 step 2,611,200 ret 515.75 len 240.2 kl 0.0179  sps 1795
upd 2551/3906 step 2,612,224 ret 536.37 len 248.9 kl 0.0212  sps 1795
upd 2552/3906 step 2,613,248 ret 535.37 len 246.9 kl 0.0197  sps 1795
upd 2553/3906 step 2,614,272 ret 520.69 len 240.2 kl 0.0206  sps 1795
upd 2554/3906 step 2,615,296 ret 492.76 len 230.3 kl 0.0188  sps 1794
upd 2555/3906 step 2,616,320 ret 499.82 len 232.3 kl 0.0159  sps 1795
upd 2556/3906 step 2,617,344 ret 498.95 len 232.9 kl 0.0195  sps 1795
upd 2557/3906 step 2,618,368 ret 503.91 len 236.0 kl 0.0212  sps 1795
upd 2558/3906 step 2,619,392 ret 509.11 len 239.4 kl 0.0182  sps 1795
upd 2559/3906 step 2,620,416 ret 527.07 len 248.9 kl 0.0219  sps 1795
upd 2560/3906 step 2,621,440 ret 528.06 len 254.2 kl 0.0233  sps 1795
upd 2561/3906 step 2,622,464 ret 543.61 len 262.1 kl 0.0191  sps 1795
upd 2562/3906 step 2,623,488 ret 547.95 len 266.1 kl 0.0199  sps 1795
upd 2563/3906 step 2,624,512 ret 534.87 len 266.1 kl 0.0164  sps 1796
upd 2564/3906 step 2,625,536 ret 527.61 len 265.1 kl 0.0146  sps 1795
upd 2565/3906 step 2,626,560 ret 534.17 len 267.5 kl 0.0217  sps 1795
upd 2566/3906 step 2,627,584 ret 528.1 len 264.6 kl 0.0174  sps 1795
upd 2567/3906 step 2,628,608 ret 538.19 len 270.4 kl 0.0182  sps 1795
upd 2568/3906 step 2,629,632 ret 542.33 len 272.7 kl 0.0185  sps 1795
upd 2569/3906 step 2,630,656 ret 534.53 len 267.4 kl 0.0186  sps 1795
upd 2570/3906 step 2,631,680 ret 532.32 len 269.1 kl 0.0212  sps 1794
upd 2571/3906 step 2,632,704 ret 532.37 len 264.8 kl 0.0153  sps 1794
upd 2572/3906 step 2,633,728 ret 532.95 len 264.8 kl 0.0166  sps 1794
upd 2573/3906 step 2,634,752 ret 528.23 len 261.7 kl 0.0228  sps 1794
upd 2574/3906 step 2,635,776 ret 516.34 len 261.7 kl 0.0169  sps 1793
upd 2575/3906 step 2,636,800 ret 530.15 len 269.8 kl 0.0150  sps 1792
upd 2576/3906 step 2,637,824 ret 539.44 len 273.5 kl 0.0225  sps 1792
upd 2577/3906 step 2,638,848 ret 544.67 len 276.4 kl 0.0156  sps 1791
upd 2578/3906 step 2,639,872 ret 541.33 len 273.2 kl 0.0195  sps 1790
upd 2579/3906 step 2,640,896 ret 535.27 len 269.6 kl 0.0156  sps 1789
upd 2580/3906 step 2,641,920 ret 533.23 len 269.8 kl 0.0239  sps 1788
upd 2581/3906 step 2,642,944 ret 533.58 len 269.8 kl 0.0175  sps 1788
upd 2582/3906 step 2,643,968 ret 522.55 len 267.9 kl 0.0222  sps 1787
upd 2583/3906 step 2,644,992 ret 519.65 len 258.5 kl 0.0256  sps 1786
upd 2584/3906 step 2,646,016 ret 505.01 len 253.4 kl 0.0183  sps 1786
upd 2585/3906 step 2,647,040 ret 526.33 len 258.5 kl 0.0153  sps 1787
upd 2586/3906 step 2,648,064 ret 506.95 len 246.8 kl 0.0180  sps 1787
upd 2587/3906 step 2,649,088 ret 521.66 len 251.1 kl 0.0129  sps 1788
upd 2588/3906 step 2,650,112 ret 503.84 len 243.7 kl 0.0158  sps 1788
upd 2589/3906 step 2,651,136 ret 511.79 len 246.1 kl 0.0157  sps 1787
upd 2590/3906 step 2,652,160 ret 490.11 len 236.5 kl 0.0189  sps 1788
upd 2591/3906 step 2,653,184 ret 476.3 len 228.7 kl 0.0226  sps 1788
upd 2592/3906 step 2,654,208 ret 475.56 len 225.0 kl 0.0238  sps 1788
upd 2593/3906 step 2,655,232 ret 489.84 len 232.5 kl 0.0166  sps 1788
upd 2594/3906 step 2,656,256 ret 501.23 len 232.5 kl 0.0188  sps 1788
upd 2595/3906 step 2,657,280 ret 499.17 len 233.9 kl 0.0137  sps 1788
upd 2596/3906 step 2,658,304 ret 497.54 len 236.2 kl 0.0218  sps 1788
upd 2597/3906 step 2,659,328 ret 497.97 len 240.3 kl 0.0192  sps 1788
upd 2598/3906 step 2,660,352 ret 494.47 len 244.7 kl 0.0213  sps 1788
upd 2599/3906 step 2,661,376 ret 495.92 len 243.7 kl 0.0167  sps 1789
upd 2600/3906 step 2,662,400 ret 513.36 len 250.6 kl 0.0182  sps 1789
upd 2601/3906 step 2,663,424 ret 542.87 len 264.6 kl 0.0202  sps 1789
upd 2602/3906 step 2,664,448 ret 554.41 len 270.6 kl 0.0200  sps 1789
upd 2603/3906 step 2,665,472 ret 566.32 len 272.3 kl 0.0202  sps 1790
upd 2604/3906 step 2,666,496 ret 551.19 len 268.9 kl 0.0207  sps 1790
upd 2605/3906 step 2,667,520 ret 540.11 len 263.6 kl 0.0266  sps 1790
upd 2606/3906 step 2,668,544 ret 553.17 len 268.9 kl 0.0165  sps 1790
upd 2607/3906 step 2,669,568 ret 564.98 len 270.1 kl 0.0189  sps 1790
upd 2608/3906 step 2,670,592 ret 561.91 len 263.8 kl 0.0186  sps 1790
upd 2609/3906 step 2,671,616 ret 575.32 len 269.9 kl 0.0147  sps 1789
upd 2610/3906 step 2,672,640 ret 583.18 len 272.5 kl 0.0226  sps 1790
upd 2611/3906 step 2,673,664 ret 559.48 len 263.2 kl 0.0174  sps 1789
upd 2612/3906 step 2,674,688 ret 558.15 len 262.6 kl 0.0189  sps 1789
upd 2613/3906 step 2,675,712 ret 543.77 len 257.0 kl 0.0188  sps 1789
upd 2614/3906 step 2,676,736 ret 549.96 len 257.0 kl 0.0226  sps 1789
upd 2615/3906 step 2,677,760 ret 571.88 len 267.0 kl 0.0189  sps 1789
upd 2616/3906 step 2,678,784 ret 576.34 len 267.5 kl 0.0175  sps 1789
upd 2617/3906 step 2,679,808 ret 572.57 len 264.1 kl 0.0162  sps 1789
upd 2618/3906 step 2,680,832 ret 569.99 len 264.4 kl 0.0213  sps 1789
upd 2619/3906 step 2,681,856 ret 583.31 len 270.4 kl 0.0172  sps 1789
upd 2620/3906 step 2,682,880 ret 548.61 len 258.9 kl 0.0183  sps 1789
upd 2621/3906 step 2,683,904 ret 546.77 len 259.7 kl 0.0147  sps 1789
upd 2622/3906 step 2,684,928 ret 531.16 len 251.3 kl 0.0200  sps 1788
upd 2623/3906 step 2,685,952 ret 550.77 len 258.9 kl 0.0199  sps 1788
upd 2624/3906 step 2,686,976 ret 542.51 len 256.1 kl 0.0140  sps 1788
upd 2625/3906 step 2,688,000 ret 527.46 len 249.5 kl 0.0196  sps 1788
upd 2626/3906 step 2,689,024 ret 527.46 len 249.5 kl 0.0158  sps 1788
upd 2627/3906 step 2,690,048 ret 549.28 len 259.7 kl 0.0169  sps 1788
upd 2628/3906 step 2,691,072 ret 550.97 len 259.1 kl 0.0190  sps 1787
upd 2629/3906 step 2,692,096 ret 551.87 len 256.7 kl 0.0208  sps 1787
upd 2630/3906 step 2,693,120 ret 556.98 len 252.6 kl 0.0177  sps 1787
upd 2631/3906 step 2,694,144 ret 558.03 len 253.8 kl 0.0145  sps 1787
upd 2632/3906 step 2,695,168 ret 588.57 len 266.6 kl 0.0196  sps 1787
upd 2633/3906 step 2,696,192 ret 584.8 len 267.3 kl 0.0182  sps 1786
upd 2634/3906 step 2,697,216 ret 584.22 len 267.3 kl 0.0181  sps 1786
upd 2635/3906 step 2,698,240 ret 588.66 len 272.4 kl 0.0151  sps 1786
upd 2636/3906 step 2,699,264 ret 573.3 len 266.3 kl 0.0150  sps 1786
upd 2637/3906 step 2,700,288 ret 566.75 len 266.3 kl 0.0180  sps 1786
upd 2638/3906 step 2,701,312 ret 567.09 len 266.8 kl 0.0201  sps 1786
upd 2639/3906 step 2,702,336 ret 557.83 len 267.6 kl 0.0149  sps 1786
upd 2640/3906 step 2,703,360 ret 559.49 len 268.9 kl 0.0230  sps 1785
upd 2641/3906 step 2,704,384 ret 565.63 len 274.8 kl 0.0137  sps 1785
upd 2642/3906 step 2,705,408 ret 571.59 len 276.9 kl 0.0216  sps 1785
upd 2643/3906 step 2,706,432 ret 568.11 len 273.4 kl 0.0166  sps 1785
upd 2644/3906 step 2,707,456 ret 539.42 len 262.7 kl 0.0170  sps 1786
upd 2645/3906 step 2,708,480 ret 551.61 len 262.5 kl 0.0223  sps 1786
upd 2646/3906 step 2,709,504 ret 541.41 len 259.5 kl 0.0154  sps 1786
upd 2647/3906 step 2,710,528 ret 559.94 len 265.6 kl 0.0185  sps 1786
upd 2648/3906 step 2,711,552 ret 536.13 len 260.3 kl 0.0162  sps 1786
upd 2649/3906 step 2,712,576 ret 529.26 len 256.1 kl 0.0223  sps 1787
upd 2650/3906 step 2,713,600 ret 531.97 len 255.4 kl 0.0151  sps 1786
upd 2651/3906 step 2,714,624 ret 553.16 len 262.9 kl 0.0223  sps 1787
upd 2652/3906 step 2,715,648 ret 541.49 len 259.1 kl 0.0209  sps 1787
upd 2653/3906 step 2,716,672 ret 538.37 len 259.8 kl 0.0172  sps 1787
upd 2654/3906 step 2,717,696 ret 553.9 len 259.6 kl 0.0170  sps 1787
upd 2655/3906 step 2,718,720 ret 572.3 len 268.5 kl 0.0235  sps 1787
upd 2656/3906 step 2,719,744 ret 570.84 len 268.1 kl 0.0217  sps 1787
upd 2657/3906 step 2,720,768 ret 577.57 len 271.6 kl 0.0178  sps 1787
upd 2658/3906 step 2,721,792 ret 578.94 len 272.5 kl 0.0152  sps 1787
upd 2659/3906 step 2,722,816 ret 593.08 len 274.0 kl 0.0254  sps 1787
upd 2660/3906 step 2,723,840 ret 593.08 len 274.0 kl 0.0243  sps 1787
upd 2661/3906 step 2,724,864 ret 599.09 len 276.9 kl 0.0135  sps 1787
upd 2662/3906 step 2,725,888 ret 598.08 len 276.9 kl 0.0214  sps 1787
upd 2663/3906 step 2,726,912 ret 593.3 len 275.0 kl 0.0156  sps 1786
upd 2664/3906 step 2,727,936 ret 564.09 len 263.8 kl 0.0215  sps 1784
upd 2665/3906 step 2,728,960 ret 565.27 len 264.3 kl 0.0242  sps 1780
upd 2666/3906 step 2,729,984 ret 565.76 len 265.4 kl 0.0127  sps 1777
upd 2667/3906 step 2,731,008 ret 557.36 len 260.5 kl 0.0216  sps 1777
upd 2668/3906 step 2,732,032 ret 553.62 len 258.0 kl 0.0320* sps 1774
upd 2669/3906 step 2,733,056 ret 562.95 len 262.5 kl 0.0208  sps 1772
upd 2670/3906 step 2,734,080 ret 564.17 len 262.5 kl 0.0178  sps 1769
upd 2671/3906 step 2,735,104 ret 561.08 len 263.5 kl 0.0152  sps 1763
upd 2672/3906 step 2,736,128 ret 554.38 len 260.0 kl 0.0195  sps 1759
upd 2673/3906 step 2,737,152 ret 567.07 len 265.8 kl 0.0156  sps 1757
upd 2674/3906 step 2,738,176 ret 572.24 len 266.7 kl 0.0173  sps 1756
upd 2675/3906 step 2,739,200 ret 562.8 len 263.9 kl 0.0171  sps 1755
upd 2676/3906 step 2,740,224 ret 582.22 len 271.1 kl 0.0224  sps 1754
upd 2677/3906 step 2,741,248 ret 554.97 len 261.1 kl 0.0244  sps 1753
upd 2678/3906 step 2,742,272 ret 549.49 len 263.8 kl 0.0192  sps 1753
upd 2679/3906 step 2,743,296 ret 539.5 len 259.3 kl 0.0172  sps 1753
upd 2680/3906 step 2,744,320 ret 537.09 len 259.3 kl 0.0165  sps 1753
upd 2681/3906 step 2,745,344 ret 533.09 len 256.9 kl 0.0204  sps 1752
upd 2682/3906 step 2,746,368 ret 524.15 len 253.8 kl 0.0165  sps 1752
upd 2683/3906 step 2,747,392 ret 516.17 len 250.0 kl 0.0132  sps 1752
upd 2684/3906 step 2,748,416 ret 511.56 len 246.8 kl 0.0169  sps 1752
upd 2685/3906 step 2,749,440 ret 498.6 len 241.1 kl 0.0161  sps 1753
upd 2686/3906 step 2,750,464 ret 509.17 len 247.2 kl 0.0182  sps 1753
upd 2687/3906 step 2,751,488 ret 532.91 len 254.1 kl 0.0171  sps 1753
upd 2688/3906 step 2,752,512 ret 525.1 len 248.7 kl 0.0235  sps 1752
upd 2689/3906 step 2,753,536 ret 526.43 len 248.7 kl 0.0152  sps 1752
upd 2690/3906 step 2,754,560 ret 545.53 len 254.6 kl 0.0207  sps 1752
upd 2691/3906 step 2,755,584 ret 546.36 len 250.4 kl 0.0210  sps 1752
upd 2692/3906 step 2,756,608 ret 545.98 len 249.7 kl 0.0143  sps 1751
upd 2693/3906 step 2,757,632 ret 543.21 len 246.5 kl 0.0157  sps 1751
upd 2694/3906 step 2,758,656 ret 535.77 len 244.0 kl 0.0129  sps 1750
upd 2695/3906 step 2,759,680 ret 538.95 len 248.8 kl 0.0192  sps 1750
upd 2696/3906 step 2,760,704 ret 539.08 len 248.8 kl 0.0160  sps 1750
upd 2697/3906 step 2,761,728 ret 537.83 len 249.2 kl 0.0150  sps 1750
upd 2698/3906 step 2,762,752 ret 531.64 len 243.7 kl 0.0214  sps 1749
upd 2699/3906 step 2,763,776 ret 523.12 len 240.2 kl 0.0161  sps 1749
upd 2700/3906 step 2,764,800 ret 512.79 len 242.1 kl 0.0174  sps 1748
upd 2701/3906 step 2,765,824 ret 518.29 len 244.4 kl 0.0202  sps 1748
upd 2702/3906 step 2,766,848 ret 548.85 len 255.3 kl 0.0203  sps 1748
upd 2703/3906 step 2,767,872 ret 533.18 len 250.1 kl 0.0131  sps 1748
upd 2704/3906 step 2,768,896 ret 552.94 len 260.4 kl 0.0164  sps 1747
upd 2705/3906 step 2,769,920 ret 555.26 len 258.6 kl 0.0172  sps 1747
upd 2706/3906 step 2,770,944 ret 543.29 len 253.1 kl 0.0170  sps 1747
upd 2707/3906 step 2,771,968 ret 547.11 len 258.8 kl 0.0151  sps 1747
upd 2708/3906 step 2,772,992 ret 547.58 len 258.2 kl 0.0208  sps 1747
upd 2709/3906 step 2,774,016 ret 560.26 len 266.6 kl 0.0170  sps 1746
upd 2710/3906 step 2,775,040 ret 566.46 len 266.4 kl 0.0248  sps 1746
upd 2711/3906 step 2,776,064 ret 570.75 len 268.1 kl 0.0185  sps 1746
upd 2712/3906 step 2,777,088 ret 564.66 len 269.1 kl 0.0215  sps 1746
upd 2713/3906 step 2,778,112 ret 562.96 len 269.1 kl 0.0169  sps 1746
upd 2714/3906 step 2,779,136 ret 536.54 len 253.2 kl 0.0159  sps 1746
upd 2715/3906 step 2,780,160 ret 546.53 len 254.8 kl 0.0177  sps 1746
upd 2716/3906 step 2,781,184 ret 546.87 len 252.6 kl 0.0198  sps 1746
upd 2717/3906 step 2,782,208 ret 543.4 len 251.7 kl 0.0147  sps 1745
upd 2718/3906 step 2,783,232 ret 542.82 len 255.1 kl 0.0198  sps 1745
upd 2719/3906 step 2,784,256 ret 532.0 len 247.1 kl 0.0189  sps 1745
upd 2720/3906 step 2,785,280 ret 527.93 len 243.8 kl 0.0150  sps 1745
upd 2721/3906 step 2,786,304 ret 527.99 len 243.8 kl 0.0241  sps 1745
upd 2722/3906 step 2,787,328 ret 537.49 len 248.2 kl 0.0171  sps 1745
upd 2723/3906 step 2,788,352 ret 537.24 len 248.2 kl 0.0184  sps 1746
upd 2724/3906 step 2,789,376 ret 549.53 len 252.5 kl 0.0181  sps 1746
upd 2725/3906 step 2,790,400 ret 542.81 len 251.3 kl 0.0159  sps 1746
upd 2726/3906 step 2,791,424 ret 561.01 len 259.9 kl 0.0173  sps 1746
upd 2727/3906 step 2,792,448 ret 583.49 len 264.5 kl 0.0208  sps 1745
upd 2728/3906 step 2,793,472 ret 574.08 len 258.0 kl 0.0212  sps 1745
upd 2729/3906 step 2,794,496 ret 579.25 len 264.1 kl 0.0204  sps 1745
upd 2730/3906 step 2,795,520 ret 584.36 len 267.3 kl 0.0227  sps 1745
upd 2731/3906 step 2,796,544 ret 578.5 len 266.1 kl 0.0154  sps 1745
upd 2732/3906 step 2,797,568 ret 559.24 len 254.9 kl 0.0155  sps 1745
upd 2733/3906 step 2,798,592 ret 559.06 len 253.8 kl 0.0222  sps 1745
upd 2734/3906 step 2,799,616 ret 561.17 len 255.3 kl 0.0174  sps 1745
upd 2735/3906 step 2,800,640 ret 543.04 len 248.5 kl 0.0143  sps 1744
upd 2736/3906 step 2,801,664 ret 524.61 len 243.1 kl 0.0142  sps 1745
upd 2737/3906 step 2,802,688 ret 541.11 len 249.6 kl 0.0162  sps 1744
upd 2738/3906 step 2,803,712 ret 541.21 len 251.2 kl 0.0153  sps 1744
upd 2739/3906 step 2,804,736 ret 556.33 len 251.2 kl 0.0169  sps 1744
upd 2740/3906 step 2,805,760 ret 560.09 len 250.2 kl 0.0148  sps 1744
upd 2741/3906 step 2,806,784 ret 568.31 len 252.1 kl 0.0184  sps 1744
upd 2742/3906 step 2,807,808 ret 560.11 len 251.6 kl 0.0162  sps 1743
upd 2743/3906 step 2,808,832 ret 558.74 len 252.7 kl 0.0173  sps 1742
upd 2744/3906 step 2,809,856 ret 557.43 len 251.0 kl 0.0199  sps 1741
upd 2745/3906 step 2,810,880 ret 556.15 len 249.7 kl 0.0170  sps 1741
upd 2746/3906 step 2,811,904 ret 556.96 len 251.1 kl 0.0247  sps 1741
upd 2747/3906 step 2,812,928 ret 561.72 len 254.5 kl 0.0147  sps 1740
upd 2748/3906 step 2,813,952 ret 548.27 len 248.3 kl 0.0120  sps 1740
upd 2749/3906 step 2,814,976 ret 542.67 len 245.7 kl 0.0227  sps 1740
upd 2750/3906 step 2,816,000 ret 553.74 len 250.2 kl 0.0148  sps 1740
upd 2751/3906 step 2,817,024 ret 541.3 len 247.0 kl 0.0154  sps 1740
upd 2752/3906 step 2,818,048 ret 550.1 len 249.9 kl 0.0182  sps 1739
upd 2753/3906 step 2,819,072 ret 548.86 len 249.2 kl 0.0149  sps 1739
upd 2754/3906 step 2,820,096 ret 561.81 len 254.4 kl 0.0204  sps 1738
upd 2755/3906 step 2,821,120 ret 590.09 len 268.9 kl 0.0161  sps 1738
upd 2756/3906 step 2,822,144 ret 585.48 len 266.3 kl 0.0194  sps 1738
upd 2757/3906 step 2,823,168 ret 585.63 len 266.3 kl 0.0167  sps 1738
upd 2758/3906 step 2,824,192 ret 588.64 len 266.5 kl 0.0194  sps 1737
upd 2759/3906 step 2,825,216 ret 580.62 len 263.1 kl 0.0165  sps 1737
upd 2760/3906 step 2,826,240 ret 572.29 len 258.1 kl 0.0201  sps 1737
upd 2761/3906 step 2,827,264 ret 558.48 len 253.2 kl 0.0228  sps 1737
upd 2762/3906 step 2,828,288 ret 558.34 len 253.3 kl 0.0165  sps 1736
upd 2763/3906 step 2,829,312 ret 548.66 len 252.2 kl 0.0224  sps 1736
upd 2764/3906 step 2,830,336 ret 543.14 len 252.2 kl 0.0213  sps 1736
upd 2765/3906 step 2,831,360 ret 558.6 len 257.5 kl 0.0161  sps 1736
upd 2766/3906 step 2,832,384 ret 561.58 len 259.3 kl 0.0179  sps 1736
upd 2767/3906 step 2,833,408 ret 567.19 len 261.5 kl 0.0179  sps 1736
upd 2768/3906 step 2,834,432 ret 565.49 len 261.9 kl 0.0171  sps 1736
upd 2769/3906 step 2,835,456 ret 562.9 len 260.4 kl 0.0217  sps 1736
upd 2770/3906 step 2,836,480 ret 561.44 len 264.7 kl 0.0199  sps 1736
upd 2771/3906 step 2,837,504 ret 568.49 len 270.4 kl 0.0134  sps 1736
upd 2772/3906 step 2,838,528 ret 553.91 len 264.0 kl 0.0177  sps 1736
upd 2773/3906 step 2,839,552 ret 562.15 len 265.4 kl 0.0191  sps 1737
upd 2774/3906 step 2,840,576 ret 567.59 len 264.4 kl 0.0187  sps 1737
upd 2775/3906 step 2,841,600 ret 562.78 len 264.4 kl 0.0237  sps 1737
upd 2776/3906 step 2,842,624 ret 554.35 len 264.4 kl 0.0155  sps 1737
upd 2777/3906 step 2,843,648 ret 521.85 len 249.9 kl 0.0198  sps 1737
upd 2778/3906 step 2,844,672 ret 520.39 len 249.6 kl 0.0253  sps 1737
upd 2779/3906 step 2,845,696 ret 518.82 len 247.3 kl 0.0218  sps 1737
upd 2780/3906 step 2,846,720 ret 531.25 len 250.7 kl 0.0177  sps 1738
upd 2781/3906 step 2,847,744 ret 536.6 len 251.6 kl 0.0182  sps 1737
upd 2782/3906 step 2,848,768 ret 552.79 len 256.6 kl 0.0171  sps 1737
upd 2783/3906 step 2,849,792 ret 544.61 len 259.2 kl 0.0217  sps 1737
upd 2784/3906 step 2,850,816 ret 557.41 len 263.7 kl 0.0161  sps 1737
upd 2785/3906 step 2,851,840 ret 549.54 len 259.8 kl 0.0177  sps 1737
upd 2786/3906 step 2,852,864 ret 532.79 len 248.0 kl 0.0190  sps 1738
upd 2787/3906 step 2,853,888 ret 535.32 len 251.1 kl 0.0209  sps 1738
upd 2788/3906 step 2,854,912 ret 559.17 len 261.7 kl 0.0162  sps 1738
upd 2789/3906 step 2,855,936 ret 564.53 len 263.5 kl 0.0231  sps 1738
upd 2790/3906 step 2,856,960 ret 561.03 len 263.3 kl 0.0199  sps 1737
upd 2791/3906 step 2,857,984 ret 554.36 len 262.1 kl 0.0159  sps 1737
upd 2792/3906 step 2,859,008 ret 543.96 len 255.7 kl 0.0225  sps 1737
upd 2793/3906 step 2,860,032 ret 546.57 len 250.8 kl 0.0129  sps 1737
upd 2794/3906 step 2,861,056 ret 535.15 len 250.8 kl 0.0203  sps 1737
upd 2795/3906 step 2,862,080 ret 539.08 len 251.6 kl 0.0136  sps 1737
upd 2796/3906 step 2,863,104 ret 544.31 len 254.4 kl 0.0122  sps 1737
upd 2797/3906 step 2,864,128 ret 558.17 len 258.9 kl 0.0187  sps 1737
upd 2798/3906 step 2,865,152 ret 554.09 len 258.3 kl 0.0155  sps 1737
upd 2799/3906 step 2,866,176 ret 560.52 len 260.7 kl 0.0123  sps 1737
upd 2800/3906 step 2,867,200 ret 539.98 len 254.5 kl 0.0178  sps 1737
upd 2801/3906 step 2,868,224 ret 535.53 len 253.0 kl 0.0174  sps 1737
upd 2802/3906 step 2,869,248 ret 518.36 len 248.5 kl 0.0234  sps 1737
upd 2803/3906 step 2,870,272 ret 495.24 len 233.3 kl 0.0157  sps 1737
upd 2804/3906 step 2,871,296 ret 501.79 len 236.6 kl 0.0175  sps 1737
upd 2805/3906 step 2,872,320 ret 507.54 len 240.9 kl 0.0171  sps 1737
upd 2806/3906 step 2,873,344 ret 497.4 len 238.2 kl 0.0183  sps 1737
upd 2807/3906 step 2,874,368 ret 490.18 len 231.4 kl 0.0204  sps 1737
upd 2808/3906 step 2,875,392 ret 491.53 len 231.4 kl 0.0174  sps 1737
upd 2809/3906 step 2,876,416 ret 503.54 len 235.0 kl 0.0209  sps 1737
upd 2810/3906 step 2,877,440 ret 506.4 len 237.4 kl 0.0126  sps 1737
upd 2811/3906 step 2,878,464 ret 522.81 len 243.6 kl 0.0125  sps 1737
upd 2812/3906 step 2,879,488 ret 529.03 len 246.7 kl 0.0200  sps 1737
upd 2813/3906 step 2,880,512 ret 532.81 len 249.1 kl 0.0155  sps 1737
upd 2814/3906 step 2,881,536 ret 552.16 len 255.6 kl 0.0204  sps 1737
upd 2815/3906 step 2,882,560 ret 537.97 len 250.2 kl 0.0179  sps 1738
upd 2816/3906 step 2,883,584 ret 547.51 len 253.9 kl 0.0195  sps 1738
upd 2817/3906 step 2,884,608 ret 544.26 len 251.5 kl 0.0193  sps 1738
upd 2818/3906 step 2,885,632 ret 540.24 len 247.5 kl 0.0138  sps 1738
upd 2819/3906 step 2,886,656 ret 527.52 len 242.4 kl 0.0206  sps 1738
upd 2820/3906 step 2,887,680 ret 517.89 len 236.9 kl 0.0144  sps 1738
upd 2821/3906 step 2,888,704 ret 536.59 len 245.0 kl 0.0180  sps 1738
upd 2822/3906 step 2,889,728 ret 536.59 len 245.0 kl 0.0227  sps 1737
upd 2823/3906 step 2,890,752 ret 545.01 len 245.6 kl 0.0149  sps 1737
upd 2824/3906 step 2,891,776 ret 525.3 len 237.4 kl 0.0231  sps 1737
upd 2825/3906 step 2,892,800 ret 512.35 len 233.2 kl 0.0210  sps 1737
upd 2826/3906 step 2,893,824 ret 521.22 len 237.2 kl 0.0167  sps 1738
upd 2827/3906 step 2,894,848 ret 503.1 len 229.6 kl 0.0155  sps 1738
upd 2828/3906 step 2,895,872 ret 506.63 len 231.8 kl 0.0171  sps 1738
upd 2829/3906 step 2,896,896 ret 514.44 len 234.3 kl 0.0161  sps 1738
upd 2830/3906 step 2,897,920 ret 511.21 len 236.1 kl 0.0153  sps 1738
upd 2831/3906 step 2,898,944 ret 506.83 len 235.8 kl 0.0148  sps 1738
upd 2832/3906 step 2,899,968 ret 506.89 len 236.4 kl 0.0185  sps 1738
upd 2833/3906 step 2,900,992 ret 500.65 len 232.8 kl 0.0151  sps 1738
upd 2834/3906 step 2,902,016 ret 532.29 len 247.8 kl 0.0234  sps 1738
upd 2835/3906 step 2,903,040 ret 558.02 len 258.7 kl 0.0161  sps 1738
upd 2836/3906 step 2,904,064 ret 557.94 len 262.4 kl 0.0232  sps 1738
upd 2837/3906 step 2,905,088 ret 558.37 len 262.4 kl 0.0142  sps 1738
upd 2838/3906 step 2,906,112 ret 586.47 len 273.1 kl 0.0188  sps 1738
upd 2839/3906 step 2,907,136 ret 598.58 len 276.1 kl 0.0143  sps 1738
upd 2840/3906 step 2,908,160 ret 599.25 len 276.0 kl 0.0174  sps 1738
upd 2841/3906 step 2,909,184 ret 605.75 len 276.5 kl 0.0175  sps 1738
upd 2842/3906 step 2,910,208 ret 600.27 len 273.1 kl 0.0175  sps 1738
upd 2843/3906 step 2,911,232 ret 578.74 len 266.6 kl 0.0182  sps 1738
upd 2844/3906 step 2,912,256 ret 559.05 len 254.8 kl 0.0159  sps 1737
upd 2845/3906 step 2,913,280 ret 555.22 len 254.7 kl 0.0165  sps 1738
upd 2846/3906 step 2,914,304 ret 551.67 len 251.1 kl 0.0171  sps 1738
upd 2847/3906 step 2,915,328 ret 552.65 len 251.5 kl 0.0195  sps 1738
upd 2848/3906 step 2,916,352 ret 541.62 len 249.2 kl 0.0185  sps 1738
upd 2849/3906 step 2,917,376 ret 528.9 len 243.5 kl 0.0183  sps 1738
upd 2850/3906 step 2,918,400 ret 497.36 len 228.7 kl 0.0135  sps 1738
upd 2851/3906 step 2,919,424 ret 512.47 len 235.9 kl 0.0238  sps 1738
upd 2852/3906 step 2,920,448 ret 527.14 len 239.8 kl 0.0177  sps 1738
upd 2853/3906 step 2,921,472 ret 519.07 len 239.1 kl 0.0264  sps 1738
upd 2854/3906 step 2,922,496 ret 536.16 len 247.8 kl 0.0169  sps 1738
upd 2855/3906 step 2,923,520 ret 536.18 len 245.4 kl 0.0159  sps 1738
upd 2856/3906 step 2,924,544 ret 539.36 len 250.2 kl 0.0178  sps 1738
upd 2857/3906 step 2,925,568 ret 530.78 len 246.2 kl 0.0171  sps 1738
upd 2858/3906 step 2,926,592 ret 541.63 len 251.5 kl 0.0144  sps 1738
upd 2859/3906 step 2,927,616 ret 536.76 len 249.0 kl 0.0172  sps 1739
upd 2860/3906 step 2,928,640 ret 558.22 len 258.8 kl 0.0244  sps 1738
upd 2861/3906 step 2,929,664 ret 564.1 len 264.5 kl 0.0192  sps 1738
upd 2862/3906 step 2,930,688 ret 558.2 len 267.2 kl 0.0222  sps 1738
upd 2863/3906 step 2,931,712 ret 571.01 len 273.4 kl 0.0167  sps 1739
upd 2864/3906 step 2,932,736 ret 589.54 len 279.6 kl 0.0163  sps 1739
upd 2865/3906 step 2,933,760 ret 591.04 len 279.6 kl 0.0147  sps 1739
upd 2866/3906 step 2,934,784 ret 592.85 len 282.1 kl 0.0176  sps 1739
upd 2867/3906 step 2,935,808 ret 602.25 len 284.1 kl 0.0192  sps 1739
upd 2868/3906 step 2,936,832 ret 608.81 len 287.0 kl 0.0215  sps 1739
upd 2869/3906 step 2,937,856 ret 607.83 len 287.0 kl 0.0142  sps 1739
upd 2870/3906 step 2,938,880 ret 589.9 len 278.6 kl 0.0173  sps 1739
upd 2871/3906 step 2,939,904 ret 580.95 len 275.9 kl 0.0138  sps 1739
upd 2872/3906 step 2,940,928 ret 586.35 len 277.5 kl 0.0217  sps 1739
upd 2873/3906 step 2,941,952 ret 570.54 len 266.1 kl 0.0183  sps 1739
upd 2874/3906 step 2,942,976 ret 554.57 len 258.5 kl 0.0137  sps 1740
upd 2875/3906 step 2,944,000 ret 550.24 len 257.1 kl 0.0184  sps 1740
upd 2876/3906 step 2,945,024 ret 550.98 len 253.1 kl 0.0204  sps 1740
upd 2877/3906 step 2,946,048 ret 549.74 len 253.1 kl 0.0124  sps 1740
upd 2878/3906 step 2,947,072 ret 558.01 len 254.2 kl 0.0147  sps 1740
upd 2879/3906 step 2,948,096 ret 554.12 len 251.8 kl 0.0149  sps 1740
upd 2880/3906 step 2,949,120 ret 562.27 len 253.9 kl 0.0202  sps 1740
upd 2881/3906 step 2,950,144 ret 567.8 len 255.7 kl 0.0192  sps 1740
upd 2882/3906 step 2,951,168 ret 549.66 len 251.2 kl 0.0154  sps 1740
upd 2883/3906 step 2,952,192 ret 571.28 len 257.4 kl 0.0183  sps 1740
upd 2884/3906 step 2,953,216 ret 584.49 len 262.6 kl 0.0122  sps 1740
upd 2885/3906 step 2,954,240 ret 553.28 len 255.3 kl 0.0156  sps 1740
upd 2886/3906 step 2,955,264 ret 533.4 len 248.9 kl 0.0151  sps 1740
upd 2887/3906 step 2,956,288 ret 533.01 len 250.8 kl 0.0188  sps 1740
upd 2888/3906 step 2,957,312 ret 531.03 len 250.4 kl 0.0200  sps 1740
upd 2889/3906 step 2,958,336 ret 531.03 len 250.4 kl 0.0226  sps 1740
upd 2890/3906 step 2,959,360 ret 546.34 len 259.1 kl 0.0192  sps 1740
upd 2891/3906 step 2,960,384 ret 535.42 len 254.2 kl 0.0158  sps 1740
upd 2892/3906 step 2,961,408 ret 542.29 len 252.8 kl 0.0155  sps 1740
upd 2893/3906 step 2,962,432 ret 538.22 len 252.8 kl 0.0156  sps 1740
upd 2894/3906 step 2,963,456 ret 550.32 len 257.9 kl 0.0117  sps 1740
upd 2895/3906 step 2,964,480 ret 572.33 len 263.6 kl 0.0208  sps 1740
upd 2896/3906 step 2,965,504 ret 577.63 len 265.6 kl 0.0202  sps 1741
upd 2897/3906 step 2,966,528 ret 589.09 len 271.4 kl 0.0185  sps 1741
upd 2898/3906 step 2,967,552 ret 594.84 len 271.9 kl 0.0129  sps 1741
upd 2899/3906 step 2,968,576 ret 611.39 len 276.6 kl 0.0166  sps 1740
upd 2900/3906 step 2,969,600 ret 587.22 len 270.4 kl 0.0197  sps 1741
upd 2901/3906 step 2,970,624 ret 588.06 len 270.4 kl 0.0154  sps 1740
upd 2902/3906 step 2,971,648 ret 597.68 len 274.2 kl 0.0152  sps 1740
upd 2903/3906 step 2,972,672 ret 599.37 len 275.3 kl 0.0124  sps 1740
upd 2904/3906 step 2,973,696 ret 592.78 len 277.9 kl 0.0143  sps 1740
upd 2905/3906 step 2,974,720 ret 585.26 len 275.3 kl 0.0159  sps 1740
upd 2906/3906 step 2,975,744 ret 581.04 len 272.9 kl 0.0185  sps 1740
upd 2907/3906 step 2,976,768 ret 581.04 len 275.0 kl 0.0132  sps 1740
upd 2908/3906 step 2,977,792 ret 580.98 len 274.3 kl 0.0172  sps 1740
upd 2909/3906 step 2,978,816 ret 575.13 len 273.1 kl 0.0197  sps 1740
upd 2910/3906 step 2,979,840 ret 566.95 len 273.1 kl 0.0139  sps 1740
upd 2911/3906 step 2,980,864 ret 584.2 len 278.1 kl 0.0171  sps 1740
upd 2912/3906 step 2,981,888 ret 573.54 len 273.2 kl 0.0187  sps 1740
upd 2913/3906 step 2,982,912 ret 566.72 len 268.9 kl 0.0196  sps 1740
upd 2914/3906 step 2,983,936 ret 565.71 len 264.6 kl 0.0177  sps 1740
upd 2915/3906 step 2,984,960 ret 560.99 len 267.3 kl 0.0164  sps 1740
upd 2916/3906 step 2,985,984 ret 556.07 len 267.3 kl 0.0194  sps 1740
upd 2917/3906 step 2,987,008 ret 554.97 len 263.3 kl 0.0180  sps 1741
upd 2918/3906 step 2,988,032 ret 534.27 len 253.7 kl 0.0175  sps 1740
upd 2919/3906 step 2,989,056 ret 535.59 len 255.0 kl 0.0147  sps 1741
upd 2920/3906 step 2,990,080 ret 531.21 len 253.8 kl 0.0151  sps 1741
upd 2921/3906 step 2,991,104 ret 531.91 len 253.8 kl 0.0149  sps 1741
upd 2922/3906 step 2,992,128 ret 535.62 len 259.2 kl 0.0184  sps 1741
upd 2923/3906 step 2,993,152 ret 540.62 len 263.8 kl 0.0149  sps 1741
upd 2924/3906 step 2,994,176 ret 545.42 len 267.6 kl 0.0182  sps 1741
upd 2925/3906 step 2,995,200 ret 554.97 len 270.8 kl 0.0219  sps 1741
upd 2926/3906 step 2,996,224 ret 557.53 len 269.1 kl 0.0172  sps 1741
upd 2927/3906 step 2,997,248 ret 553.55 len 264.4 kl 0.0228  sps 1741
upd 2928/3906 step 2,998,272 ret 559.25 len 266.6 kl 0.0174  sps 1741
upd 2929/3906 step 2,999,296 ret 568.68 len 270.1 kl 0.0174  sps 1741
upd 2930/3906 step 3,000,320 ret 564.03 len 267.0 kl 0.0191  sps 1741
upd 2931/3906 step 3,001,344 ret 556.04 len 264.2 kl 0.0171  sps 1741
upd 2932/3906 step 3,002,368 ret 572.75 len 266.2 kl 0.0140  sps 1741
upd 2933/3906 step 3,003,392 ret 571.98 len 267.3 kl 0.0174  sps 1741
upd 2934/3906 step 3,004,416 ret 582.41 len 272.1 kl 0.0233  sps 1741
upd 2935/3906 step 3,005,440 ret 583.81 len 272.1 kl 0.0146  sps 1741
upd 2936/3906 step 3,006,464 ret 587.0 len 272.1 kl 0.0146  sps 1741
upd 2937/3906 step 3,007,488 ret 577.1 len 269.0 kl 0.0238  sps 1741
upd 2938/3906 step 3,008,512 ret 596.19 len 277.1 kl 0.0139  sps 1741
upd 2939/3906 step 3,009,536 ret 612.76 len 285.0 kl 0.0118  sps 1741
upd 2940/3906 step 3,010,560 ret 615.55 len 288.2 kl 0.0142  sps 1741
upd 2941/3906 step 3,011,584 ret 614.66 len 288.2 kl 0.0176  sps 1741
upd 2942/3906 step 3,012,608 ret 616.95 len 288.1 kl 0.0144  sps 1741
upd 2943/3906 step 3,013,632 ret 608.37 len 284.0 kl 0.0166  sps 1741
upd 2944/3906 step 3,014,656 ret 609.78 len 284.0 kl 0.0221  sps 1741
upd 2945/3906 step 3,015,680 ret 612.43 len 284.0 kl 0.0191  sps 1741
upd 2946/3906 step 3,016,704 ret 612.37 len 284.0 kl 0.0156  sps 1741
upd 2947/3906 step 3,017,728 ret 611.49 len 284.0 kl 0.0177  sps 1741
upd 2948/3906 step 3,018,752 ret 604.67 len 281.4 kl 0.0163  sps 1741
upd 2949/3906 step 3,019,776 ret 602.85 len 283.1 kl 0.0151  sps 1741
upd 2950/3906 step 3,020,800 ret 570.72 len 270.4 kl 0.0255  sps 1741
upd 2951/3906 step 3,021,824 ret 576.11 len 272.0 kl 0.0142  sps 1741
upd 2952/3906 step 3,022,848 ret 559.5 len 265.6 kl 0.0163  sps 1741
upd 2953/3906 step 3,023,872 ret 558.15 len 264.9 kl 0.0167  sps 1741
upd 2954/3906 step 3,024,896 ret 544.13 len 258.4 kl 0.0172  sps 1741
upd 2955/3906 step 3,025,920 ret 518.79 len 251.1 kl 0.0196  sps 1741
upd 2956/3906 step 3,026,944 ret 511.21 len 246.8 kl 0.0173  sps 1741
upd 2957/3906 step 3,027,968 ret 512.41 len 246.8 kl 0.0145  sps 1741
upd 2958/3906 step 3,028,992 ret 526.71 len 252.4 kl 0.0177  sps 1741
upd 2959/3906 step 3,030,016 ret 530.95 len 252.4 kl 0.0147  sps 1741
upd 2960/3906 step 3,031,040 ret 548.75 len 258.6 kl 0.0144  sps 1741
upd 2961/3906 step 3,032,064 ret 571.72 len 268.5 kl 0.0164  sps 1741
upd 2962/3906 step 3,033,088 ret 560.39 len 263.0 kl 0.0217  sps 1741
upd 2963/3906 step 3,034,112 ret 558.35 len 262.8 kl 0.0152  sps 1741
upd 2964/3906 step 3,035,136 ret 573.27 len 269.3 kl 0.0151  sps 1741
upd 2965/3906 step 3,036,160 ret 594.14 len 276.6 kl 0.0197  sps 1741
upd 2966/3906 step 3,037,184 ret 578.14 len 268.0 kl 0.0188  sps 1741
upd 2967/3906 step 3,038,208 ret 591.81 len 272.3 kl 0.0151  sps 1741
upd 2968/3906 step 3,039,232 ret 587.3 len 272.3 kl 0.0150  sps 1742
upd 2969/3906 step 3,040,256 ret 569.8 len 262.2 kl 0.0165  sps 1742
upd 2970/3906 step 3,041,280 ret 555.48 len 257.8 kl 0.0172  sps 1742
upd 2971/3906 step 3,042,304 ret 558.95 len 259.4 kl 0.0192  sps 1743
upd 2972/3906 step 3,043,328 ret 552.85 len 254.2 kl 0.0139  sps 1743
upd 2973/3906 step 3,044,352 ret 582.19 len 265.4 kl 0.0170  sps 1743
upd 2974/3906 step 3,045,376 ret 583.79 len 266.4 kl 0.0200  sps 1744
upd 2975/3906 step 3,046,400 ret 580.86 len 266.1 kl 0.0169  sps 1744
upd 2976/3906 step 3,047,424 ret 581.8 len 266.1 kl 0.0122  sps 1744
upd 2977/3906 step 3,048,448 ret 590.27 len 269.8 kl 0.0154  sps 1744
upd 2978/3906 step 3,049,472 ret 592.69 len 269.8 kl 0.0146  sps 1745
upd 2979/3906 step 3,050,496 ret 597.93 len 269.8 kl 0.0133  sps 1745
upd 2980/3906 step 3,051,520 ret 609.75 len 275.7 kl 0.0155  sps 1745
upd 2981/3906 step 3,052,544 ret 621.53 len 280.2 kl 0.0130  sps 1745
upd 2982/3906 step 3,053,568 ret 622.7 len 280.2 kl 0.0156  sps 1745
upd 2983/3906 step 3,054,592 ret 638.63 len 288.0 kl 0.0163  sps 1746
upd 2984/3906 step 3,055,616 ret 624.39 len 288.0 kl 0.0155  sps 1745
upd 2985/3906 step 3,056,640 ret 620.04 len 283.7 kl 0.0160  sps 1746
upd 2986/3906 step 3,057,664 ret 617.56 len 282.6 kl 0.0099  sps 1746
upd 2987/3906 step 3,058,688 ret 614.84 len 281.5 kl 0.0194  sps 1746
upd 2988/3906 step 3,059,712 ret 620.12 len 280.2 kl 0.0197  sps 1746
upd 2989/3906 step 3,060,736 ret 610.38 len 274.6 kl 0.0164  sps 1746
upd 2990/3906 step 3,061,760 ret 597.4 len 269.2 kl 0.0141  sps 1746
upd 2991/3906 step 3,062,784 ret 586.68 len 268.9 kl 0.0183  sps 1746
upd 2992/3906 step 3,063,808 ret 589.85 len 268.9 kl 0.0138  sps 1746
upd 2993/3906 step 3,064,832 ret 590.93 len 268.9 kl 0.0123  sps 1746
upd 2994/3906 step 3,065,856 ret 591.87 len 269.7 kl 0.0159  sps 1746
upd 2995/3906 step 3,066,880 ret 583.24 len 261.8 kl 0.0189  sps 1746
upd 2996/3906 step 3,067,904 ret 561.49 len 257.1 kl 0.0125  sps 1746
upd 2997/3906 step 3,068,928 ret 538.29 len 251.8 kl 0.0237  sps 1746
upd 2998/3906 step 3,069,952 ret 549.87 len 258.0 kl 0.0169  sps 1746
upd 2999/3906 step 3,070,976 ret 540.55 len 254.7 kl 0.0173  sps 1746
upd 3000/3906 step 3,072,000 ret 554.2 len 261.6 kl 0.0134  sps 1746
upd 3001/3906 step 3,073,024 ret 548.08 len 260.9 kl 0.0137  sps 1746
upd 3002/3906 step 3,074,048 ret 546.11 len 258.4 kl 0.0151  sps 1746
upd 3003/3906 step 3,075,072 ret 546.37 len 258.4 kl 0.0138  sps 1746
upd 3004/3906 step 3,076,096 ret 549.83 len 258.8 kl 0.0191  sps 1746
upd 3005/3906 step 3,077,120 ret 559.26 len 262.6 kl 0.0217  sps 1746
upd 3006/3906 step 3,078,144 ret 567.66 len 266.6 kl 0.0146  sps 1746
upd 3007/3906 step 3,079,168 ret 604.02 len 277.8 kl 0.0185  sps 1746
upd 3008/3906 step 3,080,192 ret 606.83 len 277.8 kl 0.0187  sps 1746
upd 3009/3906 step 3,081,216 ret 607.78 len 280.7 kl 0.0172  sps 1746
upd 3010/3906 step 3,082,240 ret 626.52 len 288.6 kl 0.0121  sps 1746
upd 3011/3906 step 3,083,264 ret 608.22 len 283.7 kl 0.0128  sps 1746
upd 3012/3906 step 3,084,288 ret 609.19 len 281.4 kl 0.0209  sps 1746
upd 3013/3906 step 3,085,312 ret 605.17 len 281.4 kl 0.0122  sps 1746
upd 3014/3906 step 3,086,336 ret 604.92 len 281.4 kl 0.0196  sps 1746
upd 3015/3906 step 3,087,360 ret 563.41 len 264.9 kl 0.0160  sps 1746
upd 3016/3906 step 3,088,384 ret 549.93 len 260.8 kl 0.0152  sps 1746
upd 3017/3906 step 3,089,408 ret 537.27 len 259.4 kl 0.0143  sps 1746
upd 3018/3906 step 3,090,432 ret 548.05 len 263.3 kl 0.0131  sps 1746
upd 3019/3906 step 3,091,456 ret 556.17 len 263.3 kl 0.0144  sps 1746
upd 3020/3906 step 3,092,480 ret 543.18 len 258.1 kl 0.0129  sps 1746
upd 3021/3906 step 3,093,504 ret 540.29 len 259.0 kl 0.0219  sps 1746
upd 3022/3906 step 3,094,528 ret 550.74 len 262.6 kl 0.0166  sps 1746
upd 3023/3906 step 3,095,552 ret 541.61 len 258.5 kl 0.0156  sps 1746
upd 3024/3906 step 3,096,576 ret 532.73 len 256.4 kl 0.0158  sps 1746
upd 3025/3906 step 3,097,600 ret 532.34 len 255.3 kl 0.0193  sps 1746
upd 3026/3906 step 3,098,624 ret 563.17 len 271.2 kl 0.0159  sps 1746
upd 3027/3906 step 3,099,648 ret 556.22 len 261.8 kl 0.0180  sps 1746
upd 3028/3906 step 3,100,672 ret 555.53 len 261.8 kl 0.0148  sps 1746
upd 3029/3906 step 3,101,696 ret 542.03 len 259.1 kl 0.0216  sps 1746
upd 3030/3906 step 3,102,720 ret 545.16 len 259.8 kl 0.0198  sps 1746
upd 3031/3906 step 3,103,744 ret 540.57 len 254.1 kl 0.0151  sps 1746
upd 3032/3906 step 3,104,768 ret 530.64 len 255.6 kl 0.0172  sps 1746
upd 3033/3906 step 3,105,792 ret 526.72 len 252.9 kl 0.0154  sps 1746
upd 3034/3906 step 3,106,816 ret 547.53 len 258.0 kl 0.0122  sps 1746
upd 3035/3906 step 3,107,840 ret 540.02 len 254.6 kl 0.0130  sps 1746
upd 3036/3906 step 3,108,864 ret 536.0 len 246.8 kl 0.0147  sps 1746
upd 3037/3906 step 3,109,888 ret 512.64 len 237.2 kl 0.0141  sps 1746
upd 3038/3906 step 3,110,912 ret 504.89 len 233.8 kl 0.0164  sps 1746
upd 3039/3906 step 3,111,936 ret 500.96 len 232.2 kl 0.0193  sps 1746
upd 3040/3906 step 3,112,960 ret 503.97 len 236.6 kl 0.0213  sps 1746
upd 3041/3906 step 3,113,984 ret 505.3 len 237.8 kl 0.0166  sps 1746
upd 3042/3906 step 3,115,008 ret 518.11 len 240.7 kl 0.0201  sps 1746
upd 3043/3906 step 3,116,032 ret 505.64 len 237.9 kl 0.0137  sps 1746
upd 3044/3906 step 3,117,056 ret 517.69 len 242.9 kl 0.0129  sps 1746
upd 3045/3906 step 3,118,080 ret 526.33 len 247.2 kl 0.0260  sps 1746
upd 3046/3906 step 3,119,104 ret 530.12 len 249.8 kl 0.0136  sps 1746
upd 3047/3906 step 3,120,128 ret 545.15 len 255.2 kl 0.0114  sps 1746
upd 3048/3906 step 3,121,152 ret 546.53 len 254.5 kl 0.0178  sps 1746
upd 3049/3906 step 3,122,176 ret 540.79 len 252.0 kl 0.0150  sps 1746
upd 3050/3906 step 3,123,200 ret 551.45 len 254.2 kl 0.0121  sps 1746
upd 3051/3906 step 3,124,224 ret 560.75 len 256.3 kl 0.0194  sps 1746
upd 3052/3906 step 3,125,248 ret 567.97 len 259.8 kl 0.0130  sps 1746
upd 3053/3906 step 3,126,272 ret 566.38 len 262.7 kl 0.0170  sps 1746
upd 3054/3906 step 3,127,296 ret 571.24 len 263.9 kl 0.0158  sps 1746
upd 3055/3906 step 3,128,320 ret 563.04 len 258.3 kl 0.0152  sps 1746
upd 3056/3906 step 3,129,344 ret 557.41 len 254.6 kl 0.0179  sps 1746
upd 3057/3906 step 3,130,368 ret 523.12 len 241.4 kl 0.0126  sps 1746
upd 3058/3906 step 3,131,392 ret 545.71 len 252.7 kl 0.0164  sps 1746
upd 3059/3906 step 3,132,416 ret 565.42 len 257.5 kl 0.0132  sps 1747
upd 3060/3906 step 3,133,440 ret 561.5 len 256.2 kl 0.0123  sps 1747
upd 3061/3906 step 3,134,464 ret 563.84 len 256.2 kl 0.0152  sps 1747
upd 3062/3906 step 3,135,488 ret 563.76 len 254.4 kl 0.0146  sps 1747
upd 3063/3906 step 3,136,512 ret 556.52 len 245.5 kl 0.0165  sps 1747
upd 3064/3906 step 3,137,536 ret 557.26 len 244.4 kl 0.0137  sps 1747
upd 3065/3906 step 3,138,560 ret 554.69 len 241.8 kl 0.0149  sps 1747
upd 3066/3906 step 3,139,584 ret 569.32 len 245.5 kl 0.0120  sps 1747
upd 3067/3906 step 3,140,608 ret 576.67 len 249.3 kl 0.0130  sps 1747
upd 3068/3906 step 3,141,632 ret 563.75 len 245.6 kl 0.0112  sps 1747
upd 3069/3906 step 3,142,656 ret 550.35 len 240.1 kl 0.0165  sps 1747
upd 3070/3906 step 3,143,680 ret 540.09 len 237.8 kl 0.0169  sps 1747
upd 3071/3906 step 3,144,704 ret 509.08 len 227.4 kl 0.0179  sps 1747
upd 3072/3906 step 3,145,728 ret 505.49 len 232.7 kl 0.0159  sps 1747
upd 3073/3906 step 3,146,752 ret 506.01 len 238.3 kl 0.0107  sps 1747
upd 3074/3906 step 3,147,776 ret 502.42 len 240.8 kl 0.0135  sps 1747
upd 3075/3906 step 3,148,800 ret 511.66 len 247.7 kl 0.0131  sps 1747
upd 3076/3906 step 3,149,824 ret 528.54 len 257.6 kl 0.0136  sps 1747
upd 3077/3906 step 3,150,848 ret 514.35 len 250.1 kl 0.0127  sps 1747
upd 3078/3906 step 3,151,872 ret 507.7 len 247.0 kl 0.0122  sps 1747
upd 3079/3906 step 3,152,896 ret 509.05 len 250.0 kl 0.0126  sps 1748
upd 3080/3906 step 3,153,920 ret 515.19 len 252.9 kl 0.0158  sps 1747
upd 3081/3906 step 3,154,944 ret 516.35 len 252.7 kl 0.0200  sps 1747
upd 3082/3906 step 3,155,968 ret 522.41 len 249.1 kl 0.0111  sps 1748
upd 3083/3906 step 3,156,992 ret 519.75 len 245.3 kl 0.0128  sps 1748
upd 3084/3906 step 3,158,016 ret 494.96 len 235.3 kl 0.0126  sps 1748
upd 3085/3906 step 3,159,040 ret 489.27 len 229.1 kl 0.0151  sps 1747
upd 3086/3906 step 3,160,064 ret 492.94 len 233.4 kl 0.0139  sps 1748
upd 3087/3906 step 3,161,088 ret 482.69 len 229.6 kl 0.0183  sps 1747
upd 3088/3906 step 3,162,112 ret 492.24 len 234.2 kl 0.0175  sps 1747
upd 3089/3906 step 3,163,136 ret 512.91 len 242.8 kl 0.0158  sps 1747
upd 3090/3906 step 3,164,160 ret 528.4 len 248.2 kl 0.0127  sps 1747
upd 3091/3906 step 3,165,184 ret 526.41 len 250.1 kl 0.0149  sps 1747
upd 3092/3906 step 3,166,208 ret 515.6 len 249.9 kl 0.0127  sps 1747
upd 3093/3906 step 3,167,232 ret 508.99 len 247.2 kl 0.0159  sps 1747
upd 3094/3906 step 3,168,256 ret 537.98 len 257.6 kl 0.0163  sps 1747
upd 3095/3906 step 3,169,280 ret 551.03 len 261.2 kl 0.0141  sps 1747
upd 3096/3906 step 3,170,304 ret 557.27 len 263.3 kl 0.0118  sps 1747
upd 3097/3906 step 3,171,328 ret 558.45 len 263.3 kl 0.0152  sps 1747
upd 3098/3906 step 3,172,352 ret 582.45 len 271.4 kl 0.0162  sps 1747
upd 3099/3906 step 3,173,376 ret 578.66 len 269.4 kl 0.0169  sps 1747
upd 3100/3906 step 3,174,400 ret 575.24 len 265.9 kl 0.0111  sps 1747
upd 3101/3906 step 3,175,424 ret 582.52 len 267.8 kl 0.0170  sps 1747
upd 3102/3906 step 3,176,448 ret 598.99 len 271.6 kl 0.0163  sps 1747
upd 3103/3906 step 3,177,472 ret 598.28 len 272.8 kl 0.0140  sps 1747
upd 3104/3906 step 3,178,496 ret 604.82 len 274.8 kl 0.0137  sps 1747
upd 3105/3906 step 3,179,520 ret 606.44 len 275.2 kl 0.0144  sps 1747
upd 3106/3906 step 3,180,544 ret 588.02 len 270.2 kl 0.0134  sps 1747
upd 3107/3906 step 3,181,568 ret 598.88 len 276.1 kl 0.0113  sps 1747
upd 3108/3906 step 3,182,592 ret 594.57 len 273.9 kl 0.0135  sps 1747
upd 3109/3906 step 3,183,616 ret 573.93 len 267.3 kl 0.0141  sps 1747
upd 3110/3906 step 3,184,640 ret 546.75 len 258.2 kl 0.0145  sps 1747
upd 3111/3906 step 3,185,664 ret 532.22 len 250.2 kl 0.0145  sps 1747
upd 3112/3906 step 3,186,688 ret 524.73 len 248.7 kl 0.0120  sps 1747
upd 3113/3906 step 3,187,712 ret 517.01 len 244.7 kl 0.0151  sps 1747
upd 3114/3906 step 3,188,736 ret 493.37 len 233.6 kl 0.0156  sps 1747
upd 3115/3906 step 3,189,760 ret 489.01 len 230.7 kl 0.0131  sps 1747
upd 3116/3906 step 3,190,784 ret 496.39 len 233.7 kl 0.0161  sps 1747
upd 3117/3906 step 3,191,808 ret 504.91 len 234.3 kl 0.0151  sps 1747
upd 3118/3906 step 3,192,832 ret 509.66 len 235.0 kl 0.0147  sps 1747
upd 3119/3906 step 3,193,856 ret 538.44 len 243.1 kl 0.0124  sps 1747
upd 3120/3906 step 3,194,880 ret 549.25 len 248.2 kl 0.0121  sps 1748
upd 3121/3906 step 3,195,904 ret 561.04 len 253.9 kl 0.0138  sps 1748
upd 3122/3906 step 3,196,928 ret 559.27 len 253.9 kl 0.0158  sps 1748
upd 3123/3906 step 3,197,952 ret 573.73 len 259.5 kl 0.0169  sps 1748
upd 3124/3906 step 3,198,976 ret 579.92 len 262.3 kl 0.0121  sps 1748
upd 3125/3906 step 3,200,000 ret 602.95 len 272.2 kl 0.0152  sps 1748
upd 3126/3906 step 3,201,024 ret 614.3 len 275.1 kl 0.0153  sps 1748
upd 3127/3906 step 3,202,048 ret 613.84 len 274.9 kl 0.0132  sps 1748
upd 3128/3906 step 3,203,072 ret 591.22 len 264.8 kl 0.0126  sps 1749
upd 3129/3906 step 3,204,096 ret 584.82 len 265.5 kl 0.0177  sps 1749
upd 3130/3906 step 3,205,120 ret 590.83 len 268.4 kl 0.0112  sps 1749
upd 3131/3906 step 3,206,144 ret 593.72 len 266.2 kl 0.0143  sps 1749
upd 3132/3906 step 3,207,168 ret 593.62 len 265.9 kl 0.0132  sps 1749
upd 3133/3906 step 3,208,192 ret 575.15 len 260.5 kl 0.0109  sps 1749
upd 3134/3906 step 3,209,216 ret 584.83 len 265.0 kl 0.0121  sps 1749
upd 3135/3906 step 3,210,240 ret 582.74 len 265.9 kl 0.0108  sps 1749
upd 3136/3906 step 3,211,264 ret 564.74 len 265.9 kl 0.0187  sps 1749
upd 3137/3906 step 3,212,288 ret 559.31 len 266.0 kl 0.0174  sps 1749
upd 3138/3906 step 3,213,312 ret 548.27 len 264.8 kl 0.0168  sps 1749
upd 3139/3906 step 3,214,336 ret 535.5 len 260.6 kl 0.0206  sps 1749
upd 3140/3906 step 3,215,360 ret 535.83 len 268.6 kl 0.0148  sps 1749
upd 3141/3906 step 3,216,384 ret 534.15 len 268.8 kl 0.0147  sps 1750
upd 3142/3906 step 3,217,408 ret 537.07 len 273.9 kl 0.0122  sps 1750
upd 3143/3906 step 3,218,432 ret 540.47 len 273.1 kl 0.0160  sps 1749
upd 3144/3906 step 3,219,456 ret 528.39 len 266.1 kl 0.0118  sps 1750
upd 3145/3906 step 3,220,480 ret 531.34 len 266.1 kl 0.0135  sps 1750
upd 3146/3906 step 3,221,504 ret 543.1 len 268.2 kl 0.0100  sps 1750
upd 3147/3906 step 3,222,528 ret 559.67 len 269.2 kl 0.0162  sps 1750
upd 3148/3906 step 3,223,552 ret 554.47 len 268.8 kl 0.0149  sps 1750
upd 3149/3906 step 3,224,576 ret 588.09 len 275.4 kl 0.0150  sps 1750
upd 3150/3906 step 3,225,600 ret 590.01 len 271.2 kl 0.0187  sps 1750
upd 3151/3906 step 3,226,624 ret 589.72 len 270.2 kl 0.0163  sps 1750
upd 3152/3906 step 3,227,648 ret 573.05 len 264.6 kl 0.0139  sps 1750
upd 3153/3906 step 3,228,672 ret 579.67 len 268.1 kl 0.0148  sps 1750
upd 3154/3906 step 3,229,696 ret 582.25 len 269.9 kl 0.0135  sps 1750
upd 3155/3906 step 3,230,720 ret 573.15 len 265.9 kl 0.0143  sps 1750
upd 3156/3906 step 3,231,744 ret 537.22 len 254.6 kl 0.0145  sps 1750
upd 3157/3906 step 3,232,768 ret 530.5 len 251.2 kl 0.0187  sps 1750
upd 3158/3906 step 3,233,792 ret 533.76 len 253.1 kl 0.0145  sps 1750
upd 3159/3906 step 3,234,816 ret 528.9 len 255.4 kl 0.0162  sps 1750
upd 3160/3906 step 3,235,840 ret 537.58 len 259.5 kl 0.0161  sps 1750
upd 3161/3906 step 3,236,864 ret 538.98 len 261.2 kl 0.0138  sps 1750
upd 3162/3906 step 3,237,888 ret 538.98 len 261.2 kl 0.0180  sps 1750
upd 3163/3906 step 3,238,912 ret 556.33 len 263.0 kl 0.0128  sps 1750
upd 3164/3906 step 3,239,936 ret 537.79 len 255.8 kl 0.0131  sps 1750
upd 3165/3906 step 3,240,960 ret 538.83 len 258.6 kl 0.0138  sps 1750
upd 3166/3906 step 3,241,984 ret 552.31 len 265.7 kl 0.0158  sps 1750
upd 3167/3906 step 3,243,008 ret 567.69 len 270.4 kl 0.0138  sps 1750
upd 3168/3906 step 3,244,032 ret 580.78 len 273.8 kl 0.0146  sps 1750
upd 3169/3906 step 3,245,056 ret 573.16 len 268.4 kl 0.0132  sps 1750
upd 3170/3906 step 3,246,080 ret 567.01 len 259.4 kl 0.0131  sps 1750
upd 3171/3906 step 3,247,104 ret 566.3 len 260.3 kl 0.0134  sps 1750
upd 3172/3906 step 3,248,128 ret 550.86 len 253.5 kl 0.0150  sps 1750
upd 3173/3906 step 3,249,152 ret 542.52 len 253.5 kl 0.0164  sps 1750
upd 3174/3906 step 3,250,176 ret 563.3 len 261.2 kl 0.0140  sps 1750
upd 3175/3906 step 3,251,200 ret 530.81 len 245.7 kl 0.0197  sps 1750
upd 3176/3906 step 3,252,224 ret 528.03 len 245.7 kl 0.0125  sps 1750
upd 3177/3906 step 3,253,248 ret 519.65 len 249.4 kl 0.0118  sps 1750
upd 3178/3906 step 3,254,272 ret 531.46 len 252.1 kl 0.0142  sps 1750
upd 3179/3906 step 3,255,296 ret 531.72 len 254.4 kl 0.0117  sps 1750
upd 3180/3906 step 3,256,320 ret 539.13 len 259.8 kl 0.0137  sps 1750
upd 3181/3906 step 3,257,344 ret 530.93 len 259.8 kl 0.0115  sps 1751
upd 3182/3906 step 3,258,368 ret 546.21 len 265.9 kl 0.0112  sps 1750
upd 3183/3906 step 3,259,392 ret 545.69 len 262.3 kl 0.0157  sps 1750
upd 3184/3906 step 3,260,416 ret 542.76 len 262.9 kl 0.0151  sps 1751
upd 3185/3906 step 3,261,440 ret 554.63 len 264.6 kl 0.0093  sps 1751
upd 3186/3906 step 3,262,464 ret 557.13 len 266.6 kl 0.0127  sps 1751
upd 3187/3906 step 3,263,488 ret 567.75 len 270.6 kl 0.0161  sps 1751
upd 3188/3906 step 3,264,512 ret 579.96 len 268.9 kl 0.0108  sps 1751
upd 3189/3906 step 3,265,536 ret 581.48 len 271.6 kl 0.0139  sps 1751
upd 3190/3906 step 3,266,560 ret 577.18 len 270.5 kl 0.0107  sps 1751
upd 3191/3906 step 3,267,584 ret 575.86 len 266.9 kl 0.0097  sps 1751
upd 3192/3906 step 3,268,608 ret 584.03 len 272.0 kl 0.0128  sps 1751
upd 3193/3906 step 3,269,632 ret 580.6 len 268.1 kl 0.0112  sps 1751
upd 3194/3906 step 3,270,656 ret 573.83 len 267.6 kl 0.0111  sps 1751
upd 3195/3906 step 3,271,680 ret 583.28 len 268.9 kl 0.0148  sps 1751
upd 3196/3906 step 3,272,704 ret 579.23 len 268.4 kl 0.0141  sps 1751
upd 3197/3906 step 3,273,728 ret 566.14 len 260.6 kl 0.0134  sps 1751
upd 3198/3906 step 3,274,752 ret 547.06 len 254.8 kl 0.0119  sps 1751
upd 3199/3906 step 3,275,776 ret 550.04 len 253.9 kl 0.0148  sps 1751
upd 3200/3906 step 3,276,800 ret 556.13 len 256.6 kl 0.0148  sps 1751
upd 3201/3906 step 3,277,824 ret 547.22 len 252.5 kl 0.0140  sps 1751
upd 3202/3906 step 3,278,848 ret 539.08 len 246.8 kl 0.0137  sps 1751
upd 3203/3906 step 3,279,872 ret 549.95 len 250.7 kl 0.0168  sps 1751
upd 3204/3906 step 3,280,896 ret 543.36 len 247.7 kl 0.0137  sps 1750
upd 3205/3906 step 3,281,920 ret 533.94 len 247.7 kl 0.0162  sps 1750
upd 3206/3906 step 3,282,944 ret 554.85 len 256.0 kl 0.0151  sps 1751
upd 3207/3906 step 3,283,968 ret 563.54 len 260.8 kl 0.0138  sps 1751
upd 3208/3906 step 3,284,992 ret 584.28 len 268.4 kl 0.0097  sps 1750
upd 3209/3906 step 3,286,016 ret 579.72 len 267.9 kl 0.0138  sps 1750
upd 3210/3906 step 3,287,040 ret 560.55 len 267.9 kl 0.0144  sps 1750
upd 3211/3906 step 3,288,064 ret 576.55 len 272.6 kl 0.0112  sps 1750
upd 3212/3906 step 3,289,088 ret 567.42 len 270.0 kl 0.0120  sps 1750
upd 3213/3906 step 3,290,112 ret 564.57 len 268.3 kl 0.0163  sps 1750
upd 3214/3906 step 3,291,136 ret 560.19 len 267.5 kl 0.0164  sps 1750
upd 3215/3906 step 3,292,160 ret 569.89 len 271.0 kl 0.0119  sps 1750
upd 3216/3906 step 3,293,184 ret 579.64 len 271.0 kl 0.0159  sps 1750
upd 3217/3906 step 3,294,208 ret 566.94 len 266.4 kl 0.0109  sps 1750
upd 3218/3906 step 3,295,232 ret 572.73 len 269.7 kl 0.0136  sps 1750
upd 3219/3906 step 3,296,256 ret 549.15 len 261.9 kl 0.0164  sps 1750
upd 3220/3906 step 3,297,280 ret 554.43 len 257.7 kl 0.0123  sps 1750
upd 3221/3906 step 3,298,304 ret 545.65 len 259.5 kl 0.0129  sps 1750
upd 3222/3906 step 3,299,328 ret 568.57 len 267.0 kl 0.0163  sps 1750
upd 3223/3906 step 3,300,352 ret 574.41 len 270.7 kl 0.0094  sps 1751
upd 3224/3906 step 3,301,376 ret 578.47 len 272.9 kl 0.0156  sps 1751
upd 3225/3906 step 3,302,400 ret 581.14 len 275.2 kl 0.0127  sps 1751
upd 3226/3906 step 3,303,424 ret 562.08 len 271.0 kl 0.0141  sps 1751
upd 3227/3906 step 3,304,448 ret 554.28 len 271.0 kl 0.0112  sps 1751
upd 3228/3906 step 3,305,472 ret 557.01 len 271.8 kl 0.0155  sps 1751
upd 3229/3906 step 3,306,496 ret 548.31 len 267.4 kl 0.0145  sps 1752
upd 3230/3906 step 3,307,520 ret 536.09 len 260.4 kl 0.0133  sps 1752
upd 3231/3906 step 3,308,544 ret 542.64 len 258.0 kl 0.0121  sps 1752
upd 3232/3906 step 3,309,568 ret 539.69 len 258.0 kl 0.0136  sps 1752
upd 3233/3906 step 3,310,592 ret 537.24 len 258.6 kl 0.0141  sps 1752
upd 3234/3906 step 3,311,616 ret 521.32 len 253.9 kl 0.0163  sps 1752
upd 3235/3906 step 3,312,640 ret 526.31 len 252.1 kl 0.0146  sps 1752
upd 3236/3906 step 3,313,664 ret 524.66 len 250.2 kl 0.0126  sps 1752
upd 3237/3906 step 3,314,688 ret 525.04 len 244.7 kl 0.0119  sps 1752
upd 3238/3906 step 3,315,712 ret 538.55 len 248.5 kl 0.0110  sps 1752
upd 3239/3906 step 3,316,736 ret 549.1 len 252.8 kl 0.0136  sps 1752
upd 3240/3906 step 3,317,760 ret 559.27 len 258.0 kl 0.0144  sps 1752
upd 3241/3906 step 3,318,784 ret 543.06 len 249.6 kl 0.0149  sps 1752
upd 3242/3906 step 3,319,808 ret 554.53 len 255.6 kl 0.0153  sps 1752
upd 3243/3906 step 3,320,832 ret 553.74 len 255.6 kl 0.0085  sps 1752
upd 3244/3906 step 3,321,856 ret 561.65 len 254.7 kl 0.0127  sps 1753
upd 3245/3906 step 3,322,880 ret 565.23 len 257.8 kl 0.0111  sps 1753
upd 3246/3906 step 3,323,904 ret 579.4 len 262.6 kl 0.0111  sps 1753
upd 3247/3906 step 3,324,928 ret 585.85 len 268.8 kl 0.0136  sps 1753
upd 3248/3906 step 3,325,952 ret 586.06 len 269.1 kl 0.0128  sps 1753
upd 3249/3906 step 3,326,976 ret 565.83 len 266.4 kl 0.0115  sps 1753
upd 3250/3906 step 3,328,000 ret 580.32 len 272.4 kl 0.0146  sps 1753
upd 3251/3906 step 3,329,024 ret 599.8 len 277.5 kl 0.0125  sps 1752
upd 3252/3906 step 3,330,048 ret 611.75 len 284.6 kl 0.0175  sps 1753
upd 3253/3906 step 3,331,072 ret 612.43 len 284.6 kl 0.0128  sps 1752
upd 3254/3906 step 3,332,096 ret 599.6 len 279.1 kl 0.0122  sps 1753
upd 3255/3906 step 3,333,120 ret 585.98 len 276.8 kl 0.0161  sps 1753
upd 3256/3906 step 3,334,144 ret 588.43 len 276.8 kl 0.0167  sps 1753
upd 3257/3906 step 3,335,168 ret 577.06 len 273.9 kl 0.0123  sps 1753
upd 3258/3906 step 3,336,192 ret 589.52 len 274.3 kl 0.0104  sps 1753
upd 3259/3906 step 3,337,216 ret 598.44 len 275.7 kl 0.0110  sps 1753
upd 3260/3906 step 3,338,240 ret 610.08 len 272.8 kl 0.0109  sps 1753
upd 3261/3906 step 3,339,264 ret 586.14 len 263.5 kl 0.0130  sps 1753
upd 3262/3906 step 3,340,288 ret 578.72 len 263.5 kl 0.0153  sps 1753
upd 3263/3906 step 3,341,312 ret 552.41 len 253.5 kl 0.0120  sps 1753
upd 3264/3906 step 3,342,336 ret 555.62 len 257.0 kl 0.0158  sps 1754
upd 3265/3906 step 3,343,360 ret 548.63 len 254.3 kl 0.0155  sps 1753
upd 3266/3906 step 3,344,384 ret 551.2 len 254.3 kl 0.0173  sps 1754
upd 3267/3906 step 3,345,408 ret 532.58 len 253.4 kl 0.0167  sps 1754
upd 3268/3906 step 3,346,432 ret 522.77 len 251.4 kl 0.0145  sps 1754
upd 3269/3906 step 3,347,456 ret 522.86 len 251.4 kl 0.0125  sps 1754
upd 3270/3906 step 3,348,480 ret 523.95 len 256.9 kl 0.0106  sps 1754
upd 3271/3906 step 3,349,504 ret 517.75 len 256.2 kl 0.0106  sps 1754
upd 3272/3906 step 3,350,528 ret 532.22 len 264.7 kl 0.0133  sps 1754
upd 3273/3906 step 3,351,552 ret 507.9 len 255.9 kl 0.0107  sps 1754
upd 3274/3906 step 3,352,576 ret 524.29 len 262.7 kl 0.0093  sps 1754
upd 3275/3906 step 3,353,600 ret 552.18 len 270.7 kl 0.0121  sps 1754
upd 3276/3906 step 3,354,624 ret 535.43 len 265.2 kl 0.0123  sps 1754
upd 3277/3906 step 3,355,648 ret 536.51 len 261.5 kl 0.0071  sps 1754
upd 3278/3906 step 3,356,672 ret 553.43 len 267.8 kl 0.0114  sps 1754
upd 3279/3906 step 3,357,696 ret 545.41 len 267.8 kl 0.0143  sps 1754
upd 3280/3906 step 3,358,720 ret 538.43 len 262.7 kl 0.0143  sps 1753
upd 3281/3906 step 3,359,744 ret 540.53 len 265.4 kl 0.0113  sps 1753
upd 3282/3906 step 3,360,768 ret 538.85 len 260.6 kl 0.0139  sps 1753
upd 3283/3906 step 3,361,792 ret 539.3 len 260.6 kl 0.0145  sps 1753
upd 3284/3906 step 3,362,816 ret 538.57 len 257.9 kl 0.0151  sps 1753
upd 3285/3906 step 3,363,840 ret 516.94 len 249.3 kl 0.0156  sps 1753
upd 3286/3906 step 3,364,864 ret 519.9 len 249.1 kl 0.0147  sps 1752
upd 3287/3906 step 3,365,888 ret 517.11 len 249.5 kl 0.0162  sps 1752
upd 3288/3906 step 3,366,912 ret 509.15 len 247.6 kl 0.0113  sps 1752
upd 3289/3906 step 3,367,936 ret 502.8 len 243.9 kl 0.0145  sps 1752
upd 3290/3906 step 3,368,960 ret 496.91 len 240.3 kl 0.0126  sps 1752
upd 3291/3906 step 3,369,984 ret 517.17 len 241.9 kl 0.0134  sps 1752
upd 3292/3906 step 3,371,008 ret 516.0 len 241.9 kl 0.0098  sps 1752
upd 3293/3906 step 3,372,032 ret 533.36 len 253.3 kl 0.0132  sps 1752
upd 3294/3906 step 3,373,056 ret 518.41 len 248.2 kl 0.0117  sps 1752
upd 3295/3906 step 3,374,080 ret 529.8 len 253.6 kl 0.0105  sps 1752
upd 3296/3906 step 3,375,104 ret 555.62 len 260.3 kl 0.0126  sps 1752
upd 3297/3906 step 3,376,128 ret 541.78 len 254.8 kl 0.0140  sps 1752
upd 3298/3906 step 3,377,152 ret 553.13 len 256.7 kl 0.0094  sps 1752
upd 3299/3906 step 3,378,176 ret 536.71 len 249.0 kl 0.0107  sps 1752
upd 3300/3906 step 3,379,200 ret 536.49 len 250.0 kl 0.0107  sps 1752
upd 3301/3906 step 3,380,224 ret 547.42 len 255.7 kl 0.0117  sps 1752
upd 3302/3906 step 3,381,248 ret 509.22 len 239.9 kl 0.0127  sps 1752
upd 3303/3906 step 3,382,272 ret 498.14 len 233.5 kl 0.0154  sps 1752
upd 3304/3906 step 3,383,296 ret 505.81 len 238.2 kl 0.0107  sps 1752
upd 3305/3906 step 3,384,320 ret 501.64 len 238.2 kl 0.0093  sps 1752
upd 3306/3906 step 3,385,344 ret 513.79 len 245.0 kl 0.0090  sps 1752
upd 3307/3906 step 3,386,368 ret 506.79 len 244.3 kl 0.0154  sps 1751
upd 3308/3906 step 3,387,392 ret 499.67 len 244.3 kl 0.0141  sps 1751
upd 3309/3906 step 3,388,416 ret 523.32 len 256.2 kl 0.0135  sps 1751
upd 3310/3906 step 3,389,440 ret 535.99 len 261.2 kl 0.0119  sps 1751
upd 3311/3906 step 3,390,464 ret 528.04 len 256.7 kl 0.0166  sps 1750
upd 3312/3906 step 3,391,488 ret 525.48 len 255.1 kl 0.0113  sps 1750
upd 3313/3906 step 3,392,512 ret 550.06 len 262.6 kl 0.0163  sps 1750
upd 3314/3906 step 3,393,536 ret 552.83 len 261.5 kl 0.0153  sps 1750
upd 3315/3906 step 3,394,560 ret 561.17 len 262.1 kl 0.0161  sps 1749
upd 3316/3906 step 3,395,584 ret 550.07 len 260.6 kl 0.0111  sps 1749
upd 3317/3906 step 3,396,608 ret 525.32 len 245.3 kl 0.0135  sps 1749
upd 3318/3906 step 3,397,632 ret 515.1 len 239.9 kl 0.0152  sps 1749
upd 3319/3906 step 3,398,656 ret 496.54 len 233.7 kl 0.0118  sps 1749
upd 3320/3906 step 3,399,680 ret 492.55 len 231.1 kl 0.0105  sps 1749
upd 3321/3906 step 3,400,704 ret 485.81 len 225.7 kl 0.0083  sps 1749
upd 3322/3906 step 3,401,728 ret 488.62 len 229.7 kl 0.0164  sps 1749
upd 3323/3906 step 3,402,752 ret 476.56 len 224.6 kl 0.0112  sps 1749
upd 3324/3906 step 3,403,776 ret 487.49 len 228.2 kl 0.0091  sps 1749
upd 3325/3906 step 3,404,800 ret 468.89 len 216.2 kl 0.0108  sps 1749
upd 3326/3906 step 3,405,824 ret 504.02 len 230.2 kl 0.0143  sps 1749
upd 3327/3906 step 3,406,848 ret 516.6 len 231.0 kl 0.0118  sps 1749
upd 3328/3906 step 3,407,872 ret 526.42 len 233.8 kl 0.0115  sps 1749
upd 3329/3906 step 3,408,896 ret 540.26 len 241.3 kl 0.0105  sps 1749
upd 3330/3906 step 3,409,920 ret 545.44 len 245.7 kl 0.0122  sps 1749
upd 3331/3906 step 3,410,944 ret 534.3 len 241.5 kl 0.0134  sps 1749
upd 3332/3906 step 3,411,968 ret 548.15 len 247.4 kl 0.0128  sps 1749
upd 3333/3906 step 3,412,992 ret 547.64 len 249.1 kl 0.0114  sps 1749
upd 3334/3906 step 3,414,016 ret 531.44 len 244.0 kl 0.0127  sps 1749
upd 3335/3906 step 3,415,040 ret 561.25 len 257.8 kl 0.0125  sps 1749
upd 3336/3906 step 3,416,064 ret 548.72 len 255.8 kl 0.0135  sps 1749
upd 3337/3906 step 3,417,088 ret 541.21 len 252.2 kl 0.0137  sps 1749
upd 3338/3906 step 3,418,112 ret 535.02 len 249.2 kl 0.0135  sps 1749
upd 3339/3906 step 3,419,136 ret 510.97 len 237.0 kl 0.0121  sps 1749
upd 3340/3906 step 3,420,160 ret 486.84 len 226.2 kl 0.0169  sps 1749
upd 3341/3906 step 3,421,184 ret 482.11 len 221.2 kl 0.0096  sps 1749
upd 3342/3906 step 3,422,208 ret 494.9 len 226.5 kl 0.0101  sps 1749
upd 3343/3906 step 3,423,232 ret 476.68 len 219.6 kl 0.0120  sps 1748
upd 3344/3906 step 3,424,256 ret 474.66 len 214.3 kl 0.0110  sps 1749
upd 3345/3906 step 3,425,280 ret 475.46 len 216.4 kl 0.0111  sps 1749
upd 3346/3906 step 3,426,304 ret 472.08 len 216.7 kl 0.0119  sps 1749
upd 3347/3906 step 3,427,328 ret 473.05 len 216.4 kl 0.0155  sps 1749
upd 3348/3906 step 3,428,352 ret 507.24 len 237.1 kl 0.0093  sps 1749
upd 3349/3906 step 3,429,376 ret 517.13 len 240.5 kl 0.0163  sps 1749
upd 3350/3906 step 3,430,400 ret 524.27 len 240.9 kl 0.0140  sps 1749
upd 3351/3906 step 3,431,424 ret 535.68 len 248.6 kl 0.0117  sps 1749
upd 3352/3906 step 3,432,448 ret 542.43 len 247.9 kl 0.0101  sps 1749
upd 3353/3906 step 3,433,472 ret 537.76 len 249.7 kl 0.0123  sps 1750
upd 3354/3906 step 3,434,496 ret 535.82 len 251.9 kl 0.0113  sps 1750
upd 3355/3906 step 3,435,520 ret 554.92 len 259.5 kl 0.0148  sps 1750
upd 3356/3906 step 3,436,544 ret 556.99 len 259.0 kl 0.0119  sps 1750
upd 3357/3906 step 3,437,568 ret 562.54 len 262.5 kl 0.0132  sps 1750
upd 3358/3906 step 3,438,592 ret 536.01 len 254.2 kl 0.0116  sps 1750
upd 3359/3906 step 3,439,616 ret 529.28 len 250.7 kl 0.0118  sps 1750
upd 3360/3906 step 3,440,640 ret 532.23 len 253.7 kl 0.0119  sps 1750
upd 3361/3906 step 3,441,664 ret 523.16 len 250.2 kl 0.0133  sps 1750
upd 3362/3906 step 3,442,688 ret 530.32 len 253.5 kl 0.0121  sps 1750
upd 3363/3906 step 3,443,712 ret 543.07 len 256.6 kl 0.0116  sps 1750
upd 3364/3906 step 3,444,736 ret 550.75 len 260.6 kl 0.0104  sps 1750
upd 3365/3906 step 3,445,760 ret 546.8 len 259.8 kl 0.0117  sps 1750
upd 3366/3906 step 3,446,784 ret 554.53 len 261.4 kl 0.0118  sps 1750
upd 3367/3906 step 3,447,808 ret 521.32 len 256.3 kl 0.0106  sps 1750
upd 3368/3906 step 3,448,832 ret 535.7 len 262.6 kl 0.0158  sps 1750
upd 3369/3906 step 3,449,856 ret 560.65 len 268.2 kl 0.0114  sps 1750
upd 3370/3906 step 3,450,880 ret 568.59 len 272.9 kl 0.0096  sps 1750
upd 3371/3906 step 3,451,904 ret 566.17 len 272.9 kl 0.0158  sps 1750
upd 3372/3906 step 3,452,928 ret 569.02 len 276.4 kl 0.0126  sps 1750
upd 3373/3906 step 3,453,952 ret 552.5 len 276.4 kl 0.0113  sps 1750
upd 3374/3906 step 3,454,976 ret 547.3 len 272.5 kl 0.0128  sps 1750
upd 3375/3906 step 3,456,000 ret 546.34 len 272.6 kl 0.0108  sps 1751
upd 3376/3906 step 3,457,024 ret 551.9 len 275.7 kl 0.0115  sps 1751
upd 3377/3906 step 3,458,048 ret 554.93 len 277.1 kl 0.0115  sps 1751
upd 3378/3906 step 3,459,072 ret 571.14 len 273.8 kl 0.0107  sps 1751
upd 3379/3906 step 3,460,096 ret 572.28 len 273.8 kl 0.0101  sps 1750
upd 3380/3906 step 3,461,120 ret 571.57 len 273.8 kl 0.0089  sps 1750
upd 3381/3906 step 3,462,144 ret 580.28 len 278.3 kl 0.0102  sps 1750
upd 3382/3906 step 3,463,168 ret 578.42 len 276.0 kl 0.0093  sps 1750
upd 3383/3906 step 3,464,192 ret 575.14 len 266.6 kl 0.0124  sps 1750
upd 3384/3906 step 3,465,216 ret 576.81 len 266.6 kl 0.0140  sps 1750
upd 3385/3906 step 3,466,240 ret 562.65 len 262.8 kl 0.0128  sps 1751
upd 3386/3906 step 3,467,264 ret 540.53 len 250.2 kl 0.0165  sps 1751
upd 3387/3906 step 3,468,288 ret 549.4 len 255.0 kl 0.0147  sps 1751
upd 3388/3906 step 3,469,312 ret 536.28 len 250.5 kl 0.0114  sps 1751
upd 3389/3906 step 3,470,336 ret 516.4 len 245.7 kl 0.0085  sps 1751
upd 3390/3906 step 3,471,360 ret 518.87 len 245.7 kl 0.0113  sps 1751
upd 3391/3906 step 3,472,384 ret 522.1 len 245.9 kl 0.0072  sps 1751
upd 3392/3906 step 3,473,408 ret 516.22 len 245.9 kl 0.0147  sps 1751
upd 3393/3906 step 3,474,432 ret 521.76 len 250.3 kl 0.0114  sps 1751
upd 3394/3906 step 3,475,456 ret 509.33 len 246.0 kl 0.0130  sps 1751
upd 3395/3906 step 3,476,480 ret 512.8 len 247.6 kl 0.0129  sps 1751
upd 3396/3906 step 3,477,504 ret 531.93 len 256.6 kl 0.0091  sps 1751
upd 3397/3906 step 3,478,528 ret 541.05 len 262.5 kl 0.0123  sps 1751
upd 3398/3906 step 3,479,552 ret 559.58 len 267.1 kl 0.0127  sps 1751
upd 3399/3906 step 3,480,576 ret 538.56 len 256.9 kl 0.0111  sps 1751
upd 3400/3906 step 3,481,600 ret 558.15 len 261.9 kl 0.0095  sps 1751
upd 3401/3906 step 3,482,624 ret 547.69 len 259.7 kl 0.0100  sps 1751
upd 3402/3906 step 3,483,648 ret 549.76 len 257.8 kl 0.0145  sps 1751
upd 3403/3906 step 3,484,672 ret 564.11 len 261.6 kl 0.0102  sps 1751
upd 3404/3906 step 3,485,696 ret 562.51 len 261.6 kl 0.0075  sps 1751
upd 3405/3906 step 3,486,720 ret 582.75 len 268.6 kl 0.0081  sps 1751
upd 3406/3906 step 3,487,744 ret 572.38 len 262.1 kl 0.0148  sps 1751
upd 3407/3906 step 3,488,768 ret 559.16 len 257.1 kl 0.0097  sps 1751
upd 3408/3906 step 3,489,792 ret 556.76 len 258.2 kl 0.0110  sps 1751
upd 3409/3906 step 3,490,816 ret 556.88 len 258.2 kl 0.0122  sps 1751
upd 3410/3906 step 3,491,840 ret 571.88 len 272.1 kl 0.0109  sps 1751
upd 3411/3906 step 3,492,864 ret 559.45 len 264.9 kl 0.0107  sps 1751
upd 3412/3906 step 3,493,888 ret 544.08 len 259.1 kl 0.0109  sps 1751
upd 3413/3906 step 3,494,912 ret 526.38 len 253.1 kl 0.0106  sps 1751
upd 3414/3906 step 3,495,936 ret 528.32 len 250.0 kl 0.0102  sps 1751
upd 3415/3906 step 3,496,960 ret 498.03 len 245.4 kl 0.0123  sps 1751
upd 3416/3906 step 3,497,984 ret 499.15 len 246.2 kl 0.0125  sps 1751
upd 3417/3906 step 3,499,008 ret 492.95 len 239.3 kl 0.0130  sps 1751
upd 3418/3906 step 3,500,032 ret 490.5 len 236.6 kl 0.0135  sps 1751
upd 3419/3906 step 3,501,056 ret 494.97 len 237.9 kl 0.0136  sps 1751
upd 3420/3906 step 3,502,080 ret 500.98 len 241.8 kl 0.0113  sps 1751
upd 3421/3906 step 3,503,104 ret 502.96 len 243.6 kl 0.0107  sps 1751
upd 3422/3906 step 3,504,128 ret 509.52 len 244.3 kl 0.0111  sps 1751
upd 3423/3906 step 3,505,152 ret 504.27 len 243.1 kl 0.0111  sps 1751
upd 3424/3906 step 3,506,176 ret 508.42 len 247.4 kl 0.0109  sps 1751
upd 3425/3906 step 3,507,200 ret 514.93 len 245.3 kl 0.0150  sps 1751
upd 3426/3906 step 3,508,224 ret 504.24 len 246.7 kl 0.0096  sps 1751
upd 3427/3906 step 3,509,248 ret 525.34 len 254.1 kl 0.0078  sps 1751
upd 3428/3906 step 3,510,272 ret 527.06 len 257.3 kl 0.0093  sps 1751
upd 3429/3906 step 3,511,296 ret 504.03 len 248.2 kl 0.0126  sps 1751
upd 3430/3906 step 3,512,320 ret 497.8 len 243.3 kl 0.0114  sps 1751
upd 3431/3906 step 3,513,344 ret 517.8 len 251.1 kl 0.0106  sps 1751
upd 3432/3906 step 3,514,368 ret 525.56 len 253.9 kl 0.0099  sps 1751
upd 3433/3906 step 3,515,392 ret 534.39 len 255.9 kl 0.0123  sps 1751
upd 3434/3906 step 3,516,416 ret 539.7 len 259.0 kl 0.0111  sps 1751
upd 3435/3906 step 3,517,440 ret 530.94 len 257.2 kl 0.0094  sps 1751
upd 3436/3906 step 3,518,464 ret 537.33 len 254.0 kl 0.0103  sps 1751
upd 3437/3906 step 3,519,488 ret 524.22 len 249.0 kl 0.0124  sps 1751
upd 3438/3906 step 3,520,512 ret 531.0 len 251.0 kl 0.0070  sps 1751
upd 3439/3906 step 3,521,536 ret 534.05 len 250.2 kl 0.0118  sps 1752
upd 3440/3906 step 3,522,560 ret 556.32 len 257.2 kl 0.0121  sps 1752
upd 3441/3906 step 3,523,584 ret 545.41 len 254.4 kl 0.0102  sps 1751
upd 3442/3906 step 3,524,608 ret 541.23 len 253.3 kl 0.0111  sps 1751
upd 3443/3906 step 3,525,632 ret 513.28 len 242.1 kl 0.0123  sps 1751
upd 3444/3906 step 3,526,656 ret 528.75 len 248.0 kl 0.0095  sps 1751
upd 3445/3906 step 3,527,680 ret 535.64 len 253.2 kl 0.0113  sps 1751
upd 3446/3906 step 3,528,704 ret 534.88 len 256.5 kl 0.0108  sps 1751
upd 3447/3906 step 3,529,728 ret 536.71 len 258.1 kl 0.0124  sps 1751
upd 3448/3906 step 3,530,752 ret 514.25 len 247.8 kl 0.0120  sps 1751
upd 3449/3906 step 3,531,776 ret 521.02 len 255.7 kl 0.0088  sps 1751
upd 3450/3906 step 3,532,800 ret 492.73 len 247.7 kl 0.0152  sps 1751
upd 3451/3906 step 3,533,824 ret 476.98 len 241.3 kl 0.0115  sps 1751
upd 3452/3906 step 3,534,848 ret 481.94 len 239.2 kl 0.0126  sps 1751
upd 3453/3906 step 3,535,872 ret 502.49 len 247.3 kl 0.0094  sps 1751
upd 3454/3906 step 3,536,896 ret 503.21 len 246.1 kl 0.0129  sps 1751
upd 3455/3906 step 3,537,920 ret 513.1 len 251.2 kl 0.0100  sps 1751
upd 3456/3906 step 3,538,944 ret 533.83 len 248.8 kl 0.0082  sps 1751
upd 3457/3906 step 3,539,968 ret 514.07 len 240.3 kl 0.0087  sps 1751
upd 3458/3906 step 3,540,992 ret 513.75 len 240.6 kl 0.0068  sps 1751
upd 3459/3906 step 3,542,016 ret 496.38 len 234.7 kl 0.0077  sps 1751
upd 3460/3906 step 3,543,040 ret 533.82 len 244.6 kl 0.0095  sps 1751
upd 3461/3906 step 3,544,064 ret 534.57 len 244.2 kl 0.0077  sps 1751
upd 3462/3906 step 3,545,088 ret 522.93 len 244.2 kl 0.0115  sps 1751
upd 3463/3906 step 3,546,112 ret 520.4 len 244.3 kl 0.0123  sps 1751
upd 3464/3906 step 3,547,136 ret 524.06 len 246.5 kl 0.0123  sps 1751
upd 3465/3906 step 3,548,160 ret 526.92 len 247.1 kl 0.0141  sps 1751
upd 3466/3906 step 3,549,184 ret 529.13 len 246.1 kl 0.0074  sps 1751
upd 3467/3906 step 3,550,208 ret 543.73 len 253.1 kl 0.0111  sps 1751
upd 3468/3906 step 3,551,232 ret 549.05 len 254.1 kl 0.0100  sps 1751
upd 3469/3906 step 3,552,256 ret 552.16 len 253.7 kl 0.0093  sps 1751
upd 3470/3906 step 3,553,280 ret 548.42 len 252.8 kl 0.0124  sps 1751
upd 3471/3906 step 3,554,304 ret 539.84 len 246.7 kl 0.0107  sps 1751
upd 3472/3906 step 3,555,328 ret 545.19 len 246.7 kl 0.0120  sps 1751
upd 3473/3906 step 3,556,352 ret 534.62 len 242.7 kl 0.0089  sps 1751
upd 3474/3906 step 3,557,376 ret 541.39 len 243.8 kl 0.0076  sps 1751
upd 3475/3906 step 3,558,400 ret 536.91 len 243.8 kl 0.0095  sps 1751
upd 3476/3906 step 3,559,424 ret 539.8 len 246.0 kl 0.0097  sps 1751
upd 3477/3906 step 3,560,448 ret 555.77 len 251.0 kl 0.0107  sps 1751
upd 3478/3906 step 3,561,472 ret 565.28 len 256.2 kl 0.0092  sps 1751
upd 3479/3906 step 3,562,496 ret 573.41 len 259.3 kl 0.0083  sps 1751
upd 3480/3906 step 3,563,520 ret 555.24 len 250.8 kl 0.0081  sps 1751
upd 3481/3906 step 3,564,544 ret 563.34 len 252.6 kl 0.0069  sps 1751
upd 3482/3906 step 3,565,568 ret 561.35 len 251.3 kl 0.0082  sps 1751
upd 3483/3906 step 3,566,592 ret 560.56 len 255.2 kl 0.0105  sps 1751
upd 3484/3906 step 3,567,616 ret 539.1 len 245.7 kl 0.0066  sps 1751
upd 3485/3906 step 3,568,640 ret 513.32 len 234.4 kl 0.0074  sps 1751
upd 3486/3906 step 3,569,664 ret 505.28 len 231.2 kl 0.0102  sps 1751
upd 3487/3906 step 3,570,688 ret 487.8 len 231.5 kl 0.0111  sps 1751
upd 3488/3906 step 3,571,712 ret 492.26 len 231.5 kl 0.0079  sps 1751
upd 3489/3906 step 3,572,736 ret 513.42 len 245.2 kl 0.0107  sps 1751
upd 3490/3906 step 3,573,760 ret 513.42 len 245.2 kl 0.0092  sps 1751
upd 3491/3906 step 3,574,784 ret 544.94 len 260.9 kl 0.0110  sps 1751
upd 3492/3906 step 3,575,808 ret 524.76 len 244.9 kl 0.0086  sps 1751
upd 3493/3906 step 3,576,832 ret 530.96 len 249.5 kl 0.0087  sps 1751
upd 3494/3906 step 3,577,856 ret 537.01 len 252.2 kl 0.0086  sps 1751
upd 3495/3906 step 3,578,880 ret 540.35 len 253.8 kl 0.0162  sps 1751
upd 3496/3906 step 3,579,904 ret 577.08 len 270.0 kl 0.0090  sps 1751
upd 3497/3906 step 3,580,928 ret 579.54 len 270.0 kl 0.0111  sps 1751
upd 3498/3906 step 3,581,952 ret 596.54 len 268.1 kl 0.0089  sps 1751
upd 3499/3906 step 3,582,976 ret 596.54 len 268.1 kl 0.0098  sps 1751
upd 3500/3906 step 3,584,000 ret 606.46 len 269.9 kl 0.0084  sps 1751
upd 3501/3906 step 3,585,024 ret 603.89 len 269.9 kl 0.0113  sps 1751
upd 3502/3906 step 3,586,048 ret 589.56 len 264.5 kl 0.0076  sps 1751
upd 3503/3906 step 3,587,072 ret 610.77 len 276.4 kl 0.0110  sps 1750
upd 3504/3906 step 3,588,096 ret 597.51 len 271.8 kl 0.0094  sps 1751
upd 3505/3906 step 3,589,120 ret 593.78 len 268.6 kl 0.0077  sps 1751
upd 3506/3906 step 3,590,144 ret 570.54 len 260.8 kl 0.0071  sps 1751
upd 3507/3906 step 3,591,168 ret 557.03 len 257.7 kl 0.0066  sps 1751
upd 3508/3906 step 3,592,192 ret 559.71 len 258.1 kl 0.0059  sps 1751
upd 3509/3906 step 3,593,216 ret 556.78 len 259.7 kl 0.0099  sps 1751
upd 3510/3906 step 3,594,240 ret 537.24 len 257.0 kl 0.0060  sps 1751
upd 3511/3906 step 3,595,264 ret 536.02 len 257.0 kl 0.0073  sps 1751
upd 3512/3906 step 3,596,288 ret 513.67 len 246.8 kl 0.0084  sps 1751
upd 3513/3906 step 3,597,312 ret 512.49 len 247.2 kl 0.0103  sps 1751
upd 3514/3906 step 3,598,336 ret 540.15 len 257.3 kl 0.0096  sps 1751
upd 3515/3906 step 3,599,360 ret 523.83 len 252.4 kl 0.0088  sps 1751
upd 3516/3906 step 3,600,384 ret 534.25 len 256.9 kl 0.0082  sps 1751
upd 3517/3906 step 3,601,408 ret 535.75 len 256.1 kl 0.0073  sps 1751
upd 3518/3906 step 3,602,432 ret 518.53 len 249.3 kl 0.0100  sps 1751
upd 3519/3906 step 3,603,456 ret 509.11 len 250.4 kl 0.0097  sps 1751
upd 3520/3906 step 3,604,480 ret 493.99 len 243.7 kl 0.0081  sps 1751
upd 3521/3906 step 3,605,504 ret 470.26 len 230.3 kl 0.0127  sps 1751
upd 3522/3906 step 3,606,528 ret 480.64 len 241.2 kl 0.0063  sps 1751
upd 3523/3906 step 3,607,552 ret 452.36 len 229.2 kl 0.0088  sps 1751
upd 3524/3906 step 3,608,576 ret 454.06 len 230.7 kl 0.0099  sps 1751
upd 3525/3906 step 3,609,600 ret 452.42 len 228.2 kl 0.0094  sps 1751
upd 3526/3906 step 3,610,624 ret 441.08 len 228.2 kl 0.0095  sps 1751
upd 3527/3906 step 3,611,648 ret 452.02 len 234.2 kl 0.0118  sps 1750
upd 3528/3906 step 3,612,672 ret 461.81 len 232.6 kl 0.0085  sps 1750
upd 3529/3906 step 3,613,696 ret 467.23 len 232.6 kl 0.0094  sps 1750
upd 3530/3906 step 3,614,720 ret 510.86 len 248.7 kl 0.0083  sps 1750
upd 3531/3906 step 3,615,744 ret 524.74 len 255.1 kl 0.0110  sps 1750
upd 3532/3906 step 3,616,768 ret 521.46 len 252.3 kl 0.0108  sps 1750
upd 3533/3906 step 3,617,792 ret 526.43 len 254.2 kl 0.0083  sps 1750
upd 3534/3906 step 3,618,816 ret 535.08 len 255.1 kl 0.0082  sps 1750
upd 3535/3906 step 3,619,840 ret 554.74 len 264.7 kl 0.0067  sps 1750
upd 3536/3906 step 3,620,864 ret 540.37 len 257.9 kl 0.0102  sps 1750
upd 3537/3906 step 3,621,888 ret 536.62 len 257.6 kl 0.0060  sps 1750
upd 3538/3906 step 3,622,912 ret 544.03 len 257.9 kl 0.0072  sps 1750
upd 3539/3906 step 3,623,936 ret 547.7 len 260.5 kl 0.0083  sps 1749
upd 3540/3906 step 3,624,960 ret 547.11 len 266.7 kl 0.0099  sps 1749
upd 3541/3906 step 3,625,984 ret 537.4 len 264.9 kl 0.0105  sps 1749
upd 3542/3906 step 3,627,008 ret 541.48 len 260.1 kl 0.0074  sps 1749
upd 3543/3906 step 3,628,032 ret 537.68 len 258.4 kl 0.0084  sps 1749
upd 3544/3906 step 3,629,056 ret 527.88 len 261.4 kl 0.0074  sps 1749
upd 3545/3906 step 3,630,080 ret 511.03 len 253.6 kl 0.0089  sps 1749
upd 3546/3906 step 3,631,104 ret 497.84 len 241.1 kl 0.0082  sps 1749
upd 3547/3906 step 3,632,128 ret 497.81 len 245.0 kl 0.0067  sps 1749
upd 3548/3906 step 3,633,152 ret 482.01 len 244.2 kl 0.0109  sps 1749
upd 3549/3906 step 3,634,176 ret 495.7 len 241.5 kl 0.0104  sps 1749
upd 3550/3906 step 3,635,200 ret 493.56 len 238.7 kl 0.0084  sps 1749
upd 3551/3906 step 3,636,224 ret 503.86 len 244.9 kl 0.0081  sps 1749
upd 3552/3906 step 3,637,248 ret 513.35 len 247.9 kl 0.0076  sps 1749
upd 3553/3906 step 3,638,272 ret 525.46 len 254.2 kl 0.0085  sps 1749
upd 3554/3906 step 3,639,296 ret 541.87 len 254.2 kl 0.0083  sps 1749
upd 3555/3906 step 3,640,320 ret 548.09 len 260.4 kl 0.0095  sps 1749
upd 3556/3906 step 3,641,344 ret 569.88 len 269.6 kl 0.0089  sps 1749
upd 3557/3906 step 3,642,368 ret 579.99 len 274.8 kl 0.0078  sps 1749
upd 3558/3906 step 3,643,392 ret 578.56 len 271.6 kl 0.0064  sps 1749
upd 3559/3906 step 3,644,416 ret 559.64 len 267.7 kl 0.0064  sps 1749
upd 3560/3906 step 3,645,440 ret 565.97 len 272.1 kl 0.0100  sps 1749
upd 3561/3906 step 3,646,464 ret 565.45 len 272.1 kl 0.0099  sps 1749
upd 3562/3906 step 3,647,488 ret 572.38 len 274.1 kl 0.0082  sps 1749
upd 3563/3906 step 3,648,512 ret 572.38 len 274.1 kl 0.0090  sps 1749
upd 3564/3906 step 3,649,536 ret 574.2 len 275.5 kl 0.0084  sps 1749
upd 3565/3906 step 3,650,560 ret 580.93 len 279.5 kl 0.0087  sps 1750
upd 3566/3906 step 3,651,584 ret 567.53 len 276.0 kl 0.0079  sps 1750
upd 3567/3906 step 3,652,608 ret 572.15 len 279.0 kl 0.0072  sps 1750
upd 3568/3906 step 3,653,632 ret 563.89 len 279.0 kl 0.0066  sps 1750
upd 3569/3906 step 3,654,656 ret 570.78 len 276.1 kl 0.0104  sps 1750
upd 3570/3906 step 3,655,680 ret 578.42 len 275.0 kl 0.0097  sps 1750
upd 3571/3906 step 3,656,704 ret 569.82 len 272.1 kl 0.0046  sps 1750
upd 3572/3906 step 3,657,728 ret 563.71 len 269.4 kl 0.0053  sps 1750
upd 3573/3906 step 3,658,752 ret 564.02 len 268.9 kl 0.0087  sps 1750
upd 3574/3906 step 3,659,776 ret 550.3 len 263.6 kl 0.0107  sps 1750
upd 3575/3906 step 3,660,800 ret 550.49 len 263.6 kl 0.0090  sps 1750
upd 3576/3906 step 3,661,824 ret 542.31 len 264.9 kl 0.0057  sps 1750
upd 3577/3906 step 3,662,848 ret 559.83 len 267.1 kl 0.0093  sps 1750
upd 3578/3906 step 3,663,872 ret 562.48 len 265.2 kl 0.0087  sps 1750
upd 3579/3906 step 3,664,896 ret 561.24 len 265.2 kl 0.0108  sps 1750
upd 3580/3906 step 3,665,920 ret 584.98 len 276.1 kl 0.0147  sps 1750
upd 3581/3906 step 3,666,944 ret 600.95 len 284.6 kl 0.0085  sps 1750
upd 3582/3906 step 3,667,968 ret 608.3 len 287.6 kl 0.0071  sps 1750
upd 3583/3906 step 3,668,992 ret 613.49 len 290.2 kl 0.0095  sps 1750
upd 3584/3906 step 3,670,016 ret 618.51 len 289.4 kl 0.0066  sps 1750
upd 3585/3906 step 3,671,040 ret 605.39 len 284.4 kl 0.0072  sps 1750
upd 3586/3906 step 3,672,064 ret 588.23 len 280.9 kl 0.0060  sps 1750
upd 3587/3906 step 3,673,088 ret 595.98 len 279.8 kl 0.0071  sps 1749
upd 3588/3906 step 3,674,112 ret 601.73 len 281.1 kl 0.0085  sps 1749
upd 3589/3906 step 3,675,136 ret 600.67 len 277.9 kl 0.0103  sps 1749
upd 3590/3906 step 3,676,160 ret 589.56 len 269.6 kl 0.0118  sps 1749
upd 3591/3906 step 3,677,184 ret 589.09 len 269.6 kl 0.0053  sps 1749
upd 3592/3906 step 3,678,208 ret 587.29 len 269.6 kl 0.0056  sps 1749
upd 3593/3906 step 3,679,232 ret 576.5 len 262.8 kl 0.0067  sps 1749
upd 3594/3906 step 3,680,256 ret 572.52 len 262.8 kl 0.0088  sps 1749
upd 3595/3906 step 3,681,280 ret 580.75 len 266.1 kl 0.0099  sps 1750
upd 3596/3906 step 3,682,304 ret 594.36 len 271.8 kl 0.0063  sps 1749
upd 3597/3906 step 3,683,328 ret 596.98 len 271.8 kl 0.0056  sps 1749
upd 3598/3906 step 3,684,352 ret 596.33 len 273.3 kl 0.0056  sps 1750
upd 3599/3906 step 3,685,376 ret 576.25 len 264.8 kl 0.0055  sps 1750
upd 3600/3906 step 3,686,400 ret 585.34 len 271.8 kl 0.0076  sps 1750
upd 3601/3906 step 3,687,424 ret 580.26 len 270.4 kl 0.0056  sps 1750
upd 3602/3906 step 3,688,448 ret 549.21 len 255.2 kl 0.0091  sps 1750
upd 3603/3906 step 3,689,472 ret 547.48 len 255.2 kl 0.0082  sps 1750
upd 3604/3906 step 3,690,496 ret 564.47 len 262.0 kl 0.0075  sps 1749
upd 3605/3906 step 3,691,520 ret 553.14 len 262.0 kl 0.0071  sps 1749
upd 3606/3906 step 3,692,544 ret 522.04 len 247.9 kl 0.0048  sps 1749
upd 3607/3906 step 3,693,568 ret 520.3 len 247.9 kl 0.0072  sps 1749
upd 3608/3906 step 3,694,592 ret 520.64 len 252.3 kl 0.0100  sps 1749
upd 3609/3906 step 3,695,616 ret 524.17 len 252.3 kl 0.0075  sps 1749
upd 3610/3906 step 3,696,640 ret 533.63 len 258.4 kl 0.0089  sps 1749
upd 3611/3906 step 3,697,664 ret 541.38 len 261.3 kl 0.0080  sps 1749
upd 3612/3906 step 3,698,688 ret 539.48 len 261.3 kl 0.0058  sps 1749
upd 3613/3906 step 3,699,712 ret 569.28 len 272.6 kl 0.0072  sps 1749
upd 3614/3906 step 3,700,736 ret 568.26 len 272.6 kl 0.0046  sps 1749
upd 3615/3906 step 3,701,760 ret 561.1 len 272.6 kl 0.0066  sps 1749
upd 3616/3906 step 3,702,784 ret 562.97 len 268.5 kl 0.0081  sps 1749
upd 3617/3906 step 3,703,808 ret 602.75 len 285.9 kl 0.0081  sps 1749
upd 3618/3906 step 3,704,832 ret 603.09 len 285.9 kl 0.0047  sps 1749
upd 3619/3906 step 3,705,856 ret 608.55 len 282.6 kl 0.0047  sps 1749
upd 3620/3906 step 3,706,880 ret 597.33 len 275.9 kl 0.0054  sps 1749
upd 3621/3906 step 3,707,904 ret 593.99 len 275.3 kl 0.0100  sps 1749
upd 3622/3906 step 3,708,928 ret 607.35 len 277.7 kl 0.0038  sps 1749
upd 3623/3906 step 3,709,952 ret 606.7 len 282.2 kl 0.0094  sps 1749
upd 3624/3906 step 3,710,976 ret 604.93 len 282.2 kl 0.0053  sps 1749
upd 3625/3906 step 3,712,000 ret 583.74 len 270.6 kl 0.0069  sps 1749
upd 3626/3906 step 3,713,024 ret 584.79 len 270.6 kl 0.0060  sps 1749
upd 3627/3906 step 3,714,048 ret 581.4 len 268.1 kl 0.0062  sps 1749
upd 3628/3906 step 3,715,072 ret 567.7 len 263.4 kl 0.0063  sps 1749
upd 3629/3906 step 3,716,096 ret 570.63 len 266.2 kl 0.0071  sps 1749
upd 3630/3906 step 3,717,120 ret 536.88 len 254.5 kl 0.0066  sps 1749
upd 3631/3906 step 3,718,144 ret 536.88 len 254.5 kl 0.0073  sps 1749
upd 3632/3906 step 3,719,168 ret 535.29 len 254.5 kl 0.0080  sps 1749
upd 3633/3906 step 3,720,192 ret 537.44 len 251.8 kl 0.0046  sps 1749
upd 3634/3906 step 3,721,216 ret 542.75 len 254.8 kl 0.0048  sps 1749
upd 3635/3906 step 3,722,240 ret 558.68 len 260.9 kl 0.0063  sps 1749
upd 3636/3906 step 3,723,264 ret 572.15 len 266.5 kl 0.0040  sps 1749
upd 3637/3906 step 3,724,288 ret 582.85 len 273.1 kl 0.0041  sps 1749
upd 3638/3906 step 3,725,312 ret 582.6 len 273.1 kl 0.0038  sps 1749
upd 3639/3906 step 3,726,336 ret 593.26 len 277.8 kl 0.0077  sps 1749
upd 3640/3906 step 3,727,360 ret 592.12 len 272.8 kl 0.0045  sps 1749
upd 3641/3906 step 3,728,384 ret 605.3 len 276.9 kl 0.0067  sps 1749
upd 3642/3906 step 3,729,408 ret 609.88 len 277.9 kl 0.0061  sps 1749
upd 3643/3906 step 3,730,432 ret 610.49 len 277.9 kl 0.0061  sps 1749
upd 3644/3906 step 3,731,456 ret 621.48 len 280.6 kl 0.0043  sps 1749
upd 3645/3906 step 3,732,480 ret 605.17 len 272.4 kl 0.0040  sps 1749
upd 3646/3906 step 3,733,504 ret 588.13 len 263.9 kl 0.0052  sps 1749
upd 3647/3906 step 3,734,528 ret 588.17 len 261.1 kl 0.0087  sps 1750
upd 3648/3906 step 3,735,552 ret 579.0 len 257.3 kl 0.0065  sps 1750
upd 3649/3906 step 3,736,576 ret 575.41 len 256.4 kl 0.0036  sps 1750
upd 3650/3906 step 3,737,600 ret 557.28 len 251.0 kl 0.0041  sps 1750
upd 3651/3906 step 3,738,624 ret 550.2 len 250.9 kl 0.0056  sps 1750
upd 3652/3906 step 3,739,648 ret 534.16 len 244.0 kl 0.0050  sps 1750
upd 3653/3906 step 3,740,672 ret 527.37 len 240.5 kl 0.0090  sps 1750
upd 3654/3906 step 3,741,696 ret 521.28 len 239.1 kl 0.0038  sps 1750
upd 3655/3906 step 3,742,720 ret 537.75 len 249.4 kl 0.0052  sps 1750
upd 3656/3906 step 3,743,744 ret 538.55 len 249.4 kl 0.0048  sps 1750
upd 3657/3906 step 3,744,768 ret 541.5 len 252.2 kl 0.0046  sps 1750
upd 3658/3906 step 3,745,792 ret 543.99 len 252.9 kl 0.0048  sps 1750
upd 3659/3906 step 3,746,816 ret 552.11 len 254.3 kl 0.0061  sps 1750
upd 3660/3906 step 3,747,840 ret 575.33 len 265.6 kl 0.0053  sps 1750
upd 3661/3906 step 3,748,864 ret 584.91 len 270.1 kl 0.0060  sps 1750
upd 3662/3906 step 3,749,888 ret 588.31 len 270.1 kl 0.0068  sps 1750
upd 3663/3906 step 3,750,912 ret 608.37 len 277.3 kl 0.0058  sps 1750
upd 3664/3906 step 3,751,936 ret 606.15 len 277.2 kl 0.0052  sps 1750
upd 3665/3906 step 3,752,960 ret 601.55 len 275.2 kl 0.0055  sps 1750
upd 3666/3906 step 3,753,984 ret 580.11 len 266.1 kl 0.0049  sps 1750
upd 3667/3906 step 3,755,008 ret 580.43 len 264.0 kl 0.0047  sps 1750
upd 3668/3906 step 3,756,032 ret 566.76 len 260.4 kl 0.0061  sps 1750
upd 3669/3906 step 3,757,056 ret 565.03 len 260.4 kl 0.0038  sps 1750
upd 3670/3906 step 3,758,080 ret 560.88 len 258.8 kl 0.0038  sps 1750
upd 3671/3906 step 3,759,104 ret 557.43 len 255.9 kl 0.0047  sps 1750
upd 3672/3906 step 3,760,128 ret 554.75 len 255.9 kl 0.0029  sps 1750
upd 3673/3906 step 3,761,152 ret 555.66 len 258.0 kl 0.0040  sps 1750
upd 3674/3906 step 3,762,176 ret 543.98 len 255.2 kl 0.0047  sps 1750
upd 3675/3906 step 3,763,200 ret 554.88 len 258.7 kl 0.0049  sps 1751
upd 3676/3906 step 3,764,224 ret 573.53 len 264.9 kl 0.0055  sps 1751
upd 3677/3906 step 3,765,248 ret 563.0 len 259.6 kl 0.0041  sps 1751
upd 3678/3906 step 3,766,272 ret 560.79 len 256.9 kl 0.0039  sps 1751
upd 3679/3906 step 3,767,296 ret 542.28 len 249.5 kl 0.0049  sps 1751
upd 3680/3906 step 3,768,320 ret 535.11 len 244.8 kl 0.0059  sps 1751
upd 3681/3906 step 3,769,344 ret 548.38 len 252.1 kl 0.0037  sps 1751
upd 3682/3906 step 3,770,368 ret 561.5 len 254.0 kl 0.0037  sps 1751
upd 3683/3906 step 3,771,392 ret 561.07 len 254.0 kl 0.0046  sps 1751
upd 3684/3906 step 3,772,416 ret 555.7 len 248.3 kl 0.0035  sps 1751
upd 3685/3906 step 3,773,440 ret 540.96 len 242.0 kl 0.0044  sps 1751
upd 3686/3906 step 3,774,464 ret 558.23 len 249.3 kl 0.0061  sps 1751
upd 3687/3906 step 3,775,488 ret 540.86 len 242.6 kl 0.0054  sps 1751
upd 3688/3906 step 3,776,512 ret 549.0 len 248.4 kl 0.0050  sps 1751
upd 3689/3906 step 3,777,536 ret 540.79 len 244.6 kl 0.0070  sps 1751
upd 3690/3906 step 3,778,560 ret 555.25 len 250.8 kl 0.0050  sps 1751
upd 3691/3906 step 3,779,584 ret 552.88 len 247.8 kl 0.0046  sps 1751
upd 3692/3906 step 3,780,608 ret 534.22 len 244.6 kl 0.0037  sps 1751
upd 3693/3906 step 3,781,632 ret 538.75 len 244.6 kl 0.0041  sps 1751
upd 3694/3906 step 3,782,656 ret 548.51 len 249.7 kl 0.0040  sps 1751
upd 3695/3906 step 3,783,680 ret 577.79 len 265.5 kl 0.0036  sps 1751
upd 3696/3906 step 3,784,704 ret 574.28 len 265.5 kl 0.0051  sps 1751
upd 3697/3906 step 3,785,728 ret 585.08 len 271.4 kl 0.0049  sps 1751
upd 3698/3906 step 3,786,752 ret 601.49 len 276.8 kl 0.0044  sps 1751
upd 3699/3906 step 3,787,776 ret 608.37 len 280.0 kl 0.0062  sps 1751
upd 3700/3906 step 3,788,800 ret 622.1 len 287.4 kl 0.0034  sps 1751
upd 3701/3906 step 3,789,824 ret 629.47 len 288.4 kl 0.0040  sps 1751
upd 3702/3906 step 3,790,848 ret 628.31 len 287.3 kl 0.0037  sps 1751
upd 3703/3906 step 3,791,872 ret 622.31 len 283.9 kl 0.0058  sps 1751
upd 3704/3906 step 3,792,896 ret 623.7 len 283.8 kl 0.0040  sps 1751
upd 3705/3906 step 3,793,920 ret 616.24 len 277.1 kl 0.0028  sps 1751
upd 3706/3906 step 3,794,944 ret 604.84 len 271.4 kl 0.0035  sps 1751
upd 3707/3906 step 3,795,968 ret 603.73 len 272.7 kl 0.0036  sps 1751
upd 3708/3906 step 3,796,992 ret 600.51 len 269.2 kl 0.0048  sps 1751
upd 3709/3906 step 3,798,016 ret 599.69 len 269.0 kl 0.0052  sps 1751
upd 3710/3906 step 3,799,040 ret 592.37 len 262.8 kl 0.0033  sps 1751
upd 3711/3906 step 3,800,064 ret 595.18 len 262.1 kl 0.0025  sps 1751
upd 3712/3906 step 3,801,088 ret 587.84 len 259.1 kl 0.0043  sps 1751
upd 3713/3906 step 3,802,112 ret 588.04 len 262.3 kl 0.0037  sps 1751
upd 3714/3906 step 3,803,136 ret 598.96 len 269.1 kl 0.0039  sps 1751
upd 3715/3906 step 3,804,160 ret 587.85 len 266.4 kl 0.0042  sps 1751
upd 3716/3906 step 3,805,184 ret 614.5 len 279.2 kl 0.0036  sps 1751
upd 3717/3906 step 3,806,208 ret 613.46 len 279.2 kl 0.0036  sps 1751
upd 3718/3906 step 3,807,232 ret 615.43 len 279.2 kl 0.0038  sps 1751
upd 3719/3906 step 3,808,256 ret 615.34 len 281.1 kl 0.0024  sps 1751
upd 3720/3906 step 3,809,280 ret 626.33 len 284.9 kl 0.0028  sps 1751
upd 3721/3906 step 3,810,304 ret 619.21 len 285.8 kl 0.0025  sps 1751
upd 3722/3906 step 3,811,328 ret 616.54 len 285.8 kl 0.0027  sps 1751
upd 3723/3906 step 3,812,352 ret 629.72 len 287.9 kl 0.0030  sps 1751
upd 3724/3906 step 3,813,376 ret 619.76 len 281.7 kl 0.0045  sps 1751
upd 3725/3906 step 3,814,400 ret 619.88 len 278.4 kl 0.0038  sps 1751
upd 3726/3906 step 3,815,424 ret 599.25 len 271.6 kl 0.0060  sps 1751
upd 3727/3906 step 3,816,448 ret 582.38 len 264.6 kl 0.0036  sps 1751
upd 3728/3906 step 3,817,472 ret 585.64 len 264.6 kl 0.0022  sps 1751
upd 3729/3906 step 3,818,496 ret 575.36 len 258.9 kl 0.0035  sps 1751
upd 3730/3906 step 3,819,520 ret 563.99 len 253.9 kl 0.0022  sps 1751
upd 3731/3906 step 3,820,544 ret 581.14 len 258.8 kl 0.0036  sps 1751
upd 3732/3906 step 3,821,568 ret 556.09 len 252.4 kl 0.0025  sps 1751
upd 3733/3906 step 3,822,592 ret 530.84 len 242.6 kl 0.0029  sps 1751
upd 3734/3906 step 3,823,616 ret 529.88 len 244.8 kl 0.0029  sps 1751
upd 3735/3906 step 3,824,640 ret 511.29 len 235.0 kl 0.0034  sps 1751
upd 3736/3906 step 3,825,664 ret 520.72 len 238.5 kl 0.0030  sps 1751
upd 3737/3906 step 3,826,688 ret 513.33 len 237.8 kl 0.0020  sps 1751
upd 3738/3906 step 3,827,712 ret 509.55 len 239.8 kl 0.0028  sps 1751
upd 3739/3906 step 3,828,736 ret 508.33 len 239.8 kl 0.0026  sps 1751
upd 3740/3906 step 3,829,760 ret 502.38 len 244.8 kl 0.0026  sps 1751
upd 3741/3906 step 3,830,784 ret 493.35 len 241.7 kl 0.0026  sps 1751
upd 3742/3906 step 3,831,808 ret 510.15 len 250.3 kl 0.0021  sps 1751
upd 3743/3906 step 3,832,832 ret 511.79 len 260.2 kl 0.0037  sps 1751
upd 3744/3906 step 3,833,856 ret 501.74 len 252.5 kl 0.0028  sps 1751
upd 3745/3906 step 3,834,880 ret 515.25 len 259.4 kl 0.0029  sps 1751
upd 3746/3906 step 3,835,904 ret 545.67 len 275.1 kl 0.0022  sps 1751
upd 3747/3906 step 3,836,928 ret 538.3 len 273.6 kl 0.0022  sps 1751
upd 3748/3906 step 3,837,952 ret 542.58 len 273.4 kl 0.0014  sps 1751
upd 3749/3906 step 3,838,976 ret 558.65 len 277.9 kl 0.0035  sps 1751
upd 3750/3906 step 3,840,000 ret 554.47 len 266.1 kl 0.0017  sps 1751
upd 3751/3906 step 3,841,024 ret 548.32 len 266.1 kl 0.0037  sps 1751
upd 3752/3906 step 3,842,048 ret 553.44 len 264.6 kl 0.0036  sps 1751
upd 3753/3906 step 3,843,072 ret 544.81 len 252.2 kl 0.0017  sps 1751
upd 3754/3906 step 3,844,096 ret 555.35 len 263.9 kl 0.0017  sps 1751
upd 3755/3906 step 3,845,120 ret 546.38 len 256.2 kl 0.0011  sps 1751
upd 3756/3906 step 3,846,144 ret 532.65 len 249.1 kl 0.0028  sps 1751
upd 3757/3906 step 3,847,168 ret 533.11 len 251.6 kl 0.0037  sps 1751
upd 3758/3906 step 3,848,192 ret 496.35 len 238.3 kl 0.0020  sps 1751
upd 3759/3906 step 3,849,216 ret 513.05 len 246.0 kl 0.0017  sps 1751
upd 3760/3906 step 3,850,240 ret 512.03 len 247.4 kl 0.0017  sps 1751
upd 3761/3906 step 3,851,264 ret 527.21 len 252.4 kl 0.0024  sps 1751
upd 3762/3906 step 3,852,288 ret 526.58 len 251.5 kl 0.0030  sps 1751
upd 3763/3906 step 3,853,312 ret 525.63 len 253.3 kl 0.0024  sps 1751
upd 3764/3906 step 3,854,336 ret 541.0 len 253.3 kl 0.0025  sps 1751
upd 3765/3906 step 3,855,360 ret 552.96 len 261.0 kl 0.0020  sps 1751
upd 3766/3906 step 3,856,384 ret 552.34 len 261.8 kl 0.0019  sps 1751
upd 3767/3906 step 3,857,408 ret 553.01 len 264.1 kl 0.0020  sps 1751
upd 3768/3906 step 3,858,432 ret 562.16 len 265.8 kl 0.0025  sps 1751
upd 3769/3906 step 3,859,456 ret 586.25 len 279.9 kl 0.0020  sps 1751
upd 3770/3906 step 3,860,480 ret 587.7 len 279.9 kl 0.0018  sps 1751
upd 3771/3906 step 3,861,504 ret 574.65 len 279.9 kl 0.0019  sps 1751
upd 3772/3906 step 3,862,528 ret 565.1 len 275.4 kl 0.0022  sps 1751
upd 3773/3906 step 3,863,552 ret 563.37 len 274.4 kl 0.0012  sps 1751
upd 3774/3906 step 3,864,576 ret 577.86 len 278.7 kl 0.0017  sps 1751
upd 3775/3906 step 3,865,600 ret 573.32 len 274.9 kl 0.0017  sps 1751
upd 3776/3906 step 3,866,624 ret 569.66 len 271.1 kl 0.0013  sps 1751
upd 3777/3906 step 3,867,648 ret 556.76 len 264.7 kl 0.0015  sps 1751
upd 3778/3906 step 3,868,672 ret 559.36 len 264.7 kl 0.0016  sps 1751
upd 3779/3906 step 3,869,696 ret 566.29 len 261.4 kl 0.0027  sps 1751
upd 3780/3906 step 3,870,720 ret 531.01 len 246.8 kl 0.0019  sps 1751
upd 3781/3906 step 3,871,744 ret 527.07 len 246.8 kl 0.0011  sps 1751
upd 3782/3906 step 3,872,768 ret 537.25 len 251.6 kl 0.0011  sps 1751
upd 3783/3906 step 3,873,792 ret 531.27 len 248.3 kl 0.0015  sps 1751
upd 3784/3906 step 3,874,816 ret 534.93 len 251.4 kl 0.0016  sps 1751
upd 3785/3906 step 3,875,840 ret 519.36 len 246.8 kl 0.0019  sps 1751
upd 3786/3906 step 3,876,864 ret 525.47 len 251.8 kl 0.0018  sps 1751
upd 3787/3906 step 3,877,888 ret 547.6 len 263.4 kl 0.0019  sps 1751
upd 3788/3906 step 3,878,912 ret 548.25 len 263.1 kl 0.0017  sps 1751
upd 3789/3906 step 3,879,936 ret 545.49 len 262.9 kl 0.0021  sps 1751
upd 3790/3906 step 3,880,960 ret 554.69 len 260.0 kl 0.0015  sps 1750
upd 3791/3906 step 3,881,984 ret 580.3 len 271.1 kl 0.0016  sps 1750
upd 3792/3906 step 3,883,008 ret 571.84 len 268.2 kl 0.0012  sps 1750
upd 3793/3906 step 3,884,032 ret 554.27 len 263.2 kl 0.0018  sps 1750
upd 3794/3906 step 3,885,056 ret 570.24 len 270.3 kl 0.0026  sps 1751
upd 3795/3906 step 3,886,080 ret 566.43 len 268.9 kl 0.0016  sps 1751
upd 3796/3906 step 3,887,104 ret 563.3 len 265.9 kl 0.0010  sps 1750
upd 3797/3906 step 3,888,128 ret 556.64 len 262.3 kl 0.0010  sps 1750
upd 3798/3906 step 3,889,152 ret 548.19 len 262.6 kl 0.0011  sps 1750
upd 3799/3906 step 3,890,176 ret 538.73 len 258.8 kl 0.0018  sps 1750
upd 3800/3906 step 3,891,200 ret 540.82 len 258.8 kl 0.0015  sps 1750
upd 3801/3906 step 3,892,224 ret 514.76 len 249.3 kl 0.0013  sps 1750
upd 3802/3906 step 3,893,248 ret 535.47 len 255.1 kl 0.0012  sps 1750
upd 3803/3906 step 3,894,272 ret 522.32 len 247.2 kl 0.0007  sps 1751
upd 3804/3906 step 3,895,296 ret 507.82 len 245.8 kl 0.0014  sps 1751
upd 3805/3906 step 3,896,320 ret 504.3 len 244.2 kl 0.0013  sps 1751
upd 3806/3906 step 3,897,344 ret 483.24 len 233.9 kl 0.0013  sps 1750
upd 3807/3906 step 3,898,368 ret 472.1 len 224.8 kl 0.0011  sps 1751
upd 3808/3906 step 3,899,392 ret 476.83 len 227.9 kl 0.0010  sps 1751
upd 3809/3906 step 3,900,416 ret 470.25 len 227.5 kl 0.0009  sps 1750
upd 3810/3906 step 3,901,440 ret 469.56 len 226.4 kl 0.0010  sps 1751
upd 3811/3906 step 3,902,464 ret 448.05 len 216.6 kl 0.0009  sps 1750
upd 3812/3906 step 3,903,488 ret 461.42 len 222.5 kl 0.0010  sps 1751
upd 3813/3906 step 3,904,512 ret 495.43 len 229.6 kl 0.0010  sps 1751
upd 3814/3906 step 3,905,536 ret 515.74 len 237.8 kl 0.0008  sps 1750
upd 3815/3906 step 3,906,560 ret 517.81 len 237.0 kl 0.0013  sps 1751
upd 3816/3906 step 3,907,584 ret 522.53 len 238.8 kl 0.0011  sps 1751
upd 3817/3906 step 3,908,608 ret 562.6 len 255.2 kl 0.0009  sps 1751
upd 3818/3906 step 3,909,632 ret 560.68 len 251.3 kl 0.0005  sps 1751
upd 3819/3906 step 3,910,656 ret 553.61 len 250.1 kl 0.0008  sps 1751
upd 3820/3906 step 3,911,680 ret 569.55 len 258.6 kl 0.0009  sps 1751
upd 3821/3906 step 3,912,704 ret 574.27 len 260.6 kl 0.0012  sps 1751
upd 3822/3906 step 3,913,728 ret 581.47 len 263.0 kl 0.0005  sps 1751
upd 3823/3906 step 3,914,752 ret 564.06 len 256.2 kl 0.0008  sps 1751
upd 3824/3906 step 3,915,776 ret 555.15 len 252.5 kl 0.0009  sps 1751
upd 3825/3906 step 3,916,800 ret 549.33 len 249.6 kl 0.0006  sps 1751
upd 3826/3906 step 3,917,824 ret 545.64 len 249.5 kl 0.0008  sps 1751
upd 3827/3906 step 3,918,848 ret 532.37 len 246.1 kl 0.0014  sps 1751
upd 3828/3906 step 3,919,872 ret 538.06 len 251.9 kl 0.0009  sps 1751
upd 3829/3906 step 3,920,896 ret 534.95 len 249.9 kl 0.0005  sps 1751
upd 3830/3906 step 3,921,920 ret 536.92 len 249.3 kl 0.0005  sps 1751
upd 3831/3906 step 3,922,944 ret 554.27 len 256.4 kl 0.0006  sps 1751
upd 3832/3906 step 3,923,968 ret 556.27 len 258.1 kl 0.0006  sps 1751
upd 3833/3906 step 3,924,992 ret 562.62 len 262.4 kl 0.0005  sps 1751
upd 3834/3906 step 3,926,016 ret 561.62 len 263.1 kl 0.0005  sps 1751
upd 3835/3906 step 3,927,040 ret 558.51 len 262.6 kl 0.0008  sps 1751
upd 3836/3906 step 3,928,064 ret 556.2 len 260.4 kl 0.0005  sps 1751
upd 3837/3906 step 3,929,088 ret 576.67 len 265.8 kl 0.0004  sps 1751
upd 3838/3906 step 3,930,112 ret 581.76 len 264.5 kl 0.0005  sps 1751
upd 3839/3906 step 3,931,136 ret 577.52 len 262.3 kl 0.0002  sps 1751
upd 3840/3906 step 3,932,160 ret 566.71 len 261.6 kl 0.0005  sps 1751
upd 3841/3906 step 3,933,184 ret 567.04 len 261.6 kl 0.0005  sps 1751
upd 3842/3906 step 3,934,208 ret 548.54 len 259.5 kl 0.0005  sps 1751
upd 3843/3906 step 3,935,232 ret 547.61 len 262.1 kl 0.0008  sps 1751
upd 3844/3906 step 3,936,256 ret 555.3 len 266.6 kl 0.0004  sps 1751
upd 3845/3906 step 3,937,280 ret 535.0 len 260.4 kl 0.0003  sps 1751
upd 3846/3906 step 3,938,304 ret 516.29 len 252.9 kl 0.0004  sps 1752
upd 3847/3906 step 3,939,328 ret 519.75 len 255.0 kl 0.0003  sps 1752
upd 3848/3906 step 3,940,352 ret 499.23 len 251.8 kl 0.0002  sps 1752
upd 3849/3906 step 3,941,376 ret 486.5 len 247.5 kl 0.0002  sps 1752
upd 3850/3906 step 3,942,400 ret 478.65 len 247.5 kl 0.0003  sps 1752
upd 3851/3906 step 3,943,424 ret 490.6 len 245.9 kl 0.0003  sps 1752
upd 3852/3906 step 3,944,448 ret 499.02 len 245.9 kl 0.0005  sps 1752
upd 3853/3906 step 3,945,472 ret 493.56 len 245.9 kl 0.0003  sps 1752
upd 3854/3906 step 3,946,496 ret 486.8 len 240.9 kl 0.0002  sps 1752
upd 3855/3906 step 3,947,520 ret 506.79 len 246.5 kl 0.0003  sps 1752
upd 3856/3906 step 3,948,544 ret 535.13 len 259.9 kl 0.0002  sps 1752
upd 3857/3906 step 3,949,568 ret 535.01 len 259.9 kl 0.0003  sps 1752
upd 3858/3906 step 3,950,592 ret 552.54 len 265.8 kl 0.0004  sps 1752
upd 3859/3906 step 3,951,616 ret 578.19 len 271.4 kl 0.0001  sps 1752
upd 3860/3906 step 3,952,640 ret 570.32 len 261.8 kl 0.0002  sps 1752
upd 3861/3906 step 3,953,664 ret 539.37 len 247.1 kl 0.0003  sps 1752
upd 3862/3906 step 3,954,688 ret 540.32 len 247.1 kl 0.0001  sps 1752
upd 3863/3906 step 3,955,712 ret 557.22 len 248.4 kl 0.0002  sps 1752
upd 3864/3906 step 3,956,736 ret 558.18 len 250.6 kl 0.0002  sps 1752
upd 3865/3906 step 3,957,760 ret 552.95 len 244.8 kl 0.0002  sps 1752
upd 3866/3906 step 3,958,784 ret 520.88 len 239.8 kl 0.0002  sps 1752
upd 3867/3906 step 3,959,808 ret 491.59 len 227.2 kl 0.0002  sps 1752
upd 3868/3906 step 3,960,832 ret 511.4 len 232.5 kl 0.0001  sps 1753
upd 3869/3906 step 3,961,856 ret 509.7 len 234.6 kl 0.0002  sps 1753
upd 3870/3906 step 3,962,880 ret 533.32 len 246.6 kl 0.0001  sps 1753
upd 3871/3906 step 3,963,904 ret 547.93 len 253.7 kl 0.0002  sps 1753
upd 3872/3906 step 3,964,928 ret 541.08 len 248.6 kl 0.0001  sps 1753
upd 3873/3906 step 3,965,952 ret 534.84 len 245.2 kl 0.0001  sps 1753
upd 3874/3906 step 3,966,976 ret 518.39 len 246.5 kl 0.0001  sps 1753
upd 3875/3906 step 3,968,000 ret 524.4 len 248.9 kl 0.0001  sps 1753
upd 3876/3906 step 3,969,024 ret 537.85 len 253.9 kl 0.0002  sps 1753
upd 3877/3906 step 3,970,048 ret 565.99 len 261.9 kl 0.0001  sps 1753
upd 3878/3906 step 3,971,072 ret 561.31 len 261.9 kl 0.0001  sps 1753
upd 3879/3906 step 3,972,096 ret 574.29 len 266.5 kl 0.0001  sps 1753
upd 3880/3906 step 3,973,120 ret 555.46 len 258.6 kl 0.0001  sps 1753
upd 3881/3906 step 3,974,144 ret 558.78 len 258.6 kl 0.0001  sps 1753
upd 3882/3906 step 3,975,168 ret 540.67 len 254.5 kl 0.0001  sps 1753
upd 3883/3906 step 3,976,192 ret 535.2 len 254.2 kl 0.0001  sps 1753
upd 3884/3906 step 3,977,216 ret 559.73 len 258.8 kl 0.0001  sps 1753
upd 3885/3906 step 3,978,240 ret 555.63 len 258.0 kl 0.0001  sps 1753
upd 3886/3906 step 3,979,264 ret 555.48 len 258.0 kl 0.0000  sps 1753
upd 3887/3906 step 3,980,288 ret 544.71 len 254.3 kl 0.0001  sps 1753
upd 3888/3906 step 3,981,312 ret 551.64 len 256.2 kl 0.0000  sps 1753
upd 3889/3906 step 3,982,336 ret 555.03 len 256.5 kl 0.0000  sps 1753
upd 3890/3906 step 3,983,360 ret 555.48 len 256.5 kl 0.0000  sps 1753
upd 3891/3906 step 3,984,384 ret 575.41 len 267.0 kl 0.0000  sps 1753
upd 3892/3906 step 3,985,408 ret 586.52 len 269.0 kl 0.0000  sps 1753
upd 3893/3906 step 3,986,432 ret 581.65 len 268.0 kl 0.0000  sps 1753
upd 3894/3906 step 3,987,456 ret 569.41 len 263.0 kl 0.0000  sps 1753
upd 3895/3906 step 3,988,480 ret 565.4 len 260.7 kl 0.0000  sps 1753
upd 3896/3906 step 3,989,504 ret 541.69 len 249.8 kl 0.0000  sps 1753
upd 3897/3906 step 3,990,528 ret 530.56 len 245.3 kl 0.0000  sps 1753
upd 3898/3906 step 3,991,552 ret 541.66 len 252.2 kl 0.0000  sps 1753
upd 3899/3906 step 3,992,576 ret 502.75 len 235.3 kl 0.0000  sps 1753
upd 3900/3906 step 3,993,600 ret 490.25 len 230.6 kl 0.0000  sps 1753
upd 3901/3906 step 3,994,624 ret 494.44 len 233.0 kl 0.0000  sps 1753
upd 3902/3906 step 3,995,648 ret 495.34 len 235.0 kl 0.0000  sps 1753
upd 3903/3906 step 3,996,672 ret 515.84 len 244.6 kl 0.0000  sps 1753
upd 3904/3906 step 3,997,696 ret 536.75 len 249.6 kl 0.0000  sps 1753
upd 3905/3906 step 3,998,720 ret 536.9 len 252.3 kl 0.0000  sps 1753
upd 3906/3906 step 3,999,744 ret 548.49 len 256.7 kl 0.0000  sps 1753
done: 3,999,744 steps -> runs/recover3_capped/latest.pt
