device cuda | 8 envs (async) | batch 2048 | 1464 updates to 3,000,000 steps | DR=on push=0.03
upd    1/1464 step     2,048 ret None len None kl 0.0343* sps 1452
upd    2/1464 step     4,096 ret 217.99 len 300.0 kl 0.0328* sps 1805
upd    3/1464 step     6,144 ret 238.51 len 300.0 kl 0.0247  sps 1960
upd    4/1464 step     8,192 ret 232.91 len 300.0 kl 0.0321* sps 2078
upd    5/1464 step    10,240 ret 229.41 len 300.0 kl 0.0315* sps 2207
upd    6/1464 step    12,288 ret 223.82 len 300.0 kl 0.0307* sps 2264
upd    7/1464 step    14,336 ret 223.82 len 300.0 kl 0.0307* sps 2309
upd    8/1464 step    16,384 ret 227.33 len 300.0 kl 0.0307* sps 2303
upd    9/1464 step    18,432 ret 205.06 len 300.0 kl 0.0339* sps 2352
upd   10/1464 step    20,480 ret 218.88 len 300.0 kl 0.0301* sps 2392
upd   11/1464 step    22,528 ret 233.9 len 298.5 kl 0.0331* sps 2404
upd   12/1464 step    24,576 ret 237.53 len 298.5 kl 0.0309* sps 2420
upd   13/1464 step    26,624 ret 224.9 len 298.5 kl 0.0348* sps 2423
upd   14/1464 step    28,672 ret 224.24 len 298.5 kl 0.0368* sps 2438
upd   15/1464 step    30,720 ret 228.85 len 298.5 kl 0.0372* sps 2439
upd   16/1464 step    32,768 ret 191.66 len 298.5 kl 0.0315* sps 2445
upd   17/1464 step    34,816 ret 186.82 len 284.5 kl 0.0309* sps 2443
upd   18/1464 step    36,864 ret 164.0 len 284.5 kl 0.0350* sps 2434
upd   19/1464 step    38,912 ret 182.23 len 277.2 kl 0.0312* sps 2419
upd   20/1464 step    40,960 ret 170.44 len 277.2 kl 0.0344* sps 2427
upd   21/1464 step    43,008 ret 173.3 len 271.9 kl 0.0340* sps 2427
upd   22/1464 step    45,056 ret 166.89 len 274.6 kl 0.0324* sps 2426
upd   23/1464 step    47,104 ret 190.31 len 286.4 kl 0.0303* sps 2425
upd   24/1464 step    49,152 ret 193.79 len 286.4 kl 0.0361* sps 2418
upd   25/1464 step    51,200 ret 187.24 len 293.6 kl 0.0317* sps 2410
upd   26/1464 step    53,248 ret 204.09 len 282.1 kl 0.0310* sps 2415
upd   27/1464 step    55,296 ret 206.34 len 260.4 kl 0.0335* sps 2418
upd   28/1464 step    57,344 ret 190.92 len 244.6 kl 0.0378* sps 2416
upd   29/1464 step    59,392 ret 201.34 len 222.1 kl 0.0327* sps 2410
upd   30/1464 step    61,440 ret 210.53 len 233.2 kl 0.0262  sps 2410
upd   31/1464 step    63,488 ret 199.12 len 233.9 kl 0.0348* sps 2424
upd   32/1464 step    65,536 ret 185.85 len 248.8 kl 0.0337* sps 2430
upd   33/1464 step    67,584 ret 184.84 len 254.8 kl 0.0330* sps 2434
upd   34/1464 step    69,632 ret 200.72 len 268.9 kl 0.0306* sps 2444
upd   35/1464 step    71,680 ret 210.2 len 265.8 kl 0.0380* sps 2449
upd   36/1464 step    73,728 ret 207.66 len 264.7 kl 0.0346* sps 2459
upd   37/1464 step    75,776 ret 231.41 len 269.0 kl 0.0340* sps 2460
upd   38/1464 step    77,824 ret 230.93 len 262.8 kl 0.0307* sps 2456
upd   39/1464 step    79,872 ret 192.55 len 264.4 kl 0.0308* sps 2463
upd   40/1464 step    81,920 ret 177.44 len 263.8 kl 0.0312* sps 2474
upd   41/1464 step    83,968 ret 163.36 len 277.2 kl 0.0431* sps 2480
upd   42/1464 step    86,016 ret 190.52 len 276.8 kl 0.0376* sps 2482
upd   43/1464 step    88,064 ret 192.03 len 277.9 kl 0.0387* sps 2491
upd   44/1464 step    90,112 ret 218.76 len 282.4 kl 0.0314* sps 2497
upd   45/1464 step    92,160 ret 227.02 len 259.8 kl 0.0408* sps 2494
upd   46/1464 step    94,208 ret 234.05 len 250.3 kl 0.0372* sps 2503
upd   47/1464 step    96,256 ret 209.53 len 246.9 kl 0.0350* sps 2504
upd   48/1464 step    98,304 ret 228.23 len 248.2 kl 0.0368* sps 2513
upd   49/1464 step   100,352 ret 212.81 len 248.2 kl 0.0387* sps 2521
upd   50/1464 step   102,400 ret 227.62 len 255.5 kl 0.0297  sps 2529
upd   51/1464 step   104,448 ret 269.19 len 254.8 kl 0.0347* sps 2531
upd   52/1464 step   106,496 ret 278.19 len 265.8 kl 0.0340* sps 2528
upd   53/1464 step   108,544 ret 257.26 len 268.8 kl 0.0313* sps 2530
upd   54/1464 step   110,592 ret 257.88 len 255.3 kl 0.0321* sps 2528
upd   55/1464 step   112,640 ret 242.46 len 261.3 kl 0.0345* sps 2524
upd   56/1464 step   114,688 ret 209.54 len 264.5 kl 0.0308* sps 2533
upd   57/1464 step   116,736 ret 197.77 len 257.3 kl 0.0432* sps 2533
upd   58/1464 step   118,784 ret 234.57 len 247.9 kl 0.0359* sps 2536
upd   59/1464 step   120,832 ret 224.37 len 255.8 kl 0.0358* sps 2540
upd   60/1464 step   122,880 ret 229.32 len 258.1 kl 0.0458* sps 2540
upd   61/1464 step   124,928 ret 251.55 len 261.1 kl 0.0310* sps 2536
upd   62/1464 step   126,976 ret 264.19 len 266.8 kl 0.0287  sps 2535
upd   63/1464 step   129,024 ret 253.2 len 267.6 kl 0.0356* sps 2533
upd   64/1464 step   131,072 ret 253.67 len 265.1 kl 0.0302* sps 2533
upd   65/1464 step   133,120 ret 256.67 len 266.5 kl 0.0321* sps 2532
upd   66/1464 step   135,168 ret 246.86 len 269.1 kl 0.0318* sps 2535
upd   67/1464 step   137,216 ret 235.74 len 269.9 kl 0.0372* sps 2535
upd   68/1464 step   139,264 ret 245.95 len 280.8 kl 0.0343* sps 2533
upd   69/1464 step   141,312 ret 262.7 len 281.4 kl 0.0326* sps 2530
upd   70/1464 step   143,360 ret 263.0 len 283.9 kl 0.0316* sps 2534
upd   71/1464 step   145,408 ret 274.1 len 282.1 kl 0.0335* sps 2533
upd   72/1464 step   147,456 ret 318.05 len 274.9 kl 0.0331* sps 2531
upd   73/1464 step   149,504 ret 296.0 len 270.2 kl 0.0306* sps 2532
upd   74/1464 step   151,552 ret 271.17 len 259.4 kl 0.0327* sps 2531
upd   75/1464 step   153,600 ret 269.33 len 252.5 kl 0.0329* sps 2532
upd   76/1464 step   155,648 ret 253.58 len 258.3 kl 0.0319* sps 2534
upd   77/1464 step   157,696 ret 264.83 len 263.1 kl 0.0340* sps 2534
upd   78/1464 step   159,744 ret 271.65 len 272.6 kl 0.0317* sps 2534
upd   79/1464 step   161,792 ret 285.82 len 277.8 kl 0.0311* sps 2531
upd   80/1464 step   163,840 ret 293.59 len 281.0 kl 0.0321* sps 2529
upd   81/1464 step   165,888 ret 298.05 len 282.5 kl 0.0376* sps 2531
upd   82/1464 step   167,936 ret 293.59 len 274.2 kl 0.0300* sps 2531
upd   83/1464 step   169,984 ret 272.77 len 275.1 kl 0.0338* sps 2532
upd   84/1464 step   172,032 ret 280.0 len 278.1 kl 0.0346* sps 2533
upd   85/1464 step   174,080 ret 300.98 len 276.8 kl 0.0335* sps 2530
upd   86/1464 step   176,128 ret 313.86 len 270.9 kl 0.0347* sps 2531
upd   87/1464 step   178,176 ret 296.31 len 262.9 kl 0.0340* sps 2531
upd   88/1464 step   180,224 ret 309.38 len 267.4 kl 0.0314* sps 2531
upd   89/1464 step   182,272 ret 285.74 len 267.4 kl 0.0301* sps 2534
upd   90/1464 step   184,320 ret 290.84 len 268.6 kl 0.0340* sps 2533
upd   91/1464 step   186,368 ret 250.92 len 281.4 kl 0.0301* sps 2533
upd   92/1464 step   188,416 ret 241.93 len 271.3 kl 0.0342* sps 2533
upd   93/1464 step   190,464 ret 267.62 len 281.9 kl 0.0349* sps 2535
upd   94/1464 step   192,512 ret 254.38 len 276.4 kl 0.0264  sps 2536
upd   95/1464 step   194,560 ret 251.76 len 269.3 kl 0.0306* sps 2538
upd   96/1464 step   196,608 ret 265.74 len 261.0 kl 0.0365* sps 2537
upd   97/1464 step   198,656 ret 242.63 len 268.8 kl 0.0313* sps 2540
upd   98/1464 step   200,704 ret 213.36 len 269.2 kl 0.0328* sps 2541
upd   99/1464 step   202,752 ret 201.48 len 239.3 kl 0.0303* sps 2539
upd  100/1464 step   204,800 ret 193.65 len 248.2 kl 0.0308* sps 2535
upd  101/1464 step   206,848 ret 200.28 len 253.3 kl 0.0322* sps 2533
upd  102/1464 step   208,896 ret 222.47 len 260.9 kl 0.0351* sps 2533
upd  103/1464 step   210,944 ret 225.18 len 249.3 kl 0.0387* sps 2535
upd  104/1464 step   212,992 ret 256.68 len 268.7 kl 0.0389* sps 2536
upd  105/1464 step   215,040 ret 238.47 len 274.4 kl 0.0306* sps 2534
upd  106/1464 step   217,088 ret 270.83 len 261.6 kl 0.0324* sps 2534
upd  107/1464 step   219,136 ret 224.88 len 261.7 kl 0.0289  sps 2533
upd  108/1464 step   221,184 ret 209.39 len 248.1 kl 0.0318* sps 2534
upd  109/1464 step   223,232 ret 211.52 len 241.8 kl 0.0312* sps 2534
upd  110/1464 step   225,280 ret 224.17 len 253.6 kl 0.0327* sps 2535
upd  111/1464 step   227,328 ret 219.76 len 251.3 kl 0.0351* sps 2533
upd  112/1464 step   229,376 ret 247.42 len 263.5 kl 0.0388* sps 2534
upd  113/1464 step   231,424 ret 252.93 len 273.3 kl 0.0310* sps 2535
upd  114/1464 step   233,472 ret 255.33 len 274.8 kl 0.0356* sps 2534
upd  115/1464 step   235,520 ret 254.36 len 274.8 kl 0.0307* sps 2536
upd  116/1464 step   237,568 ret 275.41 len 278.1 kl 0.0361* sps 2535
upd  117/1464 step   239,616 ret 275.65 len 272.0 kl 0.0302* sps 2536
upd  118/1464 step   241,664 ret 272.61 len 277.7 kl 0.0323* sps 2537
upd  119/1464 step   243,712 ret 300.85 len 280.8 kl 0.0303* sps 2538
upd  120/1464 step   245,760 ret 347.62 len 281.4 kl 0.0352* sps 2541
upd  121/1464 step   247,808 ret 352.71 len 278.8 kl 0.0364* sps 2539
upd  122/1464 step   249,856 ret 363.02 len 276.9 kl 0.0367* sps 2537
upd  123/1464 step   251,904 ret 332.4 len 282.4 kl 0.0317* sps 2537
upd  124/1464 step   253,952 ret 331.41 len 273.4 kl 0.0310* sps 2540
upd  125/1464 step   256,000 ret 289.85 len 264.7 kl 0.0337* sps 2543
upd  126/1464 step   258,048 ret 279.16 len 268.1 kl 0.0316* sps 2546
upd  127/1464 step   260,096 ret 263.16 len 271.3 kl 0.0392* sps 2545
upd  128/1464 step   262,144 ret 235.91 len 272.1 kl 0.0304* sps 2547
upd  129/1464 step   264,192 ret 258.93 len 269.5 kl 0.0312* sps 2547
upd  130/1464 step   266,240 ret 261.84 len 271.2 kl 0.0416* sps 2547
upd  131/1464 step   268,288 ret 294.69 len 272.6 kl 0.0319* sps 2550
upd  132/1464 step   270,336 ret 304.25 len 256.4 kl 0.0313* sps 2553
upd  133/1464 step   272,384 ret 328.08 len 254.2 kl 0.0306* sps 2553
upd  134/1464 step   274,432 ret 310.22 len 258.8 kl 0.0287  sps 2553
upd  135/1464 step   276,480 ret 288.58 len 255.6 kl 0.0321* sps 2553
upd  136/1464 step   278,528 ret 247.29 len 250.1 kl 0.0307* sps 2554
upd  137/1464 step   280,576 ret 240.47 len 266.4 kl 0.0311* sps 2555
upd  138/1464 step   282,624 ret 223.04 len 259.0 kl 0.0324* sps 2558
upd  139/1464 step   284,672 ret 224.45 len 253.4 kl 0.0309* sps 2559
upd  140/1464 step   286,720 ret 227.06 len 260.6 kl 0.0328* sps 2562
upd  141/1464 step   288,768 ret 230.86 len 262.6 kl 0.0309* sps 2564
upd  142/1464 step   290,816 ret 221.2 len 264.6 kl 0.0340* sps 2564
upd  143/1464 step   292,864 ret 184.87 len 275.3 kl 0.0320* sps 2564
upd  144/1464 step   294,912 ret 210.91 len 273.4 kl 0.0326* sps 2568
upd  145/1464 step   296,960 ret 217.29 len 271.6 kl 0.0318* sps 2568
upd  146/1464 step   299,008 ret 224.16 len 274.4 kl 0.0334* sps 2567
upd  147/1464 step   301,056 ret 223.85 len 274.5 kl 0.0311* sps 2565
upd  148/1464 step   303,104 ret 222.28 len 274.5 kl 0.0387* sps 2561
upd  149/1464 step   305,152 ret 232.53 len 279.5 kl 0.0310* sps 2560
upd  150/1464 step   307,200 ret 247.62 len 278.2 kl 0.0350* sps 2562
upd  151/1464 step   309,248 ret 255.09 len 280.1 kl 0.0356* sps 2560
upd  152/1464 step   311,296 ret 251.24 len 292.3 kl 0.0343* sps 2559
upd  153/1464 step   313,344 ret 278.8 len 290.4 kl 0.0302* sps 2560
upd  154/1464 step   315,392 ret 321.13 len 276.0 kl 0.0311* sps 2560
upd  155/1464 step   317,440 ret 252.03 len 267.7 kl 0.0335* sps 2561
upd  156/1464 step   319,488 ret 278.87 len 246.2 kl 0.0314* sps 2562
upd  157/1464 step   321,536 ret 254.04 len 242.3 kl 0.0315* sps 2563
upd  158/1464 step   323,584 ret 277.49 len 239.3 kl 0.0322* sps 2565
upd  159/1464 step   325,632 ret 250.73 len 233.8 kl 0.0391* sps 2565
upd  160/1464 step   327,680 ret 279.24 len 246.8 kl 0.0362* sps 2566
upd  161/1464 step   329,728 ret 254.86 len 261.8 kl 0.0374* sps 2565
upd  162/1464 step   331,776 ret 253.49 len 266.9 kl 0.0309* sps 2564
upd  163/1464 step   333,824 ret 255.69 len 264.5 kl 0.0304* sps 2567
upd  164/1464 step   335,872 ret 264.61 len 274.6 kl 0.0310* sps 2568
upd  165/1464 step   337,920 ret 255.88 len 284.0 kl 0.0331* sps 2569
upd  166/1464 step   339,968 ret 249.66 len 279.9 kl 0.0309* sps 2569
upd  167/1464 step   342,016 ret 271.8 len 283.4 kl 0.0309* sps 2570
upd  168/1464 step   344,064 ret 281.36 len 270.8 kl 0.0424* sps 2570
upd  169/1464 step   346,112 ret 245.99 len 268.2 kl 0.0315* sps 2570
upd  170/1464 step   348,160 ret 246.75 len 273.9 kl 0.0373* sps 2568
upd  171/1464 step   350,208 ret 245.19 len 267.1 kl 0.0303* sps 2567
upd  172/1464 step   352,256 ret 264.56 len 267.9 kl 0.0346* sps 2567
upd  173/1464 step   354,304 ret 254.34 len 283.9 kl 0.0429* sps 2568
upd  174/1464 step   356,352 ret 272.37 len 284.8 kl 0.0337* sps 2568
upd  175/1464 step   358,400 ret 277.43 len 287.4 kl 0.0341* sps 2569
upd  176/1464 step   360,448 ret 292.0 len 287.7 kl 0.0325* sps 2569
upd  177/1464 step   362,496 ret 276.46 len 287.7 kl 0.0327* sps 2569
upd  178/1464 step   364,544 ret 287.37 len 280.3 kl 0.0314* sps 2570
upd  179/1464 step   366,592 ret 260.5 len 274.9 kl 0.0336* sps 2569
upd  180/1464 step   368,640 ret 241.9 len 273.2 kl 0.0412* sps 2569
upd  181/1464 step   370,688 ret 257.28 len 273.6 kl 0.0301* sps 2570
upd  182/1464 step   372,736 ret 271.71 len 273.6 kl 0.0324* sps 2571
upd  183/1464 step   374,784 ret 238.34 len 284.3 kl 0.0355* sps 2573
upd  184/1464 step   376,832 ret 224.8 len 272.2 kl 0.0308* sps 2573
upd  185/1464 step   378,880 ret 236.22 len 270.3 kl 0.0358* sps 2572
upd  186/1464 step   380,928 ret 223.86 len 261.1 kl 0.0305* sps 2572
upd  187/1464 step   382,976 ret 216.48 len 251.0 kl 0.0439* sps 2572
upd  188/1464 step   385,024 ret 251.97 len 241.3 kl 0.0322* sps 2571
upd  189/1464 step   387,072 ret 250.9 len 253.5 kl 0.0323* sps 2570
upd  190/1464 step   389,120 ret 250.09 len 253.6 kl 0.0339* sps 2570
upd  191/1464 step   391,168 ret 267.52 len 257.6 kl 0.0371* sps 2570
upd  192/1464 step   393,216 ret 278.14 len 268.7 kl 0.0326* sps 2570
upd  193/1464 step   395,264 ret 278.84 len 275.1 kl 0.0346* sps 2569
upd  194/1464 step   397,312 ret 278.62 len 275.1 kl 0.0319* sps 2566
upd  195/1464 step   399,360 ret 298.38 len 271.9 kl 0.0354* sps 2565
upd  196/1464 step   401,408 ret 301.53 len 279.1 kl 0.0313* sps 2563
upd  197/1464 step   403,456 ret 317.54 len 277.6 kl 0.0303* sps 2561
upd  198/1464 step   405,504 ret 317.54 len 271.1 kl 0.0349* sps 2561
upd  199/1464 step   407,552 ret 280.07 len 268.6 kl 0.0301* sps 2561
upd  200/1464 step   409,600 ret 290.71 len 271.8 kl 0.0301* sps 2559
upd  201/1464 step   411,648 ret 313.12 len 270.7 kl 0.0326* sps 2556
upd  202/1464 step   413,696 ret 285.46 len 272.2 kl 0.0312* sps 2553
upd  203/1464 step   415,744 ret 269.64 len 279.0 kl 0.0315* sps 2551
upd  204/1464 step   417,792 ret 278.74 len 288.4 kl 0.0333* sps 2548
upd  205/1464 step   419,840 ret 260.76 len 288.4 kl 0.0363* sps 2547
upd  206/1464 step   421,888 ret 259.84 len 287.5 kl 0.0303* sps 2546
upd  207/1464 step   423,936 ret 240.94 len 275.9 kl 0.0310* sps 2545
upd  208/1464 step   425,984 ret 245.51 len 277.1 kl 0.0351* sps 2544
upd  209/1464 step   428,032 ret 305.7 len 276.5 kl 0.0276  sps 2542
upd  210/1464 step   430,080 ret 302.08 len 268.7 kl 0.0379* sps 2541
upd  211/1464 step   432,128 ret 307.83 len 263.9 kl 0.0325* sps 2541
upd  212/1464 step   434,176 ret 331.04 len 270.5 kl 0.0235  sps 2539
upd  213/1464 step   436,224 ret 330.11 len 283.0 kl 0.0336* sps 2538
upd  214/1464 step   438,272 ret 295.78 len 275.9 kl 0.0311* sps 2537
upd  215/1464 step   440,320 ret 288.73 len 279.7 kl 0.0335* sps 2536
upd  216/1464 step   442,368 ret 277.42 len 282.8 kl 0.0308* sps 2535
upd  217/1464 step   444,416 ret 301.72 len 287.5 kl 0.0344* sps 2534
upd  218/1464 step   446,464 ret 313.91 len 287.3 kl 0.0366* sps 2533
upd  219/1464 step   448,512 ret 375.01 len 281.2 kl 0.0316* sps 2531
upd  220/1464 step   450,560 ret 402.57 len 286.1 kl 0.0324* sps 2529
upd  221/1464 step   452,608 ret 417.53 len 286.1 kl 0.0281  sps 2527
upd  222/1464 step   454,656 ret 405.17 len 279.8 kl 0.0276  sps 2524
upd  223/1464 step   456,704 ret 421.55 len 280.6 kl 0.0310* sps 2523
upd  224/1464 step   458,752 ret 358.94 len 271.7 kl 0.0320* sps 2521
upd  225/1464 step   460,800 ret 330.16 len 275.7 kl 0.0317* sps 2519
upd  226/1464 step   462,848 ret 300.05 len 269.0 kl 0.0305* sps 2517
upd  227/1464 step   464,896 ret 334.41 len 270.6 kl 0.0345* sps 2517
upd  228/1464 step   466,944 ret 348.0 len 275.8 kl 0.0311* sps 2515
upd  229/1464 step   468,992 ret 316.17 len 281.9 kl 0.0362* sps 2516
upd  230/1464 step   471,040 ret 315.12 len 287.1 kl 0.0285  sps 2515
upd  231/1464 step   473,088 ret 319.7 len 293.8 kl 0.0323* sps 2515
upd  232/1464 step   475,136 ret 348.12 len 293.8 kl 0.0328* sps 2516
upd  233/1464 step   477,184 ret 320.53 len 288.5 kl 0.0332* sps 2516
upd  234/1464 step   479,232 ret 331.64 len 285.9 kl 0.0329* sps 2515
upd  235/1464 step   481,280 ret 343.78 len 283.9 kl 0.0318* sps 2515
upd  236/1464 step   483,328 ret 389.13 len 283.9 kl 0.0347* sps 2515
upd  237/1464 step   485,376 ret 354.66 len 281.5 kl 0.0311* sps 2515
upd  238/1464 step   487,424 ret 332.83 len 270.4 kl 0.0335* sps 2515
upd  239/1464 step   489,472 ret 311.68 len 280.2 kl 0.0383* sps 2514
upd  240/1464 step   491,520 ret 311.42 len 286.5 kl 0.0324* sps 2512
upd  241/1464 step   493,568 ret 314.74 len 286.5 kl 0.0348* sps 2509
upd  242/1464 step   495,616 ret 286.59 len 287.9 kl 0.0347* sps 2507
upd  243/1464 step   497,664 ret 300.37 len 281.8 kl 0.0321* sps 2504
upd  244/1464 step   499,712 ret 278.26 len 279.3 kl 0.0403* sps 2501
upd  245/1464 step   501,760 ret 268.99 len 275.1 kl 0.0323* sps 2500
upd  246/1464 step   503,808 ret 231.79 len 260.1 kl 0.0307* sps 2498
upd  247/1464 step   505,856 ret 246.22 len 261.0 kl 0.0302* sps 2498
upd  248/1464 step   507,904 ret 247.35 len 260.7 kl 0.0291  sps 2497
upd  249/1464 step   509,952 ret 257.07 len 270.5 kl 0.0310* sps 2496
upd  250/1464 step   512,000 ret 237.09 len 275.7 kl 0.0345* sps 2495
upd  251/1464 step   514,048 ret 261.44 len 280.4 kl 0.0303* sps 2494
upd  252/1464 step   516,096 ret 263.46 len 273.2 kl 0.0228  sps 2490
upd  253/1464 step   518,144 ret 280.47 len 279.7 kl 0.0269  sps 2490
upd  254/1464 step   520,192 ret 265.52 len 266.9 kl 0.0278  sps 2490
upd  255/1464 step   522,240 ret 258.07 len 269.9 kl 0.0333* sps 2489
upd  256/1464 step   524,288 ret 244.55 len 270.4 kl 0.0362* sps 2490
upd  257/1464 step   526,336 ret 257.06 len 275.6 kl 0.0349* sps 2489
upd  258/1464 step   528,384 ret 286.35 len 275.6 kl 0.0332* sps 2488
upd  259/1464 step   530,432 ret 292.3 len 285.4 kl 0.0321* sps 2488
upd  260/1464 step   532,480 ret 328.11 len 275.4 kl 0.0305* sps 2487
upd  261/1464 step   534,528 ret 336.31 len 278.6 kl 0.0305* sps 2486
upd  262/1464 step   536,576 ret 351.28 len 279.5 kl 0.0319* sps 2485
upd  263/1464 step   538,624 ret 300.76 len 277.0 kl 0.0335* sps 2486
upd  264/1464 step   540,672 ret 264.58 len 274.1 kl 0.0313* sps 2485
upd  265/1464 step   542,720 ret 239.45 len 282.6 kl 0.0337* sps 2484
upd  266/1464 step   544,768 ret 241.7 len 282.4 kl 0.0368* sps 2484
upd  267/1464 step   546,816 ret 258.88 len 270.1 kl 0.0328* sps 2483
upd  268/1464 step   548,864 ret 242.13 len 249.3 kl 0.0301* sps 2482
upd  269/1464 step   550,912 ret 259.55 len 243.0 kl 0.0348* sps 2482
upd  270/1464 step   552,960 ret 302.12 len 240.1 kl 0.0302* sps 2481
upd  271/1464 step   555,008 ret 259.34 len 231.1 kl 0.0276  sps 2481
upd  272/1464 step   557,056 ret 233.58 len 252.8 kl 0.0329* sps 2481
upd  273/1464 step   559,104 ret 269.15 len 266.6 kl 0.0312* sps 2481
upd  274/1464 step   561,152 ret 300.04 len 266.8 kl 0.0344* sps 2480
upd  275/1464 step   563,200 ret 261.06 len 258.9 kl 0.0390* sps 2479
upd  276/1464 step   565,248 ret 257.41 len 268.6 kl 0.0349* sps 2478
upd  277/1464 step   567,296 ret 296.57 len 258.0 kl 0.0340* sps 2477
upd  278/1464 step   569,344 ret 286.02 len 260.1 kl 0.0326* sps 2475
upd  279/1464 step   571,392 ret 234.29 len 252.9 kl 0.0269  sps 2473
upd  280/1464 step   573,440 ret 223.81 len 258.7 kl 0.0368* sps 2473
upd  281/1464 step   575,488 ret 218.03 len 256.4 kl 0.0342* sps 2473
upd  282/1464 step   577,536 ret 242.22 len 267.1 kl 0.0282  sps 2472
upd  283/1464 step   579,584 ret 254.84 len 273.1 kl 0.0339* sps 2472
upd  284/1464 step   581,632 ret 265.36 len 283.2 kl 0.0338* sps 2471
upd  285/1464 step   583,680 ret 278.17 len 288.7 kl 0.0373* sps 2470
upd  286/1464 step   585,728 ret 333.01 len 292.3 kl 0.0315* sps 2468
upd  287/1464 step   587,776 ret 319.67 len 287.2 kl 0.0304* sps 2467
upd  288/1464 step   589,824 ret 295.53 len 283.1 kl 0.0357* sps 2466
upd  289/1464 step   591,872 ret 296.19 len 282.9 kl 0.0306* sps 2464
upd  290/1464 step   593,920 ret 325.58 len 282.9 kl 0.0416* sps 2462
upd  291/1464 step   595,968 ret 325.2 len 282.9 kl 0.0264  sps 2462
upd  292/1464 step   598,016 ret 272.0 len 279.3 kl 0.0327* sps 2460
upd  293/1464 step   600,064 ret 276.47 len 281.9 kl 0.0340* sps 2460
upd  294/1464 step   602,112 ret 270.83 len 275.1 kl 0.0312* sps 2459
upd  295/1464 step   604,160 ret 272.57 len 269.9 kl 0.0306* sps 2458
upd  296/1464 step   606,208 ret 274.16 len 267.1 kl 0.0278  sps 2456
upd  297/1464 step   608,256 ret 274.38 len 267.6 kl 0.0309* sps 2455
upd  298/1464 step   610,304 ret 271.65 len 266.0 kl 0.0313* sps 2454
upd  299/1464 step   612,352 ret 285.49 len 270.4 kl 0.0313* sps 2453
upd  300/1464 step   614,400 ret 315.02 len 270.0 kl 0.0271  sps 2452
upd  301/1464 step   616,448 ret 296.87 len 268.1 kl 0.0376* sps 2452
upd  302/1464 step   618,496 ret 282.51 len 268.1 kl 0.0321* sps 2452
upd  303/1464 step   620,544 ret 266.08 len 280.4 kl 0.0307* sps 2452
upd  304/1464 step   622,592 ret 279.7 len 285.5 kl 0.0300  sps 2451
upd  305/1464 step   624,640 ret 284.59 len 280.9 kl 0.0307* sps 2451
upd  306/1464 step   626,688 ret 297.12 len 272.6 kl 0.0308* sps 2452
upd  307/1464 step   628,736 ret 313.04 len 266.8 kl 0.0328* sps 2451
upd  308/1464 step   630,784 ret 335.9 len 266.8 kl 0.0327* sps 2450
upd  309/1464 step   632,832 ret 356.41 len 257.6 kl 0.0309* sps 2449
upd  310/1464 step   634,880 ret 354.05 len 263.9 kl 0.0307* sps 2449
upd  311/1464 step   636,928 ret 340.11 len 265.1 kl 0.0301* sps 2449
upd  312/1464 step   638,976 ret 295.12 len 277.6 kl 0.0304* sps 2448
upd  313/1464 step   641,024 ret 300.76 len 282.1 kl 0.0272  sps 2447
upd  314/1464 step   643,072 ret 271.89 len 282.2 kl 0.0400* sps 2445
upd  315/1464 step   645,120 ret 220.64 len 285.6 kl 0.0302* sps 2445
upd  316/1464 step   647,168 ret 227.67 len 288.1 kl 0.0275  sps 2443
upd  317/1464 step   649,216 ret 226.12 len 281.3 kl 0.0269  sps 2441
upd  318/1464 step   651,264 ret 245.72 len 282.6 kl 0.0327* sps 2441
upd  319/1464 step   653,312 ret 251.44 len 284.9 kl 0.0272  sps 2440
upd  320/1464 step   655,360 ret 279.41 len 277.8 kl 0.0289  sps 2439
upd  321/1464 step   657,408 ret 299.58 len 248.4 kl 0.0299  sps 2438
upd  322/1464 step   659,456 ret 297.26 len 260.2 kl 0.0324* sps 2437
upd  323/1464 step   661,504 ret 296.71 len 260.2 kl 0.0310* sps 2437
upd  324/1464 step   663,552 ret 347.49 len 261.4 kl 0.0264  sps 2436
upd  325/1464 step   665,600 ret 324.33 len 264.6 kl 0.0304* sps 2435
upd  326/1464 step   667,648 ret 350.47 len 281.9 kl 0.0324* sps 2434
upd  327/1464 step   669,696 ret 306.01 len 282.0 kl 0.0336* sps 2433
upd  328/1464 step   671,744 ret 283.71 len 275.7 kl 0.0328* sps 2433
upd  329/1464 step   673,792 ret 278.22 len 277.9 kl 0.0399* sps 2432
upd  330/1464 step   675,840 ret 288.9 len 281.8 kl 0.0324* sps 2431
upd  331/1464 step   677,888 ret 302.33 len 275.0 kl 0.0264  sps 2430
upd  332/1464 step   679,936 ret 329.69 len 273.6 kl 0.0248  sps 2430
upd  333/1464 step   681,984 ret 311.02 len 291.8 kl 0.0275  sps 2428
upd  334/1464 step   684,032 ret 273.52 len 279.8 kl 0.0301* sps 2428
upd  335/1464 step   686,080 ret 252.09 len 279.8 kl 0.0241  sps 2428
upd  336/1464 step   688,128 ret 281.22 len 285.2 kl 0.0268  sps 2426
upd  337/1464 step   690,176 ret 267.35 len 286.6 kl 0.0297  sps 2426
upd  338/1464 step   692,224 ret 257.15 len 288.0 kl 0.0359* sps 2425
upd  339/1464 step   694,272 ret 305.39 len 282.6 kl 0.0302* sps 2424
upd  340/1464 step   696,320 ret 314.93 len 294.6 kl 0.0272  sps 2423
upd  341/1464 step   698,368 ret 350.41 len 290.8 kl 0.0255  sps 2423
upd  342/1464 step   700,416 ret 304.99 len 284.4 kl 0.0323* sps 2422
upd  343/1464 step   702,464 ret 281.28 len 278.4 kl 0.0299  sps 2421
upd  344/1464 step   704,512 ret 309.81 len 278.4 kl 0.0319* sps 2419
upd  345/1464 step   706,560 ret 310.75 len 270.2 kl 0.0330* sps 2419
upd  346/1464 step   708,608 ret 316.43 len 266.4 kl 0.0264  sps 2418
upd  347/1464 step   710,656 ret 356.64 len 270.6 kl 0.0248  sps 2417
upd  348/1464 step   712,704 ret 356.25 len 276.5 kl 0.0229  sps 2416
upd  349/1464 step   714,752 ret 341.64 len 272.4 kl 0.0317* sps 2416
upd  350/1464 step   716,800 ret 341.79 len 280.9 kl 0.0364* sps 2415
upd  351/1464 step   718,848 ret 337.9 len 278.8 kl 0.0302* sps 2414
upd  352/1464 step   720,896 ret 304.03 len 283.9 kl 0.0369* sps 2414
upd  353/1464 step   722,944 ret 287.82 len 272.0 kl 0.0304* sps 2413
upd  354/1464 step   724,992 ret 310.59 len 268.1 kl 0.0265  sps 2413
upd  355/1464 step   727,040 ret 280.81 len 268.1 kl 0.0315* sps 2412
upd  356/1464 step   729,088 ret 295.44 len 262.9 kl 0.0313* sps 2411
upd  357/1464 step   731,136 ret 285.41 len 269.2 kl 0.0256  sps 2410
upd  358/1464 step   733,184 ret 286.96 len 269.2 kl 0.0322* sps 2409
upd  359/1464 step   735,232 ret 315.19 len 281.8 kl 0.0317* sps 2408
upd  360/1464 step   737,280 ret 309.5 len 286.0 kl 0.0271  sps 2407
upd  361/1464 step   739,328 ret 354.92 len 286.0 kl 0.0343* sps 2406
upd  362/1464 step   741,376 ret 351.24 len 276.3 kl 0.0307* sps 2405
upd  363/1464 step   743,424 ret 377.73 len 252.5 kl 0.0317* sps 2405
upd  364/1464 step   745,472 ret 333.6 len 238.9 kl 0.0268  sps 2405
upd  365/1464 step   747,520 ret 295.5 len 235.2 kl 0.0243  sps 2403
upd  366/1464 step   749,568 ret 279.0 len 228.4 kl 0.0313* sps 2403
upd  367/1464 step   751,616 ret 246.31 len 221.6 kl 0.0309* sps 2403
upd  368/1464 step   753,664 ret 225.74 len 238.6 kl 0.0244  sps 2402
upd  369/1464 step   755,712 ret 249.53 len 235.5 kl 0.0291  sps 2402
upd  370/1464 step   757,760 ret 260.27 len 251.4 kl 0.0322* sps 2402
upd  371/1464 step   759,808 ret 252.88 len 247.7 kl 0.0239  sps 2402
upd  372/1464 step   761,856 ret 290.8 len 254.1 kl 0.0250  sps 2401
upd  373/1464 step   763,904 ret 278.14 len 255.5 kl 0.0298  sps 2400
upd  374/1464 step   765,952 ret 297.54 len 269.9 kl 0.0329* sps 2399
upd  375/1464 step   768,000 ret 326.11 len 265.3 kl 0.0302* sps 2399
upd  376/1464 step   770,048 ret 314.12 len 256.3 kl 0.0355* sps 2398
upd  377/1464 step   772,096 ret 285.7 len 270.0 kl 0.0266  sps 2396
upd  378/1464 step   774,144 ret 283.67 len 274.7 kl 0.0246  sps 2396
upd  379/1464 step   776,192 ret 257.56 len 270.5 kl 0.0276  sps 2395
upd  380/1464 step   778,240 ret 252.28 len 277.4 kl 0.0298  sps 2394
upd  381/1464 step   780,288 ret 257.36 len 286.5 kl 0.0249  sps 2393
upd  382/1464 step   782,336 ret 286.78 len 293.1 kl 0.0310* sps 2392
upd  383/1464 step   784,384 ret 300.36 len 294.1 kl 0.0261  sps 2392
upd  384/1464 step   786,432 ret 299.48 len 272.6 kl 0.0304* sps 2391
upd  385/1464 step   788,480 ret 310.45 len 271.9 kl 0.0246  sps 2390
upd  386/1464 step   790,528 ret 282.41 len 270.3 kl 0.0368* sps 2389
upd  387/1464 step   792,576 ret 295.86 len 270.3 kl 0.0272  sps 2387
upd  388/1464 step   794,624 ret 264.94 len 270.3 kl 0.0346* sps 2387
upd  389/1464 step   796,672 ret 267.67 len 280.8 kl 0.0266  sps 2386
upd  390/1464 step   798,720 ret 260.19 len 291.2 kl 0.0303* sps 2386
upd  391/1464 step   800,768 ret 294.94 len 286.5 kl 0.0351* sps 2385
upd  392/1464 step   802,816 ret 297.27 len 289.8 kl 0.0227  sps 2385
upd  393/1464 step   804,864 ret 285.54 len 289.8 kl 0.0249  sps 2384
upd  394/1464 step   806,912 ret 256.43 len 283.3 kl 0.0311* sps 2383
upd  395/1464 step   808,960 ret 250.06 len 280.3 kl 0.0326* sps 2383
upd  396/1464 step   811,008 ret 262.39 len 283.6 kl 0.0265  sps 2382
upd  397/1464 step   813,056 ret 243.5 len 282.1 kl 0.0304* sps 2381
upd  398/1464 step   815,104 ret 262.02 len 278.9 kl 0.0360* sps 2381
upd  399/1464 step   817,152 ret 293.42 len 278.5 kl 0.0310* sps 2381
upd  400/1464 step   819,200 ret 324.34 len 284.9 kl 0.0299  sps 2380
upd  401/1464 step   821,248 ret 332.25 len 288.0 kl 0.0309* sps 2380
upd  402/1464 step   823,296 ret 303.97 len 289.5 kl 0.0332* sps 2380
upd  403/1464 step   825,344 ret 345.09 len 293.0 kl 0.0301* sps 2379
upd  404/1464 step   827,392 ret 295.56 len 264.1 kl 0.0345* sps 2379
upd  405/1464 step   829,440 ret 327.51 len 264.1 kl 0.0306* sps 2378
upd  406/1464 step   831,488 ret 326.14 len 264.1 kl 0.0309* sps 2378
upd  407/1464 step   833,536 ret 331.95 len 259.6 kl 0.0269  sps 2378
upd  408/1464 step   835,584 ret 371.24 len 262.9 kl 0.0248  sps 2378
upd  409/1464 step   837,632 ret 395.26 len 272.3 kl 0.0301* sps 2378
upd  410/1464 step   839,680 ret 372.47 len 295.1 kl 0.0375* sps 2377
upd  411/1464 step   841,728 ret 359.08 len 283.5 kl 0.0269  sps 2376
upd  412/1464 step   843,776 ret 354.69 len 288.1 kl 0.0269  sps 2375
upd  413/1464 step   845,824 ret 365.39 len 280.1 kl 0.0268  sps 2374
upd  414/1464 step   847,872 ret 363.61 len 280.1 kl 0.0256  sps 2374
upd  415/1464 step   849,920 ret 331.01 len 280.5 kl 0.0281  sps 2373
upd  416/1464 step   851,968 ret 329.31 len 274.0 kl 0.0284  sps 2373
upd  417/1464 step   854,016 ret 325.82 len 285.6 kl 0.0305* sps 2372
upd  418/1464 step   856,064 ret 296.19 len 285.9 kl 0.0268  sps 2371
upd  419/1464 step   858,112 ret 258.74 len 288.9 kl 0.0301* sps 2371
upd  420/1464 step   860,160 ret 240.74 len 287.2 kl 0.0282  sps 2370
upd  421/1464 step   862,208 ret 256.85 len 287.2 kl 0.0277  sps 2369
upd  422/1464 step   864,256 ret 227.14 len 287.4 kl 0.0313* sps 2369
upd  423/1464 step   866,304 ret 228.12 len 281.0 kl 0.0305* sps 2369
upd  424/1464 step   868,352 ret 211.67 len 274.5 kl 0.0320* sps 2368
upd  425/1464 step   870,400 ret 193.52 len 261.1 kl 0.0331* sps 2368
upd  426/1464 step   872,448 ret 208.77 len 261.1 kl 0.0225  sps 2368
upd  427/1464 step   874,496 ret 208.81 len 267.4 kl 0.0349* sps 2368
upd  428/1464 step   876,544 ret 248.21 len 270.8 kl 0.0305* sps 2369
upd  429/1464 step   878,592 ret 278.32 len 277.4 kl 0.0315* sps 2368
upd  430/1464 step   880,640 ret 310.66 len 283.4 kl 0.0305* sps 2369
upd  431/1464 step   882,688 ret 301.52 len 273.9 kl 0.0308* sps 2370
upd  432/1464 step   884,736 ret 325.24 len 264.4 kl 0.0283  sps 2370
upd  433/1464 step   886,784 ret 306.81 len 263.1 kl 0.0304* sps 2369
upd  434/1464 step   888,832 ret 299.12 len 259.1 kl 0.0281  sps 2368
upd  435/1464 step   890,880 ret 364.32 len 265.6 kl 0.0264  sps 2368
upd  436/1464 step   892,928 ret 327.33 len 270.1 kl 0.0267  sps 2367
upd  437/1464 step   894,976 ret 297.27 len 276.9 kl 0.0249  sps 2367
upd  438/1464 step   897,024 ret 317.63 len 277.6 kl 0.0290  sps 2366
upd  439/1464 step   899,072 ret 307.42 len 276.8 kl 0.0272  sps 2366
upd  440/1464 step   901,120 ret 275.79 len 270.8 kl 0.0300* sps 2365
upd  441/1464 step   903,168 ret 277.2 len 272.6 kl 0.0269  sps 2364
upd  442/1464 step   905,216 ret 310.03 len 266.2 kl 0.0285  sps 2363
upd  443/1464 step   907,264 ret 344.48 len 273.4 kl 0.0228  sps 2362
upd  444/1464 step   909,312 ret 328.26 len 276.9 kl 0.0303* sps 2362
upd  445/1464 step   911,360 ret 334.79 len 282.9 kl 0.0326* sps 2362
upd  446/1464 step   913,408 ret 366.99 len 282.9 kl 0.0257  sps 2361
upd  447/1464 step   915,456 ret 351.89 len 288.3 kl 0.0326* sps 2361
upd  448/1464 step   917,504 ret 356.49 len 289.8 kl 0.0298  sps 2360
upd  449/1464 step   919,552 ret 307.64 len 289.8 kl 0.0304* sps 2360
upd  450/1464 step   921,600 ret 318.96 len 291.6 kl 0.0254  sps 2360
upd  451/1464 step   923,648 ret 306.21 len 281.4 kl 0.0304* sps 2360
upd  452/1464 step   925,696 ret 306.23 len 281.4 kl 0.0235  sps 2360
upd  453/1464 step   927,744 ret 309.74 len 267.3 kl 0.0240  sps 2359
upd  454/1464 step   929,792 ret 287.28 len 265.6 kl 0.0299  sps 2359
upd  455/1464 step   931,840 ret 248.59 len 268.7 kl 0.0330* sps 2358
upd  456/1464 step   933,888 ret 265.6 len 274.0 kl 0.0331* sps 2359
upd  457/1464 step   935,936 ret 262.69 len 274.0 kl 0.0301* sps 2359
upd  458/1464 step   937,984 ret 266.11 len 273.1 kl 0.0251  sps 2360
upd  459/1464 step   940,032 ret 262.92 len 277.8 kl 0.0267  sps 2359
upd  460/1464 step   942,080 ret 277.72 len 277.2 kl 0.0303* sps 2359
upd  461/1464 step   944,128 ret 260.25 len 277.2 kl 0.0357* sps 2360
upd  462/1464 step   946,176 ret 271.36 len 282.1 kl 0.0237  sps 2360
upd  463/1464 step   948,224 ret 285.88 len 281.5 kl 0.0310* sps 2360
upd  464/1464 step   950,272 ret 293.32 len 279.0 kl 0.0246  sps 2359
upd  465/1464 step   952,320 ret 335.44 len 290.9 kl 0.0328* sps 2359
upd  466/1464 step   954,368 ret 357.72 len 284.0 kl 0.0322* sps 2359
upd  467/1464 step   956,416 ret 357.61 len 277.5 kl 0.0343* sps 2359
upd  468/1464 step   958,464 ret 357.83 len 277.1 kl 0.0304* sps 2358
upd  469/1464 step   960,512 ret 330.81 len 283.7 kl 0.0305* sps 2358
upd  470/1464 step   962,560 ret 319.09 len 286.2 kl 0.0244  sps 2358
upd  471/1464 step   964,608 ret 291.52 len 284.3 kl 0.0271  sps 2358
upd  472/1464 step   966,656 ret 306.77 len 291.1 kl 0.0275  sps 2357
upd  473/1464 step   968,704 ret 276.08 len 297.6 kl 0.0250  sps 2357
upd  474/1464 step   970,752 ret 251.82 len 294.1 kl 0.0312* sps 2358
upd  475/1464 step   972,800 ret 254.23 len 289.5 kl 0.0256  sps 2358
upd  476/1464 step   974,848 ret 284.35 len 289.2 kl 0.0251  sps 2358
upd  477/1464 step   976,896 ret 302.12 len 291.1 kl 0.0312* sps 2358
upd  478/1464 step   978,944 ret 336.48 len 291.1 kl 0.0227  sps 2358
upd  479/1464 step   980,992 ret 352.36 len 291.0 kl 0.0318* sps 2358
upd  480/1464 step   983,040 ret 363.78 len 289.6 kl 0.0303* sps 2359
upd  481/1464 step   985,088 ret 346.64 len 294.2 kl 0.0301* sps 2358
upd  482/1464 step   987,136 ret 330.91 len 286.1 kl 0.0272  sps 2359
upd  483/1464 step   989,184 ret 300.97 len 280.2 kl 0.0275  sps 2359
upd  484/1464 step   991,232 ret 299.57 len 274.1 kl 0.0285  sps 2358
upd  485/1464 step   993,280 ret 297.76 len 261.4 kl 0.0237  sps 2358
upd  486/1464 step   995,328 ret 295.12 len 266.8 kl 0.0286  sps 2357
upd  487/1464 step   997,376 ret 264.55 len 273.1 kl 0.0322* sps 2358
upd  488/1464 step   999,424 ret 260.37 len 263.8 kl 0.0298  sps 2357
upd  489/1464 step 1,001,472 ret 278.89 len 269.9 kl 0.0224  sps 2356
upd  490/1464 step 1,003,520 ret 296.98 len 263.4 kl 0.0287  sps 2356
upd  491/1464 step 1,005,568 ret 297.0 len 276.2 kl 0.0300* sps 2355
upd  492/1464 step 1,007,616 ret 298.5 len 276.2 kl 0.0323* sps 2355
upd  493/1464 step 1,009,664 ret 346.79 len 275.6 kl 0.0317* sps 2355
upd  494/1464 step 1,011,712 ret 323.67 len 280.6 kl 0.0270  sps 2355
upd  495/1464 step 1,013,760 ret 291.8 len 287.1 kl 0.0199  sps 2355
upd  496/1464 step 1,015,808 ret 309.33 len 281.8 kl 0.0283  sps 2355
upd  497/1464 step 1,017,856 ret 286.15 len 281.8 kl 0.0198  sps 2355
upd  498/1464 step 1,019,904 ret 299.48 len 280.3 kl 0.0256  sps 2356
upd  499/1464 step 1,021,952 ret 267.45 len 292.6 kl 0.0320* sps 2356
upd  500/1464 step 1,024,000 ret 295.65 len 290.8 kl 0.0319* sps 2356
upd  501/1464 step 1,026,048 ret 280.25 len 287.6 kl 0.0248  sps 2356
upd  502/1464 step 1,028,096 ret 279.07 len 292.9 kl 0.0259  sps 2356
upd  503/1464 step 1,030,144 ret 238.91 len 287.9 kl 0.0284  sps 2356
upd  504/1464 step 1,032,192 ret 222.67 len 281.8 kl 0.0245  sps 2356
upd  505/1464 step 1,034,240 ret 226.38 len 283.6 kl 0.0231  sps 2355
upd  506/1464 step 1,036,288 ret 246.59 len 286.8 kl 0.0229  sps 2355
upd  507/1464 step 1,038,336 ret 277.95 len 286.8 kl 0.0242  sps 2355
upd  508/1464 step 1,040,384 ret 278.81 len 293.4 kl 0.0231  sps 2355
upd  509/1464 step 1,042,432 ret 327.33 len 293.5 kl 0.0221  sps 2354
upd  510/1464 step 1,044,480 ret 314.52 len 275.9 kl 0.0228  sps 2354
upd  511/1464 step 1,046,528 ret 312.12 len 275.9 kl 0.0251  sps 2354
upd  512/1464 step 1,048,576 ret 313.46 len 269.5 kl 0.0217  sps 2353
upd  513/1464 step 1,050,624 ret 360.85 len 256.8 kl 0.0235  sps 2354
upd  514/1464 step 1,052,672 ret 329.27 len 256.8 kl 0.0211  sps 2354
upd  515/1464 step 1,054,720 ret 341.26 len 274.0 kl 0.0258  sps 2353
upd  516/1464 step 1,056,768 ret 350.39 len 280.5 kl 0.0279  sps 2353
upd  517/1464 step 1,058,816 ret 393.28 len 285.4 kl 0.0199  sps 2353
upd  518/1464 step 1,060,864 ret 408.43 len 291.8 kl 0.0222  sps 2353
upd  519/1464 step 1,062,912 ret 345.25 len 292.0 kl 0.0263  sps 2352
upd  520/1464 step 1,064,960 ret 389.94 len 292.0 kl 0.0243  sps 2352
upd  521/1464 step 1,067,008 ret 359.68 len 292.0 kl 0.0234  sps 2353
upd  522/1464 step 1,069,056 ret 354.91 len 292.4 kl 0.0306* sps 2353
upd  523/1464 step 1,071,104 ret 369.69 len 288.9 kl 0.0305* sps 2353
upd  524/1464 step 1,073,152 ret 372.7 len 283.2 kl 0.0191  sps 2352
upd  525/1464 step 1,075,200 ret 358.55 len 289.4 kl 0.0250  sps 2352
upd  526/1464 step 1,077,248 ret 329.79 len 283.3 kl 0.0212  sps 2351
upd  527/1464 step 1,079,296 ret 345.96 len 277.0 kl 0.0225  sps 2351
upd  528/1464 step 1,081,344 ret 296.65 len 280.1 kl 0.0240  sps 2350
upd  529/1464 step 1,083,392 ret 307.95 len 284.8 kl 0.0200  sps 2350
upd  530/1464 step 1,085,440 ret 312.3 len 281.3 kl 0.0233  sps 2349
upd  531/1464 step 1,087,488 ret 313.32 len 287.4 kl 0.0219  sps 2348
upd  532/1464 step 1,089,536 ret 291.47 len 283.1 kl 0.0299  sps 2347
upd  533/1464 step 1,091,584 ret 257.17 len 281.6 kl 0.0281  sps 2347
upd  534/1464 step 1,093,632 ret 243.88 len 275.6 kl 0.0255  sps 2346
upd  535/1464 step 1,095,680 ret 229.12 len 281.9 kl 0.0265  sps 2346
upd  536/1464 step 1,097,728 ret 247.56 len 277.1 kl 0.0214  sps 2345
upd  537/1464 step 1,099,776 ret 288.79 len 277.1 kl 0.0227  sps 2344
upd  538/1464 step 1,101,824 ret 334.28 len 281.6 kl 0.0296  sps 2344
upd  539/1464 step 1,103,872 ret 329.69 len 287.5 kl 0.0325* sps 2344
upd  540/1464 step 1,105,920 ret 347.25 len 293.5 kl 0.0288  sps 2344
upd  541/1464 step 1,107,968 ret 318.37 len 293.5 kl 0.0223  sps 2344
upd  542/1464 step 1,110,016 ret 280.88 len 291.9 kl 0.0319* sps 2344
upd  543/1464 step 1,112,064 ret 270.81 len 293.7 kl 0.0277  sps 2343
upd  544/1464 step 1,114,112 ret 263.03 len 285.1 kl 0.0213  sps 2343
upd  545/1464 step 1,116,160 ret 260.3 len 284.0 kl 0.0257  sps 2342
upd  546/1464 step 1,118,208 ret 260.51 len 277.8 kl 0.0250  sps 2342
upd  547/1464 step 1,120,256 ret 286.32 len 275.6 kl 0.0252  sps 2341
upd  548/1464 step 1,122,304 ret 318.86 len 281.9 kl 0.0239  sps 2341
upd  549/1464 step 1,124,352 ret 276.09 len 279.0 kl 0.0270  sps 2340
upd  550/1464 step 1,126,400 ret 259.16 len 285.4 kl 0.0244  sps 2340
upd  551/1464 step 1,128,448 ret 272.77 len 279.1 kl 0.0343* sps 2340
upd  552/1464 step 1,130,496 ret 291.51 len 287.5 kl 0.0245  sps 2339
upd  553/1464 step 1,132,544 ret 283.8 len 277.3 kl 0.0248  sps 2339
upd  554/1464 step 1,134,592 ret 318.12 len 269.3 kl 0.0185  sps 2338
upd  555/1464 step 1,136,640 ret 317.53 len 264.9 kl 0.0268  sps 2338
upd  556/1464 step 1,138,688 ret 329.74 len 263.4 kl 0.0241  sps 2337
upd  557/1464 step 1,140,736 ret 319.13 len 263.4 kl 0.0280  sps 2336
upd  558/1464 step 1,142,784 ret 357.27 len 267.9 kl 0.0254  sps 2336
upd  559/1464 step 1,144,832 ret 343.01 len 264.5 kl 0.0275  sps 2335
upd  560/1464 step 1,146,880 ret 345.95 len 279.6 kl 0.0258  sps 2335
upd  561/1464 step 1,148,928 ret 369.47 len 281.2 kl 0.0255  sps 2334
upd  562/1464 step 1,150,976 ret 353.57 len 282.1 kl 0.0249  sps 2334
upd  563/1464 step 1,153,024 ret 337.14 len 282.1 kl 0.0258  sps 2334
upd  564/1464 step 1,155,072 ret 289.86 len 288.2 kl 0.0291  sps 2334
upd  565/1464 step 1,157,120 ret 304.6 len 294.7 kl 0.0211  sps 2334
upd  566/1464 step 1,159,168 ret 305.81 len 294.4 kl 0.0197  sps 2333
upd  567/1464 step 1,161,216 ret 290.76 len 281.1 kl 0.0285  sps 2333
upd  568/1464 step 1,163,264 ret 324.39 len 281.1 kl 0.0204  sps 2333
upd  569/1464 step 1,165,312 ret 366.39 len 271.7 kl 0.0217  sps 2333
upd  570/1464 step 1,167,360 ret 334.19 len 268.4 kl 0.0231  sps 2333
upd  571/1464 step 1,169,408 ret 313.2 len 268.6 kl 0.0255  sps 2334
upd  572/1464 step 1,171,456 ret 328.79 len 268.6 kl 0.0270  sps 2334
upd  573/1464 step 1,173,504 ret 280.15 len 261.5 kl 0.0214  sps 2335
upd  574/1464 step 1,175,552 ret 239.99 len 270.9 kl 0.0279  sps 2335
upd  575/1464 step 1,177,600 ret 247.13 len 270.9 kl 0.0236  sps 2335
upd  576/1464 step 1,179,648 ret 229.86 len 268.5 kl 0.0263  sps 2335
upd  577/1464 step 1,181,696 ret 281.09 len 271.6 kl 0.0251  sps 2335
upd  578/1464 step 1,183,744 ret 300.19 len 280.7 kl 0.0207  sps 2334
upd  579/1464 step 1,185,792 ret 300.77 len 287.5 kl 0.0340* sps 2333
upd  580/1464 step 1,187,840 ret 301.23 len 280.7 kl 0.0216  sps 2332
upd  581/1464 step 1,189,888 ret 300.4 len 286.5 kl 0.0286  sps 2330
upd  582/1464 step 1,191,936 ret 280.79 len 282.9 kl 0.0294  sps 2329
upd  583/1464 step 1,193,984 ret 279.77 len 282.9 kl 0.0255  sps 2328
upd  584/1464 step 1,196,032 ret 267.62 len 282.9 kl 0.0189  sps 2327
upd  585/1464 step 1,198,080 ret 336.18 len 273.5 kl 0.0264  sps 2326
upd  586/1464 step 1,200,128 ret 348.12 len 267.6 kl 0.0255  sps 2326
upd  587/1464 step 1,202,176 ret 348.65 len 267.6 kl 0.0237  sps 2327
upd  588/1464 step 1,204,224 ret 379.12 len 266.6 kl 0.0260  sps 2327
upd  589/1464 step 1,206,272 ret 361.41 len 266.6 kl 0.0272  sps 2327
upd  590/1464 step 1,208,320 ret 354.18 len 276.0 kl 0.0294  sps 2327
upd  591/1464 step 1,210,368 ret 325.16 len 288.6 kl 0.0285  sps 2326
upd  592/1464 step 1,212,416 ret 332.93 len 284.6 kl 0.0242  sps 2326
upd  593/1464 step 1,214,464 ret 312.03 len 289.6 kl 0.0217  sps 2326
upd  594/1464 step 1,216,512 ret 275.84 len 296.1 kl 0.0236  sps 2325
upd  595/1464 step 1,218,560 ret 305.72 len 296.1 kl 0.0225  sps 2325
upd  596/1464 step 1,220,608 ret 305.98 len 296.1 kl 0.0183  sps 2325
upd  597/1464 step 1,222,656 ret 291.1 len 296.1 kl 0.0250  sps 2324
upd  598/1464 step 1,224,704 ret 268.6 len 300.0 kl 0.0261  sps 2324
upd  599/1464 step 1,226,752 ret 237.08 len 300.0 kl 0.0237  sps 2323
upd  600/1464 step 1,228,800 ret 245.94 len 300.0 kl 0.0166  sps 2323
upd  601/1464 step 1,230,848 ret 231.72 len 300.0 kl 0.0299  sps 2323
upd  602/1464 step 1,232,896 ret 211.53 len 298.8 kl 0.0257  sps 2322
upd  603/1464 step 1,234,944 ret 225.44 len 298.8 kl 0.0223  sps 2322
upd  604/1464 step 1,236,992 ret 237.85 len 290.6 kl 0.0203  sps 2322
upd  605/1464 step 1,239,040 ret 237.99 len 290.6 kl 0.0269  sps 2322
upd  606/1464 step 1,241,088 ret 263.97 len 290.6 kl 0.0253  sps 2322
upd  607/1464 step 1,243,136 ret 306.14 len 288.0 kl 0.0187  sps 2322
upd  608/1464 step 1,245,184 ret 292.53 len 283.1 kl 0.0194  sps 2322
upd  609/1464 step 1,247,232 ret 328.09 len 273.3 kl 0.0242  sps 2322
upd  610/1464 step 1,249,280 ret 305.18 len 276.3 kl 0.0258  sps 2321
upd  611/1464 step 1,251,328 ret 319.16 len 276.3 kl 0.0246  sps 2321
upd  612/1464 step 1,253,376 ret 303.77 len 276.3 kl 0.0227  sps 2322
upd  613/1464 step 1,255,424 ret 347.88 len 280.7 kl 0.0235  sps 2321
upd  614/1464 step 1,257,472 ret 364.03 len 285.9 kl 0.0212  sps 2321
upd  615/1464 step 1,259,520 ret 361.89 len 284.9 kl 0.0275  sps 2321
upd  616/1464 step 1,261,568 ret 342.54 len 269.9 kl 0.0239  sps 2320
upd  617/1464 step 1,263,616 ret 329.58 len 269.9 kl 0.0243  sps 2320
upd  618/1464 step 1,265,664 ret 302.48 len 271.2 kl 0.0248  sps 2320
upd  619/1464 step 1,267,712 ret 286.29 len 271.2 kl 0.0207  sps 2320
upd  620/1464 step 1,269,760 ret 241.42 len 271.2 kl 0.0250  sps 2320
upd  621/1464 step 1,271,808 ret 274.23 len 284.2 kl 0.0253  sps 2319
upd  622/1464 step 1,273,856 ret 316.35 len 289.9 kl 0.0265  sps 2318
upd  623/1464 step 1,275,904 ret 306.01 len 286.1 kl 0.0231  sps 2318
upd  624/1464 step 1,277,952 ret 296.8 len 289.1 kl 0.0276  sps 2319
upd  625/1464 step 1,280,000 ret 311.52 len 289.1 kl 0.0294  sps 2318
upd  626/1464 step 1,282,048 ret 341.83 len 289.7 kl 0.0234  sps 2318
upd  627/1464 step 1,284,096 ret 312.98 len 290.0 kl 0.0284  sps 2318
upd  628/1464 step 1,286,144 ret 305.13 len 293.9 kl 0.0176  sps 2318
upd  629/1464 step 1,288,192 ret 288.37 len 293.9 kl 0.0328* sps 2318
upd  630/1464 step 1,290,240 ret 302.83 len 293.9 kl 0.0281  sps 2318
upd  631/1464 step 1,292,288 ret 298.15 len 293.9 kl 0.0225  sps 2317
upd  632/1464 step 1,294,336 ret 304.65 len 286.4 kl 0.0266  sps 2317
upd  633/1464 step 1,296,384 ret 288.59 len 286.6 kl 0.0237  sps 2317
upd  634/1464 step 1,298,432 ret 318.19 len 286.6 kl 0.0269  sps 2314
upd  635/1464 step 1,300,480 ret 333.75 len 286.6 kl 0.0235  sps 2308
upd  636/1464 step 1,302,528 ret 349.07 len 286.6 kl 0.0186  sps 2307
upd  637/1464 step 1,304,576 ret 364.65 len 286.6 kl 0.0312* sps 2302
upd  638/1464 step 1,306,624 ret 343.1 len 288.6 kl 0.0234  sps 2295
upd  639/1464 step 1,308,672 ret 371.03 len 294.3 kl 0.0225  sps 2289
upd  640/1464 step 1,310,720 ret 348.4 len 289.3 kl 0.0226  sps 2286
upd  641/1464 step 1,312,768 ret 369.01 len 289.3 kl 0.0195  sps 2284
upd  642/1464 step 1,314,816 ret 341.16 len 280.4 kl 0.0269  sps 2283
upd  643/1464 step 1,316,864 ret 339.65 len 280.4 kl 0.0216  sps 2283
upd  644/1464 step 1,318,912 ret 315.28 len 281.3 kl 0.0275  sps 2282
upd  645/1464 step 1,320,960 ret 298.31 len 286.5 kl 0.0194  sps 2282
upd  646/1464 step 1,323,008 ret 285.99 len 280.5 kl 0.0235  sps 2281
upd  647/1464 step 1,325,056 ret 271.29 len 280.9 kl 0.0197  sps 2281
upd  648/1464 step 1,327,104 ret 247.96 len 283.0 kl 0.0276  sps 2281
upd  649/1464 step 1,329,152 ret 252.61 len 276.3 kl 0.0296  sps 2279
upd  650/1464 step 1,331,200 ret 257.03 len 279.4 kl 0.0259  sps 2279
upd  651/1464 step 1,333,248 ret 298.04 len 277.2 kl 0.0224  sps 2278
upd  652/1464 step 1,335,296 ret 297.66 len 276.5 kl 0.0212  sps 2278
upd  653/1464 step 1,337,344 ret 311.77 len 276.5 kl 0.0229  sps 2277
upd  654/1464 step 1,339,392 ret 343.62 len 283.2 kl 0.0270  sps 2277
upd  655/1464 step 1,341,440 ret 353.22 len 283.2 kl 0.0242  sps 2276
upd  656/1464 step 1,343,488 ret 341.31 len 292.9 kl 0.0243  sps 2275
upd  657/1464 step 1,345,536 ret 308.03 len 287.2 kl 0.0270  sps 2275
upd  658/1464 step 1,347,584 ret 327.18 len 294.1 kl 0.0190  sps 2274
upd  659/1464 step 1,349,632 ret 351.23 len 285.6 kl 0.0207  sps 2273
upd  660/1464 step 1,351,680 ret 336.66 len 285.6 kl 0.0257  sps 2273
upd  661/1464 step 1,353,728 ret 317.48 len 285.6 kl 0.0209  sps 2273
upd  662/1464 step 1,355,776 ret 334.1 len 288.6 kl 0.0226  sps 2272
upd  663/1464 step 1,357,824 ret 359.76 len 281.8 kl 0.0193  sps 2272
upd  664/1464 step 1,359,872 ret 349.18 len 284.2 kl 0.0216  sps 2271
upd  665/1464 step 1,361,920 ret 335.1 len 271.3 kl 0.0207  sps 2271
upd  666/1464 step 1,363,968 ret 305.63 len 271.3 kl 0.0200  sps 2270
upd  667/1464 step 1,366,016 ret 275.21 len 262.5 kl 0.0236  sps 2270
upd  668/1464 step 1,368,064 ret 234.09 len 269.4 kl 0.0210  sps 2269
upd  669/1464 step 1,370,112 ret 201.27 len 267.8 kl 0.0215  sps 2268
upd  670/1464 step 1,372,160 ret 230.06 len 267.1 kl 0.0297  sps 2267
upd  671/1464 step 1,374,208 ret 246.83 len 267.1 kl 0.0172  sps 2267
upd  672/1464 step 1,376,256 ret 255.77 len 259.1 kl 0.0211  sps 2266
upd  673/1464 step 1,378,304 ret 286.48 len 269.8 kl 0.0256  sps 2266
upd  674/1464 step 1,380,352 ret 313.56 len 273.9 kl 0.0227  sps 2266
upd  675/1464 step 1,382,400 ret 309.9 len 278.2 kl 0.0252  sps 2265
upd  676/1464 step 1,384,448 ret 320.58 len 280.1 kl 0.0217  sps 2265
upd  677/1464 step 1,386,496 ret 314.1 len 282.5 kl 0.0248  sps 2265
upd  678/1464 step 1,388,544 ret 358.72 len 287.4 kl 0.0266  sps 2264
upd  679/1464 step 1,390,592 ret 338.03 len 280.1 kl 0.0275  sps 2264
upd  680/1464 step 1,392,640 ret 330.0 len 277.4 kl 0.0223  sps 2263
upd  681/1464 step 1,394,688 ret 372.42 len 277.4 kl 0.0281  sps 2263
upd  682/1464 step 1,396,736 ret 359.84 len 282.6 kl 0.0229  sps 2261
upd  683/1464 step 1,398,784 ret 329.25 len 284.4 kl 0.0234  sps 2260
upd  684/1464 step 1,400,832 ret 340.63 len 277.0 kl 0.0221  sps 2260
upd  685/1464 step 1,402,880 ret 356.53 len 277.2 kl 0.0269  sps 2259
upd  686/1464 step 1,404,928 ret 308.66 len 277.2 kl 0.0247  sps 2258
upd  687/1464 step 1,406,976 ret 340.17 len 267.1 kl 0.0205  sps 2257
upd  688/1464 step 1,409,024 ret 336.84 len 265.7 kl 0.0230  sps 2257
upd  689/1464 step 1,411,072 ret 344.47 len 260.9 kl 0.0175  sps 2256
upd  690/1464 step 1,413,120 ret 317.45 len 267.4 kl 0.0176  sps 2256
upd  691/1464 step 1,415,168 ret 321.87 len 262.2 kl 0.0233  sps 2255
upd  692/1464 step 1,417,216 ret 288.71 len 267.6 kl 0.0191  sps 2254
upd  693/1464 step 1,419,264 ret 275.91 len 268.9 kl 0.0181  sps 2254
upd  694/1464 step 1,421,312 ret 248.53 len 276.3 kl 0.0216  sps 2254
upd  695/1464 step 1,423,360 ret 264.29 len 289.9 kl 0.0185  sps 2253
upd  696/1464 step 1,425,408 ret 255.91 len 289.9 kl 0.0210  sps 2253
upd  697/1464 step 1,427,456 ret 248.48 len 288.3 kl 0.0235  sps 2253
upd  698/1464 step 1,429,504 ret 286.48 len 284.6 kl 0.0223  sps 2253
upd  699/1464 step 1,431,552 ret 301.21 len 284.1 kl 0.0196  sps 2253
upd  700/1464 step 1,433,600 ret 323.48 len 280.1 kl 0.0263  sps 2253
upd  701/1464 step 1,435,648 ret 309.79 len 271.9 kl 0.0172  sps 2253
upd  702/1464 step 1,437,696 ret 313.58 len 278.8 kl 0.0234  sps 2253
upd  703/1464 step 1,439,744 ret 321.77 len 281.4 kl 0.0240  sps 2254
upd  704/1464 step 1,441,792 ret 321.07 len 281.9 kl 0.0225  sps 2253
upd  705/1464 step 1,443,840 ret 299.08 len 285.9 kl 0.0223  sps 2253
upd  706/1464 step 1,445,888 ret 315.97 len 280.1 kl 0.0241  sps 2253
upd  707/1464 step 1,447,936 ret 353.26 len 277.5 kl 0.0219  sps 2252
upd  708/1464 step 1,449,984 ret 342.39 len 271.7 kl 0.0193  sps 2252
upd  709/1464 step 1,452,032 ret 312.09 len 277.5 kl 0.0171  sps 2252
upd  710/1464 step 1,454,080 ret 334.89 len 271.2 kl 0.0192  sps 2251
upd  711/1464 step 1,456,128 ret 349.81 len 276.9 kl 0.0215  sps 2251
upd  712/1464 step 1,458,176 ret 319.5 len 281.3 kl 0.0186  sps 2251
upd  713/1464 step 1,460,224 ret 319.87 len 287.8 kl 0.0242  sps 2250
upd  714/1464 step 1,462,272 ret 329.52 len 293.7 kl 0.0177  sps 2250
upd  715/1464 step 1,464,320 ret 368.46 len 287.1 kl 0.0189  sps 2250
upd  716/1464 step 1,466,368 ret 353.7 len 293.4 kl 0.0204  sps 2250
upd  717/1464 step 1,468,416 ret 386.1 len 293.4 kl 0.0251  sps 2250
upd  718/1464 step 1,470,464 ret 381.56 len 293.4 kl 0.0175  sps 2250
upd  719/1464 step 1,472,512 ret 379.62 len 287.1 kl 0.0229  sps 2251
upd  720/1464 step 1,474,560 ret 362.39 len 285.9 kl 0.0150  sps 2251
upd  721/1464 step 1,476,608 ret 335.05 len 292.6 kl 0.0145  sps 2250
upd  722/1464 step 1,478,656 ret 347.61 len 292.6 kl 0.0185  sps 2250
upd  723/1464 step 1,480,704 ret 317.47 len 292.6 kl 0.0244  sps 2250
upd  724/1464 step 1,482,752 ret 306.35 len 292.6 kl 0.0208  sps 2250
upd  725/1464 step 1,484,800 ret 312.45 len 293.2 kl 0.0169  sps 2250
upd  726/1464 step 1,486,848 ret 313.1 len 288.9 kl 0.0175  sps 2250
upd  727/1464 step 1,488,896 ret 304.17 len 279.1 kl 0.0173  sps 2249
upd  728/1464 step 1,490,944 ret 310.46 len 271.4 kl 0.0220  sps 2249
upd  729/1464 step 1,492,992 ret 294.08 len 271.4 kl 0.0190  sps 2249
upd  730/1464 step 1,495,040 ret 278.45 len 271.4 kl 0.0161  sps 2249
upd  731/1464 step 1,497,088 ret 238.02 len 273.3 kl 0.0180  sps 2249
upd  732/1464 step 1,499,136 ret 250.92 len 278.5 kl 0.0215  sps 2249
upd  733/1464 step 1,501,184 ret 258.89 len 281.8 kl 0.0212  sps 2249
upd  734/1464 step 1,503,232 ret 244.06 len 281.2 kl 0.0172  sps 2249
upd  735/1464 step 1,505,280 ret 244.22 len 281.2 kl 0.0185  sps 2249
upd  736/1464 step 1,507,328 ret 242.59 len 281.2 kl 0.0217  sps 2249
upd  737/1464 step 1,509,376 ret 265.76 len 278.3 kl 0.0173  sps 2249
upd  738/1464 step 1,511,424 ret 247.39 len 271.8 kl 0.0206  sps 2249
upd  739/1464 step 1,513,472 ret 265.26 len 278.6 kl 0.0204  sps 2249
upd  740/1464 step 1,515,520 ret 282.79 len 273.7 kl 0.0237  sps 2249
upd  741/1464 step 1,517,568 ret 337.96 len 271.2 kl 0.0253  sps 2248
upd  742/1464 step 1,519,616 ret 321.76 len 273.0 kl 0.0245  sps 2248
upd  743/1464 step 1,521,664 ret 324.47 len 273.7 kl 0.0226  sps 2248
upd  744/1464 step 1,523,712 ret 346.58 len 279.8 kl 0.0195  sps 2247
upd  745/1464 step 1,525,760 ret 331.22 len 285.9 kl 0.0239  sps 2247
upd  746/1464 step 1,527,808 ret 319.81 len 286.6 kl 0.0231  sps 2247
upd  747/1464 step 1,529,856 ret 264.71 len 289.1 kl 0.0178  sps 2247
upd  748/1464 step 1,531,904 ret 272.37 len 293.9 kl 0.0240  sps 2246
upd  749/1464 step 1,533,952 ret 296.4 len 292.1 kl 0.0203  sps 2246
upd  750/1464 step 1,536,000 ret 290.29 len 283.4 kl 0.0264  sps 2246
upd  751/1464 step 1,538,048 ret 288.81 len 282.5 kl 0.0206  sps 2246
upd  752/1464 step 1,540,096 ret 272.37 len 282.5 kl 0.0198  sps 2246
upd  753/1464 step 1,542,144 ret 313.63 len 274.8 kl 0.0198  sps 2246
upd  754/1464 step 1,544,192 ret 300.34 len 274.6 kl 0.0213  sps 2246
upd  755/1464 step 1,546,240 ret 280.84 len 280.0 kl 0.0334* sps 2247
upd  756/1464 step 1,548,288 ret 277.07 len 285.4 kl 0.0206  sps 2246
upd  757/1464 step 1,550,336 ret 304.5 len 279.3 kl 0.0233  sps 2246
upd  758/1464 step 1,552,384 ret 260.9 len 275.1 kl 0.0210  sps 2246
upd  759/1464 step 1,554,432 ret 293.23 len 280.2 kl 0.0205  sps 2246
upd  760/1464 step 1,556,480 ret 299.99 len 279.0 kl 0.0207  sps 2246
upd  761/1464 step 1,558,528 ret 288.52 len 267.8 kl 0.0222  sps 2246
upd  762/1464 step 1,560,576 ret 300.96 len 266.2 kl 0.0208  sps 2246
upd  763/1464 step 1,562,624 ret 296.52 len 269.5 kl 0.0209  sps 2245
upd  764/1464 step 1,564,672 ret 311.05 len 276.2 kl 0.0215  sps 2245
upd  765/1464 step 1,566,720 ret 301.35 len 266.6 kl 0.0224  sps 2245
upd  766/1464 step 1,568,768 ret 338.99 len 269.2 kl 0.0215  sps 2245
upd  767/1464 step 1,570,816 ret 326.93 len 271.1 kl 0.0187  sps 2244
upd  768/1464 step 1,572,864 ret 361.53 len 271.6 kl 0.0175  sps 2244
upd  769/1464 step 1,574,912 ret 361.5 len 264.8 kl 0.0228  sps 2244
upd  770/1464 step 1,576,960 ret 353.92 len 269.1 kl 0.0207  sps 2244
upd  771/1464 step 1,579,008 ret 338.29 len 281.0 kl 0.0233  sps 2244
upd  772/1464 step 1,581,056 ret 296.78 len 284.3 kl 0.0217  sps 2244
upd  773/1464 step 1,583,104 ret 311.51 len 284.3 kl 0.0237  sps 2243
upd  774/1464 step 1,585,152 ret 312.26 len 284.3 kl 0.0194  sps 2243
upd  775/1464 step 1,587,200 ret 263.47 len 291.1 kl 0.0236  sps 2243
upd  776/1464 step 1,589,248 ret 262.28 len 291.1 kl 0.0191  sps 2243
upd  777/1464 step 1,591,296 ret 277.28 len 291.1 kl 0.0175  sps 2243
upd  778/1464 step 1,593,344 ret 285.39 len 300.0 kl 0.0177  sps 2243
upd  779/1464 step 1,595,392 ret 287.96 len 294.8 kl 0.0206  sps 2242
upd  780/1464 step 1,597,440 ret 284.93 len 288.0 kl 0.0177  sps 2242
upd  781/1464 step 1,599,488 ret 315.08 len 288.0 kl 0.0210  sps 2242
upd  782/1464 step 1,601,536 ret 317.37 len 282.5 kl 0.0216  sps 2242
upd  783/1464 step 1,603,584 ret 344.31 len 275.1 kl 0.0206  sps 2242
upd  784/1464 step 1,605,632 ret 326.63 len 275.1 kl 0.0204  sps 2242
upd  785/1464 step 1,607,680 ret 325.32 len 287.1 kl 0.0210  sps 2242
upd  786/1464 step 1,609,728 ret 306.73 len 283.9 kl 0.0191  sps 2242
upd  787/1464 step 1,611,776 ret 274.71 len 278.4 kl 0.0249  sps 2242
upd  788/1464 step 1,613,824 ret 270.31 len 282.8 kl 0.0188  sps 2242
upd  789/1464 step 1,615,872 ret 268.53 len 281.6 kl 0.0219  sps 2242
upd  790/1464 step 1,617,920 ret 315.61 len 275.2 kl 0.0221  sps 2241
upd  791/1464 step 1,619,968 ret 310.47 len 273.6 kl 0.0146  sps 2241
upd  792/1464 step 1,622,016 ret 337.71 len 264.6 kl 0.0185  sps 2241
upd  793/1464 step 1,624,064 ret 292.95 len 265.7 kl 0.0262  sps 2241
upd  794/1464 step 1,626,112 ret 292.45 len 258.1 kl 0.0181  sps 2241
upd  795/1464 step 1,628,160 ret 290.66 len 269.0 kl 0.0157  sps 2241
upd  796/1464 step 1,630,208 ret 270.53 len 261.4 kl 0.0167  sps 2241
upd  797/1464 step 1,632,256 ret 256.05 len 262.6 kl 0.0162  sps 2241
upd  798/1464 step 1,634,304 ret 285.27 len 249.5 kl 0.0108  sps 2240
upd  799/1464 step 1,636,352 ret 287.59 len 256.0 kl 0.0189  sps 2240
upd  800/1464 step 1,638,400 ret 274.18 len 250.9 kl 0.0193  sps 2240
upd  801/1464 step 1,640,448 ret 259.77 len 256.9 kl 0.0201  sps 2240
upd  802/1464 step 1,642,496 ret 290.06 len 262.5 kl 0.0196  sps 2240
upd  803/1464 step 1,644,544 ret 284.77 len 277.1 kl 0.0214  sps 2240
upd  804/1464 step 1,646,592 ret 316.65 len 271.1 kl 0.0172  sps 2240
upd  805/1464 step 1,648,640 ret 336.5 len 267.0 kl 0.0213  sps 2240
upd  806/1464 step 1,650,688 ret 302.17 len 272.1 kl 0.0227  sps 2240
upd  807/1464 step 1,652,736 ret 310.16 len 280.3 kl 0.0266  sps 2240
upd  808/1464 step 1,654,784 ret 303.94 len 267.6 kl 0.0160  sps 2240
upd  809/1464 step 1,656,832 ret 253.38 len 272.4 kl 0.0211  sps 2240
upd  810/1464 step 1,658,880 ret 247.27 len 269.4 kl 0.0136  sps 2240
upd  811/1464 step 1,660,928 ret 263.27 len 275.0 kl 0.0179  sps 2240
upd  812/1464 step 1,662,976 ret 292.9 len 279.4 kl 0.0198  sps 2240
upd  813/1464 step 1,665,024 ret 290.65 len 272.0 kl 0.0186  sps 2240
upd  814/1464 step 1,667,072 ret 323.81 len 276.8 kl 0.0213  sps 2240
upd  815/1464 step 1,669,120 ret 369.02 len 270.8 kl 0.0171  sps 2240
upd  816/1464 step 1,671,168 ret 386.21 len 270.6 kl 0.0146  sps 2240
upd  817/1464 step 1,673,216 ret 385.65 len 270.3 kl 0.0178  sps 2240
upd  818/1464 step 1,675,264 ret 403.92 len 265.4 kl 0.0188  sps 2240
upd  819/1464 step 1,677,312 ret 414.14 len 282.0 kl 0.0133  sps 2239
upd  820/1464 step 1,679,360 ret 351.36 len 281.4 kl 0.0195  sps 2239
upd  821/1464 step 1,681,408 ret 331.0 len 276.7 kl 0.0145  sps 2239
upd  822/1464 step 1,683,456 ret 348.07 len 283.5 kl 0.0158  sps 2240
upd  823/1464 step 1,685,504 ret 323.64 len 280.4 kl 0.0215  sps 2240
upd  824/1464 step 1,687,552 ret 309.45 len 281.0 kl 0.0200  sps 2240
upd  825/1464 step 1,689,600 ret 278.62 len 275.4 kl 0.0160  sps 2241
upd  826/1464 step 1,691,648 ret 303.7 len 276.0 kl 0.0149  sps 2240
upd  827/1464 step 1,693,696 ret 300.74 len 267.0 kl 0.0231  sps 2240
upd  828/1464 step 1,695,744 ret 287.79 len 263.9 kl 0.0163  sps 2240
upd  829/1464 step 1,697,792 ret 284.15 len 244.7 kl 0.0166  sps 2240
upd  830/1464 step 1,699,840 ret 286.52 len 245.4 kl 0.0123  sps 2240
upd  831/1464 step 1,701,888 ret 299.6 len 256.0 kl 0.0203  sps 2240
upd  832/1464 step 1,703,936 ret 275.9 len 261.5 kl 0.0178  sps 2240
upd  833/1464 step 1,705,984 ret 258.6 len 271.9 kl 0.0188  sps 2240
upd  834/1464 step 1,708,032 ret 270.92 len 270.9 kl 0.0174  sps 2240
upd  835/1464 step 1,710,080 ret 273.58 len 284.1 kl 0.0193  sps 2240
upd  836/1464 step 1,712,128 ret 270.67 len 282.6 kl 0.0153  sps 2240
upd  837/1464 step 1,714,176 ret 268.49 len 282.6 kl 0.0152  sps 2240
upd  838/1464 step 1,716,224 ret 269.39 len 282.6 kl 0.0246  sps 2240
upd  839/1464 step 1,718,272 ret 318.17 len 289.1 kl 0.0165  sps 2239
upd  840/1464 step 1,720,320 ret 331.84 len 282.7 kl 0.0172  sps 2239
upd  841/1464 step 1,722,368 ret 354.38 len 279.8 kl 0.0167  sps 2239
upd  842/1464 step 1,724,416 ret 323.87 len 279.8 kl 0.0152  sps 2239
upd  843/1464 step 1,726,464 ret 322.78 len 274.0 kl 0.0190  sps 2239
upd  844/1464 step 1,728,512 ret 305.27 len 274.0 kl 0.0154  sps 2239
upd  845/1464 step 1,730,560 ret 289.25 len 278.9 kl 0.0161  sps 2239
upd  846/1464 step 1,732,608 ret 276.52 len 278.9 kl 0.0147  sps 2239
upd  847/1464 step 1,734,656 ret 318.55 len 288.4 kl 0.0238  sps 2238
upd  848/1464 step 1,736,704 ret 351.24 len 283.2 kl 0.0178  sps 2238
upd  849/1464 step 1,738,752 ret 394.6 len 289.0 kl 0.0190  sps 2238
upd  850/1464 step 1,740,800 ret 404.34 len 293.1 kl 0.0193  sps 2238
upd  851/1464 step 1,742,848 ret 427.68 len 277.7 kl 0.0190  sps 2237
upd  852/1464 step 1,744,896 ret 393.61 len 277.7 kl 0.0219  sps 2237
upd  853/1464 step 1,746,944 ret 372.61 len 282.2 kl 0.0202  sps 2237
upd  854/1464 step 1,748,992 ret 312.66 len 276.6 kl 0.0200  sps 2237
upd  855/1464 step 1,751,040 ret 296.59 len 276.6 kl 0.0188  sps 2237
upd  856/1464 step 1,753,088 ret 276.44 len 287.4 kl 0.0172  sps 2237
upd  857/1464 step 1,755,136 ret 291.24 len 293.7 kl 0.0195  sps 2237
upd  858/1464 step 1,757,184 ret 327.09 len 283.3 kl 0.0183  sps 2237
upd  859/1464 step 1,759,232 ret 350.0 len 283.3 kl 0.0187  sps 2237
upd  860/1464 step 1,761,280 ret 347.86 len 282.8 kl 0.0164  sps 2237
upd  861/1464 step 1,763,328 ret 347.02 len 282.8 kl 0.0190  sps 2237
upd  862/1464 step 1,765,376 ret 351.99 len 273.3 kl 0.0169  sps 2237
upd  863/1464 step 1,767,424 ret 346.82 len 277.7 kl 0.0161  sps 2236
upd  864/1464 step 1,769,472 ret 322.84 len 280.8 kl 0.0146  sps 2236
upd  865/1464 step 1,771,520 ret 316.91 len 274.7 kl 0.0181  sps 2236
upd  866/1464 step 1,773,568 ret 291.24 len 277.1 kl 0.0186  sps 2236
upd  867/1464 step 1,775,616 ret 306.38 len 277.1 kl 0.0175  sps 2235
upd  868/1464 step 1,777,664 ret 267.11 len 286.6 kl 0.0220  sps 2235
upd  869/1464 step 1,779,712 ret 280.5 len 275.3 kl 0.0150  sps 2235
upd  870/1464 step 1,781,760 ret 258.77 len 284.2 kl 0.0145  sps 2235
upd  871/1464 step 1,783,808 ret 273.55 len 284.2 kl 0.0203  sps 2235
upd  872/1464 step 1,785,856 ret 304.19 len 288.7 kl 0.0217  sps 2234
upd  873/1464 step 1,787,904 ret 288.1 len 275.9 kl 0.0199  sps 2234
upd  874/1464 step 1,789,952 ret 268.36 len 273.6 kl 0.0177  sps 2234
upd  875/1464 step 1,792,000 ret 269.28 len 284.9 kl 0.0136  sps 2234
upd  876/1464 step 1,794,048 ret 279.04 len 281.6 kl 0.0169  sps 2234
upd  877/1464 step 1,796,096 ret 296.85 len 276.1 kl 0.0180  sps 2234
upd  878/1464 step 1,798,144 ret 298.26 len 289.0 kl 0.0198  sps 2234
upd  879/1464 step 1,800,192 ret 275.63 len 291.2 kl 0.0162  sps 2234
upd  880/1464 step 1,802,240 ret 273.08 len 278.7 kl 0.0155  sps 2234
upd  881/1464 step 1,804,288 ret 295.95 len 281.9 kl 0.0226  sps 2233
upd  882/1464 step 1,806,336 ret 277.71 len 281.9 kl 0.0188  sps 2233
upd  883/1464 step 1,808,384 ret 258.76 len 287.3 kl 0.0185  sps 2233
upd  884/1464 step 1,810,432 ret 284.68 len 280.6 kl 0.0151  sps 2232
upd  885/1464 step 1,812,480 ret 317.6 len 286.6 kl 0.0143  sps 2232
upd  886/1464 step 1,814,528 ret 315.03 len 279.4 kl 0.0157  sps 2232
upd  887/1464 step 1,816,576 ret 329.6 len 279.4 kl 0.0156  sps 2232
upd  888/1464 step 1,818,624 ret 334.37 len 267.6 kl 0.0179  sps 2232
upd  889/1464 step 1,820,672 ret 324.01 len 271.9 kl 0.0192  sps 2232
upd  890/1464 step 1,822,720 ret 331.44 len 271.9 kl 0.0205  sps 2232
upd  891/1464 step 1,824,768 ret 350.98 len 273.9 kl 0.0148  sps 2232
upd  892/1464 step 1,826,816 ret 335.76 len 280.6 kl 0.0180  sps 2232
upd  893/1464 step 1,828,864 ret 340.5 len 283.1 kl 0.0200  sps 2232
upd  894/1464 step 1,830,912 ret 366.93 len 288.2 kl 0.0153  sps 2232
upd  895/1464 step 1,832,960 ret 357.76 len 285.2 kl 0.0179  sps 2231
upd  896/1464 step 1,835,008 ret 376.6 len 285.2 kl 0.0219  sps 2231
upd  897/1464 step 1,837,056 ret 343.55 len 290.5 kl 0.0141  sps 2231
upd  898/1464 step 1,839,104 ret 314.8 len 290.5 kl 0.0193  sps 2231
upd  899/1464 step 1,841,152 ret 337.82 len 294.6 kl 0.0181  sps 2231
upd  900/1464 step 1,843,200 ret 337.58 len 294.6 kl 0.0173  sps 2231
upd  901/1464 step 1,845,248 ret 301.81 len 293.9 kl 0.0138  sps 2231
upd  902/1464 step 1,847,296 ret 283.73 len 288.2 kl 0.0157  sps 2231
upd  903/1464 step 1,849,344 ret 300.14 len 282.2 kl 0.0183  sps 2230
upd  904/1464 step 1,851,392 ret 322.22 len 277.0 kl 0.0158  sps 2230
upd  905/1464 step 1,853,440 ret 336.18 len 277.0 kl 0.0144  sps 2230
upd  906/1464 step 1,855,488 ret 339.59 len 283.1 kl 0.0198  sps 2230
upd  907/1464 step 1,857,536 ret 362.87 len 272.8 kl 0.0167  sps 2230
upd  908/1464 step 1,859,584 ret 390.32 len 278.8 kl 0.0185  sps 2230
upd  909/1464 step 1,861,632 ret 361.28 len 279.7 kl 0.0187  sps 2230
upd  910/1464 step 1,863,680 ret 330.35 len 283.9 kl 0.0127  sps 2230
upd  911/1464 step 1,865,728 ret 320.35 len 277.7 kl 0.0150  sps 2230
upd  912/1464 step 1,867,776 ret 324.19 len 280.4 kl 0.0162  sps 2230
upd  913/1464 step 1,869,824 ret 295.14 len 286.1 kl 0.0160  sps 2230
upd  914/1464 step 1,871,872 ret 282.27 len 291.8 kl 0.0174  sps 2230
upd  915/1464 step 1,873,920 ret 298.04 len 286.1 kl 0.0131  sps 2230
upd  916/1464 step 1,875,968 ret 314.07 len 280.6 kl 0.0149  sps 2231
upd  917/1464 step 1,878,016 ret 345.26 len 275.5 kl 0.0155  sps 2231
upd  918/1464 step 1,880,064 ret 344.23 len 274.5 kl 0.0152  sps 2231
upd  919/1464 step 1,882,112 ret 372.82 len 268.1 kl 0.0160  sps 2231
upd  920/1464 step 1,884,160 ret 371.63 len 274.0 kl 0.0122  sps 2231
upd  921/1464 step 1,886,208 ret 365.82 len 279.0 kl 0.0162  sps 2231
upd  922/1464 step 1,888,256 ret 359.07 len 288.9 kl 0.0157  sps 2231
upd  923/1464 step 1,890,304 ret 393.24 len 291.5 kl 0.0152  sps 2232
upd  924/1464 step 1,892,352 ret 367.43 len 293.6 kl 0.0152  sps 2232
upd  925/1464 step 1,894,400 ret 418.26 len 295.0 kl 0.0192  sps 2232
upd  926/1464 step 1,896,448 ret 406.91 len 290.8 kl 0.0130  sps 2232
upd  927/1464 step 1,898,496 ret 402.09 len 284.5 kl 0.0175  sps 2232
upd  928/1464 step 1,900,544 ret 372.07 len 272.2 kl 0.0154  sps 2232
upd  929/1464 step 1,902,592 ret 368.82 len 265.9 kl 0.0189  sps 2232
upd  930/1464 step 1,904,640 ret 367.28 len 265.5 kl 0.0185  sps 2232
upd  931/1464 step 1,906,688 ret 384.59 len 272.6 kl 0.0137  sps 2232
upd  932/1464 step 1,908,736 ret 392.78 len 274.4 kl 0.0147  sps 2231
upd  933/1464 step 1,910,784 ret 419.55 len 286.2 kl 0.0132  sps 2231
upd  934/1464 step 1,912,832 ret 405.92 len 293.0 kl 0.0131  sps 2231
upd  935/1464 step 1,914,880 ret 402.32 len 299.7 kl 0.0133  sps 2231
upd  936/1464 step 1,916,928 ret 374.55 len 299.7 kl 0.0207  sps 2231
upd  937/1464 step 1,918,976 ret 327.78 len 300.0 kl 0.0186  sps 2231
upd  938/1464 step 1,921,024 ret 324.19 len 293.4 kl 0.0185  sps 2231
upd  939/1464 step 1,923,072 ret 309.03 len 293.4 kl 0.0142  sps 2231
upd  940/1464 step 1,925,120 ret 307.33 len 293.4 kl 0.0129  sps 2231
upd  941/1464 step 1,927,168 ret 304.96 len 293.4 kl 0.0137  sps 2231
upd  942/1464 step 1,929,216 ret 335.45 len 293.4 kl 0.0172  sps 2231
upd  943/1464 step 1,931,264 ret 367.4 len 289.0 kl 0.0156  sps 2231
upd  944/1464 step 1,933,312 ret 368.89 len 295.6 kl 0.0114  sps 2231
upd  945/1464 step 1,935,360 ret 341.38 len 295.6 kl 0.0172  sps 2230
upd  946/1464 step 1,937,408 ret 366.78 len 295.6 kl 0.0170  sps 2230
upd  947/1464 step 1,939,456 ret 323.6 len 295.6 kl 0.0143  sps 2230
upd  948/1464 step 1,941,504 ret 311.5 len 290.3 kl 0.0164  sps 2230
upd  949/1464 step 1,943,552 ret 308.87 len 294.6 kl 0.0144  sps 2230
upd  950/1464 step 1,945,600 ret 310.08 len 294.6 kl 0.0164  sps 2230
upd  951/1464 step 1,947,648 ret 341.61 len 288.7 kl 0.0173  sps 2230
upd  952/1464 step 1,949,696 ret 340.72 len 285.2 kl 0.0121  sps 2230
upd  953/1464 step 1,951,744 ret 340.95 len 285.2 kl 0.0173  sps 2230
upd  954/1464 step 1,953,792 ret 349.58 len 289.4 kl 0.0216  sps 2230
upd  955/1464 step 1,955,840 ret 379.68 len 288.7 kl 0.0151  sps 2230
upd  956/1464 step 1,957,888 ret 367.02 len 283.9 kl 0.0141  sps 2230
upd  957/1464 step 1,959,936 ret 396.82 len 289.6 kl 0.0129  sps 2230
upd  958/1464 step 1,961,984 ret 393.08 len 287.0 kl 0.0154  sps 2229
upd  959/1464 step 1,964,032 ret 367.78 len 288.1 kl 0.0170  sps 2229
upd  960/1464 step 1,966,080 ret 356.66 len 288.9 kl 0.0152  sps 2229
upd  961/1464 step 1,968,128 ret 308.28 len 280.7 kl 0.0168  sps 2229
upd  962/1464 step 1,970,176 ret 321.59 len 279.3 kl 0.0158  sps 2229
upd  963/1464 step 1,972,224 ret 329.59 len 281.8 kl 0.0187  sps 2229
upd  964/1464 step 1,974,272 ret 366.55 len 281.8 kl 0.0144  sps 2228
upd  965/1464 step 1,976,320 ret 407.0 len 281.8 kl 0.0133  sps 2228
upd  966/1464 step 1,978,368 ret 401.22 len 279.6 kl 0.0142  sps 2228
upd  967/1464 step 1,980,416 ret 431.35 len 287.7 kl 0.0171  sps 2228
upd  968/1464 step 1,982,464 ret 387.75 len 287.7 kl 0.0167  sps 2228
upd  969/1464 step 1,984,512 ret 417.67 len 288.9 kl 0.0194  sps 2228
upd  970/1464 step 1,986,560 ret 397.31 len 288.9 kl 0.0167  sps 2228
upd  971/1464 step 1,988,608 ret 402.82 len 285.9 kl 0.0156  sps 2228
upd  972/1464 step 1,990,656 ret 426.16 len 294.6 kl 0.0122  sps 2228
upd  973/1464 step 1,992,704 ret 425.99 len 286.8 kl 0.0158  sps 2228
upd  974/1464 step 1,994,752 ret 436.47 len 278.7 kl 0.0142  sps 2228
upd  975/1464 step 1,996,800 ret 398.54 len 274.4 kl 0.0160  sps 2228
upd  976/1464 step 1,998,848 ret 346.82 len 277.3 kl 0.0153  sps 2228
upd  977/1464 step 2,000,896 ret 332.19 len 270.9 kl 0.0126  sps 2228
upd  978/1464 step 2,002,944 ret 311.96 len 274.4 kl 0.0153  sps 2227
upd  979/1464 step 2,004,992 ret 311.75 len 280.1 kl 0.0143  sps 2227
upd  980/1464 step 2,007,040 ret 317.91 len 286.8 kl 0.0144  sps 2227
upd  981/1464 step 2,009,088 ret 318.5 len 289.9 kl 0.0161  sps 2227
upd  982/1464 step 2,011,136 ret 314.66 len 283.7 kl 0.0142  sps 2227
upd  983/1464 step 2,013,184 ret 331.16 len 289.6 kl 0.0162  sps 2227
upd  984/1464 step 2,015,232 ret 367.89 len 287.9 kl 0.0187  sps 2227
upd  985/1464 step 2,017,280 ret 372.91 len 287.1 kl 0.0150  sps 2227
upd  986/1464 step 2,019,328 ret 386.25 len 290.8 kl 0.0211  sps 2227
upd  987/1464 step 2,021,376 ret 381.45 len 289.8 kl 0.0157  sps 2227
upd  988/1464 step 2,023,424 ret 384.52 len 292.0 kl 0.0128  sps 2227
upd  989/1464 step 2,025,472 ret 370.0 len 292.0 kl 0.0140  sps 2227
upd  990/1464 step 2,027,520 ret 357.83 len 293.7 kl 0.0155  sps 2227
upd  991/1464 step 2,029,568 ret 337.72 len 292.0 kl 0.0159  sps 2227
upd  992/1464 step 2,031,616 ret 350.41 len 292.0 kl 0.0144  sps 2227
upd  993/1464 step 2,033,664 ret 352.75 len 293.2 kl 0.0145  sps 2227
upd  994/1464 step 2,035,712 ret 347.8 len 296.6 kl 0.0126  sps 2227
upd  995/1464 step 2,037,760 ret 367.34 len 291.9 kl 0.0172  sps 2227
upd  996/1464 step 2,039,808 ret 323.47 len 291.9 kl 0.0171  sps 2227
upd  997/1464 step 2,041,856 ret 340.5 len 293.2 kl 0.0189  sps 2227
upd  998/1464 step 2,043,904 ret 341.66 len 293.2 kl 0.0150  sps 2227
upd  999/1464 step 2,045,952 ret 323.01 len 270.0 kl 0.0151  sps 2227
upd 1000/1464 step 2,048,000 ret 332.36 len 274.7 kl 0.0159  sps 2227
upd 1001/1464 step 2,050,048 ret 361.32 len 274.7 kl 0.0151  sps 2227
upd 1002/1464 step 2,052,096 ret 345.57 len 274.7 kl 0.0192  sps 2227
upd 1003/1464 step 2,054,144 ret 331.85 len 276.0 kl 0.0147  sps 2227
upd 1004/1464 step 2,056,192 ret 315.22 len 280.7 kl 0.0163  sps 2227
upd 1005/1464 step 2,058,240 ret 339.34 len 300.0 kl 0.0182  sps 2227
upd 1006/1464 step 2,060,288 ret 355.15 len 300.0 kl 0.0157  sps 2227
upd 1007/1464 step 2,062,336 ret 340.88 len 293.7 kl 0.0144  sps 2227
upd 1008/1464 step 2,064,384 ret 365.1 len 290.4 kl 0.0173  sps 2226
upd 1009/1464 step 2,066,432 ret 348.84 len 290.4 kl 0.0142  sps 2226
upd 1010/1464 step 2,068,480 ret 356.35 len 289.2 kl 0.0178  sps 2226
upd 1011/1464 step 2,070,528 ret 384.13 len 284.6 kl 0.0137  sps 2226
upd 1012/1464 step 2,072,576 ret 341.09 len 284.6 kl 0.0174  sps 2225
upd 1013/1464 step 2,074,624 ret 358.16 len 290.6 kl 0.0151  sps 2225
upd 1014/1464 step 2,076,672 ret 361.5 len 291.1 kl 0.0131  sps 2224
upd 1015/1464 step 2,078,720 ret 337.27 len 292.2 kl 0.0207  sps 2224
upd 1016/1464 step 2,080,768 ret 326.32 len 292.2 kl 0.0147  sps 2224
upd 1017/1464 step 2,082,816 ret 326.3 len 290.0 kl 0.0136  sps 2224
upd 1018/1464 step 2,084,864 ret 402.7 len 289.1 kl 0.0129  sps 2223
upd 1019/1464 step 2,086,912 ret 391.93 len 289.4 kl 0.0174  sps 2224
upd 1020/1464 step 2,088,960 ret 394.34 len 278.9 kl 0.0117  sps 2224
upd 1021/1464 step 2,091,008 ret 392.56 len 278.9 kl 0.0176  sps 2224
upd 1022/1464 step 2,093,056 ret 403.65 len 277.1 kl 0.0113  sps 2223
upd 1023/1464 step 2,095,104 ret 398.28 len 280.4 kl 0.0189  sps 2223
upd 1024/1464 step 2,097,152 ret 365.51 len 268.7 kl 0.0117  sps 2223
upd 1025/1464 step 2,099,200 ret 359.73 len 267.4 kl 0.0160  sps 2222
upd 1026/1464 step 2,101,248 ret 335.27 len 280.7 kl 0.0146  sps 2221
upd 1027/1464 step 2,103,296 ret 330.98 len 278.8 kl 0.0160  sps 2221
upd 1028/1464 step 2,105,344 ret 365.43 len 280.7 kl 0.0121  sps 2220
upd 1029/1464 step 2,107,392 ret 361.01 len 279.3 kl 0.0130  sps 2220
upd 1030/1464 step 2,109,440 ret 350.37 len 286.4 kl 0.0132  sps 2220
upd 1031/1464 step 2,111,488 ret 347.33 len 286.4 kl 0.0179  sps 2220
upd 1032/1464 step 2,113,536 ret 365.03 len 286.4 kl 0.0105  sps 2220
upd 1033/1464 step 2,115,584 ret 355.2 len 284.4 kl 0.0162  sps 2220
upd 1034/1464 step 2,117,632 ret 359.07 len 283.2 kl 0.0118  sps 2219
upd 1035/1464 step 2,119,680 ret 365.24 len 279.1 kl 0.0165  sps 2219
upd 1036/1464 step 2,121,728 ret 403.95 len 274.8 kl 0.0111  sps 2219
upd 1037/1464 step 2,123,776 ret 374.58 len 270.1 kl 0.0187  sps 2219
upd 1038/1464 step 2,125,824 ret 364.97 len 270.1 kl 0.0135  sps 2219
upd 1039/1464 step 2,127,872 ret 377.84 len 276.1 kl 0.0159  sps 2219
upd 1040/1464 step 2,129,920 ret 366.94 len 286.7 kl 0.0179  sps 2219
upd 1041/1464 step 2,131,968 ret 338.94 len 290.0 kl 0.0138  sps 2219
upd 1042/1464 step 2,134,016 ret 348.31 len 291.9 kl 0.0155  sps 2219
upd 1043/1464 step 2,136,064 ret 365.08 len 287.6 kl 0.0144  sps 2219
upd 1044/1464 step 2,138,112 ret 376.47 len 286.2 kl 0.0116  sps 2219
upd 1045/1464 step 2,140,160 ret 338.34 len 269.9 kl 0.0156  sps 2219
upd 1046/1464 step 2,142,208 ret 332.48 len 268.6 kl 0.0175  sps 2219
upd 1047/1464 step 2,144,256 ret 360.49 len 268.3 kl 0.0147  sps 2219
upd 1048/1464 step 2,146,304 ret 350.89 len 269.1 kl 0.0147  sps 2219
upd 1049/1464 step 2,148,352 ret 354.36 len 263.6 kl 0.0118  sps 2219
upd 1050/1464 step 2,150,400 ret 359.03 len 275.9 kl 0.0128  sps 2219
upd 1051/1464 step 2,152,448 ret 314.94 len 284.7 kl 0.0188  sps 2219
upd 1052/1464 step 2,154,496 ret 301.18 len 280.8 kl 0.0173  sps 2219
upd 1053/1464 step 2,156,544 ret 313.47 len 280.8 kl 0.0138  sps 2219
upd 1054/1464 step 2,158,592 ret 338.23 len 292.2 kl 0.0162  sps 2218
upd 1055/1464 step 2,160,640 ret 337.2 len 292.2 kl 0.0169  sps 2218
upd 1056/1464 step 2,162,688 ret 363.73 len 279.0 kl 0.0126  sps 2218
upd 1057/1464 step 2,164,736 ret 377.5 len 272.6 kl 0.0150  sps 2218
upd 1058/1464 step 2,166,784 ret 366.98 len 275.6 kl 0.0156  sps 2218
upd 1059/1464 step 2,168,832 ret 366.53 len 275.6 kl 0.0142  sps 2218
upd 1060/1464 step 2,170,880 ret 330.22 len 266.1 kl 0.0156  sps 2218
upd 1061/1464 step 2,172,928 ret 336.74 len 270.0 kl 0.0175  sps 2218
upd 1062/1464 step 2,174,976 ret 300.13 len 275.4 kl 0.0154  sps 2217
upd 1063/1464 step 2,177,024 ret 291.0 len 279.1 kl 0.0175  sps 2217
upd 1064/1464 step 2,179,072 ret 276.11 len 274.2 kl 0.0131  sps 2217
upd 1065/1464 step 2,181,120 ret 275.66 len 279.1 kl 0.0161  sps 2217
upd 1066/1464 step 2,183,168 ret 288.33 len 264.6 kl 0.0169  sps 2217
upd 1067/1464 step 2,185,216 ret 293.89 len 271.4 kl 0.0136  sps 2217
upd 1068/1464 step 2,187,264 ret 307.81 len 265.1 kl 0.0116  sps 2217
upd 1069/1464 step 2,189,312 ret 326.65 len 270.1 kl 0.0144  sps 2217
upd 1070/1464 step 2,191,360 ret 330.69 len 276.5 kl 0.0168  sps 2217
upd 1071/1464 step 2,193,408 ret 307.44 len 274.4 kl 0.0129  sps 2217
upd 1072/1464 step 2,195,456 ret 330.28 len 289.1 kl 0.0113  sps 2217
upd 1073/1464 step 2,197,504 ret 328.33 len 288.7 kl 0.0137  sps 2217
upd 1074/1464 step 2,199,552 ret 345.76 len 288.7 kl 0.0138  sps 2216
upd 1075/1464 step 2,201,600 ret 364.25 len 275.1 kl 0.0140  sps 2217
upd 1076/1464 step 2,203,648 ret 360.23 len 267.0 kl 0.0142  sps 2216
upd 1077/1464 step 2,205,696 ret 363.61 len 267.0 kl 0.0137  sps 2216
upd 1078/1464 step 2,207,744 ret 361.24 len 254.3 kl 0.0160  sps 2216
upd 1079/1464 step 2,209,792 ret 347.82 len 256.8 kl 0.0125  sps 2216
upd 1080/1464 step 2,211,840 ret 353.93 len 270.4 kl 0.0162  sps 2216
upd 1081/1464 step 2,213,888 ret 368.37 len 269.6 kl 0.0143  sps 2217
upd 1082/1464 step 2,215,936 ret 351.87 len 269.4 kl 0.0117  sps 2216
upd 1083/1464 step 2,217,984 ret 379.74 len 263.1 kl 0.0129  sps 2216
upd 1084/1464 step 2,220,032 ret 385.78 len 252.2 kl 0.0136  sps 2216
upd 1085/1464 step 2,222,080 ret 353.58 len 252.2 kl 0.0120  sps 2216
upd 1086/1464 step 2,224,128 ret 339.23 len 257.9 kl 0.0166  sps 2217
upd 1087/1464 step 2,226,176 ret 315.9 len 259.2 kl 0.0152  sps 2216
upd 1088/1464 step 2,228,224 ret 289.87 len 271.8 kl 0.0168  sps 2216
upd 1089/1464 step 2,230,272 ret 325.43 len 282.1 kl 0.0127  sps 2216
upd 1090/1464 step 2,232,320 ret 340.83 len 288.4 kl 0.0129  sps 2216
upd 1091/1464 step 2,234,368 ret 347.05 len 290.2 kl 0.0118  sps 2216
upd 1092/1464 step 2,236,416 ret 318.19 len 285.3 kl 0.0145  sps 2216
upd 1093/1464 step 2,238,464 ret 331.44 len 281.0 kl 0.0126  sps 2216
upd 1094/1464 step 2,240,512 ret 326.67 len 271.8 kl 0.0108  sps 2216
upd 1095/1464 step 2,242,560 ret 267.94 len 276.8 kl 0.0124  sps 2216
upd 1096/1464 step 2,244,608 ret 263.76 len 268.9 kl 0.0122  sps 2216
upd 1097/1464 step 2,246,656 ret 247.64 len 269.2 kl 0.0170  sps 2216
upd 1098/1464 step 2,248,704 ret 286.95 len 273.6 kl 0.0130  sps 2216
upd 1099/1464 step 2,250,752 ret 261.09 len 258.0 kl 0.0105  sps 2216
upd 1100/1464 step 2,252,800 ret 277.26 len 258.0 kl 0.0141  sps 2215
upd 1101/1464 step 2,254,848 ret 283.43 len 265.9 kl 0.0161  sps 2215
upd 1102/1464 step 2,256,896 ret 302.75 len 256.0 kl 0.0163  sps 2215
upd 1103/1464 step 2,258,944 ret 290.85 len 261.8 kl 0.0134  sps 2215
upd 1104/1464 step 2,260,992 ret 307.56 len 269.0 kl 0.0145  sps 2215
upd 1105/1464 step 2,263,040 ret 343.92 len 278.1 kl 0.0113  sps 2215
upd 1106/1464 step 2,265,088 ret 328.06 len 267.6 kl 0.0152  sps 2215
upd 1107/1464 step 2,267,136 ret 343.26 len 267.1 kl 0.0131  sps 2215
upd 1108/1464 step 2,269,184 ret 358.21 len 273.1 kl 0.0166  sps 2215
upd 1109/1464 step 2,271,232 ret 361.64 len 274.7 kl 0.0151  sps 2215
upd 1110/1464 step 2,273,280 ret 354.94 len 272.3 kl 0.0151  sps 2215
upd 1111/1464 step 2,275,328 ret 314.66 len 280.3 kl 0.0104  sps 2215
upd 1112/1464 step 2,277,376 ret 293.93 len 273.1 kl 0.0121  sps 2215
upd 1113/1464 step 2,279,424 ret 259.12 len 266.5 kl 0.0119  sps 2215
upd 1114/1464 step 2,281,472 ret 235.42 len 269.8 kl 0.0182  sps 2215
upd 1115/1464 step 2,283,520 ret 228.45 len 259.9 kl 0.0117  sps 2215
upd 1116/1464 step 2,285,568 ret 260.62 len 256.2 kl 0.0140  sps 2215
upd 1117/1464 step 2,287,616 ret 288.08 len 261.6 kl 0.0114  sps 2215
upd 1118/1464 step 2,289,664 ret 292.07 len 268.2 kl 0.0141  sps 2215
upd 1119/1464 step 2,291,712 ret 335.83 len 266.0 kl 0.0114  sps 2215
upd 1120/1464 step 2,293,760 ret 314.25 len 258.7 kl 0.0137  sps 2214
upd 1121/1464 step 2,295,808 ret 305.79 len 259.3 kl 0.0136  sps 2214
upd 1122/1464 step 2,297,856 ret 302.16 len 260.9 kl 0.0124  sps 2214
upd 1123/1464 step 2,299,904 ret 322.24 len 262.3 kl 0.0129  sps 2214
upd 1124/1464 step 2,301,952 ret 306.88 len 264.5 kl 0.0136  sps 2214
upd 1125/1464 step 2,304,000 ret 333.23 len 256.8 kl 0.0117  sps 2214
upd 1126/1464 step 2,306,048 ret 344.14 len 266.4 kl 0.0121  sps 2214
upd 1127/1464 step 2,308,096 ret 335.74 len 266.2 kl 0.0136  sps 2214
upd 1128/1464 step 2,310,144 ret 333.42 len 267.8 kl 0.0155  sps 2214
upd 1129/1464 step 2,312,192 ret 333.5 len 271.0 kl 0.0121  sps 2214
upd 1130/1464 step 2,314,240 ret 329.61 len 280.8 kl 0.0127  sps 2214
upd 1131/1464 step 2,316,288 ret 286.02 len 275.8 kl 0.0124  sps 2214
upd 1132/1464 step 2,318,336 ret 295.11 len 268.2 kl 0.0138  sps 2214
upd 1133/1464 step 2,320,384 ret 313.81 len 273.6 kl 0.0150  sps 2215
upd 1134/1464 step 2,322,432 ret 334.06 len 273.6 kl 0.0153  sps 2215
upd 1135/1464 step 2,324,480 ret 318.87 len 274.6 kl 0.0143  sps 2215
upd 1136/1464 step 2,326,528 ret 322.97 len 280.1 kl 0.0089  sps 2215
upd 1137/1464 step 2,328,576 ret 314.58 len 291.8 kl 0.0123  sps 2215
upd 1138/1464 step 2,330,624 ret 307.13 len 294.9 kl 0.0127  sps 2215
upd 1139/1464 step 2,332,672 ret 329.06 len 285.8 kl 0.0165  sps 2215
upd 1140/1464 step 2,334,720 ret 312.81 len 268.6 kl 0.0138  sps 2214
upd 1141/1464 step 2,336,768 ret 337.66 len 268.6 kl 0.0116  sps 2214
upd 1142/1464 step 2,338,816 ret 338.81 len 253.1 kl 0.0124  sps 2214
upd 1143/1464 step 2,340,864 ret 335.75 len 255.9 kl 0.0134  sps 2214
upd 1144/1464 step 2,342,912 ret 327.17 len 259.0 kl 0.0131  sps 2214
upd 1145/1464 step 2,344,960 ret 310.94 len 269.9 kl 0.0106  sps 2214
upd 1146/1464 step 2,347,008 ret 283.66 len 276.2 kl 0.0110  sps 2214
upd 1147/1464 step 2,349,056 ret 266.12 len 283.1 kl 0.0129  sps 2214
upd 1148/1464 step 2,351,104 ret 265.91 len 289.3 kl 0.0101  sps 2214
upd 1149/1464 step 2,353,152 ret 268.05 len 290.9 kl 0.0132  sps 2213
upd 1150/1464 step 2,355,200 ret 247.02 len 294.1 kl 0.0153  sps 2214
upd 1151/1464 step 2,357,248 ret 305.29 len 288.6 kl 0.0114  sps 2214
upd 1152/1464 step 2,359,296 ret 327.34 len 288.6 kl 0.0170  sps 2214
upd 1153/1464 step 2,361,344 ret 337.5 len 291.7 kl 0.0102  sps 2214
upd 1154/1464 step 2,363,392 ret 354.6 len 284.9 kl 0.0102  sps 2213
upd 1155/1464 step 2,365,440 ret 323.84 len 284.9 kl 0.0084  sps 2213
upd 1156/1464 step 2,367,488 ret 301.53 len 288.0 kl 0.0110  sps 2213
upd 1157/1464 step 2,369,536 ret 278.87 len 281.6 kl 0.0145  sps 2213
upd 1158/1464 step 2,371,584 ret 295.76 len 272.9 kl 0.0118  sps 2213
upd 1159/1464 step 2,373,632 ret 282.32 len 274.4 kl 0.0137  sps 2214
upd 1160/1464 step 2,375,680 ret 304.87 len 266.6 kl 0.0138  sps 2214
upd 1161/1464 step 2,377,728 ret 302.29 len 259.7 kl 0.0115  sps 2214
upd 1162/1464 step 2,379,776 ret 291.87 len 266.1 kl 0.0132  sps 2214
upd 1163/1464 step 2,381,824 ret 314.85 len 266.6 kl 0.0122  sps 2214
upd 1164/1464 step 2,383,872 ret 311.76 len 277.6 kl 0.0104  sps 2214
upd 1165/1464 step 2,385,920 ret 304.12 len 264.3 kl 0.0129  sps 2213
upd 1166/1464 step 2,387,968 ret 300.64 len 266.7 kl 0.0114  sps 2213
upd 1167/1464 step 2,390,016 ret 292.16 len 264.1 kl 0.0134  sps 2213
upd 1168/1464 step 2,392,064 ret 299.6 len 261.4 kl 0.0168  sps 2213
upd 1169/1464 step 2,394,112 ret 312.79 len 262.6 kl 0.0101  sps 2213
upd 1170/1464 step 2,396,160 ret 318.53 len 269.4 kl 0.0113  sps 2213
upd 1171/1464 step 2,398,208 ret 341.69 len 278.4 kl 0.0119  sps 2213
upd 1172/1464 step 2,400,256 ret 328.33 len 284.7 kl 0.0131  sps 2213
upd 1173/1464 step 2,402,304 ret 329.58 len 285.6 kl 0.0155  sps 2213
upd 1174/1464 step 2,404,352 ret 311.52 len 270.9 kl 0.0113  sps 2213
upd 1175/1464 step 2,406,400 ret 310.08 len 273.7 kl 0.0105  sps 2213
upd 1176/1464 step 2,408,448 ret 305.91 len 265.2 kl 0.0163  sps 2213
upd 1177/1464 step 2,410,496 ret 306.64 len 265.2 kl 0.0130  sps 2213
upd 1178/1464 step 2,412,544 ret 298.35 len 262.0 kl 0.0137  sps 2213
upd 1179/1464 step 2,414,592 ret 285.39 len 280.4 kl 0.0104  sps 2213
upd 1180/1464 step 2,416,640 ret 279.38 len 282.9 kl 0.0146  sps 2213
upd 1181/1464 step 2,418,688 ret 265.13 len 285.5 kl 0.0135  sps 2213
upd 1182/1464 step 2,420,736 ret 270.76 len 288.3 kl 0.0144  sps 2213
upd 1183/1464 step 2,422,784 ret 329.49 len 277.8 kl 0.0105  sps 2213
upd 1184/1464 step 2,424,832 ret 364.3 len 277.4 kl 0.0139  sps 2213
upd 1185/1464 step 2,426,880 ret 371.99 len 274.4 kl 0.0131  sps 2213
upd 1186/1464 step 2,428,928 ret 415.7 len 277.6 kl 0.0128  sps 2213
upd 1187/1464 step 2,430,976 ret 394.16 len 275.3 kl 0.0089  sps 2213
upd 1188/1464 step 2,433,024 ret 372.05 len 278.7 kl 0.0160  sps 2213
upd 1189/1464 step 2,435,072 ret 385.65 len 279.1 kl 0.0112  sps 2213
upd 1190/1464 step 2,437,120 ret 376.27 len 281.9 kl 0.0113  sps 2213
upd 1191/1464 step 2,439,168 ret 353.5 len 281.9 kl 0.0152  sps 2212
upd 1192/1464 step 2,441,216 ret 390.18 len 284.3 kl 0.0111  sps 2212
upd 1193/1464 step 2,443,264 ret 392.66 len 283.8 kl 0.0139  sps 2212
upd 1194/1464 step 2,445,312 ret 377.06 len 288.4 kl 0.0158  sps 2212
upd 1195/1464 step 2,447,360 ret 339.62 len 285.4 kl 0.0144  sps 2212
upd 1196/1464 step 2,449,408 ret 383.35 len 285.4 kl 0.0091  sps 2212
upd 1197/1464 step 2,451,456 ret 360.06 len 275.4 kl 0.0132  sps 2212
upd 1198/1464 step 2,453,504 ret 309.18 len 267.1 kl 0.0131  sps 2212
upd 1199/1464 step 2,455,552 ret 309.57 len 245.0 kl 0.0097  sps 2212
upd 1200/1464 step 2,457,600 ret 305.09 len 246.0 kl 0.0143  sps 2211
upd 1201/1464 step 2,459,648 ret 254.89 len 243.4 kl 0.0091  sps 2211
upd 1202/1464 step 2,461,696 ret 263.6 len 252.1 kl 0.0156  sps 2211
upd 1203/1464 step 2,463,744 ret 247.68 len 251.9 kl 0.0150  sps 2211
upd 1204/1464 step 2,465,792 ret 267.13 len 267.1 kl 0.0124  sps 2211
upd 1205/1464 step 2,467,840 ret 287.72 len 276.0 kl 0.0124  sps 2211
upd 1206/1464 step 2,469,888 ret 259.3 len 280.8 kl 0.0124  sps 2211
upd 1207/1464 step 2,471,936 ret 287.98 len 270.9 kl 0.0112  sps 2211
upd 1208/1464 step 2,473,984 ret 304.77 len 277.6 kl 0.0147  sps 2210
upd 1209/1464 step 2,476,032 ret 310.94 len 279.0 kl 0.0103  sps 2210
upd 1210/1464 step 2,478,080 ret 300.56 len 278.2 kl 0.0136  sps 2210
upd 1211/1464 step 2,480,128 ret 320.0 len 267.2 kl 0.0105  sps 2210
upd 1212/1464 step 2,482,176 ret 315.39 len 277.4 kl 0.0125  sps 2210
upd 1213/1464 step 2,484,224 ret 317.19 len 267.1 kl 0.0101  sps 2210
upd 1214/1464 step 2,486,272 ret 318.78 len 268.5 kl 0.0116  sps 2210
upd 1215/1464 step 2,488,320 ret 305.93 len 268.5 kl 0.0123  sps 2210
upd 1216/1464 step 2,490,368 ret 293.3 len 277.2 kl 0.0115  sps 2210
upd 1217/1464 step 2,492,416 ret 299.3 len 266.4 kl 0.0140  sps 2210
upd 1218/1464 step 2,494,464 ret 317.62 len 262.9 kl 0.0114  sps 2210
upd 1219/1464 step 2,496,512 ret 352.81 len 271.0 kl 0.0113  sps 2210
upd 1220/1464 step 2,498,560 ret 369.67 len 270.7 kl 0.0127  sps 2209
upd 1221/1464 step 2,500,608 ret 397.75 len 267.1 kl 0.0132  sps 2209
upd 1222/1464 step 2,502,656 ret 411.12 len 272.7 kl 0.0098  sps 2209
upd 1223/1464 step 2,504,704 ret 391.12 len 275.9 kl 0.0104  sps 2209
upd 1224/1464 step 2,506,752 ret 389.72 len 280.6 kl 0.0103  sps 2209
upd 1225/1464 step 2,508,800 ret 356.09 len 280.9 kl 0.0117  sps 2209
upd 1226/1464 step 2,510,848 ret 347.51 len 280.9 kl 0.0122  sps 2209
upd 1227/1464 step 2,512,896 ret 367.75 len 289.7 kl 0.0130  sps 2209
upd 1228/1464 step 2,514,944 ret 347.31 len 287.4 kl 0.0110  sps 2209
upd 1229/1464 step 2,516,992 ret 313.5 len 274.5 kl 0.0098  sps 2209
upd 1230/1464 step 2,519,040 ret 315.79 len 275.7 kl 0.0106  sps 2209
upd 1231/1464 step 2,521,088 ret 307.52 len 271.5 kl 0.0100  sps 2209
upd 1232/1464 step 2,523,136 ret 314.99 len 273.0 kl 0.0182  sps 2209
upd 1233/1464 step 2,525,184 ret 324.21 len 275.3 kl 0.0129  sps 2209
upd 1234/1464 step 2,527,232 ret 328.08 len 277.1 kl 0.0136  sps 2209
upd 1235/1464 step 2,529,280 ret 368.87 len 286.6 kl 0.0115  sps 2209
upd 1236/1464 step 2,531,328 ret 389.46 len 291.1 kl 0.0117  sps 2210
upd 1237/1464 step 2,533,376 ret 397.11 len 288.6 kl 0.0093  sps 2210
upd 1238/1464 step 2,535,424 ret 389.22 len 284.6 kl 0.0126  sps 2210
upd 1239/1464 step 2,537,472 ret 378.2 len 279.2 kl 0.0101  sps 2210
upd 1240/1464 step 2,539,520 ret 337.55 len 280.1 kl 0.0117  sps 2210
upd 1241/1464 step 2,541,568 ret 307.68 len 280.1 kl 0.0121  sps 2210
upd 1242/1464 step 2,543,616 ret 328.38 len 276.7 kl 0.0088  sps 2209
upd 1243/1464 step 2,545,664 ret 322.37 len 280.7 kl 0.0111  sps 2209
upd 1244/1464 step 2,547,712 ret 314.43 len 250.4 kl 0.0103  sps 2209
upd 1245/1464 step 2,549,760 ret 326.01 len 249.3 kl 0.0098  sps 2209
upd 1246/1464 step 2,551,808 ret 297.81 len 237.2 kl 0.0114  sps 2209
upd 1247/1464 step 2,553,856 ret 267.08 len 242.7 kl 0.0111  sps 2210
upd 1248/1464 step 2,555,904 ret 257.02 len 239.5 kl 0.0112  sps 2210
upd 1249/1464 step 2,557,952 ret 266.34 len 254.0 kl 0.0088  sps 2210
upd 1250/1464 step 2,560,000 ret 276.4 len 264.7 kl 0.0125  sps 2210
upd 1251/1464 step 2,562,048 ret 275.45 len 271.9 kl 0.0072  sps 2210
upd 1252/1464 step 2,564,096 ret 270.01 len 276.1 kl 0.0120  sps 2209
upd 1253/1464 step 2,566,144 ret 281.37 len 280.1 kl 0.0151  sps 2210
upd 1254/1464 step 2,568,192 ret 279.46 len 262.9 kl 0.0097  sps 2210
upd 1255/1464 step 2,570,240 ret 266.28 len 262.1 kl 0.0132  sps 2210
upd 1256/1464 step 2,572,288 ret 292.24 len 265.5 kl 0.0097  sps 2210
upd 1257/1464 step 2,574,336 ret 305.91 len 265.7 kl 0.0093  sps 2210
upd 1258/1464 step 2,576,384 ret 317.74 len 258.0 kl 0.0094  sps 2210
upd 1259/1464 step 2,578,432 ret 321.43 len 276.3 kl 0.0089  sps 2210
upd 1260/1464 step 2,580,480 ret 342.06 len 262.9 kl 0.0126  sps 2209
upd 1261/1464 step 2,582,528 ret 344.94 len 257.9 kl 0.0114  sps 2209
upd 1262/1464 step 2,584,576 ret 339.43 len 267.9 kl 0.0118  sps 2209
upd 1263/1464 step 2,586,624 ret 347.79 len 270.8 kl 0.0103  sps 2209
upd 1264/1464 step 2,588,672 ret 377.55 len 266.2 kl 0.0086  sps 2209
upd 1265/1464 step 2,590,720 ret 342.42 len 279.9 kl 0.0064  sps 2209
upd 1266/1464 step 2,592,768 ret 313.59 len 280.6 kl 0.0112  sps 2209
upd 1267/1464 step 2,594,816 ret 301.6 len 287.2 kl 0.0097  sps 2209
upd 1268/1464 step 2,596,864 ret 272.11 len 287.6 kl 0.0096  sps 2210
upd 1269/1464 step 2,598,912 ret 255.37 len 285.9 kl 0.0106  sps 2209
upd 1270/1464 step 2,600,960 ret 265.85 len 283.1 kl 0.0091  sps 2209
upd 1271/1464 step 2,603,008 ret 273.81 len 283.1 kl 0.0084  sps 2209
upd 1272/1464 step 2,605,056 ret 287.46 len 283.5 kl 0.0108  sps 2209
upd 1273/1464 step 2,607,104 ret 345.08 len 281.9 kl 0.0085  sps 2209
upd 1274/1464 step 2,609,152 ret 322.98 len 281.9 kl 0.0116  sps 2209
upd 1275/1464 step 2,611,200 ret 364.57 len 286.5 kl 0.0141  sps 2209
upd 1276/1464 step 2,613,248 ret 384.93 len 287.8 kl 0.0099  sps 2209
upd 1277/1464 step 2,615,296 ret 393.42 len 282.6 kl 0.0105  sps 2209
upd 1278/1464 step 2,617,344 ret 402.69 len 286.6 kl 0.0081  sps 2209
upd 1279/1464 step 2,619,392 ret 384.2 len 286.6 kl 0.0098  sps 2209
upd 1280/1464 step 2,621,440 ret 375.42 len 286.3 kl 0.0071  sps 2209
upd 1281/1464 step 2,623,488 ret 343.03 len 288.1 kl 0.0088  sps 2209
upd 1282/1464 step 2,625,536 ret 310.65 len 275.4 kl 0.0118  sps 2209
upd 1283/1464 step 2,627,584 ret 290.48 len 273.9 kl 0.0072  sps 2209
upd 1284/1464 step 2,629,632 ret 261.36 len 273.9 kl 0.0104  sps 2209
upd 1285/1464 step 2,631,680 ret 274.14 len 273.8 kl 0.0092  sps 2209
upd 1286/1464 step 2,633,728 ret 269.31 len 263.8 kl 0.0112  sps 2209
upd 1287/1464 step 2,635,776 ret 306.67 len 266.6 kl 0.0085  sps 2209
upd 1288/1464 step 2,637,824 ret 293.02 len 267.2 kl 0.0090  sps 2209
upd 1289/1464 step 2,639,872 ret 310.21 len 267.2 kl 0.0083  sps 2209
upd 1290/1464 step 2,641,920 ret 312.98 len 273.9 kl 0.0111  sps 2210
upd 1291/1464 step 2,643,968 ret 295.22 len 267.8 kl 0.0071  sps 2210
upd 1292/1464 step 2,646,016 ret 268.79 len 270.0 kl 0.0084  sps 2210
upd 1293/1464 step 2,648,064 ret 286.4 len 270.2 kl 0.0099  sps 2210
upd 1294/1464 step 2,650,112 ret 281.92 len 263.5 kl 0.0115  sps 2210
upd 1295/1464 step 2,652,160 ret 298.9 len 247.2 kl 0.0078  sps 2209
upd 1296/1464 step 2,654,208 ret 279.83 len 250.9 kl 0.0081  sps 2209
upd 1297/1464 step 2,656,256 ret 300.66 len 265.4 kl 0.0081  sps 2209
upd 1298/1464 step 2,658,304 ret 284.71 len 264.6 kl 0.0091  sps 2209
upd 1299/1464 step 2,660,352 ret 288.62 len 271.4 kl 0.0085  sps 2209
upd 1300/1464 step 2,662,400 ret 290.35 len 277.7 kl 0.0091  sps 2209
upd 1301/1464 step 2,664,448 ret 322.83 len 277.7 kl 0.0074  sps 2209
upd 1302/1464 step 2,666,496 ret 318.81 len 271.5 kl 0.0098  sps 2209
upd 1303/1464 step 2,668,544 ret 347.23 len 271.1 kl 0.0103  sps 2209
upd 1304/1464 step 2,670,592 ret 338.67 len 261.8 kl 0.0103  sps 2209
upd 1305/1464 step 2,672,640 ret 328.03 len 258.3 kl 0.0074  sps 2209
upd 1306/1464 step 2,674,688 ret 304.28 len 254.3 kl 0.0078  sps 2209
upd 1307/1464 step 2,676,736 ret 284.97 len 263.8 kl 0.0063  sps 2209
upd 1308/1464 step 2,678,784 ret 264.23 len 256.2 kl 0.0079  sps 2209
upd 1309/1464 step 2,680,832 ret 272.26 len 254.8 kl 0.0087  sps 2209
upd 1310/1464 step 2,682,880 ret 273.35 len 261.6 kl 0.0117  sps 2209
upd 1311/1464 step 2,684,928 ret 290.74 len 273.6 kl 0.0097  sps 2209
upd 1312/1464 step 2,686,976 ret 287.27 len 267.0 kl 0.0103  sps 2209
upd 1313/1464 step 2,689,024 ret 338.85 len 273.6 kl 0.0080  sps 2209
upd 1314/1464 step 2,691,072 ret 361.44 len 256.0 kl 0.0085  sps 2209
upd 1315/1464 step 2,693,120 ret 365.72 len 250.8 kl 0.0087  sps 2209
upd 1316/1464 step 2,695,168 ret 378.67 len 250.8 kl 0.0099  sps 2209
upd 1317/1464 step 2,697,216 ret 365.96 len 257.4 kl 0.0074  sps 2209
upd 1318/1464 step 2,699,264 ret 335.12 len 257.1 kl 0.0075  sps 2209
upd 1319/1464 step 2,701,312 ret 324.16 len 266.9 kl 0.0085  sps 2208
upd 1320/1464 step 2,703,360 ret 345.79 len 287.1 kl 0.0074  sps 2208
upd 1321/1464 step 2,705,408 ret 302.32 len 292.3 kl 0.0084  sps 2208
upd 1322/1464 step 2,707,456 ret 316.18 len 292.3 kl 0.0067  sps 2208
upd 1323/1464 step 2,709,504 ret 318.84 len 281.6 kl 0.0059  sps 2208
upd 1324/1464 step 2,711,552 ret 333.94 len 287.6 kl 0.0070  sps 2208
upd 1325/1464 step 2,713,600 ret 314.33 len 274.4 kl 0.0071  sps 2208
upd 1326/1464 step 2,715,648 ret 310.5 len 274.4 kl 0.0064  sps 2208
upd 1327/1464 step 2,717,696 ret 304.9 len 261.4 kl 0.0080  sps 2208
upd 1328/1464 step 2,719,744 ret 295.41 len 261.6 kl 0.0049  sps 2208
upd 1329/1464 step 2,721,792 ret 292.85 len 264.3 kl 0.0065  sps 2208
upd 1330/1464 step 2,723,840 ret 286.35 len 273.6 kl 0.0083  sps 2208
upd 1331/1464 step 2,725,888 ret 291.2 len 267.3 kl 0.0051  sps 2208
upd 1332/1464 step 2,727,936 ret 281.92 len 275.0 kl 0.0096  sps 2208
upd 1333/1464 step 2,729,984 ret 305.16 len 275.0 kl 0.0059  sps 2208
upd 1334/1464 step 2,732,032 ret 327.54 len 283.3 kl 0.0066  sps 2208
upd 1335/1464 step 2,734,080 ret 311.27 len 268.0 kl 0.0099  sps 2208
upd 1336/1464 step 2,736,128 ret 294.99 len 245.6 kl 0.0054  sps 2208
upd 1337/1464 step 2,738,176 ret 297.25 len 235.4 kl 0.0059  sps 2208
upd 1338/1464 step 2,740,224 ret 278.27 len 235.4 kl 0.0068  sps 2208
upd 1339/1464 step 2,742,272 ret 265.47 len 241.6 kl 0.0072  sps 2208
upd 1340/1464 step 2,744,320 ret 308.34 len 258.9 kl 0.0052  sps 2208
upd 1341/1464 step 2,746,368 ret 315.96 len 272.6 kl 0.0116  sps 2208
upd 1342/1464 step 2,748,416 ret 333.37 len 286.8 kl 0.0048  sps 2208
upd 1343/1464 step 2,750,464 ret 324.02 len 281.8 kl 0.0072  sps 2208
upd 1344/1464 step 2,752,512 ret 356.47 len 281.8 kl 0.0052  sps 2208
upd 1345/1464 step 2,754,560 ret 351.35 len 270.5 kl 0.0070  sps 2208
upd 1346/1464 step 2,756,608 ret 329.65 len 270.5 kl 0.0065  sps 2209
upd 1347/1464 step 2,758,656 ret 323.27 len 272.1 kl 0.0059  sps 2209
upd 1348/1464 step 2,760,704 ret 328.45 len 268.6 kl 0.0075  sps 2209
upd 1349/1464 step 2,762,752 ret 342.87 len 264.8 kl 0.0055  sps 2208
upd 1350/1464 step 2,764,800 ret 324.06 len 257.1 kl 0.0061  sps 2209
upd 1351/1464 step 2,766,848 ret 324.3 len 257.2 kl 0.0083  sps 2209
upd 1352/1464 step 2,768,896 ret 310.25 len 245.6 kl 0.0049  sps 2208
upd 1353/1464 step 2,770,944 ret 309.6 len 240.2 kl 0.0073  sps 2208
upd 1354/1464 step 2,772,992 ret 294.33 len 252.2 kl 0.0053  sps 2208
upd 1355/1464 step 2,775,040 ret 258.87 len 255.2 kl 0.0049  sps 2208
upd 1356/1464 step 2,777,088 ret 273.58 len 267.1 kl 0.0050  sps 2208
upd 1357/1464 step 2,779,136 ret 262.58 len 274.3 kl 0.0075  sps 2208
upd 1358/1464 step 2,781,184 ret 261.58 len 284.0 kl 0.0087  sps 2208
upd 1359/1464 step 2,783,232 ret 276.78 len 290.2 kl 0.0056  sps 2208
upd 1360/1464 step 2,785,280 ret 315.04 len 276.3 kl 0.0067  sps 2208
upd 1361/1464 step 2,787,328 ret 326.83 len 280.2 kl 0.0063  sps 2208
upd 1362/1464 step 2,789,376 ret 351.87 len 283.9 kl 0.0049  sps 2208
upd 1363/1464 step 2,791,424 ret 344.4 len 280.3 kl 0.0065  sps 2208
upd 1364/1464 step 2,793,472 ret 370.13 len 273.9 kl 0.0034  sps 2209
upd 1365/1464 step 2,795,520 ret 383.57 len 273.9 kl 0.0057  sps 2209
upd 1366/1464 step 2,797,568 ret 372.54 len 287.9 kl 0.0035  sps 2209
upd 1367/1464 step 2,799,616 ret 349.81 len 283.8 kl 0.0048  sps 2209
upd 1368/1464 step 2,801,664 ret 335.7 len 283.8 kl 0.0057  sps 2208
upd 1369/1464 step 2,803,712 ret 349.21 len 289.5 kl 0.0055  sps 2209
upd 1370/1464 step 2,805,760 ret 364.49 len 291.8 kl 0.0037  sps 2209
upd 1371/1464 step 2,807,808 ret 354.98 len 291.8 kl 0.0073  sps 2209
upd 1372/1464 step 2,809,856 ret 342.08 len 285.4 kl 0.0048  sps 2209
upd 1373/1464 step 2,811,904 ret 350.11 len 278.8 kl 0.0040  sps 2209
upd 1374/1464 step 2,813,952 ret 404.87 len 278.8 kl 0.0033  sps 2209
upd 1375/1464 step 2,816,000 ret 379.62 len 274.4 kl 0.0025  sps 2209
upd 1376/1464 step 2,818,048 ret 368.77 len 274.4 kl 0.0043  sps 2209
upd 1377/1464 step 2,820,096 ret 365.87 len 270.9 kl 0.0076  sps 2209
upd 1378/1464 step 2,822,144 ret 352.95 len 271.6 kl 0.0036  sps 2209
upd 1379/1464 step 2,824,192 ret 361.62 len 280.7 kl 0.0027  sps 2209
upd 1380/1464 step 2,826,240 ret 335.52 len 280.3 kl 0.0052  sps 2209
upd 1381/1464 step 2,828,288 ret 352.8 len 270.9 kl 0.0028  sps 2209
upd 1382/1464 step 2,830,336 ret 357.34 len 272.9 kl 0.0034  sps 2208
upd 1383/1464 step 2,832,384 ret 348.84 len 272.0 kl 0.0039  sps 2208
upd 1384/1464 step 2,834,432 ret 346.19 len 273.6 kl 0.0038  sps 2208
upd 1385/1464 step 2,836,480 ret 362.88 len 263.4 kl 0.0029  sps 2208
upd 1386/1464 step 2,838,528 ret 330.1 len 268.0 kl 0.0054  sps 2209
upd 1387/1464 step 2,840,576 ret 313.86 len 273.4 kl 0.0026  sps 2209
upd 1388/1464 step 2,842,624 ret 336.81 len 272.3 kl 0.0037  sps 2208
upd 1389/1464 step 2,844,672 ret 320.04 len 272.3 kl 0.0040  sps 2208
upd 1390/1464 step 2,846,720 ret 308.91 len 279.0 kl 0.0041  sps 2208
upd 1391/1464 step 2,848,768 ret 324.82 len 285.3 kl 0.0017  sps 2208
upd 1392/1464 step 2,850,816 ret 340.88 len 284.6 kl 0.0024  sps 2208
upd 1393/1464 step 2,852,864 ret 349.85 len 291.1 kl 0.0025  sps 2208
upd 1394/1464 step 2,854,912 ret 354.23 len 299.3 kl 0.0029  sps 2208
upd 1395/1464 step 2,856,960 ret 349.85 len 292.7 kl 0.0026  sps 2208
upd 1396/1464 step 2,859,008 ret 376.54 len 292.7 kl 0.0015  sps 2208
upd 1397/1464 step 2,861,056 ret 318.1 len 287.2 kl 0.0028  sps 2208
upd 1398/1464 step 2,863,104 ret 315.96 len 272.0 kl 0.0019  sps 2209
upd 1399/1464 step 2,865,152 ret 344.69 len 272.0 kl 0.0024  sps 2209
upd 1400/1464 step 2,867,200 ret 348.96 len 272.1 kl 0.0039  sps 2209
upd 1401/1464 step 2,869,248 ret 325.01 len 267.1 kl 0.0050  sps 2210
upd 1402/1464 step 2,871,296 ret 323.37 len 260.6 kl 0.0039  sps 2210
upd 1403/1464 step 2,873,344 ret 338.16 len 275.9 kl 0.0026  sps 2210
upd 1404/1464 step 2,875,392 ret 333.64 len 268.2 kl 0.0035  sps 2210
upd 1405/1464 step 2,877,440 ret 341.43 len 264.9 kl 0.0020  sps 2211
upd 1406/1464 step 2,879,488 ret 369.29 len 276.4 kl 0.0022  sps 2211
upd 1407/1464 step 2,881,536 ret 393.63 len 281.1 kl 0.0027  sps 2211
upd 1408/1464 step 2,883,584 ret 372.94 len 280.5 kl 0.0027  sps 2212
upd 1409/1464 step 2,885,632 ret 347.02 len 276.1 kl 0.0015  sps 2212
upd 1410/1464 step 2,887,680 ret 297.29 len 263.2 kl 0.0014  sps 2212
upd 1411/1464 step 2,889,728 ret 294.92 len 251.1 kl 0.0012  sps 2213
upd 1412/1464 step 2,891,776 ret 272.52 len 252.8 kl 0.0028  sps 2213
upd 1413/1464 step 2,893,824 ret 258.36 len 259.6 kl 0.0025  sps 2213
upd 1414/1464 step 2,895,872 ret 256.3 len 258.8 kl 0.0017  sps 2214
upd 1415/1464 step 2,897,920 ret 278.69 len 268.0 kl 0.0013  sps 2214
upd 1416/1464 step 2,899,968 ret 253.19 len 273.8 kl 0.0020  sps 2214
upd 1417/1464 step 2,902,016 ret 281.77 len 280.2 kl 0.0015  sps 2214
upd 1418/1464 step 2,904,064 ret 314.53 len 274.4 kl 0.0010  sps 2214
upd 1419/1464 step 2,906,112 ret 343.57 len 274.4 kl 0.0009  sps 2214
upd 1420/1464 step 2,908,160 ret 321.85 len 265.1 kl 0.0019  sps 2214
upd 1421/1464 step 2,910,208 ret 364.4 len 275.3 kl 0.0011  sps 2215
upd 1422/1464 step 2,912,256 ret 365.24 len 264.4 kl 0.0007  sps 2215
upd 1423/1464 step 2,914,304 ret 349.04 len 270.1 kl 0.0013  sps 2215
upd 1424/1464 step 2,916,352 ret 334.47 len 270.1 kl 0.0020  sps 2215
upd 1425/1464 step 2,918,400 ret 340.05 len 267.9 kl 0.0011  sps 2215
upd 1426/1464 step 2,920,448 ret 360.05 len 265.5 kl 0.0007  sps 2216
upd 1427/1464 step 2,922,496 ret 371.19 len 269.6 kl 0.0007  sps 2216
upd 1428/1464 step 2,924,544 ret 371.6 len 263.5 kl 0.0010  sps 2216
upd 1429/1464 step 2,926,592 ret 391.66 len 259.8 kl 0.0008  sps 2216
upd 1430/1464 step 2,928,640 ret 405.53 len 259.2 kl 0.0005  sps 2217
upd 1431/1464 step 2,930,688 ret 381.06 len 266.6 kl 0.0006  sps 2217
upd 1432/1464 step 2,932,736 ret 353.88 len 266.6 kl 0.0017  sps 2217
upd 1433/1464 step 2,934,784 ret 339.99 len 273.6 kl 0.0007  sps 2217
upd 1434/1464 step 2,936,832 ret 336.11 len 273.6 kl 0.0007  sps 2217
upd 1435/1464 step 2,938,880 ret 304.93 len 277.3 kl 0.0010  sps 2217
upd 1436/1464 step 2,940,928 ret 283.84 len 280.1 kl 0.0008  sps 2218
upd 1437/1464 step 2,942,976 ret 279.39 len 284.0 kl 0.0008  sps 2218
upd 1438/1464 step 2,945,024 ret 280.22 len 284.0 kl 0.0003  sps 2218
upd 1439/1464 step 2,947,072 ret 310.75 len 289.9 kl 0.0004  sps 2218
upd 1440/1464 step 2,949,120 ret 272.34 len 279.1 kl 0.0011  sps 2218
upd 1441/1464 step 2,951,168 ret 270.34 len 267.1 kl 0.0004  sps 2218
upd 1442/1464 step 2,953,216 ret 290.63 len 264.3 kl 0.0006  sps 2218
upd 1443/1464 step 2,955,264 ret 288.54 len 252.6 kl 0.0003  sps 2219
upd 1444/1464 step 2,957,312 ret 276.37 len 248.6 kl 0.0002  sps 2219
upd 1445/1464 step 2,959,360 ret 320.01 len 255.7 kl 0.0002  sps 2219
upd 1446/1464 step 2,961,408 ret 336.41 len 274.2 kl 0.0003  sps 2220
upd 1447/1464 step 2,963,456 ret 314.93 len 266.9 kl 0.0002  sps 2220
upd 1448/1464 step 2,965,504 ret 286.89 len 271.8 kl 0.0003  sps 2220
upd 1449/1464 step 2,967,552 ret 279.58 len 276.0 kl 0.0001  sps 2220
upd 1450/1464 step 2,969,600 ret 275.77 len 273.8 kl 0.0003  sps 2220
upd 1451/1464 step 2,971,648 ret 289.32 len 272.6 kl 0.0001  sps 2220
upd 1452/1464 step 2,973,696 ret 286.11 len 282.6 kl 0.0002  sps 2220
upd 1453/1464 step 2,975,744 ret 300.43 len 282.6 kl 0.0002  sps 2220
upd 1454/1464 step 2,977,792 ret 291.31 len 284.1 kl 0.0002  sps 2220
upd 1455/1464 step 2,979,840 ret 283.75 len 286.4 kl 0.0001  sps 2221
upd 1456/1464 step 2,981,888 ret 268.73 len 280.6 kl 0.0000  sps 2221
upd 1457/1464 step 2,983,936 ret 249.2 len 280.4 kl 0.0001  sps 2221
upd 1458/1464 step 2,985,984 ret 293.93 len 280.4 kl 0.0000  sps 2221
upd 1459/1464 step 2,988,032 ret 292.27 len 285.5 kl 0.0000  sps 2221
upd 1460/1464 step 2,990,080 ret 293.48 len 280.3 kl 0.0000  sps 2221
upd 1461/1464 step 2,992,128 ret 304.71 len 284.6 kl 0.0000  sps 2221
upd 1462/1464 step 2,994,176 ret 315.71 len 287.5 kl 0.0000  sps 2221
upd 1463/1464 step 2,996,224 ret 305.52 len 293.4 kl 0.0000  sps 2222
upd 1464/1464 step 2,998,272 ret 300.49 len 281.3 kl 0.0000  sps 2222
done: 2,998,272 steps -> runs/recover3_scratch/latest.pt
