device cpu | 8 envs (async) | batch 2048 | 1464 updates to 3,000,000 steps | DR=on push=0.7 | servo random ema 0.4 | obs v2 (57) | robot ceb63a1254c3 | mujoco 3.12.0 | params 0.1/D052
upd    1/1464 step     2,048 ret None len None kl 0.0325* sps 2433
upd    2/1464 step     4,096 ret 123.56 len 300.0 kl 0.0298  sps 2458
upd    3/1464 step     6,144 ret 138.86 len 300.0 kl 0.0311* sps 2426
upd    4/1464 step     8,192 ret 154.33 len 300.0 kl 0.0289  sps 2421
upd    5/1464 step    10,240 ret 156.34 len 300.0 kl 0.0307* sps 2400
upd    6/1464 step    12,288 ret 169.58 len 300.0 kl 0.0328* sps 2363
upd    7/1464 step    14,336 ret 169.58 len 300.0 kl 0.0355* sps 2368
upd    8/1464 step    16,384 ret 188.75 len 300.0 kl 0.0306* sps 2433
upd    9/1464 step    18,432 ret 195.15 len 300.0 kl 0.0322* sps 2441
upd   10/1464 step    20,480 ret 208.28 len 300.0 kl 0.0391* sps 2432
upd   11/1464 step    22,528 ret 213.71 len 300.0 kl 0.0336* sps 2432
upd   12/1464 step    24,576 ret 206.71 len 300.0 kl 0.0327* sps 2463
upd   13/1464 step    26,624 ret 194.29 len 300.0 kl 0.0336* sps 2501
upd   14/1464 step    28,672 ret 194.29 len 300.0 kl 0.0325* sps 2539
upd   15/1464 step    30,720 ret 202.53 len 300.0 kl 0.0306* sps 2540
upd   16/1464 step    32,768 ret 189.77 len 300.0 kl 0.0381* sps 2532
upd   17/1464 step    34,816 ret 195.78 len 300.0 kl 0.0353* sps 2535
upd   18/1464 step    36,864 ret 196.22 len 300.0 kl 0.0315* sps 2540
upd   19/1464 step    38,912 ret 215.32 len 300.0 kl 0.0310* sps 2541
upd   20/1464 step    40,960 ret 195.14 len 300.0 kl 0.0317* sps 2529
upd   21/1464 step    43,008 ret 195.14 len 300.0 kl 0.0308* sps 2521
upd   22/1464 step    45,056 ret 196.64 len 300.0 kl 0.0376* sps 2515
upd   23/1464 step    47,104 ret 184.76 len 300.0 kl 0.0303* sps 2510
upd   24/1464 step    49,152 ret 184.62 len 300.0 kl 0.0335* sps 2508
upd   25/1464 step    51,200 ret 166.02 len 300.0 kl 0.0350* sps 2514
upd   26/1464 step    53,248 ret 178.22 len 300.0 kl 0.0330* sps 2513
upd   27/1464 step    55,296 ret 178.26 len 300.0 kl 0.0299  sps 2497
upd   28/1464 step    57,344 ret 178.26 len 300.0 kl 0.0355* sps 2492
upd   29/1464 step    59,392 ret 190.67 len 300.0 kl 0.0390* sps 2496
upd   30/1464 step    61,440 ret 191.54 len 300.0 kl 0.0333* sps 2487
upd   31/1464 step    63,488 ret 191.17 len 300.0 kl 0.0323* sps 2484
upd   32/1464 step    65,536 ret 197.68 len 300.0 kl 0.0339* sps 2488
upd   33/1464 step    67,584 ret 197.82 len 300.0 kl 0.0339* sps 2479
upd   34/1464 step    69,632 ret 203.73 len 300.0 kl 0.0302* sps 2476
upd   35/1464 step    71,680 ret 203.73 len 300.0 kl 0.0322* sps 2470
upd   36/1464 step    73,728 ret 209.13 len 300.0 kl 0.0328* sps 2470
upd   37/1464 step    75,776 ret 215.33 len 300.0 kl 0.0368* sps 2469
upd   38/1464 step    77,824 ret 228.5 len 300.0 kl 0.0348* sps 2462
upd   39/1464 step    79,872 ret 228.06 len 300.0 kl 0.0341* sps 2463
upd   40/1464 step    81,920 ret 215.83 len 300.0 kl 0.0317* sps 2461
upd   41/1464 step    83,968 ret 215.83 len 300.0 kl 0.0343* sps 2470
upd   42/1464 step    86,016 ret 209.86 len 300.0 kl 0.0339* sps 2463
upd   43/1464 step    88,064 ret 211.11 len 300.0 kl 0.0304* sps 2463
upd   44/1464 step    90,112 ret 204.91 len 300.0 kl 0.0319* sps 2467
upd   45/1464 step    92,160 ret 211.42 len 300.0 kl 0.0376* sps 2465
upd   46/1464 step    94,208 ret 205.32 len 300.0 kl 0.0397* sps 2465
upd   47/1464 step    96,256 ret 218.21 len 300.0 kl 0.0310* sps 2464
upd   48/1464 step    98,304 ret 218.21 len 300.0 kl 0.0382* sps 2464
upd   49/1464 step   100,352 ret 211.09 len 300.0 kl 0.0312* sps 2472
upd   50/1464 step   102,400 ret 211.33 len 300.0 kl 0.0378* sps 2472
upd   51/1464 step   104,448 ret 204.27 len 300.0 kl 0.0331* sps 2479
upd   52/1464 step   106,496 ret 209.99 len 300.0 kl 0.0320* sps 2472
upd   53/1464 step   108,544 ret 197.74 len 300.0 kl 0.0304* sps 2466
upd   54/1464 step   110,592 ret 210.13 len 300.0 kl 0.0324* sps 2466
upd   55/1464 step   112,640 ret 210.13 len 300.0 kl 0.0335* sps 2461
upd   56/1464 step   114,688 ret 197.17 len 300.0 kl 0.0301* sps 2463
upd   57/1464 step   116,736 ret 185.05 len 300.0 kl 0.0314* sps 2464
upd   58/1464 step   118,784 ret 186.38 len 300.0 kl 0.0348* sps 2464
upd   59/1464 step   120,832 ret 180.18 len 300.0 kl 0.0379* sps 2465
upd   60/1464 step   122,880 ret 163.07 len 300.0 kl 0.0344* sps 2464
upd   61/1464 step   124,928 ret 170.58 len 300.0 kl 0.0322* sps 2471
upd   62/1464 step   126,976 ret 170.58 len 300.0 kl 0.0310* sps 2474
upd   63/1464 step   129,024 ret 183.35 len 300.0 kl 0.0300* sps 2481
upd   64/1464 step   131,072 ret 177.59 len 300.0 kl 0.0340* sps 2481
upd   65/1464 step   133,120 ret 165.25 len 300.0 kl 0.0343* sps 2481
upd   66/1464 step   135,168 ret 170.95 len 300.0 kl 0.0317* sps 2474
upd   67/1464 step   137,216 ret 184.35 len 300.0 kl 0.0370* sps 2474
upd   68/1464 step   139,264 ret 173.14 len 300.0 kl 0.0359* sps 2476
upd   69/1464 step   141,312 ret 173.14 len 300.0 kl 0.0301* sps 2474
upd   70/1464 step   143,360 ret 179.45 len 300.0 kl 0.0314* sps 2479
upd   71/1464 step   145,408 ret 198.83 len 300.0 kl 0.0306* sps 2478
upd   72/1464 step   147,456 ret 188.01 len 300.0 kl 0.0327* sps 2477
upd   73/1464 step   149,504 ret 175.01 len 300.0 kl 0.0357* sps 2474
upd   74/1464 step   151,552 ret 199.13 len 300.0 kl 0.0311* sps 2470
upd   75/1464 step   153,600 ret 193.04 len 300.0 kl 0.0369* sps 2468
upd   76/1464 step   155,648 ret 193.04 len 300.0 kl 0.0346* sps 2468
upd   77/1464 step   157,696 ret 187.78 len 300.0 kl 0.0302* sps 2466
upd   78/1464 step   159,744 ret 200.02 len 300.0 kl 0.0364* sps 2459
upd   79/1464 step   161,792 ret 206.43 len 300.0 kl 0.0321* sps 2457
upd   80/1464 step   163,840 ret 189.09 len 300.0 kl 0.0338* sps 2455
upd   81/1464 step   165,888 ret 209.63 len 300.0 kl 0.0302* sps 2451
upd   82/1464 step   167,936 ret 209.63 len 300.0 kl 0.0335* sps 2454
upd   83/1464 step   169,984 ret 209.79 len 300.0 kl 0.0306* sps 2448
upd   84/1464 step   172,032 ret 223.0 len 300.0 kl 0.0337* sps 2449
upd   85/1464 step   174,080 ret 213.01 len 300.0 kl 0.0308* sps 2449
upd   86/1464 step   176,128 ret 221.43 len 300.0 kl 0.0352* sps 2448
upd   87/1464 step   178,176 ret 228.54 len 300.0 kl 0.0275  sps 2450
upd   88/1464 step   180,224 ret 223.1 len 300.0 kl 0.0313* sps 2450
upd   89/1464 step   182,272 ret 223.1 len 300.0 kl 0.0322* sps 2449
upd   90/1464 step   184,320 ret 211.77 len 300.0 kl 0.0323* sps 2448
upd   91/1464 step   186,368 ret 199.45 len 300.0 kl 0.0309* sps 2444
upd   92/1464 step   188,416 ret 205.22 len 300.0 kl 0.0339* sps 2443
upd   93/1464 step   190,464 ret 180.43 len 300.0 kl 0.0359* sps 2444
upd   94/1464 step   192,512 ret 188.16 len 300.0 kl 0.0339* sps 2443
upd   95/1464 step   194,560 ret 200.62 len 300.0 kl 0.0308* sps 2443
upd   96/1464 step   196,608 ret 200.62 len 300.0 kl 0.0302* sps 2449
upd   97/1464 step   198,656 ret 208.36 len 300.0 kl 0.0302* sps 2449
upd   98/1464 step   200,704 ret 218.79 len 300.0 kl 0.0348* sps 2448
upd   99/1464 step   202,752 ret 227.89 len 300.0 kl 0.0302* sps 2448
upd  100/1464 step   204,800 ret 231.02 len 300.0 kl 0.0320* sps 2448
upd  101/1464 step   206,848 ret 212.96 len 300.0 kl 0.0364* sps 2446
upd  102/1464 step   208,896 ret 211.97 len 300.0 kl 0.0334* sps 2446
upd  103/1464 step   210,944 ret 211.97 len 300.0 kl 0.0314* sps 2444
upd  104/1464 step   212,992 ret 196.34 len 300.0 kl 0.0347* sps 2443
upd  105/1464 step   215,040 ret 182.26 len 300.0 kl 0.0345* sps 2441
upd  106/1464 step   217,088 ret 179.23 len 300.0 kl 0.0359* sps 2439
upd  107/1464 step   219,136 ret 194.83 len 300.0 kl 0.0319* sps 2437
upd  108/1464 step   221,184 ret 209.85 len 300.0 kl 0.0331* sps 2438
upd  109/1464 step   223,232 ret 222.28 len 300.0 kl 0.0318* sps 2436
upd  110/1464 step   225,280 ret 222.28 len 300.0 kl 0.0308* sps 2435
upd  111/1464 step   227,328 ret 252.09 len 300.0 kl 0.0316* sps 2437
upd  112/1464 step   229,376 ret 260.85 len 300.0 kl 0.0303* sps 2434
upd  113/1464 step   231,424 ret 263.07 len 300.0 kl 0.0308* sps 2436
upd  114/1464 step   233,472 ret 261.65 len 300.0 kl 0.0327* sps 2435
upd  115/1464 step   235,520 ret 259.36 len 300.0 kl 0.0372* sps 2435
upd  116/1464 step   237,568 ret 259.36 len 300.0 kl 0.0327* sps 2437
upd  117/1464 step   239,616 ret 282.38 len 300.0 kl 0.0373* sps 2436
upd  118/1464 step   241,664 ret 274.29 len 300.0 kl 0.0304* sps 2438
upd  119/1464 step   243,712 ret 266.28 len 300.0 kl 0.0405* sps 2439
upd  120/1464 step   245,760 ret 284.17 len 300.0 kl 0.0338* sps 2437
upd  121/1464 step   247,808 ret 293.8 len 300.0 kl 0.0329* sps 2436
upd  122/1464 step   249,856 ret 256.12 len 300.0 kl 0.0315* sps 2434
upd  123/1464 step   251,904 ret 256.12 len 300.0 kl 0.0334* sps 2435
upd  124/1464 step   253,952 ret 252.28 len 300.0 kl 0.0304* sps 2435
upd  125/1464 step   256,000 ret 264.26 len 300.0 kl 0.0309* sps 2434
upd  126/1464 step   258,048 ret 256.48 len 300.0 kl 0.0315* sps 2431
upd  127/1464 step   260,096 ret 251.98 len 300.0 kl 0.0385* sps 2429
upd  128/1464 step   262,144 ret 258.54 len 300.0 kl 0.0339* sps 2432
upd  129/1464 step   264,192 ret 313.83 len 300.0 kl 0.0390* sps 2430
upd  130/1464 step   266,240 ret 313.83 len 300.0 kl 0.0309* sps 2433
upd  131/1464 step   268,288 ret 310.38 len 300.0 kl 0.0334* sps 2433
upd  132/1464 step   270,336 ret 273.92 len 300.0 kl 0.0351* sps 2435
upd  133/1464 step   272,384 ret 296.98 len 300.0 kl 0.0305* sps 2436
upd  134/1464 step   274,432 ret 279.43 len 300.0 kl 0.0419* sps 2436
upd  135/1464 step   276,480 ret 223.19 len 300.0 kl 0.0327* sps 2436
upd  136/1464 step   278,528 ret 217.43 len 300.0 kl 0.0351* sps 2437
upd  137/1464 step   280,576 ret 217.43 len 300.0 kl 0.0307* sps 2438
upd  138/1464 step   282,624 ret 238.63 len 300.0 kl 0.0315* sps 2437
upd  139/1464 step   284,672 ret 189.13 len 300.0 kl 0.0387* sps 2437
upd  140/1464 step   286,720 ret 220.51 len 300.0 kl 0.0341* sps 2440
upd  141/1464 step   288,768 ret 243.37 len 300.0 kl 0.0349* sps 2441
upd  142/1464 step   290,816 ret 245.76 len 300.0 kl 0.0363* sps 2443
upd  143/1464 step   292,864 ret 284.68 len 300.0 kl 0.0357* sps 2442
upd  144/1464 step   294,912 ret 284.68 len 300.0 kl 0.0301* sps 2442
upd  145/1464 step   296,960 ret 304.57 len 300.0 kl 0.0259  sps 2441
upd  146/1464 step   299,008 ret 274.14 len 294.4 kl 0.0283  sps 2439
upd  147/1464 step   301,056 ret 279.7 len 294.4 kl 0.0313* sps 2440
upd  148/1464 step   303,104 ret 329.0 len 294.4 kl 0.0343* sps 2437
upd  149/1464 step   305,152 ret 321.39 len 294.4 kl 0.0308* sps 2440
upd  150/1464 step   307,200 ret 305.46 len 294.4 kl 0.0337* sps 2439
upd  151/1464 step   309,248 ret 306.65 len 294.4 kl 0.0314* sps 2440
upd  152/1464 step   311,296 ret 309.88 len 300.0 kl 0.0306* sps 2440
upd  153/1464 step   313,344 ret 282.38 len 300.0 kl 0.0305* sps 2444
upd  154/1464 step   315,392 ret 271.98 len 300.0 kl 0.0301* sps 2446
upd  155/1464 step   317,440 ret 252.54 len 300.0 kl 0.0400* sps 2445
upd  156/1464 step   319,488 ret 271.61 len 297.5 kl 0.0298  sps 2446
upd  157/1464 step   321,536 ret 273.52 len 297.5 kl 0.0317* sps 2447
upd  158/1464 step   323,584 ret 283.46 len 297.5 kl 0.0357* sps 2447
upd  159/1464 step   325,632 ret 297.25 len 297.5 kl 0.0305* sps 2447
upd  160/1464 step   327,680 ret 273.98 len 297.5 kl 0.0316* sps 2446
upd  161/1464 step   329,728 ret 310.09 len 294.2 kl 0.0327* sps 2446
upd  162/1464 step   331,776 ret 330.23 len 296.8 kl 0.0307* sps 2445
upd  163/1464 step   333,824 ret 338.78 len 296.8 kl 0.0317* sps 2444
upd  164/1464 step   335,872 ret 340.12 len 296.8 kl 0.0364* sps 2445
upd  165/1464 step   337,920 ret 368.9 len 296.8 kl 0.0322* sps 2442
upd  166/1464 step   339,968 ret 329.07 len 300.0 kl 0.0353* sps 2441
upd  167/1464 step   342,016 ret 300.87 len 300.0 kl 0.0327* sps 2441
upd  168/1464 step   344,064 ret 281.68 len 300.0 kl 0.0305* sps 2440
upd  169/1464 step   346,112 ret 300.1 len 300.0 kl 0.0352* sps 2438
upd  170/1464 step   348,160 ret 294.89 len 300.0 kl 0.0352* sps 2438
upd  171/1464 step   350,208 ret 288.19 len 299.4 kl 0.0311* sps 2438
upd  172/1464 step   352,256 ret 298.91 len 299.4 kl 0.0393* sps 2438
upd  173/1464 step   354,304 ret 312.28 len 293.9 kl 0.0310* sps 2438
upd  174/1464 step   356,352 ret 303.5 len 293.9 kl 0.0304* sps 2438
upd  175/1464 step   358,400 ret 302.28 len 293.9 kl 0.0348* sps 2436
upd  176/1464 step   360,448 ret 293.55 len 293.9 kl 0.0338* sps 2435
upd  177/1464 step   362,496 ret 303.16 len 294.6 kl 0.0264  sps 2435
upd  178/1464 step   364,544 ret 304.11 len 294.6 kl 0.0305* sps 2436
upd  179/1464 step   366,592 ret 274.97 len 300.0 kl 0.0302* sps 2435
upd  180/1464 step   368,640 ret 260.69 len 300.0 kl 0.0353* sps 2436
upd  181/1464 step   370,688 ret 239.76 len 300.0 kl 0.0383* sps 2435
upd  182/1464 step   372,736 ret 240.86 len 300.0 kl 0.0311* sps 2435
upd  183/1464 step   374,784 ret 245.39 len 300.0 kl 0.0324* sps 2434
upd  184/1464 step   376,832 ret 267.29 len 300.0 kl 0.0334* sps 2433
upd  185/1464 step   378,880 ret 271.38 len 300.0 kl 0.0360* sps 2433
upd  186/1464 step   380,928 ret 280.74 len 300.0 kl 0.0304* sps 2433
upd  187/1464 step   382,976 ret 247.03 len 300.0 kl 0.0330* sps 2432
upd  188/1464 step   385,024 ret 267.28 len 300.0 kl 0.0304* sps 2432
upd  189/1464 step   387,072 ret 258.19 len 300.0 kl 0.0334* sps 2432
upd  190/1464 step   389,120 ret 244.2 len 300.0 kl 0.0329* sps 2432
upd  191/1464 step   391,168 ret 230.79 len 300.0 kl 0.0367* sps 2431
upd  192/1464 step   393,216 ret 260.17 len 300.0 kl 0.0299  sps 2431
upd  193/1464 step   395,264 ret 269.41 len 295.2 kl 0.0302* sps 2430
upd  194/1464 step   397,312 ret 266.81 len 295.2 kl 0.0303* sps 2428
upd  195/1464 step   399,360 ret 280.56 len 295.2 kl 0.0343* sps 2429
upd  196/1464 step   401,408 ret 280.0 len 295.2 kl 0.0374* sps 2430
upd  197/1464 step   403,456 ret 311.06 len 295.2 kl 0.0353* sps 2429
upd  198/1464 step   405,504 ret 287.35 len 295.2 kl 0.0317* sps 2429
upd  199/1464 step   407,552 ret 309.78 len 300.0 kl 0.0352* sps 2429
upd  200/1464 step   409,600 ret 312.93 len 300.0 kl 0.0410* sps 2428
upd  201/1464 step   411,648 ret 301.28 len 300.0 kl 0.0317* sps 2427
upd  202/1464 step   413,696 ret 293.62 len 300.0 kl 0.0339* sps 2429
upd  203/1464 step   415,744 ret 281.48 len 300.0 kl 0.0342* sps 2430
upd  204/1464 step   417,792 ret 295.94 len 300.0 kl 0.0379* sps 2428
upd  205/1464 step   419,840 ret 273.02 len 298.4 kl 0.0296  sps 2428
upd  206/1464 step   421,888 ret 311.18 len 296.4 kl 0.0302* sps 2426
upd  207/1464 step   423,936 ret 326.64 len 296.4 kl 0.0318* sps 2427
upd  208/1464 step   425,984 ret 337.75 len 296.4 kl 0.0363* sps 2428
upd  209/1464 step   428,032 ret 329.98 len 296.4 kl 0.0310* sps 2429
upd  210/1464 step   430,080 ret 343.42 len 296.4 kl 0.0323* sps 2429
upd  211/1464 step   432,128 ret 353.51 len 298.1 kl 0.0284  sps 2431
upd  212/1464 step   434,176 ret 338.58 len 300.0 kl 0.0322* sps 2430
upd  213/1464 step   436,224 ret 343.75 len 300.0 kl 0.0330* sps 2431
upd  214/1464 step   438,272 ret 328.79 len 300.0 kl 0.0345* sps 2431
upd  215/1464 step   440,320 ret 343.81 len 300.0 kl 0.0320* sps 2432
upd  216/1464 step   442,368 ret 342.96 len 300.0 kl 0.0313* sps 2431
upd  217/1464 step   444,416 ret 304.56 len 300.0 kl 0.0245  sps 2430
upd  218/1464 step   446,464 ret 309.72 len 300.0 kl 0.0272  sps 2429
upd  219/1464 step   448,512 ret 291.66 len 300.0 kl 0.0358* sps 2428
upd  220/1464 step   450,560 ret 318.47 len 300.0 kl 0.0325* sps 2426
upd  221/1464 step   452,608 ret 299.93 len 300.0 kl 0.0337* sps 2426
upd  222/1464 step   454,656 ret 287.83 len 300.0 kl 0.0320* sps 2426
upd  223/1464 step   456,704 ret 290.43 len 300.0 kl 0.0338* sps 2426
upd  224/1464 step   458,752 ret 277.44 len 297.6 kl 0.0322* sps 2425
upd  225/1464 step   460,800 ret 307.54 len 297.6 kl 0.0329* sps 2425
upd  226/1464 step   462,848 ret 320.23 len 297.6 kl 0.0326* sps 2424
upd  227/1464 step   464,896 ret 309.78 len 297.6 kl 0.0282  sps 2424
upd  228/1464 step   466,944 ret 323.91 len 297.6 kl 0.0319* sps 2424
upd  229/1464 step   468,992 ret 326.37 len 297.1 kl 0.0303* sps 2424
upd  230/1464 step   471,040 ret 301.43 len 299.5 kl 0.0351* sps 2424
upd  231/1464 step   473,088 ret 285.46 len 299.5 kl 0.0363* sps 2423
upd  232/1464 step   475,136 ret 259.69 len 299.5 kl 0.0275  sps 2423
upd  233/1464 step   477,184 ret 256.54 len 299.5 kl 0.0301* sps 2423
upd  234/1464 step   479,232 ret 267.25 len 300.0 kl 0.0375* sps 2423
upd  235/1464 step   481,280 ret 267.07 len 300.0 kl 0.0331* sps 2422
upd  236/1464 step   483,328 ret 284.73 len 300.0 kl 0.0264  sps 2422
upd  237/1464 step   485,376 ret 258.22 len 300.0 kl 0.0260  sps 2420
upd  238/1464 step   487,424 ret 270.08 len 300.0 kl 0.0316* sps 2419
upd  239/1464 step   489,472 ret 285.23 len 300.0 kl 0.0312* sps 2419
upd  240/1464 step   491,520 ret 292.97 len 300.0 kl 0.0320* sps 2419
upd  241/1464 step   493,568 ret 285.01 len 300.0 kl 0.0285  sps 2418
upd  242/1464 step   495,616 ret 292.78 len 300.0 kl 0.0289  sps 2418
upd  243/1464 step   497,664 ret 355.37 len 300.0 kl 0.0335* sps 2420
upd  244/1464 step   499,712 ret 340.39 len 300.0 kl 0.0345* sps 2420
upd  245/1464 step   501,760 ret 311.97 len 300.0 kl 0.0303* sps 2421
upd  246/1464 step   503,808 ret 294.43 len 300.0 kl 0.0352* sps 2421
upd  247/1464 step   505,856 ret 306.78 len 299.1 kl 0.0298  sps 2420
upd  248/1464 step   507,904 ret 309.93 len 299.1 kl 0.0337* sps 2419
upd  249/1464 step   509,952 ret 260.03 len 299.1 kl 0.0320* sps 2419
upd  250/1464 step   512,000 ret 274.42 len 299.1 kl 0.0352* sps 2418
upd  251/1464 step   514,048 ret 276.11 len 299.1 kl 0.0388* sps 2419
upd  252/1464 step   516,096 ret 268.69 len 299.1 kl 0.0325* sps 2419
upd  253/1464 step   518,144 ret 270.36 len 300.0 kl 0.0317* sps 2419
upd  254/1464 step   520,192 ret 286.64 len 300.0 kl 0.0307* sps 2420
upd  255/1464 step   522,240 ret 312.62 len 300.0 kl 0.0302* sps 2420
upd  256/1464 step   524,288 ret 293.34 len 295.2 kl 0.0320* sps 2421
upd  257/1464 step   526,336 ret 286.69 len 295.2 kl 0.0305* sps 2421
upd  258/1464 step   528,384 ret 301.57 len 295.2 kl 0.0313* sps 2421
upd  259/1464 step   530,432 ret 262.35 len 295.2 kl 0.0335* sps 2420
upd  260/1464 step   532,480 ret 262.6 len 290.2 kl 0.0362* sps 2420
upd  261/1464 step   534,528 ret 275.16 len 290.2 kl 0.0328* sps 2419
upd  262/1464 step   536,576 ret 327.64 len 295.0 kl 0.0326* sps 2418
upd  263/1464 step   538,624 ret 342.29 len 295.0 kl 0.0301* sps 2417
upd  264/1464 step   540,672 ret 335.63 len 295.0 kl 0.0317* sps 2418
upd  265/1464 step   542,720 ret 361.45 len 295.0 kl 0.0342* sps 2417
upd  266/1464 step   544,768 ret 350.46 len 296.5 kl 0.0315* sps 2416
upd  267/1464 step   546,816 ret 333.0 len 294.6 kl 0.0370* sps 2416
upd  268/1464 step   548,864 ret 319.3 len 294.6 kl 0.0325* sps 2414
upd  269/1464 step   550,912 ret 318.43 len 294.6 kl 0.0304* sps 2414
upd  270/1464 step   552,960 ret 305.92 len 294.6 kl 0.0311* sps 2413
upd  271/1464 step   555,008 ret 295.34 len 294.6 kl 0.0298  sps 2413
upd  272/1464 step   557,056 ret 285.72 len 300.0 kl 0.0308* sps 2412
upd  273/1464 step   559,104 ret 259.57 len 300.0 kl 0.0348* sps 2412
upd  274/1464 step   561,152 ret 267.78 len 294.4 kl 0.0306* sps 2411
upd  275/1464 step   563,200 ret 263.88 len 294.4 kl 0.0330* sps 2410
upd  276/1464 step   565,248 ret 272.48 len 294.4 kl 0.0313* sps 2410
upd  277/1464 step   567,296 ret 288.31 len 294.4 kl 0.0318* sps 2411
upd  278/1464 step   569,344 ret 291.27 len 294.4 kl 0.0331* sps 2412
upd  279/1464 step   571,392 ret 309.54 len 294.4 kl 0.0353* sps 2412
upd  280/1464 step   573,440 ret 310.29 len 300.0 kl 0.0341* sps 2412
upd  281/1464 step   575,488 ret 311.28 len 300.0 kl 0.0349* sps 2411
upd  282/1464 step   577,536 ret 354.82 len 297.9 kl 0.0310* sps 2411
upd  283/1464 step   579,584 ret 342.6 len 297.9 kl 0.0302* sps 2413
upd  284/1464 step   581,632 ret 353.32 len 297.9 kl 0.0322* sps 2412
upd  285/1464 step   583,680 ret 353.67 len 297.9 kl 0.0334* sps 2413
upd  286/1464 step   585,728 ret 356.0 len 297.9 kl 0.0323* sps 2413
upd  287/1464 step   587,776 ret 381.6 len 297.9 kl 0.0334* sps 2414
upd  288/1464 step   589,824 ret 317.63 len 300.0 kl 0.0326* sps 2414
upd  289/1464 step   591,872 ret 325.96 len 300.0 kl 0.0338* sps 2412
upd  290/1464 step   593,920 ret 337.73 len 300.0 kl 0.0381* sps 2411
upd  291/1464 step   595,968 ret 335.2 len 300.0 kl 0.0378* sps 2411
upd  292/1464 step   598,016 ret 290.02 len 300.0 kl 0.0328* sps 2410
upd  293/1464 step   600,064 ret 274.37 len 300.0 kl 0.0341* sps 2411
upd  294/1464 step   602,112 ret 293.72 len 300.0 kl 0.0292  sps 2411
upd  295/1464 step   604,160 ret 309.4 len 300.0 kl 0.0322* sps 2411
upd  296/1464 step   606,208 ret 273.41 len 300.0 kl 0.0332* sps 2411
upd  297/1464 step   608,256 ret 277.87 len 300.0 kl 0.0271  sps 2412
upd  298/1464 step   610,304 ret 287.68 len 300.0 kl 0.0377* sps 2410
upd  299/1464 step   612,352 ret 272.48 len 300.0 kl 0.0347* sps 2411
upd  300/1464 step   614,400 ret 258.49 len 300.0 kl 0.0374* sps 2410
upd  301/1464 step   616,448 ret 255.69 len 300.0 kl 0.0308* sps 2411
upd  302/1464 step   618,496 ret 268.99 len 300.0 kl 0.0296  sps 2411
upd  303/1464 step   620,544 ret 251.49 len 300.0 kl 0.0336* sps 2411
upd  304/1464 step   622,592 ret 276.63 len 300.0 kl 0.0307* sps 2410
upd  305/1464 step   624,640 ret 281.12 len 300.0 kl 0.0360* sps 2410
upd  306/1464 step   626,688 ret 257.96 len 300.0 kl 0.0319* sps 2410
upd  307/1464 step   628,736 ret 245.67 len 300.0 kl 0.0334* sps 2411
upd  308/1464 step   630,784 ret 253.52 len 300.0 kl 0.0303* sps 2410
upd  309/1464 step   632,832 ret 250.24 len 300.0 kl 0.0327* sps 2410
upd  310/1464 step   634,880 ret 214.95 len 300.0 kl 0.0317* sps 2410
upd  311/1464 step   636,928 ret 234.65 len 300.0 kl 0.0290  sps 2410
upd  312/1464 step   638,976 ret 234.48 len 300.0 kl 0.0302* sps 2409
upd  313/1464 step   641,024 ret 234.76 len 300.0 kl 0.0332* sps 2410
upd  314/1464 step   643,072 ret 254.67 len 300.0 kl 0.0372* sps 2411
upd  315/1464 step   645,120 ret 256.24 len 300.0 kl 0.0302* sps 2411
upd  316/1464 step   647,168 ret 304.28 len 300.0 kl 0.0355* sps 2411
upd  317/1464 step   649,216 ret 339.69 len 300.0 kl 0.0299  sps 2410
upd  318/1464 step   651,264 ret 367.83 len 300.0 kl 0.0263  sps 2410
upd  319/1464 step   653,312 ret 341.69 len 300.0 kl 0.0307* sps 2410
upd  320/1464 step   655,360 ret 335.74 len 300.0 kl 0.0315* sps 2409
upd  321/1464 step   657,408 ret 352.67 len 300.0 kl 0.0335* sps 2409
upd  322/1464 step   659,456 ret 315.47 len 300.0 kl 0.0361* sps 2411
upd  323/1464 step   661,504 ret 261.01 len 300.0 kl 0.0322* sps 2410
upd  324/1464 step   663,552 ret 280.82 len 300.0 kl 0.0328* sps 2410
upd  325/1464 step   665,600 ret 317.01 len 300.0 kl 0.0345* sps 2410
upd  326/1464 step   667,648 ret 312.97 len 300.0 kl 0.0384* sps 2410
upd  327/1464 step   669,696 ret 308.35 len 300.0 kl 0.0346* sps 2410
upd  328/1464 step   671,744 ret 319.55 len 300.0 kl 0.0324* sps 2410
upd  329/1464 step   673,792 ret 322.41 len 300.0 kl 0.0313* sps 2410
upd  330/1464 step   675,840 ret 277.59 len 300.0 kl 0.0319* sps 2410
upd  331/1464 step   677,888 ret 288.58 len 300.0 kl 0.0355* sps 2410
upd  332/1464 step   679,936 ret 272.88 len 300.0 kl 0.0332* sps 2410
upd  333/1464 step   681,984 ret 271.61 len 300.0 kl 0.0329* sps 2409
upd  334/1464 step   684,032 ret 287.89 len 300.0 kl 0.0347* sps 2409
upd  335/1464 step   686,080 ret 259.95 len 300.0 kl 0.0339* sps 2408
upd  336/1464 step   688,128 ret 280.92 len 300.0 kl 0.0342* sps 2408
upd  337/1464 step   690,176 ret 249.63 len 300.0 kl 0.0306* sps 2407
upd  338/1464 step   692,224 ret 236.85 len 300.0 kl 0.0355* sps 2407
upd  339/1464 step   694,272 ret 240.71 len 300.0 kl 0.0321* sps 2407
upd  340/1464 step   696,320 ret 211.44 len 300.0 kl 0.0363* sps 2408
upd  341/1464 step   698,368 ret 206.34 len 300.0 kl 0.0307* sps 2407
upd  342/1464 step   700,416 ret 190.19 len 300.0 kl 0.0301* sps 2407
upd  343/1464 step   702,464 ret 236.59 len 300.0 kl 0.0414* sps 2407
upd  344/1464 step   704,512 ret 233.63 len 300.0 kl 0.0336* sps 2407
upd  345/1464 step   706,560 ret 263.19 len 300.0 kl 0.0290  sps 2407
upd  346/1464 step   708,608 ret 278.37 len 300.0 kl 0.0246  sps 2406
upd  347/1464 step   710,656 ret 291.36 len 300.0 kl 0.0303* sps 2407
upd  348/1464 step   712,704 ret 315.34 len 300.0 kl 0.0293  sps 2408
upd  349/1464 step   714,752 ret 295.86 len 300.0 kl 0.0302* sps 2408
upd  350/1464 step   716,800 ret 319.22 len 300.0 kl 0.0324* sps 2408
upd  351/1464 step   718,848 ret 311.96 len 300.0 kl 0.0309* sps 2409
upd  352/1464 step   720,896 ret 346.23 len 300.0 kl 0.0432* sps 2409
upd  353/1464 step   722,944 ret 358.21 len 300.0 kl 0.0376* sps 2410
upd  354/1464 step   724,992 ret 318.85 len 300.0 kl 0.0330* sps 2410
upd  355/1464 step   727,040 ret 339.3 len 300.0 kl 0.0274  sps 2410
upd  356/1464 step   729,088 ret 327.72 len 300.0 kl 0.0321* sps 2411
upd  357/1464 step   731,136 ret 354.5 len 300.0 kl 0.0340* sps 2411
upd  358/1464 step   733,184 ret 332.37 len 300.0 kl 0.0355* sps 2412
upd  359/1464 step   735,232 ret 344.88 len 300.0 kl 0.0341* sps 2411
upd  360/1464 step   737,280 ret 343.03 len 300.0 kl 0.0346* sps 2412
upd  361/1464 step   739,328 ret 306.61 len 300.0 kl 0.0283  sps 2412
upd  362/1464 step   741,376 ret 308.1 len 300.0 kl 0.0302* sps 2412
upd  363/1464 step   743,424 ret 268.61 len 300.0 kl 0.0373* sps 2412
upd  364/1464 step   745,472 ret 247.3 len 300.0 kl 0.0316* sps 2412
upd  365/1464 step   747,520 ret 234.86 len 300.0 kl 0.0307* sps 2412
upd  366/1464 step   749,568 ret 249.24 len 300.0 kl 0.0300* sps 2412
upd  367/1464 step   751,616 ret 266.42 len 300.0 kl 0.0332* sps 2412
upd  368/1464 step   753,664 ret 278.09 len 300.0 kl 0.0310* sps 2412
upd  369/1464 step   755,712 ret 305.77 len 300.0 kl 0.0302* sps 2411
upd  370/1464 step   757,760 ret 306.29 len 300.0 kl 0.0364* sps 2411
upd  371/1464 step   759,808 ret 308.02 len 300.0 kl 0.0337* sps 2410
upd  372/1464 step   761,856 ret 293.41 len 300.0 kl 0.0304* sps 2410
upd  373/1464 step   763,904 ret 291.79 len 300.0 kl 0.0353* sps 2410
upd  374/1464 step   765,952 ret 262.18 len 300.0 kl 0.0310* sps 2410
upd  375/1464 step   768,000 ret 261.37 len 300.0 kl 0.0312* sps 2410
upd  376/1464 step   770,048 ret 261.9 len 300.0 kl 0.0339* sps 2410
upd  377/1464 step   772,096 ret 267.13 len 300.0 kl 0.0307* sps 2410
upd  378/1464 step   774,144 ret 283.29 len 300.0 kl 0.0296  sps 2409
upd  379/1464 step   776,192 ret 305.99 len 300.0 kl 0.0405* sps 2408
upd  380/1464 step   778,240 ret 310.81 len 300.0 kl 0.0314* sps 2408
upd  381/1464 step   780,288 ret 281.79 len 300.0 kl 0.0346* sps 2407
upd  382/1464 step   782,336 ret 292.87 len 300.0 kl 0.0331* sps 2408
upd  383/1464 step   784,384 ret 318.04 len 300.0 kl 0.0343* sps 2408
upd  384/1464 step   786,432 ret 318.06 len 300.0 kl 0.0347* sps 2408
upd  385/1464 step   788,480 ret 339.27 len 300.0 kl 0.0313* sps 2409
upd  386/1464 step   790,528 ret 349.95 len 300.0 kl 0.0323* sps 2410
upd  387/1464 step   792,576 ret 379.35 len 300.0 kl 0.0304* sps 2409
upd  388/1464 step   794,624 ret 358.04 len 300.0 kl 0.0351* sps 2408
upd  389/1464 step   796,672 ret 325.69 len 300.0 kl 0.0364* sps 2408
upd  390/1464 step   798,720 ret 347.73 len 300.0 kl 0.0307* sps 2409
upd  391/1464 step   800,768 ret 294.61 len 300.0 kl 0.0386* sps 2409
upd  392/1464 step   802,816 ret 275.99 len 300.0 kl 0.0330* sps 2409
upd  393/1464 step   804,864 ret 263.68 len 300.0 kl 0.0259  sps 2410
upd  394/1464 step   806,912 ret 259.55 len 300.0 kl 0.0322* sps 2409
upd  395/1464 step   808,960 ret 245.63 len 300.0 kl 0.0392* sps 2409
upd  396/1464 step   811,008 ret 219.71 len 300.0 kl 0.0303* sps 2409
upd  397/1464 step   813,056 ret 239.97 len 300.0 kl 0.0279  sps 2408
upd  398/1464 step   815,104 ret 263.61 len 300.0 kl 0.0307* sps 2407
upd  399/1464 step   817,152 ret 272.05 len 300.0 kl 0.0359* sps 2407
upd  400/1464 step   819,200 ret 291.2 len 300.0 kl 0.0283  sps 2407
upd  401/1464 step   821,248 ret 311.53 len 300.0 kl 0.0308* sps 2407
upd  402/1464 step   823,296 ret 327.34 len 300.0 kl 0.0331* sps 2406
upd  403/1464 step   825,344 ret 316.09 len 300.0 kl 0.0266  sps 2406
upd  404/1464 step   827,392 ret 281.17 len 300.0 kl 0.0305* sps 2407
upd  405/1464 step   829,440 ret 270.51 len 300.0 kl 0.0333* sps 2406
upd  406/1464 step   831,488 ret 269.13 len 300.0 kl 0.0326* sps 2406
upd  407/1464 step   833,536 ret 270.33 len 300.0 kl 0.0396* sps 2406
upd  408/1464 step   835,584 ret 294.33 len 300.0 kl 0.0333* sps 2407
upd  409/1464 step   837,632 ret 349.03 len 300.0 kl 0.0322* sps 2407
upd  410/1464 step   839,680 ret 349.12 len 300.0 kl 0.0333* sps 2406
upd  411/1464 step   841,728 ret 351.01 len 300.0 kl 0.0309* sps 2406
upd  412/1464 step   843,776 ret 363.8 len 300.0 kl 0.0394* sps 2407
upd  413/1464 step   845,824 ret 374.45 len 300.0 kl 0.0365* sps 2406
upd  414/1464 step   847,872 ret 351.54 len 300.0 kl 0.0316* sps 2406
upd  415/1464 step   849,920 ret 345.81 len 300.0 kl 0.0316* sps 2406
upd  416/1464 step   851,968 ret 352.14 len 300.0 kl 0.0358* sps 2405
upd  417/1464 step   854,016 ret 346.78 len 300.0 kl 0.0308* sps 2405
upd  418/1464 step   856,064 ret 282.51 len 300.0 kl 0.0383* sps 2406
upd  419/1464 step   858,112 ret 265.38 len 300.0 kl 0.0363* sps 2405
upd  420/1464 step   860,160 ret 236.4 len 300.0 kl 0.0278  sps 2405
upd  421/1464 step   862,208 ret 230.75 len 300.0 kl 0.0315* sps 2405
upd  422/1464 step   864,256 ret 260.96 len 300.0 kl 0.0271  sps 2404
upd  423/1464 step   866,304 ret 249.73 len 300.0 kl 0.0308* sps 2405
upd  424/1464 step   868,352 ret 283.58 len 300.0 kl 0.0347* sps 2404
upd  425/1464 step   870,400 ret 249.23 len 300.0 kl 0.0322* sps 2403
upd  426/1464 step   872,448 ret 261.35 len 300.0 kl 0.0302* sps 2403
upd  427/1464 step   874,496 ret 273.4 len 300.0 kl 0.0315* sps 2402
upd  428/1464 step   876,544 ret 253.87 len 299.2 kl 0.0321* sps 2401
upd  429/1464 step   878,592 ret 270.67 len 299.2 kl 0.0273  sps 2401
upd  430/1464 step   880,640 ret 298.38 len 299.2 kl 0.0313* sps 2401
upd  431/1464 step   882,688 ret 303.27 len 299.2 kl 0.0309* sps 2400
upd  432/1464 step   884,736 ret 289.9 len 299.2 kl 0.0364* sps 2401
upd  433/1464 step   886,784 ret 258.04 len 300.0 kl 0.0290  sps 2401
upd  434/1464 step   888,832 ret 281.94 len 300.0 kl 0.0302* sps 2401
upd  435/1464 step   890,880 ret 269.17 len 300.0 kl 0.0328* sps 2400
upd  436/1464 step   892,928 ret 279.44 len 300.0 kl 0.0277  sps 2400
upd  437/1464 step   894,976 ret 285.7 len 300.0 kl 0.0335* sps 2398
upd  438/1464 step   897,024 ret 308.83 len 300.0 kl 0.0345* sps 2398
upd  439/1464 step   899,072 ret 335.14 len 300.0 kl 0.0332* sps 2398
upd  440/1464 step   901,120 ret 312.74 len 300.0 kl 0.0370* sps 2398
upd  441/1464 step   903,168 ret 324.7 len 298.0 kl 0.0324* sps 2397
upd  442/1464 step   905,216 ret 343.06 len 297.7 kl 0.0408* sps 2397
upd  443/1464 step   907,264 ret 333.69 len 297.7 kl 0.0316* sps 2397
upd  444/1464 step   909,312 ret 333.89 len 297.7 kl 0.0283  sps 2397
upd  445/1464 step   911,360 ret 306.84 len 297.7 kl 0.0325* sps 2397
upd  446/1464 step   913,408 ret 320.44 len 297.7 kl 0.0347* sps 2397
upd  447/1464 step   915,456 ret 331.83 len 299.8 kl 0.0311* sps 2396
upd  448/1464 step   917,504 ret 306.34 len 300.0 kl 0.0280  sps 2397
upd  449/1464 step   919,552 ret 291.42 len 300.0 kl 0.0262  sps 2397
upd  450/1464 step   921,600 ret 324.52 len 297.5 kl 0.0248  sps 2397
upd  451/1464 step   923,648 ret 289.7 len 297.5 kl 0.0301* sps 2398
upd  452/1464 step   925,696 ret 278.01 len 297.5 kl 0.0256  sps 2398
upd  453/1464 step   927,744 ret 290.81 len 297.5 kl 0.0335* sps 2398
upd  454/1464 step   929,792 ret 279.51 len 297.5 kl 0.0350* sps 2398
upd  455/1464 step   931,840 ret 304.65 len 297.5 kl 0.0310* sps 2397
upd  456/1464 step   933,888 ret 322.95 len 300.0 kl 0.0330* sps 2397
upd  457/1464 step   935,936 ret 336.46 len 300.0 kl 0.0287  sps 2398
upd  458/1464 step   937,984 ret 322.96 len 300.0 kl 0.0311* sps 2398
upd  459/1464 step   940,032 ret 339.64 len 300.0 kl 0.0324* sps 2397
upd  460/1464 step   942,080 ret 321.51 len 300.0 kl 0.0319* sps 2397
upd  461/1464 step   944,128 ret 316.82 len 296.3 kl 0.0254  sps 2397
upd  462/1464 step   946,176 ret 311.82 len 296.3 kl 0.0315* sps 2397
upd  463/1464 step   948,224 ret 320.15 len 296.3 kl 0.0302* sps 2396
upd  464/1464 step   950,272 ret 356.76 len 296.3 kl 0.0247  sps 2396
upd  465/1464 step   952,320 ret 345.31 len 295.8 kl 0.0324* sps 2395
upd  466/1464 step   954,368 ret 371.52 len 295.8 kl 0.0301* sps 2395
upd  467/1464 step   956,416 ret 355.15 len 299.5 kl 0.0303* sps 2396
upd  468/1464 step   958,464 ret 349.58 len 299.5 kl 0.0358* sps 2396
upd  469/1464 step   960,512 ret 320.46 len 299.5 kl 0.0327* sps 2396
upd  470/1464 step   962,560 ret 332.34 len 299.5 kl 0.0261  sps 2397
upd  471/1464 step   964,608 ret 311.63 len 300.0 kl 0.0277  sps 2397
upd  472/1464 step   966,656 ret 337.95 len 300.0 kl 0.0283  sps 2396
upd  473/1464 step   968,704 ret 357.79 len 300.0 kl 0.0265  sps 2395
upd  474/1464 step   970,752 ret 352.95 len 300.0 kl 0.0268  sps 2395
upd  475/1464 step   972,800 ret 377.01 len 300.0 kl 0.0355* sps 2395
upd  476/1464 step   974,848 ret 369.33 len 300.0 kl 0.0315* sps 2395
upd  477/1464 step   976,896 ret 349.96 len 300.0 kl 0.0302* sps 2395
upd  478/1464 step   978,944 ret 344.46 len 300.0 kl 0.0330* sps 2395
upd  479/1464 step   980,992 ret 350.24 len 300.0 kl 0.0270  sps 2395
upd  480/1464 step   983,040 ret 346.64 len 300.0 kl 0.0292  sps 2395
upd  481/1464 step   985,088 ret 322.67 len 300.0 kl 0.0306* sps 2395
upd  482/1464 step   987,136 ret 339.71 len 295.9 kl 0.0339* sps 2394
upd  483/1464 step   989,184 ret 283.86 len 295.9 kl 0.0396* sps 2395
upd  484/1464 step   991,232 ret 256.66 len 295.9 kl 0.0309* sps 2393
upd  485/1464 step   993,280 ret 245.87 len 295.9 kl 0.0327* sps 2393
upd  486/1464 step   995,328 ret 245.9 len 295.9 kl 0.0331* sps 2392
upd  487/1464 step   997,376 ret 271.15 len 292.9 kl 0.0245  sps 2392
upd  488/1464 step   999,424 ret 252.38 len 297.1 kl 0.0307* sps 2391
upd  489/1464 step 1,001,472 ret 302.8 len 297.1 kl 0.0305* sps 2392
upd  490/1464 step 1,003,520 ret 320.13 len 297.1 kl 0.0262  sps 2391
upd  491/1464 step 1,005,568 ret 316.49 len 297.1 kl 0.0296  sps 2390
upd  492/1464 step 1,007,616 ret 334.27 len 297.1 kl 0.0379* sps 2390
upd  493/1464 step 1,009,664 ret 304.83 len 300.0 kl 0.0323* sps 2390
upd  494/1464 step 1,011,712 ret 312.6 len 295.6 kl 0.0350* sps 2389
upd  495/1464 step 1,013,760 ret 313.15 len 293.4 kl 0.0338* sps 2389
upd  496/1464 step 1,015,808 ret 287.58 len 293.4 kl 0.0319* sps 2389
upd  497/1464 step 1,017,856 ret 325.89 len 293.4 kl 0.0297  sps 2388
upd  498/1464 step 1,019,904 ret 338.33 len 293.4 kl 0.0285  sps 2388
upd  499/1464 step 1,021,952 ret 358.91 len 293.4 kl 0.0343* sps 2388
upd  500/1464 step 1,024,000 ret 344.88 len 300.0 kl 0.0322* sps 2388
upd  501/1464 step 1,026,048 ret 321.44 len 300.0 kl 0.0254  sps 2387
upd  502/1464 step 1,028,096 ret 293.98 len 300.0 kl 0.0317* sps 2387
upd  503/1464 step 1,030,144 ret 247.33 len 300.0 kl 0.0275  sps 2387
upd  504/1464 step 1,032,192 ret 217.47 len 300.0 kl 0.0356* sps 2387
upd  505/1464 step 1,034,240 ret 211.58 len 296.1 kl 0.0298  sps 2387
upd  506/1464 step 1,036,288 ret 199.8 len 296.1 kl 0.0278  sps 2387
upd  507/1464 step 1,038,336 ret 250.83 len 290.6 kl 0.0227  sps 2387
upd  508/1464 step 1,040,384 ret 261.16 len 290.6 kl 0.0238  sps 2387
upd  509/1464 step 1,042,432 ret 262.5 len 290.6 kl 0.0307* sps 2388
upd  510/1464 step 1,044,480 ret 267.29 len 290.6 kl 0.0375* sps 2387
upd  511/1464 step 1,046,528 ret 232.37 len 294.6 kl 0.0278  sps 2387
upd  512/1464 step 1,048,576 ret 243.02 len 295.0 kl 0.0275  sps 2387
upd  513/1464 step 1,050,624 ret 232.84 len 295.0 kl 0.0311* sps 2388
upd  514/1464 step 1,052,672 ret 262.16 len 295.0 kl 0.0323* sps 2387
upd  515/1464 step 1,054,720 ret 257.3 len 295.0 kl 0.0335* sps 2387
upd  516/1464 step 1,056,768 ret 295.76 len 295.0 kl 0.0272  sps 2387
upd  517/1464 step 1,058,816 ret 291.55 len 295.0 kl 0.0337* sps 2387
upd  518/1464 step 1,060,864 ret 305.33 len 300.0 kl 0.0243  sps 2387
upd  519/1464 step 1,062,912 ret 290.08 len 300.0 kl 0.0319* sps 2387
upd  520/1464 step 1,064,960 ret 248.12 len 300.0 kl 0.0289  sps 2387
upd  521/1464 step 1,067,008 ret 262.51 len 300.0 kl 0.0319* sps 2386
upd  522/1464 step 1,069,056 ret 252.71 len 300.0 kl 0.0269  sps 2386
upd  523/1464 step 1,071,104 ret 227.01 len 300.0 kl 0.0327* sps 2385
upd  524/1464 step 1,073,152 ret 256.0 len 300.0 kl 0.0268  sps 2386
upd  525/1464 step 1,075,200 ret 294.88 len 300.0 kl 0.0300  sps 2385
upd  526/1464 step 1,077,248 ret 285.7 len 300.0 kl 0.0313* sps 2385
upd  527/1464 step 1,079,296 ret 293.08 len 300.0 kl 0.0316* sps 2385
upd  528/1464 step 1,081,344 ret 292.71 len 300.0 kl 0.0234  sps 2385
upd  529/1464 step 1,083,392 ret 307.18 len 300.0 kl 0.0316* sps 2384
upd  530/1464 step 1,085,440 ret 274.82 len 300.0 kl 0.0357* sps 2384
upd  531/1464 step 1,087,488 ret 251.71 len 300.0 kl 0.0222  sps 2383
upd  532/1464 step 1,089,536 ret 296.03 len 300.0 kl 0.0328* sps 2383
upd  533/1464 step 1,091,584 ret 317.38 len 300.0 kl 0.0303* sps 2384
upd  534/1464 step 1,093,632 ret 305.91 len 300.0 kl 0.0342* sps 2383
upd  535/1464 step 1,095,680 ret 331.04 len 300.0 kl 0.0302* sps 2384
upd  536/1464 step 1,097,728 ret 345.83 len 300.0 kl 0.0293  sps 2384
upd  537/1464 step 1,099,776 ret 338.64 len 300.0 kl 0.0385* sps 2384
upd  538/1464 step 1,101,824 ret 309.38 len 300.0 kl 0.0267  sps 2384
upd  539/1464 step 1,103,872 ret 302.19 len 300.0 kl 0.0322* sps 2383
upd  540/1464 step 1,105,920 ret 319.49 len 300.0 kl 0.0313* sps 2384
upd  541/1464 step 1,107,968 ret 314.95 len 300.0 kl 0.0264  sps 2384
upd  542/1464 step 1,110,016 ret 317.7 len 300.0 kl 0.0266  sps 2383
upd  543/1464 step 1,112,064 ret 325.22 len 300.0 kl 0.0305* sps 2383
upd  544/1464 step 1,114,112 ret 342.62 len 300.0 kl 0.0295  sps 2382
upd  545/1464 step 1,116,160 ret 333.56 len 300.0 kl 0.0279  sps 2382
upd  546/1464 step 1,118,208 ret 346.2 len 298.6 kl 0.0368* sps 2382
upd  547/1464 step 1,120,256 ret 338.86 len 298.6 kl 0.0278  sps 2382
upd  548/1464 step 1,122,304 ret 350.63 len 298.6 kl 0.0302* sps 2382
upd  549/1464 step 1,124,352 ret 308.76 len 298.6 kl 0.0294  sps 2382
upd  550/1464 step 1,126,400 ret 288.9 len 298.6 kl 0.0293  sps 2382
upd  551/1464 step 1,128,448 ret 247.96 len 293.0 kl 0.0254  sps 2381
upd  552/1464 step 1,130,496 ret 240.78 len 294.4 kl 0.0324* sps 2382
upd  553/1464 step 1,132,544 ret 251.12 len 294.4 kl 0.0359* sps 2382
upd  554/1464 step 1,134,592 ret 217.02 len 294.4 kl 0.0346* sps 2382
upd  555/1464 step 1,136,640 ret 236.62 len 294.4 kl 0.0342* sps 2382
upd  556/1464 step 1,138,688 ret 292.66 len 294.4 kl 0.0358* sps 2382
upd  557/1464 step 1,140,736 ret 304.55 len 300.0 kl 0.0297  sps 2381
upd  558/1464 step 1,142,784 ret 290.47 len 300.0 kl 0.0392* sps 2381
upd  559/1464 step 1,144,832 ret 279.04 len 300.0 kl 0.0259  sps 2381
upd  560/1464 step 1,146,880 ret 278.45 len 300.0 kl 0.0269  sps 2381
upd  561/1464 step 1,148,928 ret 247.98 len 300.0 kl 0.0319* sps 2381
upd  562/1464 step 1,150,976 ret 217.67 len 298.4 kl 0.0274  sps 2382
upd  563/1464 step 1,153,024 ret 232.78 len 298.4 kl 0.0261  sps 2382
upd  564/1464 step 1,155,072 ret 231.84 len 298.4 kl 0.0255  sps 2383
upd  565/1464 step 1,157,120 ret 224.07 len 298.4 kl 0.0282  sps 2382
upd  566/1464 step 1,159,168 ret 225.27 len 298.4 kl 0.0341* sps 2382
upd  567/1464 step 1,161,216 ret 262.21 len 298.4 kl 0.0259  sps 2382
upd  568/1464 step 1,163,264 ret 290.03 len 300.0 kl 0.0293  sps 2382
upd  569/1464 step 1,165,312 ret 308.25 len 295.7 kl 0.0299  sps 2382
upd  570/1464 step 1,167,360 ret 340.0 len 295.7 kl 0.0246  sps 2382
upd  571/1464 step 1,169,408 ret 344.29 len 295.7 kl 0.0233  sps 2381
upd  572/1464 step 1,171,456 ret 359.53 len 295.7 kl 0.0344* sps 2381
upd  573/1464 step 1,173,504 ret 339.54 len 295.7 kl 0.0300  sps 2380
upd  574/1464 step 1,175,552 ret 316.66 len 286.2 kl 0.0280  sps 2381
upd  575/1464 step 1,177,600 ret 297.95 len 290.6 kl 0.0355* sps 2380
upd  576/1464 step 1,179,648 ret 279.67 len 290.6 kl 0.0381* sps 2381
upd  577/1464 step 1,181,696 ret 284.57 len 288.8 kl 0.0286  sps 2381
upd  578/1464 step 1,183,744 ret 277.93 len 288.8 kl 0.0240  sps 2380
upd  579/1464 step 1,185,792 ret 297.06 len 288.8 kl 0.0266  sps 2380
upd  580/1464 step 1,187,840 ret 313.61 len 298.2 kl 0.0338* sps 2379
upd  581/1464 step 1,189,888 ret 286.97 len 298.2 kl 0.0307* sps 2379
upd  582/1464 step 1,191,936 ret 313.73 len 298.2 kl 0.0235  sps 2379
upd  583/1464 step 1,193,984 ret 292.87 len 300.0 kl 0.0328* sps 2378
upd  584/1464 step 1,196,032 ret 280.96 len 300.0 kl 0.0306* sps 2378
upd  585/1464 step 1,198,080 ret 281.94 len 300.0 kl 0.0291  sps 2378
upd  586/1464 step 1,200,128 ret 302.79 len 300.0 kl 0.0301* sps 2378
upd  587/1464 step 1,202,176 ret 312.92 len 300.0 kl 0.0323* sps 2378
upd  588/1464 step 1,204,224 ret 296.6 len 300.0 kl 0.0334* sps 2378
upd  589/1464 step 1,206,272 ret 308.96 len 300.0 kl 0.0268  sps 2378
upd  590/1464 step 1,208,320 ret 302.57 len 300.0 kl 0.0316* sps 2379
upd  591/1464 step 1,210,368 ret 275.02 len 300.0 kl 0.0300* sps 2378
upd  592/1464 step 1,212,416 ret 248.35 len 300.0 kl 0.0269  sps 2378
upd  593/1464 step 1,214,464 ret 264.73 len 300.0 kl 0.0304* sps 2378
upd  594/1464 step 1,216,512 ret 264.66 len 300.0 kl 0.0279  sps 2378
upd  595/1464 step 1,218,560 ret 259.09 len 300.0 kl 0.0367* sps 2377
upd  596/1464 step 1,220,608 ret 277.79 len 300.0 kl 0.0312* sps 2376
upd  597/1464 step 1,222,656 ret 271.29 len 296.7 kl 0.0337* sps 2376
upd  598/1464 step 1,224,704 ret 275.97 len 296.7 kl 0.0380* sps 2376
upd  599/1464 step 1,226,752 ret 281.75 len 295.1 kl 0.0270  sps 2376
upd  600/1464 step 1,228,800 ret 262.64 len 295.1 kl 0.0297  sps 2376
upd  601/1464 step 1,230,848 ret 273.39 len 295.1 kl 0.0245  sps 2376
upd  602/1464 step 1,232,896 ret 267.47 len 298.4 kl 0.0298  sps 2376
upd  603/1464 step 1,234,944 ret 294.7 len 298.4 kl 0.0314* sps 2375
upd  604/1464 step 1,236,992 ret 314.93 len 298.4 kl 0.0300* sps 2376
upd  605/1464 step 1,239,040 ret 291.93 len 300.0 kl 0.0312* sps 2376
upd  606/1464 step 1,241,088 ret 282.55 len 300.0 kl 0.0279  sps 2375
upd  607/1464 step 1,243,136 ret 292.03 len 300.0 kl 0.0330* sps 2375
upd  608/1464 step 1,245,184 ret 316.56 len 300.0 kl 0.0261  sps 2374
upd  609/1464 step 1,247,232 ret 326.86 len 295.7 kl 0.0247  sps 2374
upd  610/1464 step 1,249,280 ret 321.78 len 295.7 kl 0.0269  sps 2374
upd  611/1464 step 1,251,328 ret 337.99 len 295.7 kl 0.0304* sps 2374
upd  612/1464 step 1,253,376 ret 338.36 len 295.7 kl 0.0369* sps 2374
upd  613/1464 step 1,255,424 ret 352.03 len 294.9 kl 0.0283  sps 2374
upd  614/1464 step 1,257,472 ret 340.92 len 292.1 kl 0.0321* sps 2374
upd  615/1464 step 1,259,520 ret 317.54 len 296.4 kl 0.0342* sps 2374
upd  616/1464 step 1,261,568 ret 292.65 len 296.4 kl 0.0244  sps 2373
upd  617/1464 step 1,263,616 ret 304.69 len 296.4 kl 0.0299  sps 2374
upd  618/1464 step 1,265,664 ret 309.02 len 295.8 kl 0.0277  sps 2374
upd  619/1464 step 1,267,712 ret 279.53 len 296.7 kl 0.0240  sps 2373
upd  620/1464 step 1,269,760 ret 317.48 len 299.4 kl 0.0241  sps 2373
upd  621/1464 step 1,271,808 ret 349.66 len 299.4 kl 0.0310* sps 2372
upd  622/1464 step 1,273,856 ret 349.63 len 299.4 kl 0.0287  sps 2372
upd  623/1464 step 1,275,904 ret 364.28 len 299.4 kl 0.0285  sps 2373
upd  624/1464 step 1,277,952 ret 329.12 len 297.7 kl 0.0234  sps 2373
upd  625/1464 step 1,280,000 ret 360.95 len 297.7 kl 0.0277  sps 2373
upd  626/1464 step 1,282,048 ret 316.59 len 292.8 kl 0.0231  sps 2372
upd  627/1464 step 1,284,096 ret 300.23 len 292.8 kl 0.0320* sps 2373
upd  628/1464 step 1,286,144 ret 311.57 len 292.8 kl 0.0293  sps 2372
upd  629/1464 step 1,288,192 ret 311.03 len 292.8 kl 0.0239  sps 2373
upd  630/1464 step 1,290,240 ret 327.34 len 295.1 kl 0.0264  sps 2373
upd  631/1464 step 1,292,288 ret 302.63 len 295.1 kl 0.0331* sps 2373
upd  632/1464 step 1,294,336 ret 313.71 len 300.0 kl 0.0342* sps 2373
upd  633/1464 step 1,296,384 ret 331.96 len 293.3 kl 0.0286  sps 2372
upd  634/1464 step 1,298,432 ret 353.34 len 293.3 kl 0.0259  sps 2372
upd  635/1464 step 1,300,480 ret 355.59 len 293.3 kl 0.0325* sps 2372
upd  636/1464 step 1,302,528 ret 334.81 len 287.7 kl 0.0263  sps 2373
upd  637/1464 step 1,304,576 ret 309.63 len 287.7 kl 0.0314* sps 2373
upd  638/1464 step 1,306,624 ret 272.68 len 288.8 kl 0.0272  sps 2372
upd  639/1464 step 1,308,672 ret 273.08 len 294.4 kl 0.0302* sps 2373
upd  640/1464 step 1,310,720 ret 269.81 len 294.4 kl 0.0282  sps 2373
upd  641/1464 step 1,312,768 ret 275.06 len 294.4 kl 0.0246  sps 2373
upd  642/1464 step 1,314,816 ret 259.53 len 300.0 kl 0.0254  sps 2372
upd  643/1464 step 1,316,864 ret 305.13 len 292.5 kl 0.0254  sps 2372
upd  644/1464 step 1,318,912 ret 277.06 len 289.4 kl 0.0335* sps 2372
upd  645/1464 step 1,320,960 ret 286.57 len 289.4 kl 0.0298  sps 2373
upd  646/1464 step 1,323,008 ret 313.43 len 283.6 kl 0.0304* sps 2373
upd  647/1464 step 1,325,056 ret 297.41 len 283.6 kl 0.0312* sps 2373
upd  648/1464 step 1,327,104 ret 272.05 len 285.2 kl 0.0288  sps 2373
upd  649/1464 step 1,329,152 ret 274.5 len 291.1 kl 0.0284  sps 2372
upd  650/1464 step 1,331,200 ret 312.4 len 294.2 kl 0.0245  sps 2372
upd  651/1464 step 1,333,248 ret 300.4 len 300.0 kl 0.0306* sps 2372
upd  652/1464 step 1,335,296 ret 305.92 len 300.0 kl 0.0241  sps 2372
upd  653/1464 step 1,337,344 ret 328.98 len 300.0 kl 0.0224  sps 2373
upd  654/1464 step 1,339,392 ret 341.56 len 300.0 kl 0.0226  sps 2372
upd  655/1464 step 1,341,440 ret 353.48 len 300.0 kl 0.0293  sps 2372
upd  656/1464 step 1,343,488 ret 344.66 len 300.0 kl 0.0280  sps 2372
upd  657/1464 step 1,345,536 ret 363.6 len 295.8 kl 0.0300* sps 2372
upd  658/1464 step 1,347,584 ret 306.12 len 295.8 kl 0.0255  sps 2371
upd  659/1464 step 1,349,632 ret 303.34 len 291.8 kl 0.0248  sps 2371
upd  660/1464 step 1,351,680 ret 315.65 len 291.8 kl 0.0260  sps 2371
upd  661/1464 step 1,353,728 ret 293.48 len 291.8 kl 0.0310* sps 2371
upd  662/1464 step 1,355,776 ret 304.45 len 291.8 kl 0.0227  sps 2371
upd  663/1464 step 1,357,824 ret 311.83 len 296.0 kl 0.0226  sps 2371
upd  664/1464 step 1,359,872 ret 298.02 len 296.0 kl 0.0264  sps 2372
upd  665/1464 step 1,361,920 ret 310.43 len 300.0 kl 0.0249  sps 2372
upd  666/1464 step 1,363,968 ret 312.23 len 298.1 kl 0.0213  sps 2372
upd  667/1464 step 1,366,016 ret 328.33 len 298.1 kl 0.0238  sps 2372
upd  668/1464 step 1,368,064 ret 294.33 len 298.1 kl 0.0315* sps 2371
upd  669/1464 step 1,370,112 ret 314.75 len 298.1 kl 0.0242  sps 2371
upd  670/1464 step 1,372,160 ret 332.38 len 298.1 kl 0.0236  sps 2371
upd  671/1464 step 1,374,208 ret 317.81 len 300.0 kl 0.0251  sps 2371
upd  672/1464 step 1,376,256 ret 332.65 len 300.0 kl 0.0285  sps 2371
upd  673/1464 step 1,378,304 ret 344.36 len 300.0 kl 0.0250  sps 2371
upd  674/1464 step 1,380,352 ret 385.15 len 296.7 kl 0.0259  sps 2372
upd  675/1464 step 1,382,400 ret 338.73 len 296.7 kl 0.0278  sps 2371
upd  676/1464 step 1,384,448 ret 338.54 len 296.7 kl 0.0344* sps 2371
upd  677/1464 step 1,386,496 ret 311.65 len 296.7 kl 0.0301* sps 2370
upd  678/1464 step 1,388,544 ret 327.21 len 296.7 kl 0.0280  sps 2370
upd  679/1464 step 1,390,592 ret 327.34 len 296.7 kl 0.0240  sps 2369
upd  680/1464 step 1,392,640 ret 334.48 len 297.6 kl 0.0263  sps 2369
upd  681/1464 step 1,394,688 ret 322.01 len 297.6 kl 0.0260  sps 2369
upd  682/1464 step 1,396,736 ret 365.38 len 293.2 kl 0.0244  sps 2368
upd  683/1464 step 1,398,784 ret 357.25 len 293.2 kl 0.0276  sps 2369
upd  684/1464 step 1,400,832 ret 347.35 len 293.2 kl 0.0223  sps 2368
upd  685/1464 step 1,402,880 ret 309.95 len 293.2 kl 0.0290  sps 2368
upd  686/1464 step 1,404,928 ret 296.56 len 295.6 kl 0.0306* sps 2368
upd  687/1464 step 1,406,976 ret 285.19 len 295.6 kl 0.0258  sps 2368
upd  688/1464 step 1,409,024 ret 297.19 len 300.0 kl 0.0233  sps 2368
upd  689/1464 step 1,411,072 ret 299.31 len 294.5 kl 0.0261  sps 2367
upd  690/1464 step 1,413,120 ret 302.6 len 294.5 kl 0.0251  sps 2367
upd  691/1464 step 1,415,168 ret 346.06 len 292.4 kl 0.0265  sps 2367
upd  692/1464 step 1,417,216 ret 336.02 len 292.4 kl 0.0295  sps 2367
upd  693/1464 step 1,419,264 ret 317.94 len 292.4 kl 0.0274  sps 2367
upd  694/1464 step 1,421,312 ret 300.94 len 292.4 kl 0.0267  sps 2368
upd  695/1464 step 1,423,360 ret 328.73 len 295.7 kl 0.0230  sps 2368
upd  696/1464 step 1,425,408 ret 300.21 len 295.7 kl 0.0210  sps 2368
upd  697/1464 step 1,427,456 ret 280.8 len 297.8 kl 0.0258  sps 2368
upd  698/1464 step 1,429,504 ret 284.02 len 294.3 kl 0.0246  sps 2368
upd  699/1464 step 1,431,552 ret 300.6 len 294.3 kl 0.0303* sps 2368
upd  700/1464 step 1,433,600 ret 305.32 len 294.3 kl 0.0202  sps 2368
upd  701/1464 step 1,435,648 ret 304.46 len 296.4 kl 0.0225  sps 2368
upd  702/1464 step 1,437,696 ret 326.2 len 296.4 kl 0.0270  sps 2368
upd  703/1464 step 1,439,744 ret 317.35 len 296.4 kl 0.0278  sps 2368
upd  704/1464 step 1,441,792 ret 312.41 len 299.8 kl 0.0244  sps 2368
upd  705/1464 step 1,443,840 ret 284.47 len 299.8 kl 0.0218  sps 2368
upd  706/1464 step 1,445,888 ret 257.2 len 299.8 kl 0.0308* sps 2368
upd  707/1464 step 1,447,936 ret 228.22 len 300.0 kl 0.0259  sps 2368
upd  708/1464 step 1,449,984 ret 217.61 len 295.7 kl 0.0293  sps 2368
upd  709/1464 step 1,452,032 ret 244.29 len 295.7 kl 0.0189  sps 2369
upd  710/1464 step 1,454,080 ret 246.33 len 295.7 kl 0.0199  sps 2369
upd  711/1464 step 1,456,128 ret 280.79 len 295.7 kl 0.0212  sps 2369
upd  712/1464 step 1,458,176 ret 312.84 len 295.7 kl 0.0278  sps 2368
upd  713/1464 step 1,460,224 ret 307.89 len 300.0 kl 0.0257  sps 2368
upd  714/1464 step 1,462,272 ret 305.56 len 300.0 kl 0.0223  sps 2368
upd  715/1464 step 1,464,320 ret 258.51 len 295.6 kl 0.0227  sps 2368
upd  716/1464 step 1,466,368 ret 259.88 len 295.6 kl 0.0272  sps 2369
upd  717/1464 step 1,468,416 ret 247.34 len 295.6 kl 0.0220  sps 2368
upd  718/1464 step 1,470,464 ret 267.61 len 295.6 kl 0.0229  sps 2368
upd  719/1464 step 1,472,512 ret 307.6 len 294.4 kl 0.0271  sps 2367
upd  720/1464 step 1,474,560 ret 329.02 len 290.1 kl 0.0227  sps 2367
upd  721/1464 step 1,476,608 ret 323.63 len 294.6 kl 0.0368* sps 2368
upd  722/1464 step 1,478,656 ret 348.24 len 294.6 kl 0.0292  sps 2367
upd  723/1464 step 1,480,704 ret 333.34 len 290.1 kl 0.0225  sps 2367
upd  724/1464 step 1,482,752 ret 282.64 len 286.2 kl 0.0235  sps 2366
upd  725/1464 step 1,484,800 ret 308.14 len 286.2 kl 0.0221  sps 2366
upd  726/1464 step 1,486,848 ret 315.04 len 290.4 kl 0.0203  sps 2366
upd  727/1464 step 1,488,896 ret 304.63 len 286.2 kl 0.0247  sps 2366
upd  728/1464 step 1,490,944 ret 291.35 len 290.6 kl 0.0241  sps 2366
upd  729/1464 step 1,492,992 ret 337.91 len 290.6 kl 0.0211  sps 2366
upd  730/1464 step 1,495,040 ret 320.95 len 295.8 kl 0.0262  sps 2366
upd  731/1464 step 1,497,088 ret 304.8 len 295.8 kl 0.0228  sps 2366
upd  732/1464 step 1,499,136 ret 277.82 len 295.8 kl 0.0277  sps 2366
upd  733/1464 step 1,501,184 ret 298.79 len 300.0 kl 0.0199  sps 2365
upd  734/1464 step 1,503,232 ret 310.28 len 297.9 kl 0.0280  sps 2365
upd  735/1464 step 1,505,280 ret 298.97 len 297.9 kl 0.0203  sps 2365
upd  736/1464 step 1,507,328 ret 305.96 len 297.9 kl 0.0277  sps 2366
upd  737/1464 step 1,509,376 ret 311.58 len 297.9 kl 0.0249  sps 2366
upd  738/1464 step 1,511,424 ret 373.51 len 297.9 kl 0.0257  sps 2365
upd  739/1464 step 1,513,472 ret 360.48 len 297.9 kl 0.0241  sps 2365
upd  740/1464 step 1,515,520 ret 360.97 len 300.0 kl 0.0243  sps 2365
upd  741/1464 step 1,517,568 ret 305.89 len 300.0 kl 0.0269  sps 2365
upd  742/1464 step 1,519,616 ret 295.13 len 300.0 kl 0.0255  sps 2365
upd  743/1464 step 1,521,664 ret 301.54 len 300.0 kl 0.0277  sps 2365
upd  744/1464 step 1,523,712 ret 272.29 len 300.0 kl 0.0273  sps 2365
upd  745/1464 step 1,525,760 ret 233.53 len 300.0 kl 0.0214  sps 2365
upd  746/1464 step 1,527,808 ret 248.87 len 294.3 kl 0.0212  sps 2364
upd  747/1464 step 1,529,856 ret 331.59 len 284.8 kl 0.0173  sps 2364
upd  748/1464 step 1,531,904 ret 340.28 len 284.8 kl 0.0270  sps 2364
upd  749/1464 step 1,533,952 ret 301.58 len 284.8 kl 0.0256  sps 2364
upd  750/1464 step 1,536,000 ret 317.64 len 284.8 kl 0.0191  sps 2364
upd  751/1464 step 1,538,048 ret 326.73 len 290.5 kl 0.0247  sps 2364
upd  752/1464 step 1,540,096 ret 340.53 len 290.5 kl 0.0219  sps 2364
upd  753/1464 step 1,542,144 ret 267.44 len 293.9 kl 0.0273  sps 2364
upd  754/1464 step 1,544,192 ret 278.27 len 285.4 kl 0.0251  sps 2364
upd  755/1464 step 1,546,240 ret 270.51 len 285.4 kl 0.0234  sps 2363
upd  756/1464 step 1,548,288 ret 232.35 len 285.4 kl 0.0223  sps 2363
upd  757/1464 step 1,550,336 ret 265.41 len 283.7 kl 0.0207  sps 2363
upd  758/1464 step 1,552,384 ret 282.53 len 283.7 kl 0.0204  sps 2363
upd  759/1464 step 1,554,432 ret 333.6 len 289.8 kl 0.0279  sps 2363
upd  760/1464 step 1,556,480 ret 319.69 len 298.3 kl 0.0329* sps 2364
upd  761/1464 step 1,558,528 ret 363.3 len 297.1 kl 0.0222  sps 2364
upd  762/1464 step 1,560,576 ret 396.11 len 298.9 kl 0.0255  sps 2364
upd  763/1464 step 1,562,624 ret 369.08 len 296.5 kl 0.0232  sps 2364
upd  764/1464 step 1,564,672 ret 385.43 len 296.5 kl 0.0229  sps 2364
upd  765/1464 step 1,566,720 ret 343.08 len 289.6 kl 0.0223  sps 2364
upd  766/1464 step 1,568,768 ret 346.43 len 289.6 kl 0.0202  sps 2364
upd  767/1464 step 1,570,816 ret 328.12 len 290.8 kl 0.0249  sps 2363
upd  768/1464 step 1,572,864 ret 283.09 len 286.2 kl 0.0256  sps 2363
upd  769/1464 step 1,574,912 ret 260.7 len 284.4 kl 0.0236  sps 2363
upd  770/1464 step 1,576,960 ret 239.09 len 285.6 kl 0.0224  sps 2363
upd  771/1464 step 1,579,008 ret 220.38 len 283.7 kl 0.0216  sps 2363
upd  772/1464 step 1,581,056 ret 233.79 len 283.7 kl 0.0329* sps 2363
upd  773/1464 step 1,583,104 ret 270.06 len 283.7 kl 0.0209  sps 2363
upd  774/1464 step 1,585,152 ret 297.66 len 288.4 kl 0.0195  sps 2363
upd  775/1464 step 1,587,200 ret 277.43 len 292.4 kl 0.0246  sps 2363
upd  776/1464 step 1,589,248 ret 345.3 len 294.4 kl 0.0236  sps 2362
upd  777/1464 step 1,591,296 ret 374.44 len 296.4 kl 0.0274  sps 2362
upd  778/1464 step 1,593,344 ret 378.34 len 296.4 kl 0.0280  sps 2362
upd  779/1464 step 1,595,392 ret 369.21 len 286.3 kl 0.0185  sps 2362
upd  780/1464 step 1,597,440 ret 336.64 len 286.3 kl 0.0250  sps 2362
upd  781/1464 step 1,599,488 ret 314.39 len 283.5 kl 0.0205  sps 2361
upd  782/1464 step 1,601,536 ret 314.8 len 285.2 kl 0.0224  sps 2361
upd  783/1464 step 1,603,584 ret 290.56 len 285.2 kl 0.0269  sps 2360
upd  784/1464 step 1,605,632 ret 285.95 len 290.0 kl 0.0253  sps 2360
upd  785/1464 step 1,607,680 ret 297.8 len 295.3 kl 0.0222  sps 2361
upd  786/1464 step 1,609,728 ret 350.92 len 291.3 kl 0.0253  sps 2361
upd  787/1464 step 1,611,776 ret 336.43 len 294.1 kl 0.0282  sps 2361
upd  788/1464 step 1,613,824 ret 306.71 len 293.2 kl 0.0224  sps 2361
upd  789/1464 step 1,615,872 ret 319.61 len 287.2 kl 0.0227  sps 2361
upd  790/1464 step 1,617,920 ret 291.21 len 287.2 kl 0.0274  sps 2361
upd  791/1464 step 1,619,968 ret 317.32 len 287.2 kl 0.0240  sps 2361
upd  792/1464 step 1,622,016 ret 323.4 len 291.2 kl 0.0199  sps 2360
upd  793/1464 step 1,624,064 ret 366.03 len 294.0 kl 0.0216  sps 2360
upd  794/1464 step 1,626,112 ret 355.81 len 297.5 kl 0.0210  sps 2360
upd  795/1464 step 1,628,160 ret 376.71 len 300.0 kl 0.0270  sps 2360
upd  796/1464 step 1,630,208 ret 378.75 len 300.0 kl 0.0225  sps 2360
upd  797/1464 step 1,632,256 ret 358.16 len 294.9 kl 0.0199  sps 2360
upd  798/1464 step 1,634,304 ret 328.25 len 293.2 kl 0.0222  sps 2360
upd  799/1464 step 1,636,352 ret 321.34 len 293.2 kl 0.0177  sps 2360
upd  800/1464 step 1,638,400 ret 332.16 len 293.2 kl 0.0236  sps 2359
upd  801/1464 step 1,640,448 ret 329.64 len 293.2 kl 0.0189  sps 2359
upd  802/1464 step 1,642,496 ret 322.5 len 293.2 kl 0.0168  sps 2359
upd  803/1464 step 1,644,544 ret 352.39 len 298.2 kl 0.0228  sps 2359
upd  804/1464 step 1,646,592 ret 344.77 len 300.0 kl 0.0236  sps 2359
upd  805/1464 step 1,648,640 ret 333.18 len 300.0 kl 0.0256  sps 2359
upd  806/1464 step 1,650,688 ret 318.44 len 300.0 kl 0.0259  sps 2359
upd  807/1464 step 1,652,736 ret 299.4 len 300.0 kl 0.0259  sps 2359
upd  808/1464 step 1,654,784 ret 331.11 len 300.0 kl 0.0223  sps 2358
upd  809/1464 step 1,656,832 ret 300.13 len 300.0 kl 0.0232  sps 2358
upd  810/1464 step 1,658,880 ret 297.31 len 300.0 kl 0.0243  sps 2358
upd  811/1464 step 1,660,928 ret 332.42 len 300.0 kl 0.0224  sps 2358
upd  812/1464 step 1,662,976 ret 315.19 len 300.0 kl 0.0237  sps 2359
upd  813/1464 step 1,665,024 ret 320.22 len 300.0 kl 0.0230  sps 2359
upd  814/1464 step 1,667,072 ret 319.18 len 300.0 kl 0.0251  sps 2358
upd  815/1464 step 1,669,120 ret 327.73 len 298.2 kl 0.0195  sps 2358
upd  816/1464 step 1,671,168 ret 312.99 len 298.2 kl 0.0194  sps 2358
upd  817/1464 step 1,673,216 ret 293.75 len 298.2 kl 0.0235  sps 2358
upd  818/1464 step 1,675,264 ret 327.44 len 298.2 kl 0.0214  sps 2358
upd  819/1464 step 1,677,312 ret 340.18 len 298.2 kl 0.0237  sps 2358
upd  820/1464 step 1,679,360 ret 319.33 len 298.2 kl 0.0237  sps 2358
upd  821/1464 step 1,681,408 ret 304.9 len 300.0 kl 0.0188  sps 2357
upd  822/1464 step 1,683,456 ret 276.15 len 300.0 kl 0.0277  sps 2357
upd  823/1464 step 1,685,504 ret 259.98 len 300.0 kl 0.0281  sps 2357
upd  824/1464 step 1,687,552 ret 231.66 len 300.0 kl 0.0255  sps 2357
upd  825/1464 step 1,689,600 ret 223.78 len 300.0 kl 0.0229  sps 2357
upd  826/1464 step 1,691,648 ret 237.64 len 297.6 kl 0.0264  sps 2357
upd  827/1464 step 1,693,696 ret 274.47 len 287.0 kl 0.0284  sps 2357
upd  828/1464 step 1,695,744 ret 325.19 len 287.0 kl 0.0213  sps 2357
upd  829/1464 step 1,697,792 ret 353.52 len 287.0 kl 0.0221  sps 2357
upd  830/1464 step 1,699,840 ret 328.4 len 287.0 kl 0.0210  sps 2357
upd  831/1464 step 1,701,888 ret 343.5 len 287.0 kl 0.0197  sps 2358
upd  832/1464 step 1,703,936 ret 326.48 len 294.1 kl 0.0190  sps 2357
upd  833/1464 step 1,705,984 ret 286.62 len 300.0 kl 0.0252  sps 2357
upd  834/1464 step 1,708,032 ret 280.23 len 300.0 kl 0.0213  sps 2357
upd  835/1464 step 1,710,080 ret 291.61 len 296.5 kl 0.0193  sps 2357
upd  836/1464 step 1,712,128 ret 286.58 len 293.4 kl 0.0245  sps 2357
upd  837/1464 step 1,714,176 ret 288.44 len 293.4 kl 0.0186  sps 2357
upd  838/1464 step 1,716,224 ret 283.9 len 293.4 kl 0.0215  sps 2356
upd  839/1464 step 1,718,272 ret 306.19 len 293.4 kl 0.0219  sps 2356
upd  840/1464 step 1,720,320 ret 293.72 len 293.4 kl 0.0240  sps 2356
upd  841/1464 step 1,722,368 ret 295.88 len 296.9 kl 0.0236  sps 2356
upd  842/1464 step 1,724,416 ret 315.48 len 300.0 kl 0.0223  sps 2356
upd  843/1464 step 1,726,464 ret 342.65 len 300.0 kl 0.0220  sps 2356
upd  844/1464 step 1,728,512 ret 348.6 len 300.0 kl 0.0199  sps 2356
upd  845/1464 step 1,730,560 ret 315.17 len 295.5 kl 0.0216  sps 2356
upd  846/1464 step 1,732,608 ret 344.39 len 295.5 kl 0.0235  sps 2355
upd  847/1464 step 1,734,656 ret 300.58 len 295.5 kl 0.0214  sps 2355
upd  848/1464 step 1,736,704 ret 274.51 len 295.5 kl 0.0211  sps 2355
upd  849/1464 step 1,738,752 ret 273.88 len 295.5 kl 0.0215  sps 2355
upd  850/1464 step 1,740,800 ret 312.63 len 291.7 kl 0.0192  sps 2355
upd  851/1464 step 1,742,848 ret 330.85 len 296.2 kl 0.0244  sps 2354
upd  852/1464 step 1,744,896 ret 334.23 len 296.2 kl 0.0218  sps 2354
upd  853/1464 step 1,746,944 ret 335.56 len 296.2 kl 0.0206  sps 2354
upd  854/1464 step 1,748,992 ret 347.26 len 296.2 kl 0.0203  sps 2354
upd  855/1464 step 1,751,040 ret 356.99 len 296.2 kl 0.0254  sps 2354
upd  856/1464 step 1,753,088 ret 309.91 len 296.3 kl 0.0234  sps 2354
upd  857/1464 step 1,755,136 ret 282.39 len 296.3 kl 0.0220  sps 2354
upd  858/1464 step 1,757,184 ret 298.14 len 292.6 kl 0.0233  sps 2354
upd  859/1464 step 1,759,232 ret 288.11 len 287.5 kl 0.0235  sps 2354
upd  860/1464 step 1,761,280 ret 267.01 len 282.8 kl 0.0236  sps 2354
upd  861/1464 step 1,763,328 ret 274.08 len 282.8 kl 0.0200  sps 2354
upd  862/1464 step 1,765,376 ret 273.33 len 282.4 kl 0.0272  sps 2354
upd  863/1464 step 1,767,424 ret 283.27 len 286.0 kl 0.0235  sps 2355
upd  864/1464 step 1,769,472 ret 258.19 len 286.0 kl 0.0223  sps 2354
upd  865/1464 step 1,771,520 ret 258.74 len 290.5 kl 0.0214  sps 2354
upd  866/1464 step 1,773,568 ret 240.11 len 295.2 kl 0.0219  sps 2354
upd  867/1464 step 1,775,616 ret 226.43 len 295.2 kl 0.0230  sps 2354
upd  868/1464 step 1,777,664 ret 268.59 len 294.7 kl 0.0212  sps 2354
upd  869/1464 step 1,779,712 ret 308.92 len 294.7 kl 0.0229  sps 2354
upd  870/1464 step 1,781,760 ret 341.49 len 290.2 kl 0.0208  sps 2353
upd  871/1464 step 1,783,808 ret 325.45 len 290.8 kl 0.0222  sps 2353
upd  872/1464 step 1,785,856 ret 329.38 len 290.8 kl 0.0194  sps 2353
upd  873/1464 step 1,787,904 ret 360.78 len 290.8 kl 0.0184  sps 2353
upd  874/1464 step 1,789,952 ret 326.7 len 295.5 kl 0.0199  sps 2353
upd  875/1464 step 1,792,000 ret 310.41 len 300.0 kl 0.0228  sps 2353
upd  876/1464 step 1,794,048 ret 318.13 len 295.3 kl 0.0195  sps 2353
upd  877/1464 step 1,796,096 ret 360.2 len 295.3 kl 0.0202  sps 2353
upd  878/1464 step 1,798,144 ret 353.61 len 289.9 kl 0.0237  sps 2353
upd  879/1464 step 1,800,192 ret 331.92 len 289.9 kl 0.0193  sps 2352
upd  880/1464 step 1,802,240 ret 312.45 len 284.9 kl 0.0225  sps 2353
upd  881/1464 step 1,804,288 ret 310.03 len 284.9 kl 0.0183  sps 2353
upd  882/1464 step 1,806,336 ret 269.21 len 289.6 kl 0.0186  sps 2353
upd  883/1464 step 1,808,384 ret 288.57 len 289.6 kl 0.0174  sps 2353
upd  884/1464 step 1,810,432 ret 270.36 len 295.1 kl 0.0219  sps 2353
upd  885/1464 step 1,812,480 ret 303.28 len 293.9 kl 0.0183  sps 2353
upd  886/1464 step 1,814,528 ret 321.49 len 293.9 kl 0.0240  sps 2353
upd  887/1464 step 1,816,576 ret 311.13 len 293.9 kl 0.0198  sps 2353
upd  888/1464 step 1,818,624 ret 339.22 len 293.9 kl 0.0212  sps 2353
upd  889/1464 step 1,820,672 ret 332.51 len 293.9 kl 0.0231  sps 2353
upd  890/1464 step 1,822,720 ret 384.79 len 293.9 kl 0.0218  sps 2353
upd  891/1464 step 1,824,768 ret 327.98 len 300.0 kl 0.0213  sps 2353
upd  892/1464 step 1,826,816 ret 342.03 len 300.0 kl 0.0212  sps 2352
upd  893/1464 step 1,828,864 ret 324.29 len 299.3 kl 0.0224  sps 2352
upd  894/1464 step 1,830,912 ret 353.02 len 299.3 kl 0.0230  sps 2352
upd  895/1464 step 1,832,960 ret 344.19 len 294.0 kl 0.0180  sps 2352
upd  896/1464 step 1,835,008 ret 312.85 len 290.5 kl 0.0203  sps 2353
upd  897/1464 step 1,837,056 ret 310.79 len 290.5 kl 0.0177  sps 2353
upd  898/1464 step 1,839,104 ret 306.77 len 290.5 kl 0.0196  sps 2352
upd  899/1464 step 1,841,152 ret 333.98 len 289.8 kl 0.0197  sps 2353
upd  900/1464 step 1,843,200 ret 283.49 len 289.8 kl 0.0198  sps 2353
upd  901/1464 step 1,845,248 ret 259.49 len 298.6 kl 0.0243  sps 2353
upd  902/1464 step 1,847,296 ret 270.99 len 298.6 kl 0.0222  sps 2353
upd  903/1464 step 1,849,344 ret 256.48 len 298.6 kl 0.0204  sps 2353
upd  904/1464 step 1,851,392 ret 281.14 len 298.6 kl 0.0204  sps 2353
upd  905/1464 step 1,853,440 ret 247.03 len 300.0 kl 0.0219  sps 2354
upd  906/1464 step 1,855,488 ret 243.8 len 300.0 kl 0.0218  sps 2354
upd  907/1464 step 1,857,536 ret 270.91 len 300.0 kl 0.0179  sps 2354
upd  908/1464 step 1,859,584 ret 301.24 len 298.4 kl 0.0133  sps 2354
upd  909/1464 step 1,861,632 ret 331.67 len 298.4 kl 0.0223  sps 2355
upd  910/1464 step 1,863,680 ret 309.56 len 292.6 kl 0.0203  sps 2355
upd  911/1464 step 1,865,728 ret 295.81 len 292.6 kl 0.0207  sps 2355
upd  912/1464 step 1,867,776 ret 288.31 len 292.6 kl 0.0211  sps 2355
upd  913/1464 step 1,869,824 ret 292.23 len 292.5 kl 0.0186  sps 2355
upd  914/1464 step 1,871,872 ret 233.67 len 285.2 kl 0.0205  sps 2355
upd  915/1464 step 1,873,920 ret 234.64 len 285.2 kl 0.0209  sps 2355
upd  916/1464 step 1,875,968 ret 224.04 len 291.1 kl 0.0159  sps 2355
upd  917/1464 step 1,878,016 ret 231.93 len 291.1 kl 0.0195  sps 2355
upd  918/1464 step 1,880,064 ret 239.52 len 281.1 kl 0.0164  sps 2355
upd  919/1464 step 1,882,112 ret 275.07 len 285.6 kl 0.0202  sps 2356
upd  920/1464 step 1,884,160 ret 276.76 len 280.8 kl 0.0179  sps 2355
upd  921/1464 step 1,886,208 ret 291.89 len 280.8 kl 0.0234  sps 2355
upd  922/1464 step 1,888,256 ret 292.76 len 280.8 kl 0.0203  sps 2355
upd  923/1464 step 1,890,304 ret 290.89 len 290.7 kl 0.0189  sps 2355
upd  924/1464 step 1,892,352 ret 287.27 len 288.9 kl 0.0191  sps 2356
upd  925/1464 step 1,894,400 ret 280.45 len 292.2 kl 0.0209  sps 2356
upd  926/1464 step 1,896,448 ret 314.19 len 298.0 kl 0.0168  sps 2356
upd  927/1464 step 1,898,496 ret 302.22 len 291.9 kl 0.0202  sps 2356
upd  928/1464 step 1,900,544 ret 329.01 len 291.9 kl 0.0207  sps 2355
upd  929/1464 step 1,902,592 ret 329.71 len 293.9 kl 0.0192  sps 2355
upd  930/1464 step 1,904,640 ret 330.46 len 288.4 kl 0.0214  sps 2355
upd  931/1464 step 1,906,688 ret 318.08 len 288.4 kl 0.0237  sps 2355
upd  932/1464 step 1,908,736 ret 332.23 len 284.3 kl 0.0238  sps 2355
upd  933/1464 step 1,910,784 ret 318.08 len 290.4 kl 0.0227  sps 2355
upd  934/1464 step 1,912,832 ret 309.94 len 290.4 kl 0.0249  sps 2354
upd  935/1464 step 1,914,880 ret 278.31 len 295.9 kl 0.0180  sps 2355
upd  936/1464 step 1,916,928 ret 310.38 len 295.9 kl 0.0195  sps 2355
upd  937/1464 step 1,918,976 ret 311.18 len 295.9 kl 0.0189  sps 2355
upd  938/1464 step 1,921,024 ret 299.66 len 295.9 kl 0.0199  sps 2355
upd  939/1464 step 1,923,072 ret 305.87 len 295.9 kl 0.0181  sps 2355
upd  940/1464 step 1,925,120 ret 317.02 len 291.8 kl 0.0200  sps 2355
upd  941/1464 step 1,927,168 ret 329.75 len 291.8 kl 0.0225  sps 2355
upd  942/1464 step 1,929,216 ret 300.04 len 291.1 kl 0.0155  sps 2355
upd  943/1464 step 1,931,264 ret 282.56 len 291.1 kl 0.0205  sps 2355
upd  944/1464 step 1,933,312 ret 286.99 len 291.1 kl 0.0190  sps 2355
upd  945/1464 step 1,935,360 ret 225.04 len 285.8 kl 0.0188  sps 2355
upd  946/1464 step 1,937,408 ret 237.63 len 289.9 kl 0.0156  sps 2354
upd  947/1464 step 1,939,456 ret 279.04 len 289.1 kl 0.0167  sps 2354
upd  948/1464 step 1,941,504 ret 283.52 len 286.4 kl 0.0165  sps 2354
upd  949/1464 step 1,943,552 ret 303.9 len 286.4 kl 0.0188  sps 2354
upd  950/1464 step 1,945,600 ret 296.36 len 286.4 kl 0.0294  sps 2354
upd  951/1464 step 1,947,648 ret 279.12 len 291.7 kl 0.0248  sps 2355
upd  952/1464 step 1,949,696 ret 289.43 len 291.7 kl 0.0188  sps 2355
upd  953/1464 step 1,951,744 ret 289.69 len 297.3 kl 0.0200  sps 2355
upd  954/1464 step 1,953,792 ret 261.63 len 300.0 kl 0.0233  sps 2355
upd  955/1464 step 1,955,840 ret 271.2 len 300.0 kl 0.0184  sps 2354
upd  956/1464 step 1,957,888 ret 263.12 len 300.0 kl 0.0207  sps 2354
upd  957/1464 step 1,959,936 ret 306.21 len 294.2 kl 0.0203  sps 2354
upd  958/1464 step 1,961,984 ret 320.22 len 290.8 kl 0.0143  sps 2354
upd  959/1464 step 1,964,032 ret 327.99 len 286.6 kl 0.0159  sps 2354
upd  960/1464 step 1,966,080 ret 351.95 len 286.6 kl 0.0163  sps 2353
upd  961/1464 step 1,968,128 ret 390.5 len 284.5 kl 0.0201  sps 2353
upd  962/1464 step 1,970,176 ret 394.46 len 284.5 kl 0.0172  sps 2354
upd  963/1464 step 1,972,224 ret 380.94 len 284.3 kl 0.0148  sps 2354
upd  964/1464 step 1,974,272 ret 335.87 len 291.8 kl 0.0188  sps 2353
upd  965/1464 step 1,976,320 ret 342.06 len 291.8 kl 0.0188  sps 2353
upd  966/1464 step 1,978,368 ret 336.1 len 291.8 kl 0.0162  sps 2353
upd  967/1464 step 1,980,416 ret 307.16 len 293.9 kl 0.0154  sps 2353
upd  968/1464 step 1,982,464 ret 301.33 len 293.9 kl 0.0201  sps 2353
upd  969/1464 step 1,984,512 ret 288.28 len 300.0 kl 0.0151  sps 2353
upd  970/1464 step 1,986,560 ret 271.04 len 300.0 kl 0.0248  sps 2353
upd  971/1464 step 1,988,608 ret 261.76 len 300.0 kl 0.0166  sps 2353
upd  972/1464 step 1,990,656 ret 243.37 len 300.0 kl 0.0170  sps 2353
upd  973/1464 step 1,992,704 ret 268.49 len 295.9 kl 0.0139  sps 2353
upd  974/1464 step 1,994,752 ret 312.99 len 295.9 kl 0.0178  sps 2353
upd  975/1464 step 1,996,800 ret 332.97 len 290.4 kl 0.0209  sps 2353
upd  976/1464 step 1,998,848 ret 362.08 len 282.1 kl 0.0218  sps 2353
upd  977/1464 step 2,000,896 ret 358.57 len 282.1 kl 0.0191  sps 2352
upd  978/1464 step 2,002,944 ret 344.9 len 282.1 kl 0.0167  sps 2352
upd  979/1464 step 2,004,992 ret 309.76 len 286.2 kl 0.0190  sps 2352
upd  980/1464 step 2,007,040 ret 298.37 len 286.2 kl 0.0167  sps 2352
upd  981/1464 step 2,009,088 ret 322.19 len 291.7 kl 0.0187  sps 2352
upd  982/1464 step 2,011,136 ret 308.09 len 300.0 kl 0.0189  sps 2352
upd  983/1464 step 2,013,184 ret 324.61 len 300.0 kl 0.0165  sps 2352
upd  984/1464 step 2,015,232 ret 302.04 len 300.0 kl 0.0173  sps 2352
upd  985/1464 step 2,017,280 ret 317.45 len 300.0 kl 0.0173  sps 2352
upd  986/1464 step 2,019,328 ret 346.05 len 300.0 kl 0.0134  sps 2352
upd  987/1464 step 2,021,376 ret 365.97 len 300.0 kl 0.0143  sps 2352
upd  988/1464 step 2,023,424 ret 373.33 len 296.1 kl 0.0183  sps 2352
upd  989/1464 step 2,025,472 ret 370.22 len 296.1 kl 0.0194  sps 2352
upd  990/1464 step 2,027,520 ret 358.33 len 296.1 kl 0.0190  sps 2352
upd  991/1464 step 2,029,568 ret 371.79 len 296.1 kl 0.0170  sps 2351
upd  992/1464 step 2,031,616 ret 365.34 len 296.1 kl 0.0122  sps 2352
upd  993/1464 step 2,033,664 ret 333.84 len 296.1 kl 0.0156  sps 2352
upd  994/1464 step 2,035,712 ret 344.88 len 300.0 kl 0.0152  sps 2352
upd  995/1464 step 2,037,760 ret 347.16 len 300.0 kl 0.0186  sps 2352
upd  996/1464 step 2,039,808 ret 357.89 len 298.4 kl 0.0146  sps 2352
upd  997/1464 step 2,041,856 ret 335.54 len 298.1 kl 0.0147  sps 2352
upd  998/1464 step 2,043,904 ret 296.64 len 291.9 kl 0.0181  sps 2352
upd  999/1464 step 2,045,952 ret 291.38 len 291.9 kl 0.0194  sps 2352
upd 1000/1464 step 2,048,000 ret 272.81 len 291.9 kl 0.0145  sps 2351
upd 1001/1464 step 2,050,048 ret 285.73 len 291.9 kl 0.0177  sps 2351
upd 1002/1464 step 2,052,096 ret 279.01 len 292.5 kl 0.0139  sps 2351
upd 1003/1464 step 2,054,144 ret 275.71 len 292.8 kl 0.0160  sps 2352
upd 1004/1464 step 2,056,192 ret 284.55 len 298.9 kl 0.0163  sps 2352
upd 1005/1464 step 2,058,240 ret 292.83 len 298.9 kl 0.0185  sps 2352
upd 1006/1464 step 2,060,288 ret 306.08 len 298.9 kl 0.0192  sps 2352
upd 1007/1464 step 2,062,336 ret 281.65 len 300.0 kl 0.0163  sps 2352
upd 1008/1464 step 2,064,384 ret 265.31 len 300.0 kl 0.0178  sps 2351
upd 1009/1464 step 2,066,432 ret 293.3 len 300.0 kl 0.0193  sps 2352
upd 1010/1464 step 2,068,480 ret 277.68 len 300.0 kl 0.0176  sps 2351
upd 1011/1464 step 2,070,528 ret 244.57 len 300.0 kl 0.0215  sps 2351
upd 1012/1464 step 2,072,576 ret 286.42 len 300.0 kl 0.0140  sps 2352
upd 1013/1464 step 2,074,624 ret 326.73 len 300.0 kl 0.0158  sps 2352
upd 1014/1464 step 2,076,672 ret 324.43 len 300.0 kl 0.0171  sps 2352
upd 1015/1464 step 2,078,720 ret 297.06 len 300.0 kl 0.0172  sps 2352
upd 1016/1464 step 2,080,768 ret 300.2 len 300.0 kl 0.0201  sps 2352
upd 1017/1464 step 2,082,816 ret 323.12 len 299.4 kl 0.0134  sps 2351
upd 1018/1464 step 2,084,864 ret 267.88 len 299.4 kl 0.0178  sps 2351
upd 1019/1464 step 2,086,912 ret 258.73 len 299.4 kl 0.0154  sps 2351
upd 1020/1464 step 2,088,960 ret 293.42 len 299.4 kl 0.0180  sps 2350
upd 1021/1464 step 2,091,008 ret 323.99 len 299.3 kl 0.0152  sps 2350
upd 1022/1464 step 2,093,056 ret 297.53 len 294.2 kl 0.0195  sps 2350
upd 1023/1464 step 2,095,104 ret 349.0 len 279.1 kl 0.0161  sps 2350
upd 1024/1464 step 2,097,152 ret 372.56 len 276.9 kl 0.0194  sps 2350
upd 1025/1464 step 2,099,200 ret 321.29 len 276.9 kl 0.0176  sps 2350
upd 1026/1464 step 2,101,248 ret 354.82 len 277.0 kl 0.0205  sps 2349
upd 1027/1464 step 2,103,296 ret 372.6 len 280.5 kl 0.0174  sps 2349
upd 1028/1464 step 2,105,344 ret 367.47 len 285.5 kl 0.0141  sps 2349
upd 1029/1464 step 2,107,392 ret 376.55 len 295.7 kl 0.0148  sps 2349
upd 1030/1464 step 2,109,440 ret 356.8 len 297.9 kl 0.0139  sps 2349
upd 1031/1464 step 2,111,488 ret 409.34 len 297.9 kl 0.0142  sps 2349
upd 1032/1464 step 2,113,536 ret 383.13 len 297.9 kl 0.0162  sps 2349
upd 1033/1464 step 2,115,584 ret 367.9 len 295.9 kl 0.0170  sps 2349
upd 1034/1464 step 2,117,632 ret 342.34 len 295.9 kl 0.0192  sps 2349
upd 1035/1464 step 2,119,680 ret 324.23 len 295.9 kl 0.0139  sps 2349
upd 1036/1464 step 2,121,728 ret 338.33 len 295.2 kl 0.0148  sps 2349
upd 1037/1464 step 2,123,776 ret 297.58 len 295.2 kl 0.0202  sps 2349
upd 1038/1464 step 2,125,824 ret 303.64 len 299.3 kl 0.0151  sps 2349
upd 1039/1464 step 2,127,872 ret 319.11 len 299.3 kl 0.0193  sps 2348
upd 1040/1464 step 2,129,920 ret 370.65 len 293.1 kl 0.0161  sps 2348
upd 1041/1464 step 2,131,968 ret 343.09 len 293.1 kl 0.0185  sps 2348
upd 1042/1464 step 2,134,016 ret 361.51 len 293.8 kl 0.0144  sps 2348
upd 1043/1464 step 2,136,064 ret 404.44 len 293.8 kl 0.0146  sps 2348
upd 1044/1464 step 2,138,112 ret 338.89 len 293.8 kl 0.0159  sps 2348
upd 1045/1464 step 2,140,160 ret 287.8 len 287.1 kl 0.0151  sps 2348
upd 1046/1464 step 2,142,208 ret 291.47 len 292.1 kl 0.0140  sps 2348
upd 1047/1464 step 2,144,256 ret 290.54 len 286.3 kl 0.0153  sps 2348
upd 1048/1464 step 2,146,304 ret 258.66 len 286.3 kl 0.0144  sps 2348
upd 1049/1464 step 2,148,352 ret 320.74 len 280.8 kl 0.0160  sps 2348
upd 1050/1464 step 2,150,400 ret 368.42 len 283.6 kl 0.0166  sps 2348
upd 1051/1464 step 2,152,448 ret 336.85 len 283.0 kl 0.0181  sps 2349
upd 1052/1464 step 2,154,496 ret 338.46 len 283.0 kl 0.0132  sps 2349
upd 1053/1464 step 2,156,544 ret 371.69 len 288.8 kl 0.0132  sps 2349
upd 1054/1464 step 2,158,592 ret 331.04 len 288.8 kl 0.0191  sps 2349
upd 1055/1464 step 2,160,640 ret 312.59 len 294.3 kl 0.0124  sps 2349
upd 1056/1464 step 2,162,688 ret 322.59 len 294.3 kl 0.0152  sps 2349
upd 1057/1464 step 2,164,736 ret 337.48 len 300.0 kl 0.0147  sps 2348
upd 1058/1464 step 2,166,784 ret 349.56 len 300.0 kl 0.0158  sps 2348
upd 1059/1464 step 2,168,832 ret 350.31 len 300.0 kl 0.0117  sps 2349
upd 1060/1464 step 2,170,880 ret 371.82 len 300.0 kl 0.0161  sps 2349
upd 1061/1464 step 2,172,928 ret 340.31 len 300.0 kl 0.0155  sps 2349
upd 1062/1464 step 2,174,976 ret 331.11 len 300.0 kl 0.0158  sps 2349
upd 1063/1464 step 2,177,024 ret 352.65 len 296.0 kl 0.0149  sps 2349
upd 1064/1464 step 2,179,072 ret 338.25 len 296.0 kl 0.0139  sps 2349
upd 1065/1464 step 2,181,120 ret 335.12 len 296.0 kl 0.0148  sps 2349
upd 1066/1464 step 2,183,168 ret 353.88 len 296.0 kl 0.0145  sps 2349
upd 1067/1464 step 2,185,216 ret 328.28 len 296.0 kl 0.0144  sps 2349
upd 1068/1464 step 2,187,264 ret 291.22 len 296.0 kl 0.0162  sps 2349
upd 1069/1464 step 2,189,312 ret 301.0 len 300.0 kl 0.0146  sps 2349
upd 1070/1464 step 2,191,360 ret 307.49 len 297.8 kl 0.0175  sps 2349
upd 1071/1464 step 2,193,408 ret 310.26 len 297.8 kl 0.0173  sps 2349
upd 1072/1464 step 2,195,456 ret 311.04 len 293.4 kl 0.0132  sps 2349
upd 1073/1464 step 2,197,504 ret 311.27 len 293.4 kl 0.0164  sps 2349
upd 1074/1464 step 2,199,552 ret 321.82 len 293.4 kl 0.0159  sps 2349
upd 1075/1464 step 2,201,600 ret 368.98 len 295.6 kl 0.0113  sps 2348
upd 1076/1464 step 2,203,648 ret 349.86 len 295.6 kl 0.0129  sps 2349
upd 1077/1464 step 2,205,696 ret 327.25 len 291.2 kl 0.0153  sps 2348
upd 1078/1464 step 2,207,744 ret 333.74 len 295.6 kl 0.0112  sps 2348
upd 1079/1464 step 2,209,792 ret 359.1 len 295.6 kl 0.0154  sps 2348
upd 1080/1464 step 2,211,840 ret 332.94 len 295.6 kl 0.0126  sps 2348
upd 1081/1464 step 2,213,888 ret 279.54 len 295.6 kl 0.0144  sps 2348
upd 1082/1464 step 2,215,936 ret 296.26 len 295.6 kl 0.0149  sps 2349
upd 1083/1464 step 2,217,984 ret 271.14 len 300.0 kl 0.0174  sps 2349
upd 1084/1464 step 2,220,032 ret 276.43 len 300.0 kl 0.0116  sps 2349
upd 1085/1464 step 2,222,080 ret 276.34 len 297.1 kl 0.0107  sps 2349
upd 1086/1464 step 2,224,128 ret 305.87 len 297.1 kl 0.0132  sps 2349
upd 1087/1464 step 2,226,176 ret 313.02 len 292.2 kl 0.0168  sps 2349
upd 1088/1464 step 2,228,224 ret 358.1 len 292.2 kl 0.0151  sps 2349
upd 1089/1464 step 2,230,272 ret 394.53 len 292.2 kl 0.0137  sps 2349
upd 1090/1464 step 2,232,320 ret 366.8 len 292.2 kl 0.0148  sps 2349
upd 1091/1464 step 2,234,368 ret 412.19 len 291.1 kl 0.0169  sps 2349
upd 1092/1464 step 2,236,416 ret 404.86 len 291.1 kl 0.0109  sps 2349
upd 1093/1464 step 2,238,464 ret 415.65 len 295.9 kl 0.0150  sps 2349
upd 1094/1464 step 2,240,512 ret 320.52 len 295.9 kl 0.0144  sps 2349
upd 1095/1464 step 2,242,560 ret 335.57 len 295.9 kl 0.0130  sps 2350
upd 1096/1464 step 2,244,608 ret 351.26 len 295.9 kl 0.0149  sps 2349
upd 1097/1464 step 2,246,656 ret 340.73 len 291.2 kl 0.0124  sps 2350
upd 1098/1464 step 2,248,704 ret 315.89 len 291.2 kl 0.0124  sps 2350
upd 1099/1464 step 2,250,752 ret 316.47 len 291.2 kl 0.0189  sps 2350
upd 1100/1464 step 2,252,800 ret 344.16 len 291.2 kl 0.0130  sps 2350
upd 1101/1464 step 2,254,848 ret 326.04 len 291.2 kl 0.0159  sps 2350
upd 1102/1464 step 2,256,896 ret 301.4 len 282.2 kl 0.0130  sps 2350
upd 1103/1464 step 2,258,944 ret 305.23 len 291.1 kl 0.0125  sps 2350
upd 1104/1464 step 2,260,992 ret 285.4 len 291.1 kl 0.0110  sps 2349
upd 1105/1464 step 2,263,040 ret 321.93 len 291.1 kl 0.0126  sps 2349
upd 1106/1464 step 2,265,088 ret 353.13 len 291.1 kl 0.0138  sps 2349
upd 1107/1464 step 2,267,136 ret 340.87 len 292.6 kl 0.0105  sps 2349
upd 1108/1464 step 2,269,184 ret 349.47 len 296.3 kl 0.0126  sps 2349
upd 1109/1464 step 2,271,232 ret 351.48 len 296.3 kl 0.0106  sps 2349
upd 1110/1464 step 2,273,280 ret 370.78 len 291.4 kl 0.0154  sps 2349
upd 1111/1464 step 2,275,328 ret 356.98 len 288.2 kl 0.0115  sps 2349
upd 1112/1464 step 2,277,376 ret 354.06 len 291.9 kl 0.0169  sps 2349
upd 1113/1464 step 2,279,424 ret 339.01 len 291.9 kl 0.0108  sps 2349
upd 1114/1464 step 2,281,472 ret 357.82 len 291.9 kl 0.0133  sps 2349
upd 1115/1464 step 2,283,520 ret 342.02 len 291.9 kl 0.0101  sps 2349
upd 1116/1464 step 2,285,568 ret 340.94 len 296.6 kl 0.0138  sps 2349
upd 1117/1464 step 2,287,616 ret 346.66 len 299.9 kl 0.0145  sps 2348
upd 1118/1464 step 2,289,664 ret 356.34 len 299.9 kl 0.0143  sps 2348
upd 1119/1464 step 2,291,712 ret 338.67 len 299.9 kl 0.0139  sps 2348
upd 1120/1464 step 2,293,760 ret 341.82 len 299.9 kl 0.0144  sps 2348
upd 1121/1464 step 2,295,808 ret 355.99 len 285.0 kl 0.0121  sps 2348
upd 1122/1464 step 2,297,856 ret 327.12 len 279.0 kl 0.0138  sps 2348
upd 1123/1464 step 2,299,904 ret 346.94 len 278.6 kl 0.0122  sps 2348
upd 1124/1464 step 2,301,952 ret 337.56 len 275.9 kl 0.0148  sps 2348
upd 1125/1464 step 2,304,000 ret 353.84 len 275.9 kl 0.0138  sps 2347
upd 1126/1464 step 2,306,048 ret 338.92 len 281.4 kl 0.0130  sps 2347
upd 1127/1464 step 2,308,096 ret 350.16 len 290.9 kl 0.0105  sps 2347
upd 1128/1464 step 2,310,144 ret 338.12 len 292.2 kl 0.0121  sps 2348
upd 1129/1464 step 2,312,192 ret 308.89 len 292.6 kl 0.0104  sps 2348
upd 1130/1464 step 2,314,240 ret 288.77 len 295.3 kl 0.0099  sps 2347
upd 1131/1464 step 2,316,288 ret 316.32 len 295.3 kl 0.0112  sps 2347
upd 1132/1464 step 2,318,336 ret 282.56 len 295.3 kl 0.0101  sps 2347
upd 1133/1464 step 2,320,384 ret 280.09 len 295.3 kl 0.0122  sps 2347
upd 1134/1464 step 2,322,432 ret 321.83 len 300.0 kl 0.0118  sps 2347
upd 1135/1464 step 2,324,480 ret 297.15 len 300.0 kl 0.0187  sps 2347
upd 1136/1464 step 2,326,528 ret 267.68 len 296.6 kl 0.0123  sps 2347
upd 1137/1464 step 2,328,576 ret 283.57 len 290.3 kl 0.0153  sps 2347
upd 1138/1464 step 2,330,624 ret 312.97 len 290.3 kl 0.0099  sps 2347
upd 1139/1464 step 2,332,672 ret 292.94 len 286.9 kl 0.0119  sps 2347
upd 1140/1464 step 2,334,720 ret 293.11 len 286.9 kl 0.0128  sps 2347
upd 1141/1464 step 2,336,768 ret 337.79 len 286.9 kl 0.0143  sps 2347
upd 1142/1464 step 2,338,816 ret 378.68 len 290.4 kl 0.0123  sps 2347
upd 1143/1464 step 2,340,864 ret 404.93 len 296.7 kl 0.0145  sps 2347
upd 1144/1464 step 2,342,912 ret 388.63 len 296.7 kl 0.0115  sps 2347
upd 1145/1464 step 2,344,960 ret 372.43 len 297.1 kl 0.0108  sps 2347
upd 1146/1464 step 2,347,008 ret 345.39 len 297.1 kl 0.0139  sps 2347
upd 1147/1464 step 2,349,056 ret 350.85 len 291.8 kl 0.0090  sps 2347
upd 1148/1464 step 2,351,104 ret 350.53 len 286.3 kl 0.0099  sps 2347
upd 1149/1464 step 2,353,152 ret 318.81 len 286.3 kl 0.0116  sps 2347
upd 1150/1464 step 2,355,200 ret 331.6 len 283.4 kl 0.0127  sps 2346
upd 1151/1464 step 2,357,248 ret 359.38 len 286.2 kl 0.0142  sps 2347
upd 1152/1464 step 2,359,296 ret 371.66 len 291.6 kl 0.0106  sps 2347
upd 1153/1464 step 2,361,344 ret 338.85 len 291.6 kl 0.0121  sps 2347
upd 1154/1464 step 2,363,392 ret 293.6 len 297.1 kl 0.0147  sps 2347
upd 1155/1464 step 2,365,440 ret 273.67 len 297.1 kl 0.0115  sps 2347
upd 1156/1464 step 2,367,488 ret 275.46 len 300.0 kl 0.0121  sps 2347
upd 1157/1464 step 2,369,536 ret 238.62 len 300.0 kl 0.0123  sps 2347
upd 1158/1464 step 2,371,584 ret 247.62 len 300.0 kl 0.0154  sps 2347
upd 1159/1464 step 2,373,632 ret 247.24 len 300.0 kl 0.0109  sps 2347
upd 1160/1464 step 2,375,680 ret 282.05 len 299.5 kl 0.0145  sps 2347
upd 1161/1464 step 2,377,728 ret 330.93 len 299.4 kl 0.0144  sps 2347
upd 1162/1464 step 2,379,776 ret 347.09 len 299.4 kl 0.0111  sps 2347
upd 1163/1464 step 2,381,824 ret 334.06 len 299.4 kl 0.0149  sps 2347
upd 1164/1464 step 2,383,872 ret 359.0 len 299.4 kl 0.0130  sps 2347
upd 1165/1464 step 2,385,920 ret 375.17 len 299.4 kl 0.0119  sps 2347
upd 1166/1464 step 2,387,968 ret 369.13 len 300.0 kl 0.0084  sps 2347
upd 1167/1464 step 2,390,016 ret 341.74 len 300.0 kl 0.0115  sps 2347
upd 1168/1464 step 2,392,064 ret 338.0 len 300.0 kl 0.0112  sps 2347
upd 1169/1464 step 2,394,112 ret 333.33 len 296.5 kl 0.0117  sps 2347
upd 1170/1464 step 2,396,160 ret 329.99 len 294.6 kl 0.0101  sps 2347
upd 1171/1464 step 2,398,208 ret 323.15 len 294.6 kl 0.0120  sps 2347
upd 1172/1464 step 2,400,256 ret 310.57 len 289.5 kl 0.0099  sps 2347
upd 1173/1464 step 2,402,304 ret 357.0 len 289.5 kl 0.0081  sps 2347
upd 1174/1464 step 2,404,352 ret 356.39 len 289.5 kl 0.0114  sps 2347
upd 1175/1464 step 2,406,400 ret 435.64 len 293.1 kl 0.0097  sps 2347
upd 1176/1464 step 2,408,448 ret 404.34 len 291.7 kl 0.0112  sps 2347
upd 1177/1464 step 2,410,496 ret 377.52 len 291.7 kl 0.0100  sps 2346
upd 1178/1464 step 2,412,544 ret 437.19 len 296.8 kl 0.0111  sps 2346
upd 1179/1464 step 2,414,592 ret 408.23 len 296.8 kl 0.0108  sps 2346
upd 1180/1464 step 2,416,640 ret 411.86 len 292.7 kl 0.0125  sps 2346
upd 1181/1464 step 2,418,688 ret 340.11 len 290.9 kl 0.0103  sps 2346
upd 1182/1464 step 2,420,736 ret 316.56 len 294.1 kl 0.0097  sps 2346
upd 1183/1464 step 2,422,784 ret 356.28 len 294.1 kl 0.0108  sps 2345
upd 1184/1464 step 2,424,832 ret 329.17 len 294.1 kl 0.0107  sps 2346
upd 1185/1464 step 2,426,880 ret 321.38 len 294.1 kl 0.0113  sps 2345
upd 1186/1464 step 2,428,928 ret 320.93 len 287.8 kl 0.0079  sps 2345
upd 1187/1464 step 2,430,976 ret 308.21 len 289.6 kl 0.0115  sps 2345
upd 1188/1464 step 2,433,024 ret 312.58 len 289.6 kl 0.0107  sps 2345
upd 1189/1464 step 2,435,072 ret 278.54 len 287.6 kl 0.0093  sps 2345
upd 1190/1464 step 2,437,120 ret 261.93 len 287.6 kl 0.0107  sps 2345
upd 1191/1464 step 2,439,168 ret 257.35 len 292.2 kl 0.0093  sps 2346
upd 1192/1464 step 2,441,216 ret 274.39 len 293.3 kl 0.0085  sps 2346
upd 1193/1464 step 2,443,264 ret 291.22 len 293.3 kl 0.0096  sps 2345
upd 1194/1464 step 2,445,312 ret 313.97 len 293.3 kl 0.0092  sps 2345
upd 1195/1464 step 2,447,360 ret 303.6 len 290.6 kl 0.0112  sps 2344
upd 1196/1464 step 2,449,408 ret 272.54 len 290.6 kl 0.0103  sps 2345
upd 1197/1464 step 2,451,456 ret 271.31 len 290.6 kl 0.0121  sps 2344
upd 1198/1464 step 2,453,504 ret 320.81 len 295.2 kl 0.0084  sps 2344
upd 1199/1464 step 2,455,552 ret 321.45 len 289.6 kl 0.0110  sps 2344
upd 1200/1464 step 2,457,600 ret 303.92 len 285.4 kl 0.0092  sps 2344
upd 1201/1464 step 2,459,648 ret 285.86 len 290.2 kl 0.0099  sps 2344
upd 1202/1464 step 2,461,696 ret 293.62 len 285.2 kl 0.0100  sps 2344
upd 1203/1464 step 2,463,744 ret 306.3 len 285.2 kl 0.0112  sps 2344
upd 1204/1464 step 2,465,792 ret 264.17 len 285.2 kl 0.0090  sps 2344
upd 1205/1464 step 2,467,840 ret 288.1 len 290.9 kl 0.0096  sps 2344
upd 1206/1464 step 2,469,888 ret 266.1 len 294.9 kl 0.0100  sps 2344
upd 1207/1464 step 2,471,936 ret 299.23 len 294.9 kl 0.0096  sps 2344
upd 1208/1464 step 2,473,984 ret 309.77 len 300.0 kl 0.0094  sps 2344
upd 1209/1464 step 2,476,032 ret 296.89 len 298.3 kl 0.0101  sps 2344
upd 1210/1464 step 2,478,080 ret 321.43 len 296.6 kl 0.0088  sps 2344
upd 1211/1464 step 2,480,128 ret 300.5 len 286.8 kl 0.0093  sps 2344
upd 1212/1464 step 2,482,176 ret 347.76 len 286.8 kl 0.0086  sps 2344
upd 1213/1464 step 2,484,224 ret 342.68 len 280.9 kl 0.0104  sps 2344
upd 1214/1464 step 2,486,272 ret 332.21 len 282.6 kl 0.0107  sps 2343
upd 1215/1464 step 2,488,320 ret 340.3 len 283.1 kl 0.0077  sps 2343
upd 1216/1464 step 2,490,368 ret 398.36 len 288.3 kl 0.0110  sps 2343
upd 1217/1464 step 2,492,416 ret 421.86 len 292.9 kl 0.0093  sps 2343
upd 1218/1464 step 2,494,464 ret 397.94 len 297.6 kl 0.0071  sps 2343
upd 1219/1464 step 2,496,512 ret 398.94 len 295.4 kl 0.0134  sps 2343
upd 1220/1464 step 2,498,560 ret 405.78 len 293.3 kl 0.0094  sps 2343
upd 1221/1464 step 2,500,608 ret 386.48 len 294.5 kl 0.0126  sps 2342
upd 1222/1464 step 2,502,656 ret 353.59 len 292.0 kl 0.0098  sps 2342
upd 1223/1464 step 2,504,704 ret 351.05 len 292.0 kl 0.0078  sps 2342
upd 1224/1464 step 2,506,752 ret 364.93 len 292.0 kl 0.0091  sps 2342
upd 1225/1464 step 2,508,800 ret 340.92 len 297.5 kl 0.0078  sps 2342
upd 1226/1464 step 2,510,848 ret 307.64 len 297.5 kl 0.0086  sps 2342
upd 1227/1464 step 2,512,896 ret 309.0 len 297.5 kl 0.0110  sps 2342
upd 1228/1464 step 2,514,944 ret 292.92 len 300.0 kl 0.0103  sps 2342
upd 1229/1464 step 2,516,992 ret 319.11 len 299.9 kl 0.0085  sps 2342
upd 1230/1464 step 2,519,040 ret 318.6 len 299.9 kl 0.0095  sps 2342
upd 1231/1464 step 2,521,088 ret 320.8 len 299.9 kl 0.0115  sps 2341
upd 1232/1464 step 2,523,136 ret 358.09 len 294.0 kl 0.0114  sps 2341
upd 1233/1464 step 2,525,184 ret 326.74 len 294.0 kl 0.0113  sps 2341
upd 1234/1464 step 2,527,232 ret 343.12 len 289.8 kl 0.0101  sps 2341
upd 1235/1464 step 2,529,280 ret 367.05 len 289.9 kl 0.0099  sps 2341
upd 1236/1464 step 2,531,328 ret 398.72 len 289.9 kl 0.0088  sps 2341
upd 1237/1464 step 2,533,376 ret 399.85 len 289.9 kl 0.0096  sps 2341
upd 1238/1464 step 2,535,424 ret 375.49 len 294.9 kl 0.0098  sps 2341
upd 1239/1464 step 2,537,472 ret 418.77 len 293.9 kl 0.0100  sps 2341
upd 1240/1464 step 2,539,520 ret 365.99 len 287.5 kl 0.0093  sps 2341
upd 1241/1464 step 2,541,568 ret 332.16 len 287.5 kl 0.0090  sps 2341
upd 1242/1464 step 2,543,616 ret 288.93 len 287.5 kl 0.0081  sps 2341
upd 1243/1464 step 2,545,664 ret 302.02 len 287.5 kl 0.0091  sps 2341
upd 1244/1464 step 2,547,712 ret 314.3 len 288.4 kl 0.0105  sps 2341
upd 1245/1464 step 2,549,760 ret 279.81 len 293.6 kl 0.0093  sps 2341
upd 1246/1464 step 2,551,808 ret 301.76 len 297.5 kl 0.0118  sps 2341
upd 1247/1464 step 2,553,856 ret 315.0 len 297.5 kl 0.0089  sps 2340
upd 1248/1464 step 2,555,904 ret 342.75 len 297.5 kl 0.0110  sps 2341
upd 1249/1464 step 2,557,952 ret 317.41 len 293.2 kl 0.0079  sps 2341
upd 1250/1464 step 2,560,000 ret 333.7 len 293.2 kl 0.0092  sps 2341
upd 1251/1464 step 2,562,048 ret 340.51 len 293.2 kl 0.0078  sps 2341
upd 1252/1464 step 2,564,096 ret 300.02 len 295.8 kl 0.0116  sps 2341
upd 1253/1464 step 2,566,144 ret 321.63 len 295.8 kl 0.0056  sps 2341
upd 1254/1464 step 2,568,192 ret 279.8 len 295.2 kl 0.0080  sps 2341
upd 1255/1464 step 2,570,240 ret 285.13 len 295.2 kl 0.0087  sps 2341
upd 1256/1464 step 2,572,288 ret 275.32 len 295.2 kl 0.0090  sps 2341
upd 1257/1464 step 2,574,336 ret 262.05 len 295.2 kl 0.0096  sps 2341
upd 1258/1464 step 2,576,384 ret 301.82 len 292.9 kl 0.0085  sps 2342
upd 1259/1464 step 2,578,432 ret 323.98 len 297.7 kl 0.0074  sps 2342
upd 1260/1464 step 2,580,480 ret 308.76 len 297.7 kl 0.0082  sps 2341
upd 1261/1464 step 2,582,528 ret 322.03 len 297.7 kl 0.0131  sps 2341
upd 1262/1464 step 2,584,576 ret 328.7 len 293.4 kl 0.0127  sps 2341
upd 1263/1464 step 2,586,624 ret 330.13 len 293.4 kl 0.0086  sps 2341
upd 1264/1464 step 2,588,672 ret 339.16 len 295.7 kl 0.0112  sps 2342
upd 1265/1464 step 2,590,720 ret 317.47 len 291.6 kl 0.0095  sps 2342
upd 1266/1464 step 2,592,768 ret 338.32 len 289.7 kl 0.0095  sps 2341
upd 1267/1464 step 2,594,816 ret 331.18 len 286.9 kl 0.0070  sps 2341
upd 1268/1464 step 2,596,864 ret 327.54 len 291.2 kl 0.0104  sps 2341
upd 1269/1464 step 2,598,912 ret 338.51 len 287.1 kl 0.0077  sps 2341
upd 1270/1464 step 2,600,960 ret 347.38 len 291.2 kl 0.0098  sps 2341
upd 1271/1464 step 2,603,008 ret 355.73 len 288.3 kl 0.0064  sps 2341
upd 1272/1464 step 2,605,056 ret 343.72 len 290.2 kl 0.0076  sps 2341
upd 1273/1464 step 2,607,104 ret 364.81 len 293.0 kl 0.0103  sps 2341
upd 1274/1464 step 2,609,152 ret 380.8 len 297.1 kl 0.0095  sps 2341
upd 1275/1464 step 2,611,200 ret 339.55 len 297.1 kl 0.0079  sps 2341
upd 1276/1464 step 2,613,248 ret 313.59 len 300.0 kl 0.0102  sps 2341
upd 1277/1464 step 2,615,296 ret 305.42 len 300.0 kl 0.0088  sps 2341
upd 1278/1464 step 2,617,344 ret 303.83 len 297.5 kl 0.0059  sps 2341
upd 1279/1464 step 2,619,392 ret 258.86 len 297.1 kl 0.0090  sps 2341
upd 1280/1464 step 2,621,440 ret 280.48 len 292.6 kl 0.0087  sps 2341
upd 1281/1464 step 2,623,488 ret 257.35 len 288.3 kl 0.0079  sps 2341
upd 1282/1464 step 2,625,536 ret 263.18 len 288.3 kl 0.0072  sps 2341
upd 1283/1464 step 2,627,584 ret 304.59 len 288.3 kl 0.0074  sps 2341
upd 1284/1464 step 2,629,632 ret 324.3 len 286.1 kl 0.0101  sps 2341
upd 1285/1464 step 2,631,680 ret 324.83 len 286.6 kl 0.0104  sps 2341
upd 1286/1464 step 2,633,728 ret 338.62 len 291.1 kl 0.0076  sps 2342
upd 1287/1464 step 2,635,776 ret 365.49 len 295.4 kl 0.0086  sps 2341
upd 1288/1464 step 2,637,824 ret 366.63 len 291.6 kl 0.0078  sps 2342
upd 1289/1464 step 2,639,872 ret 370.94 len 291.6 kl 0.0080  sps 2342
upd 1290/1464 step 2,641,920 ret 393.44 len 288.1 kl 0.0066  sps 2342
upd 1291/1464 step 2,643,968 ret 387.71 len 288.1 kl 0.0101  sps 2342
upd 1292/1464 step 2,646,016 ret 348.81 len 285.3 kl 0.0116  sps 2342
upd 1293/1464 step 2,648,064 ret 382.49 len 285.3 kl 0.0101  sps 2342
upd 1294/1464 step 2,650,112 ret 345.58 len 289.1 kl 0.0065  sps 2342
upd 1295/1464 step 2,652,160 ret 300.26 len 289.1 kl 0.0099  sps 2342
upd 1296/1464 step 2,654,208 ret 287.45 len 288.2 kl 0.0085  sps 2341
upd 1297/1464 step 2,656,256 ret 289.03 len 288.2 kl 0.0076  sps 2341
upd 1298/1464 step 2,658,304 ret 277.97 len 290.9 kl 0.0105  sps 2341
upd 1299/1464 step 2,660,352 ret 262.38 len 290.9 kl 0.0079  sps 2341
upd 1300/1464 step 2,662,400 ret 266.13 len 290.9 kl 0.0064  sps 2341
upd 1301/1464 step 2,664,448 ret 290.39 len 290.3 kl 0.0085  sps 2341
upd 1302/1464 step 2,666,496 ret 272.35 len 299.4 kl 0.0088  sps 2341
upd 1303/1464 step 2,668,544 ret 257.65 len 299.4 kl 0.0087  sps 2341
upd 1304/1464 step 2,670,592 ret 266.12 len 293.8 kl 0.0078  sps 2341
upd 1305/1464 step 2,672,640 ret 301.77 len 293.8 kl 0.0078  sps 2341
upd 1306/1464 step 2,674,688 ret 294.77 len 289.9 kl 0.0078  sps 2341
upd 1307/1464 step 2,676,736 ret 282.48 len 290.6 kl 0.0074  sps 2342
upd 1308/1464 step 2,678,784 ret 268.5 len 290.6 kl 0.0085  sps 2342
upd 1309/1464 step 2,680,832 ret 278.97 len 296.2 kl 0.0061  sps 2342
upd 1310/1464 step 2,682,880 ret 253.85 len 292.9 kl 0.0108  sps 2342
upd 1311/1464 step 2,684,928 ret 234.57 len 292.3 kl 0.0062  sps 2342
upd 1312/1464 step 2,686,976 ret 280.66 len 286.9 kl 0.0094  sps 2342
upd 1313/1464 step 2,689,024 ret 295.16 len 286.9 kl 0.0070  sps 2342
upd 1314/1464 step 2,691,072 ret 328.95 len 286.9 kl 0.0096  sps 2342
upd 1315/1464 step 2,693,120 ret 336.33 len 290.2 kl 0.0063  sps 2342
upd 1316/1464 step 2,695,168 ret 361.68 len 286.7 kl 0.0075  sps 2342
upd 1317/1464 step 2,697,216 ret 351.14 len 293.9 kl 0.0068  sps 2341
upd 1318/1464 step 2,699,264 ret 329.43 len 296.5 kl 0.0087  sps 2342
upd 1319/1464 step 2,701,312 ret 342.72 len 290.8 kl 0.0082  sps 2342
upd 1320/1464 step 2,703,360 ret 298.25 len 290.8 kl 0.0089  sps 2342
upd 1321/1464 step 2,705,408 ret 266.48 len 290.8 kl 0.0079  sps 2341
upd 1322/1464 step 2,707,456 ret 283.77 len 294.2 kl 0.0088  sps 2342
upd 1323/1464 step 2,709,504 ret 272.23 len 290.0 kl 0.0088  sps 2341
upd 1324/1464 step 2,711,552 ret 242.25 len 295.8 kl 0.0080  sps 2341
upd 1325/1464 step 2,713,600 ret 201.04 len 295.8 kl 0.0064  sps 2341
upd 1326/1464 step 2,715,648 ret 234.53 len 295.8 kl 0.0078  sps 2342
upd 1327/1464 step 2,717,696 ret 234.74 len 295.8 kl 0.0069  sps 2341
upd 1328/1464 step 2,719,744 ret 256.53 len 291.1 kl 0.0092  sps 2341
upd 1329/1464 step 2,721,792 ret 269.14 len 294.5 kl 0.0056  sps 2341
upd 1330/1464 step 2,723,840 ret 285.58 len 294.5 kl 0.0083  sps 2342
upd 1331/1464 step 2,725,888 ret 296.21 len 294.5 kl 0.0072  sps 2342
upd 1332/1464 step 2,727,936 ret 332.58 len 294.5 kl 0.0059  sps 2342
upd 1333/1464 step 2,729,984 ret 312.77 len 294.5 kl 0.0080  sps 2342
upd 1334/1464 step 2,732,032 ret 296.06 len 299.1 kl 0.0080  sps 2342
upd 1335/1464 step 2,734,080 ret 327.62 len 300.0 kl 0.0078  sps 2342
upd 1336/1464 step 2,736,128 ret 315.39 len 295.3 kl 0.0059  sps 2342
upd 1337/1464 step 2,738,176 ret 286.32 len 295.3 kl 0.0056  sps 2342
upd 1338/1464 step 2,740,224 ret 249.54 len 295.3 kl 0.0071  sps 2342
upd 1339/1464 step 2,742,272 ret 279.76 len 295.3 kl 0.0080  sps 2342
upd 1340/1464 step 2,744,320 ret 260.8 len 293.4 kl 0.0079  sps 2342
upd 1341/1464 step 2,746,368 ret 250.79 len 284.8 kl 0.0059  sps 2342
upd 1342/1464 step 2,748,416 ret 274.58 len 289.6 kl 0.0081  sps 2342
upd 1343/1464 step 2,750,464 ret 273.34 len 289.6 kl 0.0078  sps 2342
upd 1344/1464 step 2,752,512 ret 265.32 len 286.4 kl 0.0090  sps 2342
upd 1345/1464 step 2,754,560 ret 258.57 len 286.4 kl 0.0055  sps 2342
upd 1346/1464 step 2,756,608 ret 241.2 len 292.2 kl 0.0082  sps 2342
upd 1347/1464 step 2,758,656 ret 237.78 len 296.9 kl 0.0060  sps 2342
upd 1348/1464 step 2,760,704 ret 252.02 len 296.9 kl 0.0072  sps 2342
upd 1349/1464 step 2,762,752 ret 265.51 len 296.9 kl 0.0101  sps 2342
upd 1350/1464 step 2,764,800 ret 256.19 len 300.0 kl 0.0060  sps 2342
upd 1351/1464 step 2,766,848 ret 276.62 len 295.3 kl 0.0073  sps 2342
upd 1352/1464 step 2,768,896 ret 267.7 len 290.9 kl 0.0075  sps 2342
upd 1353/1464 step 2,770,944 ret 267.77 len 285.1 kl 0.0059  sps 2342
upd 1354/1464 step 2,772,992 ret 252.92 len 285.1 kl 0.0055  sps 2342
upd 1355/1464 step 2,775,040 ret 272.69 len 285.1 kl 0.0040  sps 2342
upd 1356/1464 step 2,777,088 ret 272.25 len 285.1 kl 0.0078  sps 2342
upd 1357/1464 step 2,779,136 ret 257.79 len 289.9 kl 0.0104  sps 2342
upd 1358/1464 step 2,781,184 ret 265.75 len 294.3 kl 0.0068  sps 2342
upd 1359/1464 step 2,783,232 ret 270.01 len 300.0 kl 0.0076  sps 2342
upd 1360/1464 step 2,785,280 ret 225.92 len 300.0 kl 0.0128  sps 2342
upd 1361/1464 step 2,787,328 ret 223.99 len 300.0 kl 0.0078  sps 2342
upd 1362/1464 step 2,789,376 ret 246.62 len 300.0 kl 0.0064  sps 2342
upd 1363/1464 step 2,791,424 ret 237.7 len 295.7 kl 0.0051  sps 2342
upd 1364/1464 step 2,793,472 ret 229.55 len 295.7 kl 0.0081  sps 2342
upd 1365/1464 step 2,795,520 ret 236.26 len 294.3 kl 0.0066  sps 2341
upd 1366/1464 step 2,797,568 ret 280.15 len 294.3 kl 0.0063  sps 2341
upd 1367/1464 step 2,799,616 ret 260.52 len 294.3 kl 0.0070  sps 2341
upd 1368/1464 step 2,801,664 ret 244.57 len 294.3 kl 0.0066  sps 2341
upd 1369/1464 step 2,803,712 ret 268.58 len 298.6 kl 0.0066  sps 2341
upd 1370/1464 step 2,805,760 ret 283.38 len 298.4 kl 0.0068  sps 2341
upd 1371/1464 step 2,807,808 ret 314.66 len 298.4 kl 0.0059  sps 2341
upd 1372/1464 step 2,809,856 ret 302.74 len 293.6 kl 0.0044  sps 2341
upd 1373/1464 step 2,811,904 ret 334.34 len 293.6 kl 0.0075  sps 2341
upd 1374/1464 step 2,813,952 ret 380.35 len 288.6 kl 0.0069  sps 2341
upd 1375/1464 step 2,816,000 ret 383.85 len 285.4 kl 0.0043  sps 2341
upd 1376/1464 step 2,818,048 ret 360.25 len 287.0 kl 0.0075  sps 2341
upd 1377/1464 step 2,820,096 ret 395.66 len 287.0 kl 0.0044  sps 2341
upd 1378/1464 step 2,822,144 ret 372.9 len 287.8 kl 0.0058  sps 2341
upd 1379/1464 step 2,824,192 ret 368.92 len 287.8 kl 0.0047  sps 2341
upd 1380/1464 step 2,826,240 ret 377.75 len 291.5 kl 0.0069  sps 2341
upd 1381/1464 step 2,828,288 ret 362.45 len 286.5 kl 0.0070  sps 2341
upd 1382/1464 step 2,830,336 ret 384.36 len 281.7 kl 0.0062  sps 2341
upd 1383/1464 step 2,832,384 ret 340.12 len 275.4 kl 0.0078  sps 2341
upd 1384/1464 step 2,834,432 ret 337.55 len 275.4 kl 0.0051  sps 2341
upd 1385/1464 step 2,836,480 ret 364.67 len 279.8 kl 0.0042  sps 2340
upd 1386/1464 step 2,838,528 ret 355.52 len 279.8 kl 0.0075  sps 2340
upd 1387/1464 step 2,840,576 ret 377.79 len 284.8 kl 0.0046  sps 2340
upd 1388/1464 step 2,842,624 ret 365.61 len 289.6 kl 0.0059  sps 2340
upd 1389/1464 step 2,844,672 ret 406.92 len 294.8 kl 0.0033  sps 2340
upd 1390/1464 step 2,846,720 ret 370.13 len 284.3 kl 0.0056  sps 2340
upd 1391/1464 step 2,848,768 ret 379.98 len 284.3 kl 0.0053  sps 2340
upd 1392/1464 step 2,850,816 ret 366.16 len 284.3 kl 0.0058  sps 2340
upd 1393/1464 step 2,852,864 ret 404.1 len 284.3 kl 0.0058  sps 2341
upd 1394/1464 step 2,854,912 ret 397.44 len 289.5 kl 0.0056  sps 2341
upd 1395/1464 step 2,856,960 ret 425.4 len 286.6 kl 0.0036  sps 2341
upd 1396/1464 step 2,859,008 ret 418.62 len 289.4 kl 0.0037  sps 2341
upd 1397/1464 step 2,861,056 ret 368.08 len 287.5 kl 0.0053  sps 2340
upd 1398/1464 step 2,863,104 ret 351.28 len 281.4 kl 0.0040  sps 2340
upd 1399/1464 step 2,865,152 ret 356.33 len 281.4 kl 0.0029  sps 2340
upd 1400/1464 step 2,867,200 ret 288.43 len 281.9 kl 0.0056  sps 2340
upd 1401/1464 step 2,869,248 ret 267.87 len 287.8 kl 0.0051  sps 2340
upd 1402/1464 step 2,871,296 ret 268.32 len 286.4 kl 0.0062  sps 2340
upd 1403/1464 step 2,873,344 ret 266.75 len 286.4 kl 0.0034  sps 2340
upd 1404/1464 step 2,875,392 ret 277.92 len 287.6 kl 0.0028  sps 2339
upd 1405/1464 step 2,877,440 ret 240.93 len 291.7 kl 0.0038  sps 2339
upd 1406/1464 step 2,879,488 ret 292.99 len 286.8 kl 0.0059  sps 2339
upd 1407/1464 step 2,881,536 ret 300.34 len 286.8 kl 0.0025  sps 2339
upd 1408/1464 step 2,883,584 ret 306.04 len 290.1 kl 0.0048  sps 2339
upd 1409/1464 step 2,885,632 ret 321.6 len 290.2 kl 0.0036  sps 2339
upd 1410/1464 step 2,887,680 ret 299.32 len 290.2 kl 0.0021  sps 2338
upd 1411/1464 step 2,889,728 ret 325.92 len 294.6 kl 0.0032  sps 2338
upd 1412/1464 step 2,891,776 ret 316.08 len 294.6 kl 0.0032  sps 2338
upd 1413/1464 step 2,893,824 ret 313.32 len 289.9 kl 0.0019  sps 2338
upd 1414/1464 step 2,895,872 ret 317.23 len 289.9 kl 0.0037  sps 2338
upd 1415/1464 step 2,897,920 ret 299.03 len 294.8 kl 0.0021  sps 2338
upd 1416/1464 step 2,899,968 ret 327.24 len 295.3 kl 0.0042  sps 2338
upd 1417/1464 step 2,902,016 ret 327.52 len 295.3 kl 0.0039  sps 2338
upd 1418/1464 step 2,904,064 ret 329.27 len 295.0 kl 0.0027  sps 2337
upd 1419/1464 step 2,906,112 ret 337.63 len 299.7 kl 0.0015  sps 2337
upd 1420/1464 step 2,908,160 ret 365.84 len 299.7 kl 0.0017  sps 2337
upd 1421/1464 step 2,910,208 ret 409.6 len 299.7 kl 0.0021  sps 2337
upd 1422/1464 step 2,912,256 ret 392.78 len 299.7 kl 0.0017  sps 2337
upd 1423/1464 step 2,914,304 ret 349.35 len 300.0 kl 0.0013  sps 2337
upd 1424/1464 step 2,916,352 ret 380.94 len 300.0 kl 0.0028  sps 2337
upd 1425/1464 step 2,918,400 ret 419.13 len 300.0 kl 0.0036  sps 2337
upd 1426/1464 step 2,920,448 ret 370.47 len 290.2 kl 0.0012  sps 2338
upd 1427/1464 step 2,922,496 ret 354.74 len 290.2 kl 0.0013  sps 2337
upd 1428/1464 step 2,924,544 ret 369.16 len 288.4 kl 0.0016  sps 2337
upd 1429/1464 step 2,926,592 ret 362.02 len 285.4 kl 0.0009  sps 2337
upd 1430/1464 step 2,928,640 ret 335.69 len 285.4 kl 0.0029  sps 2337
upd 1431/1464 step 2,930,688 ret 298.68 len 289.9 kl 0.0014  sps 2337
upd 1432/1464 step 2,932,736 ret 282.19 len 295.3 kl 0.0014  sps 2337
upd 1433/1464 step 2,934,784 ret 294.21 len 295.3 kl 0.0013  sps 2337
upd 1434/1464 step 2,936,832 ret 303.84 len 297.1 kl 0.0017  sps 2337
upd 1435/1464 step 2,938,880 ret 270.97 len 300.0 kl 0.0011  sps 2337
upd 1436/1464 step 2,940,928 ret 279.45 len 300.0 kl 0.0014  sps 2337
upd 1437/1464 step 2,942,976 ret 322.22 len 299.8 kl 0.0007  sps 2337
upd 1438/1464 step 2,945,024 ret 343.01 len 295.6 kl 0.0007  sps 2337
upd 1439/1464 step 2,947,072 ret 313.39 len 295.6 kl 0.0006  sps 2337
upd 1440/1464 step 2,949,120 ret 315.35 len 293.2 kl 0.0006  sps 2337
upd 1441/1464 step 2,951,168 ret 313.19 len 293.2 kl 0.0005  sps 2337
upd 1442/1464 step 2,953,216 ret 282.74 len 293.2 kl 0.0003  sps 2337
upd 1443/1464 step 2,955,264 ret 310.98 len 293.4 kl 0.0014  sps 2338
upd 1444/1464 step 2,957,312 ret 310.45 len 297.6 kl 0.0006  sps 2338
upd 1445/1464 step 2,959,360 ret 328.3 len 297.6 kl 0.0006  sps 2338
upd 1446/1464 step 2,961,408 ret 302.54 len 300.0 kl 0.0005  sps 2338
upd 1447/1464 step 2,963,456 ret 346.01 len 300.0 kl 0.0003  sps 2337
upd 1448/1464 step 2,965,504 ret 332.03 len 300.0 kl 0.0004  sps 2338
upd 1449/1464 step 2,967,552 ret 324.27 len 300.0 kl 0.0007  sps 2338
upd 1450/1464 step 2,969,600 ret 336.71 len 300.0 kl 0.0004  sps 2338
upd 1451/1464 step 2,971,648 ret 346.04 len 300.0 kl 0.0001  sps 2337
upd 1452/1464 step 2,973,696 ret 348.0 len 295.3 kl 0.0002  sps 2337
upd 1453/1464 step 2,975,744 ret 365.5 len 290.6 kl 0.0002  sps 2337
upd 1454/1464 step 2,977,792 ret 338.02 len 290.6 kl 0.0001  sps 2337
upd 1455/1464 step 2,979,840 ret 337.49 len 288.4 kl 0.0001  sps 2337
upd 1456/1464 step 2,981,888 ret 352.79 len 283.2 kl 0.0001  sps 2337
upd 1457/1464 step 2,983,936 ret 329.21 len 283.4 kl 0.0001  sps 2337
upd 1458/1464 step 2,985,984 ret 312.9 len 288.1 kl 0.0001  sps 2337
upd 1459/1464 step 2,988,032 ret 358.79 len 283.2 kl 0.0000  sps 2337
upd 1460/1464 step 2,990,080 ret 358.92 len 282.9 kl 0.0000  sps 2337
upd 1461/1464 step 2,992,128 ret 318.17 len 285.1 kl 0.0000  sps 2338
upd 1462/1464 step 2,994,176 ret 287.18 len 290.2 kl 0.0000  sps 2338
upd 1463/1464 step 2,996,224 ret 296.31 len 294.8 kl 0.0000  sps 2338
upd 1464/1464 step 2,998,272 ret 267.91 len 294.8 kl 0.0000  sps 2338
done: 2,998,272 steps -> runs/recover6_d052/latest.pt
